source_page,dictionary_name,word,phonetic,part_of_speech_raw,part_of_speech_code,meaning_vi,is_subentry,example_en,example_vi,image_path,reviewed
1683,Military Dictionary,SUB; sub (submarine),,,,dưới biển; tàu ngầm,FALSE,,,img_1683.jpg,FALSE
1683,Military Dictionary,Sub ASP (sub ammo supply point),,,,kho đạn dự bị; điểm cấp phát đạn được dự bị,FALSE,,,img_1683.jpg,FALSE
1683,Military Dictionary,"SUBACLANT (Submarine Allied Command, Atlantic (NATO))",,,,bộ tư lệnh tàu ngầm của liên quân NATO ở Đại Tây Dương,FALSE,,,img_1683.jpg,FALSE
1683,Military Dictionary,subbase (submarine base),,,,căn cứ tàu ngầm,FALSE,,,img_1683.jpg,FALSE
1683,Military Dictionary,SUBCAP (rescue bombat air patrol),,,,máy bay tuần tiễu giải cứu chiến đấu,FALSE,,,img_1683.jpg,FALSE
1683,Military Dictionary,SUBJ (subject),,,,đối tượng; chủ đề,FALSE,,,img_1683.jpg,FALSE
1683,Military Dictionary,sub-JIB (subordinate joint information bureau),,,,văn phòng thông tin liên quân thuộc quyền,FALSE,,,img_1683.jpg,FALSE
1683,Military Dictionary,SUBOPAUTH (submarine operating authority),,,,thẩm quyền tác chiến đối với tàu ngầm,FALSE,,,img_1683.jpg,FALSE
1683,Military Dictionary,subor (subordinate),,,,"cấp dưới, thuộc quyền",FALSE,,,img_1683.jpg,FALSE
1683,Military Dictionary,subpar (subparagraph),,,,tiểu mục,FALSE,,,img_1683.jpg,FALSE
1683,Military Dictionary,SUBROC; subroc (submarine rocket),,,,"tên lửa phóng từ tàu ngầm, tên lửa tàu ngầm",FALSE,,,img_1683.jpg,FALSE
1683,Military Dictionary,SUBROC/ASROC (rocket-assisted torpedo part of whose trajectory is in the air),,,,tên lửa ngư lôi phóng từ tàu ngầm,FALSE,,,img_1683.jpg,FALSE
1683,Military Dictionary,SUBS (subsistence),,,,đồ ăn,FALSE,,,img_1683.jpg,FALSE
1683,Military Dictionary,SUBTACS (submarine tactical communication system),,,,hệ thống thông tin liên lạc chiến thuật trên tàu ngầm,FALSE,,,img_1683.jpg,FALSE
1683,Military Dictionary,SUF (sufficient),,,,vừa đủ,FALSE,,,img_1683.jpg,FALSE
1683,Military Dictionary,sum (summary),,,,báo cáo tổng kết,FALSE,,,img_1683.jpg,FALSE
1683,Military Dictionary,SUM (surface-to-underwater missile),,,,"tên lửa hạm đối ngầm; tên lửa hạm diệt mục tiêu ngầm; tên lửa ngư lôi; tên lửa mặt (đất, biển) đối ngầm",FALSE,,,img_1683.jpg,FALSE
1683,Military Dictionary,SUMMADE (system universal modular mine and demolition explosives),,,,tổ hợp mìn và bộc phá vạn năng môđun hóa,FALSE,,,img_1683.jpg,FALSE
1683,Military Dictionary,SUMS (shallow underwater missile system),,,,hệ thống tên lửa phóng ngầm (sử dụng trong) vùng nước nông,FALSE,,,img_1683.jpg,FALSE
1683,Military Dictionary,sup (superior),,,,"cấp trên, cấp cao",FALSE,,,img_1683.jpg,FALSE
1683,Military Dictionary,SUP; sup (supply),,,,"sự tiếp tế; sự cung cấp; cấp phát, tiếp liệu",FALSE,,,img_1683.jpg,FALSE
1683,Military Dictionary,sup (supreme),,,,"tối cao, cao nhất",FALSE,,,img_1683.jpg,FALSE
1683,Military Dictionary,sup pt (supply point),,,,địa điểm cung cấp; trạm tiếp tế,FALSE,,,img_1683.jpg,FALSE
1683,Military Dictionary,sup SGT (supply sergeant),,,,trung sĩ hậu cần,FALSE,,,img_1683.jpg,FALSE
1683,Military Dictionary,Sup Co (supply company),,,,đại đội tiếp tế,FALSE,,,img_1683.jpg,FALSE
1683,Military Dictionary,SUPCOM (support command),,,,"bộ tư lệnh hậu cần, bộ chỉ huy hậu cần; binh đoàn bảo đảm",FALSE,,,img_1683.jpg,FALSE
1683,Military Dictionary,SUPE (supervisory commands program),,,,chương trình các lệnh giám sát,FALSE,,,img_1683.jpg,FALSE
1683,Military Dictionary,supr (superior),,,,"cấp trên, cấp cao",FALSE,,,img_1683.jpg,FALSE
1683,Military Dictionary,SUPV (supervise),,,,giám thị,FALSE,,,img_1683.jpg,FALSE
1683,Military Dictionary,sur (surface),,,,"bề mặt (đất, nước); (thuộc) mặt đất, (thuộc) mặt nước; (thuộc) hạm tàu",FALSE,,,img_1683.jpg,FALSE
1683,Military Dictionary,SURG (surgeon),,,,bác sĩ phẫu thuật,FALSE,,,img_1683.jpg,FALSE
1683,Military Dictionary,SURGW (surface-to-underwater GW),,,,"các vũ khí điều khiển mặt (đất, biển) đối ngầm",FALSE,,,img_1683.jpg,FALSE
1683,Military Dictionary,surl; survl (surveillance),,,,"giám sát, trinh sát bằng quan sát; trinh thám",FALSE,,,img_1683.jpg,FALSE
1683,Military Dictionary,SUROBS (surface observation),,,,sự quan sát trên mặt đất; sự quan sát trên mặt nước,FALSE,,,img_1683.jpg,FALSE
1683,Military Dictionary,SURPIC (surface picture),,,,hình ảnh bề mặt; quang cảnh bề mặt (địa hình),FALSE,,,img_1683.jpg,FALSE
1683,Military Dictionary,SURR; surr (surrender),,,,"đầu hàng, sự đầu hàng",FALSE,,,img_1683.jpg,FALSE
1683,Military Dictionary,SURTASS (Surface Towed Array Surveillance System),,,,tổ hợp giám sát đội hình (chiến đấu) mặt đất có phương tiện kéo; (hq) tổ hợp quan sát (bằng) mạng phao kéo theo tàu,FALSE,,,img_1683.jpg,FALSE
1683,Military Dictionary,survl (surveillance),,,,quan sát; kiểm soát; sự giám sát không lưu,FALSE,,,img_1683.jpg,FALSE
1683,Military Dictionary,SUSV (small unit support vehicle),,,,xe trợ chiến phân đội,FALSE,,,img_1683.jpg,FALSE
1683,Military Dictionary,SUT (surface and underwater target),,,,mục tiêu nổi và ngầm,FALSE,,,img_1683.jpg,FALSE
1683,Military Dictionary,SUU (suspended underwing unit),,,,bộ giá treo dưới cánh,FALSE,,,img_1683.jpg,FALSE
1683,Military Dictionary,SUW (surface warfare),,,,chiến tranh trên biển; tác chiến trên biển,FALSE,,,img_1683.jpg,FALSE
1684,Military Dictionary,SUWC (surface warfare commander),,,,tư lệnh (trưởng) tác chiến trên biển,FALSE,,,img_1684.jpg,FALSE
1684,Military Dictionary,Sv (side valve (engine)),,,,(động cơ) nắp hơi ở bên,FALSE,,,img_1684.jpg,FALSE
1684,Military Dictionary,SV; S/V (space vehicle),,,,"thiết bị bay vũ trụ, tàu vũ trụ",FALSE,,,img_1684.jpg,FALSE
1684,Military Dictionary,Svc Ammo (service ammunition),,,,đạn dược chiến đấu,FALSE,,,img_1684.jpg,FALSE
1684,Military Dictionary,svc instal (service installation),,,,cơ quan bảo đảm hậu cần chiến đấu,FALSE,,,img_1684.jpg,FALSE
1684,Military Dictionary,svc plat (service platoon),,,,trung đội bảo đảm chiến đấu,FALSE,,,img_1684.jpg,FALSE
1684,Military Dictionary,svc spt elm (service support element),,,,phân đội bảo đảm hậu cần chiến đấu,FALSE,,,img_1684.jpg,FALSE
1684,Military Dictionary,svc unif (service uniform),,,,quân phục quân chủng; quân phục binh chủng,FALSE,,,img_1684.jpg,FALSE
1684,Military Dictionary,"SVC, svc (service)",,,,ngành; quân chủng; binh chủng,FALSE,,,img_1684.jpg,FALSE
1684,Military Dictionary,SVIP (secure voice improvement program),,,,chương trình cải tiến thông tin liên lạc đàm thoại bí mật an toàn,FALSE,,,img_1684.jpg,FALSE
1684,Military Dictionary,SVR (slant visual range),,,,tầm nhìn nghiêng,FALSE,,,img_1684.jpg,FALSE
1684,Military Dictionary,SVR (surface vessel radar),,,,"rada tàu nổi, rada tàu mặt nước",FALSE,,,img_1684.jpg,FALSE
1684,Military Dictionary,SVS (secure voice system),,,,hệ thống đàm thoại bí mật an toàn,FALSE,,,img_1684.jpg,FALSE
1684,Military Dictionary,"SVTP (instrument sound velocity, temperature, pressure instrument)",,,,"khí cụ đo áp suất, nhiệt độ, tốc độ âm thanh",FALSE,,,img_1684.jpg,FALSE
1684,Military Dictionary,svy (survey),,,,"sự đo vẽ địa hình, sự trắc đạc địa hình",FALSE,,,img_1684.jpg,FALSE
1684,Military Dictionary,SW (salt water),,,,nước mặn,FALSE,,,img_1684.jpg,FALSE
1684,Military Dictionary,SW (short wave),,,,sóng ngắn,FALSE,,,img_1684.jpg,FALSE
1684,Military Dictionary,SW (southwest),,,,tây nam,FALSE,,,img_1684.jpg,FALSE
1684,Military Dictionary,SW (special weapons),,,,vũ khí đặc biệt; vũ khí chuyên dụng,FALSE,,,img_1684.jpg,FALSE
1684,Military Dictionary,Sw (switch),,,,công tắc; tổng đài,FALSE,,,img_1684.jpg,FALSE
1684,Military Dictionary,Sw (switching),,,,sự chuyển mạch; sự hướng dẫn,FALSE,,,img_1684.jpg,FALSE
1684,Military Dictionary,SW&M (special weapons and munitions),,,,vũ khí và đạn dược đặc biệt,FALSE,,,img_1684.jpg,FALSE
1684,Military Dictionary,SWA (seriously wounded in action),,,,bị thương nặng trong chiến đấu,FALSE,,,img_1684.jpg,FALSE
1684,Military Dictionary,SWA (Southwest Asia),,,,Tây Nam Á,FALSE,,,img_1684.jpg,FALSE
1684,Military Dictionary,SWAARM (smart weapon anti-armor),,,,vũ khí tinh khôn chống tăng,FALSE,,,img_1684.jpg,FALSE
1684,Military Dictionary,SWAT (special weapons and tactics),,,,vũ khí và chiến thuật đặc biệt,FALSE,,,img_1684.jpg,FALSE
1684,Military Dictionary,SWATH (small waterplane area twin hulled),,,,thuỷ phi cơ thân kép nhỏ dùng trong khu vực,FALSE,,,img_1684.jpg,FALSE
1684,Military Dictionary,SWBD; swbd (switchboard),,,,tổng đài điện thoại; bộ chuyển mạch,FALSE,,,img_1684.jpg,FALSE
1684,Military Dictionary,SWC (Special Weapons Command),,,,bộ chỉ huy vũ khí đặc biệt,FALSE,,,img_1684.jpg,FALSE
1684,Military Dictionary,SWC (strike warfare commander),,,,tư lệnh (trưởng) tác chiến đột kích; chỉ huy trưởng tác chiến đột kích; (kq) chỉ huy trưởng (cuộc) không kích,FALSE,,,img_1684.jpg,FALSE
1684,Military Dictionary,SWC (Supreme War Council),,,,hội đồng chiến tranh tối cao,FALSE,,,img_1684.jpg,FALSE
1684,Military Dictionary,SWDB (Special Weapons Development Board),,,,hội đồng nghiên cứu các loại vũ khí đặc biệt,FALSE,,,img_1684.jpg,FALSE
1684,Military Dictionary,SWEL (special weapons equipment list),,,,danh mục các loại vũ khí đặc biệt; danh mục các loại vũ khí chuyên dụng,FALSE,,,img_1684.jpg,FALSE
1684,Military Dictionary,SWHQ (static war headquarters),,,,sở chỉ huy tĩnh tại,FALSE,,,img_1684.jpg,FALSE
1684,Military Dictionary,SWL (safe working load),,,,mức chở thông thường,FALSE,,,img_1684.jpg,FALSE
1684,Military Dictionary,SWL (strategic weapon launcher),,,,phương tiện phóng vũ khí chiến lược,FALSE,,,img_1684.jpg,FALSE
1684,Military Dictionary,SWM (special warfare mission),,,,"nhiệm vụ tác chiến đặc biệt, nhiệm vụ được tiến hành bằng phương pháp đặc biệt (tuyên truyền, chống tuyên truyền...)",FALSE,,,img_1684.jpg,FALSE
1684,Military Dictionary,SWO (staff weather officer),,,,sĩ quan tham mưu khí tượng,FALSE,,,img_1684.jpg,FALSE
1684,Military Dictionary,swog (special weapons overflight guide),,,,khí tài dẫn bay của vũ khí đặc biệt (trên vùng trời của nước khác),FALSE,,,img_1684.jpg,FALSE
1684,Military Dictionary,SWORD (submarine warfare operations research division),,,,cục nghiên cứu (phương thức) tác chiến ngầm,FALSE,,,img_1684.jpg,FALSE
1685,Military Dictionary,SWS (sniper weapon system),,,,tổ hợp vũ khí bắn tỉa,FALSE,,,img_1685.jpg,FALSE
1685,Military Dictionary,SWS (space weapon system),,,,hệ thống vũ khí vũ trụ,FALSE,,,img_1685.jpg,FALSE
1685,Military Dictionary,SWS (Special Weapons System),,,,hệ thống vũ khí đặc biệt,FALSE,,,img_1685.jpg,FALSE
1685,Military Dictionary,"SWSOCC (Southwest Sector Operation Control Center, North American Aerospace Defense Command (NORAD))",,,,trung tâm chỉ huy tác chiến khu vực Tây Nam thuộc bộ tư lệnh phòng thủ không gian vũ trụ Bắc Mỹ,FALSE,,,img_1685.jpg,FALSE
1685,Military Dictionary,SX (sheet explosive),,,,"thuốc nổ (dạng) con bài, thuốc nổ (dạng) thẻ",FALSE,,,img_1685.jpg,FALSE
1685,Military Dictionary,sy (security),,,,an ninh; cảnh giới; bảo đảm bí mật,FALSE,,,img_1685.jpg,FALSE
1685,Military Dictionary,SYDP (six year defense plan),,,,kế hoạch quốc phòng 6 năm,FALSE,,,img_1685.jpg,FALSE
1685,Military Dictionary,SYG (Secretary General (UN)),,,,tổng thư ký (Liên hiệp quốc),FALSE,,,img_1685.jpg,FALSE
1685,Military Dictionary,SYNC (synchronization),,,,sự đồng bộ hoá; sự đồng tốc,FALSE,,,img_1685.jpg,FALSE
1685,Military Dictionary,SYS; sys (system),,,,hệ thống; tổ hợp (vũ khí trang bị),FALSE,,,img_1685.jpg,FALSE
1685,Military Dictionary,SYSCON (systems control),,,,sự điều khiển tổ hợp vũ khí; sự kiểm soát các hệ thống,FALSE,,,img_1685.jpg,FALSE
1686,Military Dictionary,T,,,,(k.hiệu) thời điểm phóng (tên lửa),FALSE,,,img_1686.jpg,FALSE
1686,Military Dictionary,T (search time available),,,,thời gian có để tìm kiếm,FALSE,,,img_1686.jpg,FALSE
1686,Military Dictionary,T (tactical),,,,(k.hiệu) (thuộc) chiến thuật; (thuộc) tác chiến; (thuộc) chiến đấu,FALSE,,,img_1686.jpg,FALSE
1686,Military Dictionary,T (tank),,,,"(k.hiệu) xe tăng; thùng, két, bể (chứa nước, dầu...)",FALSE,,,img_1686.jpg,FALSE
1686,Military Dictionary,T (tank brigade),,,,(k.hiệu) lữ đoàn (xe) tăng,FALSE,,,img_1686.jpg,FALSE
1686,Military Dictionary,T (tanker),,,,(k.hiệu) máy bay tiếp dầu; tàu tiếp dầu; phương tiện tiếp dầu,FALSE,,,img_1686.jpg,FALSE
1686,Military Dictionary,T (target),,,,(k.hiệu) đối tượng; mục tiêu; bia; nhiệm vụ,FALSE,,,img_1686.jpg,FALSE
1686,Military Dictionary,T (target angle),,,,(k.hiệu) góc mục tiêu,FALSE,,,img_1686.jpg,FALSE
1686,Military Dictionary,T (territory),,,,địa hình; địa hạt; khu vực; vùng; miền,FALSE,,,img_1686.jpg,FALSE
1686,Military Dictionary,T (time),,,,thời gian,FALSE,,,img_1686.jpg,FALSE
1686,Military Dictionary,T (ton),,,,tấn,FALSE,,,img_1686.jpg,FALSE
1686,Military Dictionary,T (tracer),,,,(k.hiệu) dạn vạch đường,FALSE,,,img_1686.jpg,FALSE
1686,Military Dictionary,T (trackline pattern),,,,mẫu hình tuyến theo dõi hoặc tuyến rãnh ghi,FALSE,,,img_1686.jpg,FALSE
1686,Military Dictionary,T (trainer),,,,thiết bị tập luyện; máy bay huấn luyện; phương tiện huấn luyện,FALSE,,,img_1686.jpg,FALSE
1686,Military Dictionary,T (transport),,,,vận tải; phương tiện vận tải,FALSE,,,img_1686.jpg,FALSE
1686,Military Dictionary,T (true),,,,"thực, đúng",FALSE,,,img_1686.jpg,FALSE
1686,Military Dictionary,T of Opns (theater of operations),,,,"khu vực hoạt động quân sự, chiến trường; mặt trận; hướng chiến lược; hướng chiến dịch",FALSE,,,img_1686.jpg,FALSE
1686,Military Dictionary,T&DE (test and diagnostic equipment),,,,thiết bị kiểm tra và chẩn đoán,FALSE,,,img_1686.jpg,FALSE
1686,Military Dictionary,T&E (test and evaluation),,,,sự kiểm tra và đánh giá; thử nghiệm và đánh giá,FALSE,,,img_1686.jpg,FALSE
1686,Military Dictionary,T&G (tracking and guidance),,,,sự bám sát và dẫn đường,FALSE,,,img_1686.jpg,FALSE
1686,Military Dictionary,T/E (tables of equipment),,,,"bảng quân dụng, bảng trang bị khí tài",FALSE,,,img_1686.jpg,FALSE
1686,Military Dictionary,"T/M/S; TMS (type, model, and/or series)",,,,"kiểu, mô hình và/hoặc loạt sản xuất",FALSE,,,img_1686.jpg,FALSE
1686,Military Dictionary,T/MDV (towing/mine detection vehicle),,,,tàu kéo phát hiện thuỷ lôi,FALSE,,,img_1686.jpg,FALSE
1686,Military Dictionary,T/O (table of organization),,,,"biểu biên chế tổ chức, bảng quân số",FALSE,,,img_1686.jpg,FALSE
1686,Military Dictionary,t-o (take-off),,,,cất cánh; rời khỏi mặt đất (máy bay),FALSE,,,img_1686.jpg,FALSE
1686,Military Dictionary,T/O and E (tables of organization and equipment),,,,bảng cấp số; bảng biên chế tổ chức và trang bị,FALSE,,,img_1686.jpg,FALSE
1686,Military Dictionary,T/S (target seeker),,,,đầu tự dẫn; hệ thống tự dẫn; máy xác định toạ độ mục tiêu,FALSE,,,img_1686.jpg,FALSE
1686,Military Dictionary,T/Sgt (technical sergeant),,,,trung sĩ kỹ thuật,FALSE,,,img_1686.jpg,FALSE
1686,Military Dictionary,T2 (technology transfer),,,,sự chuyển giao công nghệ,FALSE,,,img_1686.jpg,FALSE
1686,Military Dictionary,T-34 (Soviet medium tank),,,,xe tăng hạng trung T-34 của Liên Xô,FALSE,,,img_1686.jpg,FALSE
1686,Military Dictionary,T-54/55 (family of Soviet main battle tanks),,,,họ xe tăng chiến đấu chủ lực T-54/55 của Liên Xô,FALSE,,,img_1686.jpg,FALSE
1686,Military Dictionary,T-64 (Soviet main battle tank (1960)),,,,xe tăng chiến đấu chủ lực T-64 của Liên Xô,FALSE,,,img_1686.jpg,FALSE
1687,Military Dictionary,T-72 (late-model Soviet main battle tank),,,,xe tăng chiến đấu chủ lực hiện đại T-72 của Liên Xô,FALSE,,,img_1687.jpg,FALSE
1687,Military Dictionary,T-80 (the latest Soviet main battle tank),,,,xe tăng chiến đấu chủ lực mới nhất T-80 của Liên Xô,FALSE,,,img_1687.jpg,FALSE
1687,Military Dictionary,TA (table of allowance),,,,bảng kê cấp phát; danh mục cấp phát (trang bị khí tài),FALSE,,,img_1687.jpg,FALSE
1687,Military Dictionary,TA (target acquisition),,,,"sự tìm và bắt mục tiêu, sự phát hiện và định vị mục tiêu, sự bắt bám mục tiêu",FALSE,,,img_1687.jpg,FALSE
1687,Military Dictionary,TA (Technical Assistance),,,,"viện trợ kỹ thuật; hỗ trợ kỹ thuật, trợ giúp kỹ thuật",FALSE,,,img_1687.jpg,FALSE
1687,Military Dictionary,TA (technology assessment),,,,sự đánh giá kỹ thuật,FALSE,,,img_1687.jpg,FALSE
1687,Military Dictionary,TA (Territorial Army (Anh)),,,,"bộ đội địa phương, quân địa phương",FALSE,,,img_1687.jpg,FALSE
1687,Military Dictionary,TA (theater Army),,,,lục quân chiến trường,FALSE,,,img_1687.jpg,FALSE
1687,Military Dictionary,TA/CP (technology assessment/ control plan),,,,đánh giá công nghệ hoặc kế hoạch kiểm tra công nghệ,FALSE,,,img_1687.jpg,FALSE
1687,Military Dictionary,TA; ta (target area),,,,"khu vực mục tiêu, vùng mục tiêu",FALSE,,,img_1687.jpg,FALSE
1687,Military Dictionary,TAA (tactical assembly area),,,,khu vực tập kết chiến thuật; khu vực tập kết chiến đấu,FALSE,,,img_1687.jpg,FALSE
1687,Military Dictionary,TAACOM (Theater Army Area Command),,,,bộ tư lệnh khu vực lục quân chiến trường,FALSE,,,img_1687.jpg,FALSE
1687,Military Dictionary,TAADC (Theater Army Air Defense Command),,,,bộ tư lệnh phòng không lục quân chiến trường,FALSE,,,img_1687.jpg,FALSE
1687,Military Dictionary,TAADS (The Army Authorization Document System),,,,hệ thống văn kiện thẩm quyền lục quân,FALSE,,,img_1687.jpg,FALSE
1687,Military Dictionary,TAAM (tactical antiaircraft missile),,,,tên lửa phòng không chiến thuật,FALSE,,,img_1687.jpg,FALSE
1687,Military Dictionary,TAAMDCOORD (theater army air and missile defence coordinator),,,,sĩ quan hiệp đồng phòng không và phòng thủ tên lửa lục quân chiến trường,FALSE,,,img_1687.jpg,FALSE
1687,Military Dictionary,TAB (tactical air base),,,,căn cứ không quân chiến thuật,FALSE,,,img_1687.jpg,FALSE
1687,Military Dictionary,TAB (target acquisition battalion),,,,tiểu đoàn pháo binh chỉ điểm mục tiêu,FALSE,,,img_1687.jpg,FALSE
1687,Military Dictionary,TAB (towed assault bridge),,,,cầu xung kích xe kéo,FALSE,,,img_1687.jpg,FALSE
1687,Military Dictionary,TABM (tactical antiballistic missile),,,,tên lửa chiến thuật chống tên lửa đạn đạo,FALSE,,,img_1687.jpg,FALSE
1687,Military Dictionary,TABMS (tactical air battle management system),,,,hệ thống quản lý chiến đấu của không quân (cấp) chiến thuật,FALSE,,,img_1687.jpg,FALSE
1687,Military Dictionary,TAC; tac (tactic),,,,chiến thuật,FALSE,,,img_1687.jpg,FALSE
1687,Military Dictionary,tac (tactical),,,,(thuộc) chiến thuật; (thuộc) tác chiến; (thuộc) chiến đấu,FALSE,,,img_1687.jpg,FALSE
1687,Military Dictionary,TAC (tactician),,,,nhà chiến thuật,FALSE,,,img_1687.jpg,FALSE
1687,Military Dictionary,TAC (tactical advanced computer),,,,máy tính chiến thuật cải tiến,FALSE,,,img_1687.jpg,FALSE
1687,Military Dictionary,TAC (Tactical Air Command),,,,"bộ tư lệnh không quân chiến thuật, bộ chỉ huy không quân chiến thuật",FALSE,,,img_1687.jpg,FALSE
1687,Military Dictionary,TAC (Tactical Air Controller),,,,sĩ quan chỉ huy không quân chiến thuật,FALSE,,,img_1687.jpg,FALSE
1687,Military Dictionary,TAC (tactical command post),,,,sở chỉ huy chiến thuật,FALSE,,,img_1687.jpg,FALSE
1687,Military Dictionary,TAC (terminal access controller),,,,sĩ quan kiểm soát truy cập đầu cuối,FALSE,,,img_1687.jpg,FALSE
1687,Military Dictionary,TAC (Treaty of Amitie and Cooperation),,,,hiệp ước thân thiện và hợp tác (Đông Nam Á),FALSE,,,img_1687.jpg,FALSE
1687,Military Dictionary,tac air spt (tactical air support),,,,sự chi viện của không quân chiến thuật,FALSE,,,img_1687.jpg,FALSE
1687,Military Dictionary,TAC FIRE (Tactical Fire Direction System),,,,hệ thống điều khiển hoả lực ở chiến trường,FALSE,,,img_1687.jpg,FALSE
1687,Military Dictionary,Tac Hq (tactical headquarters),,,,bộ chỉ huy chiến thuật; sở chỉ huy tác chiến,FALSE,,,img_1687.jpg,FALSE
1687,Military Dictionary,tac mar (tactical march),,,,cuộc hành quân chiến thuật; cuộc hành quân có dự kiến đánh gặp địch,FALSE,,,img_1687.jpg,FALSE
1687,Military Dictionary,tac ops (tactical operations),,,,hoạt động chiến đấu; tác chiến chiến thuật,FALSE,,,img_1687.jpg,FALSE
1687,Military Dictionary,Tac R (tactical reconnaissance),,,,trinh sát chiến thuật,FALSE,,,img_1687.jpg,FALSE
1687,Military Dictionary,tac sit (tactical situation),,,,tình hình chiến đấu; tình huống chiến đấu,FALSE,,,img_1687.jpg,FALSE
1687,Military Dictionary,tac tng (tactical training),,,,sự huấn luyện chiến thuật,FALSE,,,img_1687.jpg,FALSE
1688,Military Dictionary,TAC (US Air Force Tactical Air Command),,,,bộ tư lệnh không quân chiến thuật không lực Mỹ; binh đoàn không quân chiến thuật không lực Mỹ,FALSE,,,img_1688.jpg,FALSE
1688,Military Dictionary,TAC(A) (tactical air coordinator),,,,sĩ quan hiệp đồng không quân chiến thuật; người chỉ huy trạm dẫn đường không quân chiến thuật,FALSE,,,img_1688.jpg,FALSE
1688,Military Dictionary,"TACA (tactical air coordinator, airborne)",,,,sĩ quan trạm hiệp đồng không quân chiến thuật trên không; người chỉ huy trạm dẫn đường máy bay chiến thuật trên không (tới mục tiêu mặt đất),FALSE,,,img_1688.jpg,FALSE
1688,Military Dictionary,TACAC (Theater Army Civil Affairs Command),,,,cục dân chính lục quân chiến trường; cục các vấn đề dân sự của lục quân chiến trường,FALSE,,,img_1688.jpg,FALSE
1688,Military Dictionary,TACAIR (tactical air),,,,không quân chiến thuật,FALSE,,,img_1688.jpg,FALSE
1688,Military Dictionary,TACAMO (take charge and move out (EA-6B aircraft)),,,,nhận nhiệm vụ tiến công và cất cánh (của máy bay EA-6B),FALSE,,,img_1688.jpg,FALSE
1688,Military Dictionary,TACAN (tactical air navigation),,,,sự dẫn đường không quân chiến thuật,FALSE,,,img_1688.jpg,FALSE
1688,Military Dictionary,TACC (Tactical Air Control Center),,,,trung tâm chỉ huy không quân chiến thuật,FALSE,,,img_1688.jpg,FALSE
1688,Military Dictionary,TACC (tanker/airlift control center (USAF)),,,,trung tâm kiểm soát máy bay tiếp dầu hoặc cầu hàng không,FALSE,,,img_1688.jpg,FALSE
1688,Military Dictionary,"TACCO (tactical commander, ASW aircraft)",,,,tư lệnh (trưởng) không quân chiến thuật trang bị máy bay mang vũ khí chống ngầm,FALSE,,,img_1688.jpg,FALSE
1688,Military Dictionary,TACCO (tactical co-ordinator),,,,chỉ huy trưởng trạm dẫn đường không quân chiến thuật (tiến công mục tiêu mặt đất) trên không,FALSE,,,img_1688.jpg,FALSE
1688,Military Dictionary,TACCS (tactical air command & control system),,,,hệ thống chỉ huy và điều khiển không quân chiến thuật,FALSE,,,img_1688.jpg,FALSE
1688,Military Dictionary,TACCTA (tactical commander's terrain analysis),,,,"sự nghiên cứu đánh giá địa hình của người chỉ huy, sự phân tích (tình hình) địa hình của người chỉ huy",FALSE,,,img_1688.jpg,FALSE
1688,Military Dictionary,TAC-D (tactical deception),,,,sự nghi binh chiến thuật,FALSE,,,img_1688.jpg,FALSE
1688,Military Dictionary,TACDAR (tactical detection and reporting),,,,sự phát hiện và báo cáo chiến đấu,FALSE,,,img_1688.jpg,FALSE
1688,Military Dictionary,TACDS (target adaptive countermeasures dispensing system),,,,hệ thống phóng rải nhiều tương thích mục tiêu,FALSE,,,img_1688.jpg,FALSE
1688,Military Dictionary,TACELINT (tactical electronic intelligence),,,,tình báo điện tử (cấp) chiến thuật,FALSE,,,img_1688.jpg,FALSE
1688,Military Dictionary,TACELIS (tactical automated communications emitter location & identification system),,,,hệ thống tự động định vị và nhận biết máy phát thông tin liên lạc (cấp) chiến thuật,FALSE,,,img_1688.jpg,FALSE
1688,Military Dictionary,TACFIRE (tactical fire direction system),,,,"hệ thống chỉ huy hỏa lực cấp chiến thuật; (pb) hệ thống sửa bắn pháo binh (cấp) chiến thuật, tổ hợp TACFIRE",FALSE,,,img_1688.jpg,FALSE
1688,Military Dictionary,TACG (tactical air control group),,,,tốp dẫn đường không quân chiến thuật,FALSE,,,img_1688.jpg,FALSE
1688,Military Dictionary,TACINTEL (tactical intelligence),,,,tình báo chiến thuật; trinh sát chiến thuật,FALSE,,,img_1688.jpg,FALSE
1688,Military Dictionary,TACLOG (tactical-logistical),,,,(thuộc) hậu cần chiến thuật,FALSE,,,img_1688.jpg,FALSE
1688,Military Dictionary,TACM (tactical air command manual),,,,cẩm nang chỉ huy không quân chiến thuật,FALSE,,,img_1688.jpg,FALSE
1688,Military Dictionary,TACMS (Army Tactical Missile System (US)),,,,hệ thống tên lửa chiến thuật lục quân (Mỹ),FALSE,,,img_1688.jpg,FALSE
1688,Military Dictionary,TACNET (tactical area communications network),,,,mạng thông tin liên lạc khu vực (cấp) chiến thuật,FALSE,,,img_1688.jpg,FALSE
1688,Military Dictionary,TACOM (Tactical Command),,,,bộ tư lệnh chiến thuật,FALSE,,,img_1688.jpg,FALSE
1688,Military Dictionary,TACOM (Tank - Automotive and Armaments Command (Mỹ)),,,,bộ tư lệnh tăng - thiết giáp và cơ giới,FALSE,,,img_1688.jpg,FALSE
1688,Military Dictionary,TACOMM (tactical communications),,,,"phương tiện thông tin liên lạc chiến thuật, phương tiện thông tin liên lạc chỉ huy",FALSE,,,img_1688.jpg,FALSE
1688,Military Dictionary,TACOMS (tactical communications systems for the land combat zone),,,,hệ thống thông tin liên lạc chiến thuật khu vực tác chiến lục quân,FALSE,,,img_1688.jpg,FALSE
1689,Military Dictionary,TACON (tactical control),,,,chỉ huy chiến đấu,FALSE,,,img_1689.jpg,FALSE
1689,Military Dictionary,TACOPDAT (tactical operational data),,,,dữ liệu tác chiến chiến thuật,FALSE,,,img_1689.jpg,FALSE
1689,Military Dictionary,TACP (tactical air control party),,,,đội dẫn đường không quân chiến thuật,FALSE,,,img_1689.jpg,FALSE
1689,Military Dictionary,TACR (tactical reconnaissance),,,,trinh sát chiến thuật,FALSE,,,img_1689.jpg,FALSE
1689,Military Dictionary,TACRON (tactical air control squadron),,,,phi đội chỉ huy không quân chiến thuật; phi đội dẫn đường không quân yểm trợ (quân đổ bộ),FALSE,,,img_1689.jpg,FALSE
1689,Military Dictionary,TACS (tactical air control squadron),,,,phi đội chỉ huy không quân chiến thuật; phi đội dẫn đường không quân yểm trợ,FALSE,,,img_1689.jpg,FALSE
1689,Military Dictionary,TACS (tactical air control system),,,,hệ thống dẫn đường không quân chiến thuật,FALSE,,,img_1689.jpg,FALSE
1689,Military Dictionary,T-ACS (tactical auxiliary crane ship),,,,tàu cẩu hỗ trợ chiến đấu,FALSE,,,img_1689.jpg,FALSE
1689,Military Dictionary,TACS (theater air control system),,,,hệ thống chỉ huy không quân chiến trường,FALSE,,,img_1689.jpg,FALSE
1689,Military Dictionary,TACS (theater area communications system),,,,hệ thống thông tin liên lạc chiến trường,FALSE,,,img_1689.jpg,FALSE
1689,Military Dictionary,TACSAT (tactical satellite),,,,vệ tinh chiến thuật,FALSE,,,img_1689.jpg,FALSE
1689,Military Dictionary,TACSIM (tactical simulation),,,,sự mô phỏng chiến thuật,FALSE,,,img_1689.jpg,FALSE
1689,Military Dictionary,TACSOP (tactical standard operating procedures),,,,quy trình thực hành chiến đấu tiêu chuẩn; thứ tự các bước thực hành chiến đấu tiêu chuẩn,FALSE,,,img_1689.jpg,FALSE
1689,Military Dictionary,TACSTANS (tactical standards),,,,các tiêu chí chiến thuật,FALSE,,,img_1689.jpg,FALSE
1689,Military Dictionary,TACT (tactical aviation control team),,,,đội dẫn đường không quân chiến thuật,FALSE,,,img_1689.jpg,FALSE
1689,Military Dictionary,TACTAS (tactical towed array sonar),,,,"sôna mạng tàu kéo cấp chiến thuật, thiết bị định vị thuỷ âm mạng (có) tàu kéo cấp chiến thuật",FALSE,,,img_1689.jpg,FALSE
1689,Military Dictionary,TACTASS (tactical towed acoustic sensor system),,,,hệ thống định vị bằng âm thanh chiến thuật có xe kéo,FALSE,,,img_1689.jpg,FALSE
1689,Military Dictionary,TACTASS (tactical towed array sonar system),,,,hệ thống định vị thuỷ âm giàn chiến thuật có tàu kéo,FALSE,,,img_1689.jpg,FALSE
1689,Military Dictionary,TACTICOS (tactical information & command system),,,,hệ thống thông tin và chỉ huy cấp chiến thuật,FALSE,,,img_1689.jpg,FALSE
1689,Military Dictionary,TACTIFS (tactical integrated flight system),,,,hệ thống điều khiển bay hợp nhất cấp chiến thuật,FALSE,,,img_1689.jpg,FALSE
1689,Military Dictionary,"TACTRAGRULANT (Tactical Training Group, Atlantic)",,,,cụm huấn luyện chiến thuật ở Đại Tây Dương,FALSE,,,img_1689.jpg,FALSE
1689,Military Dictionary,TACV (tracked air-cushion vehicle),,,,xe kéo chạy trên đệm không khí,FALSE,,,img_1689.jpg,FALSE
1689,Military Dictionary,TAD (tactical air defence),,,,phòng không cấp chiến thuật,FALSE,,,img_1689.jpg,FALSE
1689,Military Dictionary,TAD (tactical air direction),,,,sự dẫn đường không quân chiến thuật,FALSE,,,img_1689.jpg,FALSE
1689,Military Dictionary,TAD (temporary additional duty),,,,kiêm chức tạm thời; nhiệm vụ bổ sung tạm thời,FALSE,,,img_1689.jpg,FALSE
1689,Military Dictionary,TAD (theater air defense),,,,phòng không chiến trường,FALSE,,,img_1689.jpg,FALSE
1689,Military Dictionary,TAD (time available for delivery),,,,thời gian để cấp phát hiện có,FALSE,,,img_1689.jpg,FALSE
1689,Military Dictionary,TADC (tactical air direction center),,,,trung tâm dẫn đường không quân chiến thuật,FALSE,,,img_1689.jpg,FALSE
1689,Military Dictionary,TADCS (tactical airborne digital camera system),,,,hệ thống camêra chiến đấu kỹ thuật số đặt trên máy bay,FALSE,,,img_1689.jpg,FALSE
1689,Military Dictionary,TADDS (target alert display data set (Mỹ)),,,,nhóm dữ liệu hiển thị báo động mục tiêu,FALSE,,,img_1689.jpg,FALSE
1689,Military Dictionary,TADIL (tactical digital information link),,,,mối liên kết thông tin kỹ thuật số chiến thuật,FALSE,,,img_1689.jpg,FALSE
1689,Military Dictionary,TADM (tactical atomic demolition munitions),,,,liều nổ hạt nhân chiến thuật,FALSE,,,img_1689.jpg,FALSE
1689,Military Dictionary,TADOC (transportable air defence operations centre),,,,"trung tâm tác chiến phòng không đặt trên xe, xe chỉ huy tác chiến phòng không",FALSE,,,img_1689.jpg,FALSE
1689,Military Dictionary,TADS (Tactical Air Defense System),,,,hệ thống phòng không chiến thuật,FALSE,,,img_1689.jpg,FALSE
1689,Military Dictionary,TADS (target acquisition and designation system (Mỹ)),,,,hệ thống phát hiện và chỉ thị mục tiêu,FALSE,,,img_1689.jpg,FALSE
1690,Military Dictionary,TAES (theater aeromedical evacuation system),,,,hệ thống sơ tán thương bệnh binh bằng đường không trên chiến trường,FALSE,,,img_1690.jpg,FALSE
1690,Military Dictionary,TAF (Tactical Air Force),,,,"không quân chiến thuật, lực lượng không quân chiến thuật",FALSE,,,img_1690.jpg,FALSE
1690,Military Dictionary,TAF (terminal air forecast),,,,trạm dự báo thời tiết của sân bay,FALSE,,,img_1690.jpg,FALSE
1690,Military Dictionary,TAFDS (tactical airfield fuel dispensing system),,,,hệ thống cấp phát nhiên liệu tại sân bay chiến thuật,FALSE,,,img_1690.jpg,FALSE
1690,Military Dictionary,TAFIM (technical architecture framework for information management),,,,khuôn khổ thiết kế kỹ thuật cho việc quản lý thông tin,FALSE,,,img_1690.jpg,FALSE
1690,Military Dictionary,TAFS (tactical aerodrome forecasts),,,,các bản dự báo thời tiết phục vụ cho sân bay chiến thuật,FALSE,,,img_1690.jpg,FALSE
1690,Military Dictionary,TAFT (technical assistance field team),,,,đội hỗ trợ kỹ thuật dã chiến,FALSE,,,img_1690.jpg,FALSE
1690,Military Dictionary,TAG (tactical airlift group),,,,tập đoàn vận tải đường không chiến thuật; cụm không vận chiến thuật,FALSE,,,img_1690.jpg,FALSE
1690,Military Dictionary,TAG (technical assessment group),,,,nhóm đánh giá kỹ thuật,FALSE,,,img_1690.jpg,FALSE
1690,Military Dictionary,TAG (The Adjutant General),,,,"chủ nhiệm hành chính, tổng quản trị trưởng",FALSE,,,img_1690.jpg,FALSE
1690,Military Dictionary,TAG (Tomahawk land-attack missile aimpoint graphic),,,,biểu đồ điểm ngắm tên lửa tiến công mặt đất Tômahốc,FALSE,,,img_1690.jpg,FALSE
1690,Military Dictionary,"TAGBDUSA (The Adjutant General's Board, U.S. Army)",,,,hội đồng chủ nhiệm hành chính lục quân Mỹ,FALSE,,,img_1690.jpg,FALSE
1690,Military Dictionary,TAGO (The Adjutant General's Office),,,,văn phòng chủ nhiệm hành chính; văn phòng tổng quản trị trưởng,FALSE,,,img_1690.jpg,FALSE
1690,Military Dictionary,T-AGOS (tactical auxiliary general ocean surveillance),,,,hoạt động do thám đại dương bổ trợ chiến thuật chung,FALSE,,,img_1690.jpg,FALSE
1690,Military Dictionary,"TAGRDCUSA (The Adjutant General's Research and Development Command, U.S. Army)",,,,"bộ tư lệnh nghiên cứu, xây dựng và huấn luyện sĩ quan hành chính lục quân Mỹ",FALSE,,,img_1690.jpg,FALSE
1690,Military Dictionary,TAGS (Theater Air-Ground System),,,,hệ thống hiệp đồng tác chiến không quân và lục quân chiến trường,FALSE,,,img_1690.jpg,FALSE
1690,Military Dictionary,tagw (takeoff gross weight),,,,tổng trọng lượng cất cánh,FALSE,,,img_1690.jpg,FALSE
1690,Military Dictionary,T-AH (hospital ship),,,,tàu quân y viện,FALSE,,,img_1690.jpg,FALSE
1690,Military Dictionary,TAIHQ (theater army headquarters),,,,tổng hành dinh lục quân chiến trường; bộ chỉ huy lục quân chiến trường,FALSE,,,img_1690.jpg,FALSE
1690,Military Dictionary,TAI (International Atomic Time),,,,giờ nguyên tử quốc tế,FALSE,,,img_1690.jpg,FALSE
1690,Military Dictionary,TAI (target area of interest),,,,khu vực mục tiêu cần trinh sát (bằng lực lượng và phương tiện của đơn vị),FALSE,,,img_1690.jpg,FALSE
1690,Military Dictionary,TAIRCW (tactical air control wing),,,,phi đoàn chỉ huy không quân chiến thuật; không đoàn dẫn đường không quân (tiến công mục tiêu mặt đất) cấp chiến thuật,FALSE,,,img_1690.jpg,FALSE
1690,Military Dictionary,TAIS (tactical air intelligence system),,,,hệ thống tình báo không quân chiến thuật,FALSE,,,img_1690.jpg,FALSE
1690,Military Dictionary,TAIS (Tactical Air-space Integration System),,,,hệ thống hàng không vũ trụ hợp nhất chiến thuật,FALSE,,,img_1690.jpg,FALSE
1690,Military Dictionary,TAIS (transportation automated information systems),,,,các hệ thống thu thập thông tin tự động hoá ngành vận tải,FALSE,,,img_1690.jpg,FALSE
1690,Military Dictionary,TAK (cargo ship),,,,tàu chở hàng,FALSE,,,img_1690.jpg,FALSE
1690,Military Dictionary,T-AKR (fast logistics ship),,,,tàu tiếp tế hậu cần tốc hành,FALSE,,,img_1690.jpg,FALSE
1690,Military Dictionary,TALCE (tactical airlift control element),,,,bộ phận điều hành cầu vận tải hàng không chiến thuật; bộ phận điều khiển máy bay tiếp dầu phục vụ cầu vận tải hàng không,FALSE,,,img_1690.jpg,FALSE
1690,Military Dictionary,TALCM (tactical air-launched cruise missile),,,,tên lửa hành trình chiến thuật phóng từ máy bay,FALSE,,,img_1690.jpg,FALSE
1690,Military Dictionary,TALD (tactical air-launched decoy),,,,"tên lửa nghi binh hàng không chiến thuật, tên lửa bẫy chiến thuật phóng từ máy bay",FALSE,,,img_1690.jpg,FALSE
1690,Military Dictionary,TALO (tactical air liaison officer),,,,sĩ quan liên lạc hiệp đồng của không quân chiến thuật,FALSE,,,img_1690.jpg,FALSE
1691,Military Dictionary,TALO (theater airlift liaison officer),,,,sĩ quan liên lạc hiệp đồng cầu vận tải hàng không chiến trường,FALSE,,,img_1691.jpg,FALSE
1691,Military Dictionary,TALOG (theater army logistical command),,,,bộ tư lệnh hậu cần lục quân chiến trường,FALSE,,,img_1691.jpg,FALSE
1691,Military Dictionary,TAM (tactical air missile),,,,tên lửa hàng không chiến thuật,FALSE,,,img_1691.jpg,FALSE
1691,Military Dictionary,TAM (tanque argention mediano (the lightest main battle tank)),,,,xe tăng chiến đấu chủ lực siêu nhẹ,FALSE,,,img_1691.jpg,FALSE
1691,Military Dictionary,TAMCA (theater army movement control agency),,,,cơ quan điều chỉnh cơ động lục quân trên chiến trường,FALSE,,,img_1691.jpg,FALSE
1691,Military Dictionary,TAMCO (theater army movement control center),,,,trung tâm điều chỉnh cơ động lục quân trên chiến trường,FALSE,,,img_1691.jpg,FALSE
1691,Military Dictionary,TAMD (theater air and missile defence),,,,phòng chống máy bay và tên lửa chiến trường,FALSE,,,img_1691.jpg,FALSE
1691,Military Dictionary,TAMMC (theater army material management command),,,,bộ chỉ huy quản lý phương tiện vật chất lục quân trên chiến trường,FALSE,,,img_1691.jpg,FALSE
1691,Military Dictionary,TAMMIS (theater army medical management and information system),,,,hệ thống quản lý quân y và thông tin lục quân chiến trường,FALSE,,,img_1691.jpg,FALSE
1691,Military Dictionary,TAMS (tank anti-missile system),,,,tổ hợp chống tên lửa trên xe tăng,FALSE,,,img_1691.jpg,FALSE
1691,Military Dictionary,tanalt (tangent altitude),,,,độ cao tiếp điểm; độ cao điểm tiếp xúc giữa quỹ đạo bay (của máy bay) với đường thẳng tiếp tuyến,FALSE,,,img_1691.jpg,FALSE
1691,Military Dictionary,TANS (tactical air navigation system),,,,hệ thống dẫn đường không quân chiến thuật,FALSE,,,img_1691.jpg,FALSE
1691,Military Dictionary,TANS (Territorial Army Nursing Service (Anh)),,,,ngành y tá của quân địa phương,FALSE,,,img_1691.jpg,FALSE
1691,Military Dictionary,TAO (tactical actions officer),,,,sĩ quan chỉ huy chiến đấu,FALSE,,,img_1691.jpg,FALSE
1691,Military Dictionary,TAO (Tactical Air Command Overseas),,,,bộ chỉ huy không quân chiến thuật ở chiến trường nước ngoài,FALSE,,,img_1691.jpg,FALSE
1691,Military Dictionary,TAOC (tactical air operations center (USMC)),,,,trung tâm chỉ huy tác chiến không quân chiến thuật (thuỷ quân lục chiến Mỹ),FALSE,,,img_1691.jpg,FALSE
1691,Military Dictionary,TAOC (The Army Operations Center),,,,trung tâm chỉ huy tác chiến của tập đoàn quân,FALSE,,,img_1691.jpg,FALSE
1691,Military Dictionary,TAOR (tactical area of responsibility),,,,khu vực tác chiến chiến thuật,FALSE,,,img_1691.jpg,FALSE
1691,Military Dictionary,TAOS (tactical air operations system),,,,hệ thống chỉ huy tác chiến của không quân chiến thuật,FALSE,,,img_1691.jpg,FALSE
1691,Military Dictionary,TAP (troopship),,,,tàu chở quân,FALSE,,,img_1691.jpg,FALSE
1691,Military Dictionary,TAR (tactical air radio),,,,trạm vô tuyến điện đường không chiến thuật,FALSE,,,img_1691.jpg,FALSE
1691,Military Dictionary,TAR (Training and Administration of the Reserve),,,,sự huấn luyện và quản lý quân dự bị,FALSE,,,img_1691.jpg,FALSE
1691,Military Dictionary,TARABS (tactical air reconnaissance and aerial battlefield surveillance),,,,sự trinh sát chiến thuật và quan sát chiến trường từ trên không,FALSE,,,img_1691.jpg,FALSE
1691,Military Dictionary,TARADCOM (tank-automotive research and development command (Mỹ)),,,,bộ tư lệnh nghiên cứu và phát triển tăng thiết giáp,FALSE,,,img_1691.jpg,FALSE
1691,Military Dictionary,TARBUL (target bulletin),,,,bản thông tin về mục tiêu,FALSE,,,img_1691.jpg,FALSE
1691,Military Dictionary,TARC (Tactical Air Reconnaissance Center),,,,trung tâm trinh sát của không quân chiến thuật,FALSE,,,img_1691.jpg,FALSE
1691,Military Dictionary,TARC (theater army replacement command),,,,bộ chỉ huy quân bổ sung của lục quân chiến trường,FALSE,,,img_1691.jpg,FALSE
1691,Military Dictionary,TARE (tactical record evaluation),,,,đánh giá kết quả chiến đấu,FALSE,,,img_1691.jpg,FALSE
1691,Military Dictionary,TAREX (target plans and operations),,,,kế hoạch và thực hành tác chiến theo mục tiêu,FALSE,,,img_1691.jpg,FALSE
1691,Military Dictionary,targ (target),,,,mục tiêu; đối tượng; bia; (yêu cầu) nhiệm vụ,FALSE,,,img_1691.jpg,FALSE
1691,Military Dictionary,TARP (test and repair processor),,,,bộ xử lý để kiểm tra và sửa chữa,FALSE,,,img_1691.jpg,FALSE
1691,Military Dictionary,TARS (tactical air reconnaissance system),,,,hệ thống trinh sát không quân chiến thuật,FALSE,,,img_1691.jpg,FALSE
1692,Military Dictionary,TARS (tethered aerostat radar system),,,,hệ thống rada đặt trên khinh khí cầu,FALSE,,,img_1692.jpg,FALSE
1692,Military Dictionary,TARS (theater army replacement system),,,,hệ thống bổ sung quân của lục quân chiến trường,FALSE,,,img_1692.jpg,FALSE
1692,Military Dictionary,TARTC (theater army replacement and training command),,,,bộ chỉ huy huấn luyện chiến đấu và bổ sung quân của lục quân chiến trường,FALSE,,,img_1692.jpg,FALSE
1692,Military Dictionary,TAS (tactical acoustic system),,,,hệ thống trinh sát âm thanh cấp chiến thuật,FALSE,,,img_1692.jpg,FALSE
1692,Military Dictionary,TAS (tactical atmospheric summary),,,,bản tóm tắt điều kiện khí quyển chiến thuật,FALSE,,,img_1692.jpg,FALSE
1692,Military Dictionary,TAS (Target Acquisition System),,,,"hệ thống trinh sát mục tiêu, hệ thống phát hiện và bám sát mục tiêu, hệ thống bám bắt mục tiêu",FALSE,,,img_1692.jpg,FALSE
1692,Military Dictionary,TAS (The Army Staff),,,,bộ tham mưu tập đoàn quân; bộ tham mưu lục quân,FALSE,,,img_1692.jpg,FALSE
1692,Military Dictionary,TAS (tracking adjunct system),,,,tổ hợp hỗ trợ bám (mục tiêu),FALSE,,,img_1692.jpg,FALSE
1692,Military Dictionary,TAS (true airspeed),,,,tốc độ thực của máy bay,FALSE,,,img_1692.jpg,FALSE
1692,Military Dictionary,TASA ((The) Assistant Secretary of the Army),,,,trợ lý bộ trưởng lục quân; thứ trưởng bộ lục quân,FALSE,,,img_1692.jpg,FALSE
1692,Military Dictionary,TASCID (tactical Automatic Digital Network (AUTODIN) satellite compensation interface device),,,,thiết bị giao diện điều tiết vệ tinh của mạng kỹ thuật số tự động chiến thuật,FALSE,,,img_1692.jpg,FALSE
1692,Military Dictionary,TASCO (tactical automatic switch control officer),,,,sĩ quan điều khiển tổng đài tự động chiến thuật,FALSE,,,img_1692.jpg,FALSE
1692,Military Dictionary,TASE (Tactical Air Support Element),,,,bộ phận điều khiển chi viện không quân chiến thuật,FALSE,,,img_1692.jpg,FALSE
1692,Military Dictionary,TASES (tactical airborne signal exploitation system),,,,hệ thống khai thác tín hiệu chiến thuật đặt trên máy bay,FALSE,,,img_1692.jpg,FALSE
1692,Military Dictionary,TASIP (tailored analytic intelligence support to individual electronic warfare and command and control warfare projects),,,,sự hỗ trợ phân tích tình báo được thiết kế riêng cho chiến tranh điện tử và các phương án chiến tranh chỉ huy và kiểm soát,FALSE,,,img_1692.jpg,FALSE
1692,Military Dictionary,TASM (tactical air-to-surface missile),,,,tên lửa không đối đất chiến thuật; tên lửa không đối hạm chiến thuật,FALSE,,,img_1692.jpg,FALSE
1692,Military Dictionary,TASM (Tomahawk anti-ship missile),,,,tên lửa Tômahốc chống tàu,FALSE,,,img_1692.jpg,FALSE
1692,Military Dictionary,TASMO (tactical air support for maritime operations),,,,sự chi viện không quân chiến thuật cho tác chiến trên biển,FALSE,,,img_1692.jpg,FALSE
1692,Military Dictionary,TASOSC (theater army special operations support command),,,,bộ chỉ huy bảo đảm tác chiến đặc biệt của lục quân chiến trường,FALSE,,,img_1692.jpg,FALSE
1692,Military Dictionary,TASS (tactical air support section),,,,bộ phận chi viện không quân chiến thuật,FALSE,,,img_1692.jpg,FALSE
1692,Military Dictionary,TASS (tactical automated security system),,,,hệ thống an ninh tự động chiến thuật; hệ thống cảnh giới tự động cấp chiến thuật; hệ thống bảo mật tự động cấp chiến thuật,FALSE,,,img_1692.jpg,FALSE
1692,Military Dictionary,TASS (tactical automated switch system),,,,hệ thống tổng đài tự động chiến thuật,FALSE,,,img_1692.jpg,FALSE
1692,Military Dictionary,TASS (towed array sonar system),,,,hệ thống định vị thuỷ âm giàn có tàu kéo,FALSE,,,img_1692.jpg,FALSE
1692,Military Dictionary,TASS (towed array surveillance system),,,,hệ thống giám sát triển khai đội hình có xe kéo; hệ thống giám sát (bằng) mạng có tàu kéo,FALSE,,,img_1692.jpg,FALSE
1692,Military Dictionary,"TASTA (The Administrative Support, Theater Army)",,,,cơ quan bảo đảm hành chính hậu cần của lục quân chiến trường,FALSE,,,img_1692.jpg,FALSE
1692,Military Dictionary,TASUMA (target and surveillance unmanned aircraft),,,,máy bay không người lái trinh thám và (làm) mục tiêu,FALSE,,,img_1692.jpg,FALSE
1692,Military Dictionary,TAT (tactical analysis team),,,,đội phân tích chiến thuật,FALSE,,,img_1692.jpg,FALSE
1692,Military Dictionary,TAT (technical assistance team),,,,đội hỗ trợ kỹ thuật,FALSE,,,img_1692.jpg,FALSE
1692,Military Dictionary,TAT (to accompany troops),,,,quân trang quân dụng mang theo người,FALSE,,,img_1692.jpg,FALSE
1692,Military Dictionary,TATC (tactical air traffic control),,,,"sự kiểm soát giao thông đường không chiến thuật, sự kiểm soát không lưu chiến thuật",FALSE,,,img_1692.jpg,FALSE
1693,Military Dictionary,TAV (transatmospheric vehicle),,,,khoang (tầng; tàu vũ trụ) xuyên khí quyển,FALSE,,,img_1693.jpg,FALSE
1693,Military Dictionary,T-AVB (aviation logistics support ship),,,,tàu bảo đảm hậu cần cho không quân hải quân,FALSE,,,img_1693.jpg,FALSE
1693,Military Dictionary,TAW (tactical airlift wing),,,,"phi đoàn vận tải đường không chiến thuật, phi đoàn không vận chiến thuật",FALSE,,,img_1693.jpg,FALSE
1693,Military Dictionary,TAW (tactical assault weapon),,,,tên lửa tiến công chiến thuật,FALSE,,,img_1693.jpg,FALSE
1693,Military Dictionary,TAW (tactical atomic weapon),,,,vũ khí hạt nhân chiến thuật,FALSE,,,img_1693.jpg,FALSE
1693,Military Dictionary,TAWC (Tactical Air Warfare Center),,,,"trung tâm chỉ huy không quân chiến thuật, phi đoàn không vận chiến thuật",FALSE,,,img_1693.jpg,FALSE
1693,Military Dictionary,TB (Tank Battalion),,,,tiểu đoàn xe tăng,FALSE,,,img_1693.jpg,FALSE
1693,Military Dictionary,TB (technical bulletin),,,,bản thông báo kỹ thuật,FALSE,,,img_1693.jpg,FALSE
1693,Military Dictionary,TB (torpedo-bomber),,,,máy bay ném bom - ngư lôi,FALSE,,,img_1693.jpg,FALSE
1693,Military Dictionary,TBC (tactical bombing competition),,,,cuộc thử nghiệm đối chứng ném bom chiến thuật,FALSE,,,img_1693.jpg,FALSE
1693,Military Dictionary,TBD (to be determined),,,,được quyết định,FALSE,,,img_1693.jpg,FALSE
1693,Military Dictionary,TBM (tactical ballistic missile),,,,tên lửa đạn đạo chiến thuật,FALSE,,,img_1693.jpg,FALSE
1693,Military Dictionary,TBM (theater ballistic missile),,,,"tên lửa đạn đạo chiến dịch - chiến thuật, tên lửa đạn đạo chiến trường",FALSE,,,img_1693.jpg,FALSE
1693,Military Dictionary,TBMCS (theater battle management core system),,,,hệ thống chủ yếu chỉ huy tác chiến trên chiến trường,FALSE,,,img_1693.jpg,FALSE
1693,Military Dictionary,TBMD (theatre ballistic missile defence),,,,phòng thủ tên lửa đạn đạo chiến trường,FALSE,,,img_1693.jpg,FALSE
1693,Military Dictionary,TBMEWS (tactical ballistic missile early warning system),,,,hệ thống cảnh báo sớm tên lửa đạn đạo chiến thuật,FALSE,,,img_1693.jpg,FALSE
1693,Military Dictionary,TBO (time between overhauls),,,,"thời gian giữa hai lần kiểm tra, thời gian giữa hai lần đại tu (máy bay)",FALSE,,,img_1693.jpg,FALSE
1693,Military Dictionary,TBP (to be published),,,,được xuất bản,FALSE,,,img_1693.jpg,FALSE
1693,Military Dictionary,TBSL (to be supplied later),,,,được cung cấp sau,FALSE,,,img_1693.jpg,FALSE
1693,Military Dictionary,TBTC (transportable blood transshipment center),,,,trung tâm truyền máu di động,FALSE,,,img_1693.jpg,FALSE
1693,Military Dictionary,TC (tactical control),,,,chỉ huy chiến đấu; điều khiển hoả lực,FALSE,,,img_1693.jpg,FALSE
1693,Military Dictionary,TC (technical characteristics),,,,tính năng kỹ thuật,FALSE,,,img_1693.jpg,FALSE
1693,Military Dictionary,TC (training center),,,,trung tâm huấn luyện (chiến đấu),FALSE,,,img_1693.jpg,FALSE
1693,Military Dictionary,TC (training circular),,,,chu trình huấn luyện (chiến đấu),FALSE,,,img_1693.jpg,FALSE
1693,Military Dictionary,TC (Transportation Corps),,,,ngành vận tải quân sự,FALSE,,,img_1693.jpg,FALSE
1693,Military Dictionary,TCA (Technical Cooperation Administration),,,,cơ quan chỉ đạo hợp tác kỹ thuật,FALSE,,,img_1693.jpg,FALSE
1693,Military Dictionary,TCA (terminal control area),,,,khu vực kiểm soát đầu cuối,FALSE,,,img_1693.jpg,FALSE
1693,Military Dictionary,TCA (time of closest approach),,,,thời điểm tiếp cận mục tiêu gần nhất,FALSE,,,img_1693.jpg,FALSE
1693,Military Dictionary,TCA (traditional CINC activity),,,,hoạt động truyền thống của tư lệnh (trưởng),FALSE,,,img_1693.jpg,FALSE
1693,Military Dictionary,TC-ACCIS (transportation coordinator's automated command and control information system),,,,hệ thống thông tin chỉ huy và kiểm soát tự động hoá của sĩ quan hiệp đồng vận tải,FALSE,,,img_1693.jpg,FALSE
1693,Military Dictionary,TC-AIMS (Transportation Coordinator's Automated Information for Movement System),,,,thông tin tự động hóa của sĩ quan hiệp đồng vận tải đối với hệ thống cơ động,FALSE,,,img_1693.jpg,FALSE
1693,Military Dictionary,TCAIMS II (Transportation Coordinator's Automated Information for Movement System II),,,,thông tin tự động hóa của sĩ quan hiệp đồng vận tải đối với hệ thống cơ động II,FALSE,,,img_1693.jpg,FALSE
1693,Military Dictionary,TCBM (transcontinental ballistic missile),,,,tên lửa đạn đạo vận tải vượt đại châu,FALSE,,,img_1693.jpg,FALSE
1693,Military Dictionary,TCC (modular tactical communication centre),,,,trung tâm thông tin liên lạc chiến thuật môđun hóa,FALSE,,,img_1693.jpg,FALSE
1693,Military Dictionary,TCC (tactical control center),,,,trung tâm chỉ huy không quân chiến thuật,FALSE,,,img_1693.jpg,FALSE
1694,Military Dictionary,TCC (transmission control code),,,,mã điều khiển truyền phát,FALSE,,,img_1694.jpg,FALSE
1694,Military Dictionary,TCC (transport control center),,,,trung tâm chỉ huy vận tải quân sự,FALSE,,,img_1694.jpg,FALSE
1694,Military Dictionary,TCC (transportation component command),,,,bộ chỉ huy binh chủng vận tải hợp thành,FALSE,,,img_1694.jpg,FALSE
1694,Military Dictionary,TCC (Troop-Carrier Command),,,,bộ chỉ huy không quân vận tải đổ bộ,FALSE,,,img_1694.jpg,FALSE
1694,Military Dictionary,TCCF (tactical communications control facility),,,,phương tiện bảo đảm kiểm soát thông tin liên lạc chiến thuật,FALSE,,,img_1694.jpg,FALSE
1694,Military Dictionary,TCF (tactical combat force),,,,lực lượng tác chiến chiến thuật,FALSE,,,img_1694.jpg,FALSE
1694,Military Dictionary,TCF (technical control facility),,,,phương tiện bảo đảm kiểm soát kỹ thuật,FALSE,,,img_1694.jpg,FALSE
1694,Military Dictionary,TCF (troop carrier force),,,,lực lượng không quân vận tải đổ bộ,FALSE,,,img_1694.jpg,FALSE
1694,Military Dictionary,TCI (terrain clearance indicator),,,,thiết bị vô tuyến báo động vi phạm độ cao an toàn bay,FALSE,,,img_1694.jpg,FALSE
1694,Military Dictionary,TCM (theater construction manager),,,,sĩ quan quản lý xây dựng công trình trên chiến trường,FALSE,,,img_1694.jpg,FALSE
1694,Military Dictionary,TCMD (transportation control and movement document),,,,văn kiện cơ động và điều chỉnh giao thông vận tải,FALSE,,,img_1694.jpg,FALSE
1694,Military Dictionary,TCN (third country national),,,,công dân nước thứ ba,FALSE,,,img_1694.jpg,FALSE
1694,Military Dictionary,TCN (transportation control number),,,,số kiểm soát vận tải,FALSE,,,img_1694.jpg,FALSE
1694,Military Dictionary,TCO (Tactical Combat Operations),,,,tác chiến chiến thuật,FALSE,,,img_1694.jpg,FALSE
1694,Military Dictionary,TCO (tactical control officer),,,,sĩ quan chỉ huy cấp chiến thuật; (pb) sĩ quan chỉ huy hoả lực đại đội pháo binh,FALSE,,,img_1694.jpg,FALSE
1694,Military Dictionary,TCO (test control officer),,,,sĩ quan hướng dẫn thử nghiệm (kỹ thuật),FALSE,,,img_1694.jpg,FALSE
1694,Military Dictionary,TCOG (Trilateral Cooperation and Oversight Group),,,,"nhóm hợp tác và giám sát ba bên (giữa Mỹ, Nhật Bản và Hàn Quốc tại bán đảo Triều Tiên)",FALSE,,,img_1694.jpg,FALSE
1694,Military Dictionary,TCP (traffic control post),,,,trạm điều chỉnh cơ động; trạm kiểm soát giao thông,FALSE,,,img_1694.jpg,FALSE
1694,Military Dictionary,TCP (transmission control protocol),,,,nghi thức điều khiển truyền phát tin,FALSE,,,img_1694.jpg,FALSE
1694,Military Dictionary,TCS (tactical control squadron),,,,phi đội chỉ huy không quân chiến thuật,FALSE,,,img_1694.jpg,FALSE
1694,Military Dictionary,TCS (target control system),,,,hệ thống điều khiển tình huống bia (trên thao trường),FALSE,,,img_1694.jpg,FALSE
1694,Military Dictionary,TCS (temporary change of station),,,,biệt phái; tạm thời chuyển sang vị trí công tác mới,FALSE,,,img_1694.jpg,FALSE
1694,Military Dictionary,TCSEC (trusted computer system evaluation criteria),,,,tiêu chí đánh giá độ tin cậy của hệ thống máy tính,FALSE,,,img_1694.jpg,FALSE
1694,Military Dictionary,TCT (target centred tracker),,,,đầu bám (theo) tâm mục tiêu,FALSE,,,img_1694.jpg,FALSE
1694,Military Dictionary,TCTC (Transportation Corps Technical Committee),,,,ủy ban kỹ thuật ngành vận tải,FALSE,,,img_1694.jpg,FALSE
1694,Military Dictionary,tctl (tactical),,,,(thuộc) chiến thuật; (thuộc) chiến dịch - chiến thuật; (thuộc) chiến đấu,FALSE,,,img_1694.jpg,FALSE
1694,Military Dictionary,TCU (tactical control unit),,,,đơn vị chỉ huy cấp chiến thuật,FALSE,,,img_1694.jpg,FALSE
1694,Military Dictionary,TCV (troop carrying vehicle),,,,xe chở quân,FALSE,,,img_1694.jpg,FALSE
1694,Military Dictionary,TCW (tactical control wing),,,,phi đoàn chỉ huy không quân chiến thuật,FALSE,,,img_1694.jpg,FALSE
1694,Military Dictionary,TD (tactics directive),,,,chỉ lệnh chiến đấu,FALSE,,,img_1694.jpg,FALSE
1694,Military Dictionary,TD (tank destroyer),,,,"pháo chống tăng tự hành, đại bác cơ động chống tăng, pháo cơ động chống tăng; xạ thủ diệt tăng",FALSE,,,img_1694.jpg,FALSE
1694,Military Dictionary,TD (tank division),,,,sư đoàn xe tăng,FALSE,,,img_1694.jpg,FALSE
1694,Military Dictionary,TD (Telegraphe Department),,,,phòng điện báo,FALSE,,,img_1694.jpg,FALSE
1694,Military Dictionary,TD (Telephone Department),,,,phòng thông tin liên lạc điện thoại,FALSE,,,img_1694.jpg,FALSE
1694,Military Dictionary,TD (total drift),,,,độ giạt toàn phần,FALSE,,,img_1694.jpg,FALSE
1694,Military Dictionary,TD (tractor-drawn),,,,sức kéo cơ học,FALSE,,,img_1694.jpg,FALSE
1694,Military Dictionary,TD (transmit data),,,,dữ liệu truyền phát,FALSE,,,img_1694.jpg,FALSE
1694,Military Dictionary,TD (transmitter-distributor),,,,máy dịch và truyền mã xung đến các trạm (trong hệ thống điện báo in chữ),FALSE,,,img_1694.jpg,FALSE
1694,Military Dictionary,TD (tween deck),,,,boong tàu giữa,FALSE,,,img_1694.jpg,FALSE
1694,Military Dictionary,TD; T/D (table of distribution),,,,bảng phân phối,FALSE,,,img_1694.jpg,FALSE
1695,Military Dictionary,TDA (table of distribution-augmentation),,,,bảng phân phối và bổ sung,FALSE,,,img_1695.jpg,FALSE
1695,Military Dictionary,TDA (theater defence architecture),,,,công trình (kiến trúc) phòng ngự chiến trường,FALSE,,,img_1695.jpg,FALSE
1695,Military Dictionary,TDBM (technical database management),,,,sự quản lý cơ sở dữ liệu kỹ thuật,FALSE,,,img_1695.jpg,FALSE
1695,Military Dictionary,TDC (top dead center),,,,điểm chết trên,FALSE,,,img_1695.jpg,FALSE
1695,Military Dictionary,TDC (torpedo firing-data computer in a submarine),,,,máy tính phần tử phóng ngư lôi trong tàu ngầm,FALSE,,,img_1695.jpg,FALSE
1695,Military Dictionary,TDCS (Tank Driver Command System),,,,hệ thống lệnh của thiết bị lái xe tăng,FALSE,,,img_1695.jpg,FALSE
1695,Military Dictionary,TDD (target desired ground zero (DGZ) designator),,,,sĩ quan xác định tâm nổ hạt nhân kỳ vọng tại mục tiêu,FALSE,,,img_1695.jpg,FALSE
1695,Military Dictionary,TDD (target detection device),,,,thiết bị phát hiện mục tiêu,FALSE,,,img_1695.jpg,FALSE
1695,Military Dictionary,TDF (tactical digital facsimile),,,,máy FAX kỹ thuật số chiến thuật,FALSE,,,img_1695.jpg,FALSE
1695,Military Dictionary,TDI (target data inventory),,,,bản thống kê phần tử mục tiêu,FALSE,,,img_1695.jpg,FALSE
1695,Military Dictionary,TDIS (time distance),,,,khoảng cách tính theo thời gian,FALSE,,,img_1695.jpg,FALSE
1695,Military Dictionary,TDP (target direction post),,,,trạm dẫn đường không quân chiến thuật tới mục tiêu,FALSE,,,img_1695.jpg,FALSE
1695,Military Dictionary,TDP (Technical Development Plan),,,,kế hoạch phát triển kỹ thuật,FALSE,,,img_1695.jpg,FALSE
1695,Military Dictionary,TDR (Target Data Receiver),,,,thiết bị thu nhận dữ liệu mục tiêu; pháo thủ tiếp nhận phần tử mục tiêu,FALSE,,,img_1695.jpg,FALSE
1695,Military Dictionary,TDS (tactical data system),,,,hệ thống dữ liệu chiến thuật,FALSE,,,img_1695.jpg,FALSE
1695,Military Dictionary,TDS (tactical drone squadron),,,,phi đội máy bay không người lái chiến thuật,FALSE,,,img_1695.jpg,FALSE
1695,Military Dictionary,TDWY (treadway),,,,đường lăn bánh,FALSE,,,img_1695.jpg,FALSE
1695,Military Dictionary,TDY (temporary duty),,,,sự biệt phái tạm thời; sự phụ trách tạm thời,FALSE,,,img_1695.jpg,FALSE
1695,Military Dictionary,TDZ (total danger zone),,,,vùng hoàn toàn nguy hiểm,FALSE,,,img_1695.jpg,FALSE
1695,Military Dictionary,TDZ (touch down zone),,,,"đoạn đường tiếp đất, dải tiếp đất",FALSE,,,img_1695.jpg,FALSE
1695,Military Dictionary,TE (tactical evaluation),,,,sự đánh giá chiến thuật,FALSE,,,img_1695.jpg,FALSE
1695,Military Dictionary,TE (task element),,,,đơn vị tham gia cụm chiến dịch; đơn vị thành phần chiến dịch; đơn vị đặc nhiệm,FALSE,,,img_1695.jpg,FALSE
1695,Military Dictionary,TE; T-E; T/E (transporter-erector),,,,"(tl) thiết bị nâng chuyển, thiết bị nâng vận chuyển",FALSE,,,img_1695.jpg,FALSE
1695,Military Dictionary,TEA (Transportation Engineering Agency),,,,cục công trình giao thông vận tải,FALSE,,,img_1695.jpg,FALSE
1695,Military Dictionary,TECH; tech (technical),,,,kỹ thuật; (thuộc) kỹ thuật,FALSE,,,img_1695.jpg,FALSE
1695,Military Dictionary,tech instr (technical instruction),,,,bản hướng dẫn kỹ thuật,FALSE,,,img_1695.jpg,FALSE
1695,Military Dictionary,tech svc (technical service),,,,ngành kỹ thuật; sự bảo dưỡng,FALSE,,,img_1695.jpg,FALSE
1695,Military Dictionary,tech svc intel det (technical service intelligence detachment),,,,đội tình báo ngành kỹ thuật,FALSE,,,img_1695.jpg,FALSE
1695,Military Dictionary,TECHCON (technical control),,,,sự kiểm tra (tình trạng) kỹ thuật,FALSE,,,img_1695.jpg,FALSE
1695,Military Dictionary,TECHDOC (technical documentation),,,,tài liệu kỹ thuật,FALSE,,,img_1695.jpg,FALSE
1695,Military Dictionary,TECHEVAL (technical evaluation),,,,sự đánh giá (tình trạng) kỹ thuật,FALSE,,,img_1695.jpg,FALSE
1695,Military Dictionary,TECHINT (technical intelligence),,,,tình báo kỹ thuật; tin tức tình báo kỹ thuật,FALSE,,,img_1695.jpg,FALSE
1695,Military Dictionary,TECHOPDAT (technical operational data),,,,số liệu bảo dưỡng kỹ thuật,FALSE,,,img_1695.jpg,FALSE
1695,Military Dictionary,TECOM (Test and Evaluation Command),,,,bộ chỉ huy thử nghiệm và đánh giá vũ khí trang bị chiến đấu,FALSE,,,img_1695.jpg,FALSE
1695,Military Dictionary,TECSTAR (Technical Career Structure of the Army),,,,hệ thống huấn luyện và phục vụ của các chuyên gia kỹ thuật lục quân,FALSE,,,img_1695.jpg,FALSE
1695,Military Dictionary,TED (threat environment description),,,,sự mô tả phương tiện bảo đảm tác chiến dự kiến (dịch sẽ sử dụng),FALSE,,,img_1695.jpg,FALSE
1695,Military Dictionary,TED (trunk encryption device),,,,thiết bị mật mã chủ,FALSE,,,img_1695.jpg,FALSE
1695,Military Dictionary,TEG (tactical exploration group),,,,nhóm trinh sát chiến đấu,FALSE,,,img_1695.jpg,FALSE
1695,Military Dictionary,tel (telegram),,,,bức điện báo,FALSE,,,img_1695.jpg,FALSE
1695,Military Dictionary,tel (telegraph),,,,máy điện báo,FALSE,,,img_1695.jpg,FALSE
1695,Military Dictionary,tel (telephone),,,,máy điện thoại,FALSE,,,img_1695.jpg,FALSE
1696,Military Dictionary,TEL (transporter-erector-launcher),,,,tổ hợp vận chuyển - nâng - phóng (tên lửa),FALSE,,,img_1696.jpg,FALSE
1696,Military Dictionary,TELAR (transporter-erector-launcher and radar),,,,phương tiện vận chuyển - nâng - phóng (tên lửa) và rada,FALSE,,,img_1696.jpg,FALSE
1696,Military Dictionary,telecom (telecommunication),,,,"viễn thông, thông tin liên lạc viễn thông",FALSE,,,img_1696.jpg,FALSE
1696,Military Dictionary,TELECON (telecommunication conference),,,,hội nghị về thông tin liên lạc viễn thông,FALSE,,,img_1696.jpg,FALSE
1696,Military Dictionary,TELERAN; Teleran (television and radar air navigation),,,,hệ thống dẫn bay bằng rada và truyền hình,FALSE,,,img_1696.jpg,FALSE
1696,Military Dictionary,TELEX (teletype),,,,têlêtíp,FALSE,,,img_1696.jpg,FALSE
1696,Military Dictionary,TELNET (telecommunication network),,,,mạng viễn thông,FALSE,,,img_1696.jpg,FALSE
1696,Military Dictionary,temp (temporary),,,,"tạm thời, lâm thời",FALSE,,,img_1696.jpg,FALSE
1696,Military Dictionary,TEOB (tactical electronic order of battle),,,,mệnh lệnh chiến đấu điện tử chiến thuật,FALSE,,,img_1696.jpg,FALSE
1696,Military Dictionary,TEP (test and evaluation plan),,,,kế hoạch thử nghiệm và đánh giá vũ khí trang bị,FALSE,,,img_1696.jpg,FALSE
1696,Military Dictionary,TEP (theater engagement plan),,,,kế hoạch tham chiến trên chiến trường,FALSE,,,img_1696.jpg,FALSE
1696,Military Dictionary,TER (terrain following radar),,,,rada (dẫn bay) bám địa hình,FALSE,,,img_1696.jpg,FALSE
1696,Military Dictionary,TERCOM (terrain comparison and matching guidance),,,,sự điều khiển tên lửa bay bám thích hợp bề mặt địa hình,FALSE,,,img_1696.jpg,FALSE
1696,Military Dictionary,TERCOM (terrain contour matching),,,,(hệ thống điều khiển tên lửa) bay bám thích hợp bề mặt địa hình,FALSE,,,img_1696.jpg,FALSE
1696,Military Dictionary,TEREC (tactical electronic reconnaissance),,,,"sự trinh sát điện tử chiến thuật, sự trinh sát bằng phương tiện điện tử chiến thuật",FALSE,,,img_1696.jpg,FALSE
1696,Military Dictionary,TERF (terrain flight),,,,chuyến bay thấp gần mặt đất; sự bay lợi dụng địa hình (để tránh quan sát và hoả lực của đối phương),FALSE,,,img_1696.jpg,FALSE
1696,Military Dictionary,TERI (torpedo effective range indicator),,,,đồng hồ chỉ báo tầm hoạt động của ngư lôi,FALSE,,,img_1696.jpg,FALSE
1696,Military Dictionary,TERPES (tactical electronic reconnaissance processing and evaluation system),,,,hệ thống xử lý và đánh giá kết quả trinh sát điện tử chiến thuật,FALSE,,,img_1696.jpg,FALSE
1696,Military Dictionary,TERPROM (terrain profile matching),,,,phương pháp lái máy bay theo độ cao thích ứng với đường biên địa hình,FALSE,,,img_1696.jpg,FALSE
1696,Military Dictionary,terr (territory),,,,địa hình; địa phận; vùng; khu vực,FALSE,,,img_1696.jpg,FALSE
1696,Military Dictionary,TERS (tactical event reporting system),,,,hệ thống báo cáo sự kiện chiến thuật,FALSE,,,img_1696.jpg,FALSE
1696,Military Dictionary,TES (tactical environment simulation),,,,"sự mô phỏng môi trường chiến đấu, sự mô phỏng điều kiện chiến đấu",FALSE,,,img_1696.jpg,FALSE
1696,Military Dictionary,TES (tactical event system),,,,hệ thống theo dõi lập hồ sơ sự kiện chiến thuật,FALSE,,,img_1696.jpg,FALSE
1696,Military Dictionary,TES (target engagement system),,,,hệ thống công kích mục tiêu,FALSE,,,img_1696.jpg,FALSE
1696,Military Dictionary,TES (theater event system),,,,hệ thống theo dõi lập hồ sơ sự kiện chiến trường,FALSE,,,img_1696.jpg,FALSE
1696,Military Dictionary,TEU (twenty-foot equivalent unit),,,,đơn vị đo lường tương đương với 20 foot,FALSE,,,img_1696.jpg,FALSE
1696,Military Dictionary,TEW (tactical early warning),,,,"sự phát hiện từ xa trong khu vực chiến đấu, sự cảnh báo sớm tiến công đường không của địch ở chiến trường",FALSE,,,img_1696.jpg,FALSE
1696,Military Dictionary,TEWS (tactical electronic warfare system),,,,hệ thống chiến tranh điện tử chiến thuật,FALSE,,,img_1696.jpg,FALSE
1696,Military Dictionary,TEWS (tactical electronic warning system),,,,hệ thống cảnh báo điện tử (cấp) chiến thuật,FALSE,,,img_1696.jpg,FALSE
1696,Military Dictionary,TEX (telex),,,,"điện báo in chữ, telex",FALSE,,,img_1696.jpg,FALSE
1696,Military Dictionary,TF (task force),,,,nhóm chiến dịch; cụm chiến thuật; lực lượng đặc nhiệm,FALSE,,,img_1696.jpg,FALSE
1696,Military Dictionary,TF (terrain - following (bay)),,,,bám địa hình (bay với độ cao không đổi so với bề mặt địa hình),FALSE,,,img_1696.jpg,FALSE
1696,Military Dictionary,TF (training facility),,,,"tổ hợp huấn luyện, thiết bị tập luyện",FALSE,,,img_1696.jpg,FALSE
1696,Military Dictionary,TF (training film),,,,phim huấn luyện,FALSE,,,img_1696.jpg,FALSE
1696,Military Dictionary,TFC (torpedo fire control),,,,(thiết bị) điều khiển phóng ngư lôi,FALSE,,,img_1696.jpg,FALSE
1696,Military Dictionary,tfc (traffic),,,,giao thông; đi lại; lưu thông,FALSE,,,img_1696.jpg,FALSE
1696,Military Dictionary,tfc vol (traffic volume),,,,lưu lượng giao thông; dung lượng thu phát thông tin liên lạc vô tuyến,FALSE,,,img_1696.jpg,FALSE
1697,Military Dictionary,TFCICA (task force counterintelligence coordinating authority),,,,thẩm quyền hiệp đồng lực lượng đặc nhiệm phản gián,FALSE,,,img_1697.jpg,FALSE
1697,Military Dictionary,TFCS (tank fire control system),,,,hệ thống điều khiển hỏa lực xe tăng,FALSE,,,img_1697.jpg,FALSE
1697,Military Dictionary,TFE (tactical field exchange),,,,sự giao tranh trên chiến trường; giao chiến tại mặt trận,FALSE,,,img_1697.jpg,FALSE
1697,Military Dictionary,TFE (transportation feasibility estimator),,,,thiết bị đánh giá khả năng vận tải thực tế,FALSE,,,img_1697.jpg,FALSE
1697,Military Dictionary,TFF (terrain-following flight),,,,sự bay bám địa hình,FALSE,,,img_1697.jpg,FALSE
1697,Military Dictionary,TFG (tactical fighter group),,,,cụm không quân tiêm kích chiến thuật; tốp máy bay tiêm kích chiến thuật,FALSE,,,img_1697.jpg,FALSE
1697,Military Dictionary,TFM (tactical flight management system),,,,hệ thống quản lý bay chiến đấu,FALSE,,,img_1697.jpg,FALSE
1697,Military Dictionary,TFR (temporary flight restriction),,,,sự hạn chế bay tạm thời,FALSE,,,img_1697.jpg,FALSE
1697,Military Dictionary,TFR (terrain-following radar (for low-level attack)),,,,rada dẫn bay bám bề mặt địa hình (dùng trong tiến công ở độ cao thấp); rada điều khiển bay thích hợp bề mặt địa hình,FALSE,,,img_1697.jpg,FALSE
1697,Military Dictionary,TFS (tactical fighter squadron),,,,phi đội máy bay tiêm kích chiến thuật,FALSE,,,img_1697.jpg,FALSE
1697,Military Dictionary,TFT (tabular firing table),,,,bảng bắn,FALSE,,,img_1697.jpg,FALSE
1697,Military Dictionary,TFTS (tactical fighter training squadron),,,,phi đội huấn luyện máy bay tiêm kích chiến thuật,FALSE,,,img_1697.jpg,FALSE
1697,Military Dictionary,TFW (tactical fighter wing),,,,phi đoàn không quân tiêm kích chiến thuật,FALSE,,,img_1697.jpg,FALSE
1697,Military Dictionary,TG (task group),,,,"nhóm chiến dịch; cụm chiến thuật, tập đoàn đặc nhiệm",FALSE,,,img_1697.jpg,FALSE
1697,Military Dictionary,tg (telegraph),,,,điện báo; máy điện báo; cục điện báo,FALSE,,,img_1697.jpg,FALSE
1697,Military Dictionary,TG (tracking and guidance),,,,bám và dẫn đường,FALSE,,,img_1697.jpg,FALSE
1697,Military Dictionary,TGC (trunk group cluster),,,,chùm nhóm chủ,FALSE,,,img_1697.jpg,FALSE
1697,Military Dictionary,TGEN (table generator),,,,máy phát để bàn,FALSE,,,img_1697.jpg,FALSE
1697,Military Dictionary,TGM (trunk group multiplexer),,,,thiết bị nén ép dữ liệu thông tin nhóm chủ,FALSE,,,img_1697.jpg,FALSE
1697,Military Dictionary,TGMTS (tank gunnery missile tracking system),,,,hệ thống bám mục tiêu cho tên lửa và pháo xe tăng,FALSE,,,img_1697.jpg,FALSE
1697,Military Dictionary,TGMTS (tank gunnery & missile target system),,,,hệ thống bia cho tên lửa và pháo (xe) tăng,FALSE,,,img_1697.jpg,FALSE
1697,Military Dictionary,TGP (Terminally Guided Projectile),,,,đạn có điều khiển giai đoạn cuối đường bay,FALSE,,,img_1697.jpg,FALSE
1697,Military Dictionary,TGS (Tank Gun Sight),,,,máy ngắm pháo tăng,FALSE,,,img_1697.jpg,FALSE
1697,Military Dictionary,TGSM (terminally guided submissile),,,,bom chống tăng điều khiển giai đoạn cuối đường bay,FALSE,,,img_1697.jpg,FALSE
1697,Military Dictionary,TGSM (terminally guided submunition),,,,đạn dược cỡ nhỏ có điều khiển ở đoạn cuối đường bay,FALSE,,,img_1697.jpg,FALSE
1697,Military Dictionary,"TGT, tgt (target)",,,,đối tượng; mục tiêu,FALSE,,,img_1697.jpg,FALSE
1697,Military Dictionary,TGTINFOREP (target information report),,,,sự báo cáo thông tin về mục tiêu,FALSE,,,img_1697.jpg,FALSE
1697,Military Dictionary,TGTS (tank gunnery training simulator),,,,thiết bị mô phỏng huấn luyện xạ kích (xe) tăng,FALSE,,,img_1697.jpg,FALSE
1697,Military Dictionary,TGU (torpedo guidance unit),,,,thiết bị điều khiển ngư lôi,FALSE,,,img_1697.jpg,FALSE
1697,Military Dictionary,TGU (trunk compatibility unit),,,,bộ tương hợp chủ,FALSE,,,img_1697.jpg,FALSE
1697,Military Dictionary,TGW (terminally guided warhead),,,,phần chiến đấu có điều khiển giai đoạn cuối đường bay,FALSE,,,img_1697.jpg,FALSE
1697,Military Dictionary,TGW (terminally guided weapon),,,,vũ khí điều khiển dẫn (hướng) giai đoạn cuối (đường bay),FALSE,,,img_1697.jpg,FALSE
1697,Military Dictionary,THAAD (theater high altitude area defense),,,,phòng thủ tên lửa đạn đạo tầm cao trên chiến trường; phòng không tầm cao (cấp) chiến trường,FALSE,,,img_1697.jpg,FALSE
1697,Military Dictionary,THAWS (tactical homing and warning system),,,,hệ thống tự dẫn và cảnh báo (cấp) chiến thuật,FALSE,,,img_1697.jpg,FALSE
1697,Military Dictionary,THQ (theater headquarters),,,,bộ tư lệnh chiến trường; sở chỉ huy chiến trường,FALSE,,,img_1697.jpg,FALSE
1697,Military Dictionary,THREATCON (terrorist threat condition),,,,tình huống đe doạ khủng bố,FALSE,,,img_1697.jpg,FALSE
1697,Military Dictionary,THTG (transportation highway transport group),,,,liên đoàn vận tải đường bộ,FALSE,,,img_1697.jpg,FALSE
1697,Military Dictionary,thtr (theater),,,,khu vực hoạt động quân sự; chiến trường; mặt trận; hướng chiến lược; hướng chiến dịch,FALSE,,,img_1697.jpg,FALSE
1698,Military Dictionary,TI (tactical internet),,,,mạng internet chiến thuật,FALSE,,,img_1698.jpg,FALSE
1698,Military Dictionary,TI (target indicator),,,,"bộ chỉ thị mục tiêu, thiết bị chỉ thị mục tiêu",FALSE,,,img_1698.jpg,FALSE
1698,Military Dictionary,TI (technical information),,,,thông tin kỹ thuật,FALSE,,,img_1698.jpg,FALSE
1698,Military Dictionary,TI (technical inspection),,,,kiểm tra kỹ thuật,FALSE,,,img_1698.jpg,FALSE
1698,Military Dictionary,TI (technical intelligence),,,,tình báo kỹ thuật; tin tức tình báo thu qua phương tiện kỹ thuật,FALSE,,,img_1698.jpg,FALSE
1698,Military Dictionary,TI (thermal imaging),,,,"(hình) ảnh thu qua thiết bị cảm nhiệt, ảnh nhiệt, ảnh hồng ngoại",FALSE,,,img_1698.jpg,FALSE
1698,Military Dictionary,TI (threat identification),,,,sự nhận biết mối đe dọa,FALSE,,,img_1698.jpg,FALSE
1698,Military Dictionary,TI (time interval),,,,khoảng cách thời gian,FALSE,,,img_1698.jpg,FALSE
1698,Military Dictionary,TI (training instruction),,,,bản hướng dẫn huấn luyện chiến đấu,FALSE,,,img_1698.jpg,FALSE
1698,Military Dictionary,TI (training instructor),,,,"hướng dẫn viên huấn luyện, giáo viên huấn luyện",FALSE,,,img_1698.jpg,FALSE
1698,Military Dictionary,TI (troop information),,,,"giáo dục tư tưởng cho bộ đội, thông tin tuyên truyền cho binh sĩ, thông tin nội bộ",FALSE,,,img_1698.jpg,FALSE
1698,Military Dictionary,TIARA (tactical intelligence and related activities),,,,tình báo chiến thuật và các hoạt động liên quan,FALSE,,,img_1698.jpg,FALSE
1698,Military Dictionary,TIBS (tactical information broadcast service),,,,ngành dự báo thông tin chiến thuật,FALSE,,,img_1698.jpg,FALSE
1698,Military Dictionary,TIC (target information center),,,,trung tâm thông tin mục tiêu,FALSE,,,img_1698.jpg,FALSE
1698,Military Dictionary,TIC (Technical Information Center),,,,trung tâm thông tin kỹ thuật; trung tâm thu thập tin tức qua phương tiện kỹ thuật,FALSE,,,img_1698.jpg,FALSE
1698,Military Dictionary,TIC (Technical Intelligence Center),,,,trung tâm tình báo kỹ thuật; trung tâm thu thập tin tức tình báo qua phương tiện kỹ thuật,FALSE,,,img_1698.jpg,FALSE
1698,Military Dictionary,TICM (thermal imaging common modules),,,,môđun chung tạo ảnh nhiệt,FALSE,,,img_1698.jpg,FALSE
1698,Military Dictionary,TID (troop information division),,,,cục thông tin tuyên truyền quân đội,FALSE,,,img_1698.jpg,FALSE
1698,Military Dictionary,TIDP (technical interface design plan),,,,kế hoạch thiết kế giao diện kỹ thuật,FALSE,,,img_1698.jpg,FALSE
1698,Military Dictionary,TIDS (tactical imagery dissemination system),,,,hệ thống phổ biến thông tin hình ảnh chiến đấu,FALSE,,,img_1698.jpg,FALSE
1698,Military Dictionary,TIED (troop information and education division),,,,cục thông tin tuyên truyền và giáo dục quân đội; cục tuyên huấn,FALSE,,,img_1698.jpg,FALSE
1698,Military Dictionary,TIFF (tagged image file format),,,,thể thức hồ sơ hình ảnh đi kèm,FALSE,,,img_1698.jpg,FALSE
1698,Military Dictionary,TIG (The Inspector General),,,,tổng thanh tra,FALSE,,,img_1698.jpg,FALSE
1698,Military Dictionary,TII (total inactive inventory),,,,bản thống kê tổng số quân không thường trực,FALSE,,,img_1698.jpg,FALSE
1698,Military Dictionary,TIIPS (thermal imaging and integrated position system),,,,hệ thống tạo ảnh nhiệt và định vị hợp nhất,FALSE,,,img_1698.jpg,FALSE
1698,Military Dictionary,TIM (thermal imaging modules),,,,môđun tạo ảnh nhiệt,FALSE,,,img_1698.jpg,FALSE
1698,Military Dictionary,TIM (toxic industrial materials),,,,các chất độc công nghiệp,FALSE,,,img_1698.jpg,FALSE
1698,Military Dictionary,TIMIG (time in grade),,,,niên hạn (thăng quân hàm),FALSE,,,img_1698.jpg,FALSE
1698,Military Dictionary,TIMINT (time interval),,,,khoảng cách thời gian; gián cách giữa các phân đội trong đội hình hành quân (tính bằng thời gian),FALSE,,,img_1698.jpg,FALSE
1698,Military Dictionary,TIO (target intelligence officer),,,,sĩ quan tình báo mục tiêu,FALSE,,,img_1698.jpg,FALSE
1698,Military Dictionary,TIO (troop information officer),,,,sĩ quan thông tin tuyên truyền trong quân đội,FALSE,,,img_1698.jpg,FALSE
1698,Military Dictionary,"TIOH (The Institute of Heraldry, United States Army)",,,,"viện Heraldry lục quân Mỹ, viện nghiên cứu gia huy và lịch sử dòng họ của lục quân Mỹ",FALSE,,,img_1698.jpg,FALSE
1698,Military Dictionary,TIP (target intelligence package),,,,bộ hồ sơ tình báo mục tiêu,FALSE,,,img_1698.jpg,FALSE
1698,Military Dictionary,TIP (tentative instructional precis),,,,nghiên cứu phương pháp,FALSE,,,img_1698.jpg,FALSE
1698,Military Dictionary,TIP (troop information program),,,,chương trình thông tin tuyên truyền cho binh sĩ,FALSE,,,img_1698.jpg,FALSE
1698,Military Dictionary,TIPG (telephone interface planning guide),,,,hướng dẫn lập kế hoạch giao diện điện thoại,FALSE,,,img_1698.jpg,FALSE
1698,Military Dictionary,TIPI (tactical information processing and interpretation system),,,,hệ thống xử lý và giải đoán thông tin chiến thuật,FALSE,,,img_1698.jpg,FALSE
1698,Military Dictionary,TIPI (tactical information processing interpretation),,,,sự giải đoán trong xử lý thông tin chiến thuật,FALSE,,,img_1698.jpg,FALSE
1699,Military Dictionary,TIPS (tactical optical surveillance system (TOSS) imagery processing system),,,,hệ thống xử lý dữ liệu hình ảnh thuộc hệ thống do thám quang học chiến thuật,FALSE,,,img_1699.jpg,FALSE
1699,Military Dictionary,TIPU (thermal imaging processing units),,,,khối xử lý ảnh nhiệt,FALSE,,,img_1699.jpg,FALSE
1699,Military Dictionary,TIR (target illuminating radar),,,,rada chiếu chỉ thị mục tiêu,FALSE,,,img_1699.jpg,FALSE
1699,Military Dictionary,TIR (terminal imaging radar),,,,rada tạo ảnh giai đoạn cuối,FALSE,,,img_1699.jpg,FALSE
1699,Military Dictionary,TIS (tactical intelligence squadron),,,,phi đội không quân tình báo chiến thuật; phi đội không quân trinh sát chiến đấu,FALSE,,,img_1699.jpg,FALSE
1699,Military Dictionary,TIS (technical interface specification),,,,đặc điểm kỹ thuật của giao diện kỹ thuật,FALSE,,,img_1699.jpg,FALSE
1699,Military Dictionary,TIS (thermal imaging system),,,,hệ thống thu ảnh nhiệt,FALSE,,,img_1699.jpg,FALSE
1699,Military Dictionary,"TISEO (target identification system, electro-optical)",,,,tổ hợp điện - quang nhận biết mục tiêu; hệ thống nhận dạng mục tiêu bằng điện tử - quang học,FALSE,,,img_1699.jpg,FALSE
1699,Military Dictionary,TISG (technical interoperability standards group),,,,nhóm tiêu chí khả năng phối hợp vận hành kỹ thuật,FALSE,,,img_1699.jpg,FALSE
1699,Military Dictionary,TISH (thermal imaging sensor head),,,,đầu xenxơ tạo ảnh nhiệt,FALSE,,,img_1699.jpg,FALSE
1699,Military Dictionary,TISS (thermal imaging security system),,,,hệ thống an ninh tạo ảnh nhiệt,FALSE,,,img_1699.jpg,FALSE
1699,Military Dictionary,TISS (thermal imaging sensor system),,,,"hệ thống định vị mục tiêu bằng ảnh nhiệt, hệ thống thu ảnh nhiệt bằng phương tiện trinh sát kỹ thuật, tổ hợp xenxơ thu ảnh nhiệt",FALSE,,,img_1699.jpg,FALSE
1699,Military Dictionary,TIU (toxicologically insignificant usage),,,,sự sử dụng liều độc không đáng kể,FALSE,,,img_1699.jpg,FALSE
1699,Military Dictionary,tj (trajectory),,,,quỹ đạo đường đạn,FALSE,,,img_1699.jpg,FALSE
1699,Military Dictionary,TJ (turbojet),,,,động cơ tuabin phản lực,FALSE,,,img_1699.jpg,FALSE
1699,Military Dictionary,TJAG (The Judge Advocate General),,,,chánh án,FALSE,,,img_1699.jpg,FALSE
1699,Military Dictionary,TJC (trajectory chart),,,,sơ đồ quỹ đạo đường đạn,FALSE,,,img_1699.jpg,FALSE
1699,Military Dictionary,TJD (trajectory diagram),,,,biểu đồ quỹ đạo đường đạn,FALSE,,,img_1699.jpg,FALSE
1699,Military Dictionary,TJOC (theater joint operations center),,,,trung tâm chỉ huy tác chiến hỗn hợp chiến trường,FALSE,,,img_1699.jpg,FALSE
1699,Military Dictionary,Tk; tk (tank),,,,"xe tăng; thùng, bể chứa dầu; xitec",FALSE,,,img_1699.jpg,FALSE
1699,Military Dictionary,tk unit (tank unit),,,,đơn vị xe tăng,FALSE,,,img_1699.jpg,FALSE
1699,Military Dictionary,TK Bn; tk bn (tank battalion),,,,tiểu đoàn xe tăng,FALSE,,,img_1699.jpg,FALSE
1699,Military Dictionary,tk co (tank company),,,,đại đội xe tăng,FALSE,,,img_1699.jpg,FALSE
1699,Military Dictionary,tk plat (tank platoon),,,,trung đội xe tăng,FALSE,,,img_1699.jpg,FALSE
1699,Military Dictionary,"TKR, tkr (tanker)",,,,xe chở dầu; tàu chở dầu; máy bay chở dầu; phương tiện chở dầu,FALSE,,,img_1699.jpg,FALSE
1699,Military Dictionary,TL (team leader),,,,nhóm trưởng; toán trưởng; đội trưởng,FALSE,,,img_1699.jpg,FALSE
1699,Military Dictionary,TL (time lengths),,,,thời gian lưu quá (của một đoàn xe),FALSE,,,img_1699.jpg,FALSE
1699,Military Dictionary,TL; tl (truckload),,,,trọng tải hữu ích trên xe vận tải; đơn vị ô tô (như đơn vị trọng lượng),FALSE,,,img_1699.jpg,FALSE
1699,Military Dictionary,TLAM (Tomahawk land-attack missile),,,,tên lửa tiến công trên bộ Tômahốc,FALSE,,,img_1699.jpg,FALSE
1699,Military Dictionary,TLB (trailer-launched bridge),,,,cầu lao từ moóc kéo,FALSE,,,img_1699.jpg,FALSE
1699,Military Dictionary,TLC (traffic load control),,,,kiểm soát trọng tải giao thông,FALSE,,,img_1699.jpg,FALSE
1699,Military Dictionary,TLCF (teleconference),,,,hội nghị điều khiển từ xa,FALSE,,,img_1699.jpg,FALSE
1699,Military Dictionary,TLE (treaty-limited equipment (CFE)),,,,thiết bị hạn chế theo hiệp định (về các lực lượng vũ trang thông thường ở châu Âu),FALSE,,,img_1699.jpg,FALSE
1699,Military Dictionary,TLLF (tactical low-level flying),,,,sự bay chiến đấu tầm thấp,FALSE,,,img_1699.jpg,FALSE
1699,Military Dictionary,TLO (technical liaison officer),,,,sĩ quan liên lạc hiệp đồng (các vấn đề) kỹ thuật,FALSE,,,img_1699.jpg,FALSE
1699,Military Dictionary,TLR (Tank Laser Range-finder),,,,thiết bị định tầm (bắn bằng) lade trên xe tăng,FALSE,,,img_1699.jpg,FALSE
1699,Military Dictionary,tlr (trailer),,,,moóc kéo; xe moóc,FALSE,,,img_1699.jpg,FALSE
1699,Military Dictionary,TLRG (target list review group),,,,nhóm phục hồi lại danh sách mục tiêu,FALSE,,,img_1699.jpg,FALSE
1699,Military Dictionary,TLS (tactical landing system),,,,hệ thống đổ bộ chiến thuật,FALSE,,,img_1699.jpg,FALSE
1699,Military Dictionary,TLS (Tank Laser Sight),,,,"thiết bị ngắm lade trên xe tăng, máy ngắm bằng lade trên xe tăng",FALSE,,,img_1699.jpg,FALSE
1700,Military Dictionary,TLV (threshold limit value),,,,nồng độ tối đa cho phép,FALSE,,,img_1700.jpg,FALSE
1700,Military Dictionary,TLV (tracked levitated vehicle),,,,tàu lượn được nâng bằng sức kéo,FALSE,,,img_1700.jpg,FALSE
1700,Military Dictionary,TM (tactical missile),,,,tên lửa chiến thuật,FALSE,,,img_1700.jpg,FALSE
1700,Military Dictionary,TM (target materials),,,,các tài liệu về mục tiêu,FALSE,,,img_1700.jpg,FALSE
1700,Military Dictionary,tm (team),,,,đội; kíp; tổ; khẩu đội; nhóm,FALSE,,,img_1700.jpg,FALSE
1700,Military Dictionary,TM (team member),,,,đội viên,FALSE,,,img_1700.jpg,FALSE
1700,Military Dictionary,TM (technical manual),,,,cẩm nang kỹ thuật; sách kỹ thuật (để hướng dẫn chuyên viên),FALSE,,,img_1700.jpg,FALSE
1700,Military Dictionary,TM (theater missile),,,,tên lửa chiến trường,FALSE,,,img_1700.jpg,FALSE
1700,Military Dictionary,TM (TROPO modem),,,,môđem khuếch tán tầng đối lưu,FALSE,,,img_1700.jpg,FALSE
1700,Military Dictionary,TMA (total materiel assets),,,,tổng số trang bị kỹ thuật hiện có,FALSE,,,img_1700.jpg,FALSE
1700,Military Dictionary,TMAO (theater mortuary affairs officer),,,,sĩ quan chuyên trách mai táng trên chiến trường,FALSE,,,img_1700.jpg,FALSE
1700,Military Dictionary,TMAO (troop movement assignment order),,,,"mệnh lệnh chuyển quân, mệnh lệnh điều động lực lượng",FALSE,,,img_1700.jpg,FALSE
1700,Military Dictionary,TMC (Transportation Materiel Command),,,,bộ chỉ huy vận tải trang bị kỹ thuật,FALSE,,,img_1700.jpg,FALSE
1700,Military Dictionary,TMD (tactical munitions dispenser),,,,nhân viên điều chế đạn dược cấp chiến thuật; dụng cụ điều chế đạn dược cấp chiến thuật,FALSE,,,img_1700.jpg,FALSE
1700,Military Dictionary,TMD (theater missile defense),,,,phòng thủ tên lửa chiến trường,FALSE,,,img_1700.jpg,FALSE
1700,Military Dictionary,TMG (tactical missile group),,,,nhóm tên lửa chiến thuật; cụm tên lửa chiến thuật,FALSE,,,img_1700.jpg,FALSE
1700,Military Dictionary,TMG (timing),,,,xác định thời điểm,FALSE,,,img_1700.jpg,FALSE
1700,Military Dictionary,TMIS (theater medical information system),,,,hệ thống thông tin quân y chiến trường,FALSE,,,img_1700.jpg,FALSE
1700,Military Dictionary,"TML, tml (terminal)",,,,"trạm trung chuyển; trạm bốc dỡ hàng; trạm thông tin liên lạc đầu cuối; giai đoạn kết thúc; điểm chốt; trạm đầu cuối; thiết bị đầu cuối; đối tượng đột kích, mục tiêu",FALSE,,,img_1700.jpg,FALSE
1700,Military Dictionary,tml equip (terminal equipment),,,,thiết bị đầu cuối,FALSE,,,img_1700.jpg,FALSE
1700,Military Dictionary,TMMMC (theater medical materiel management center),,,,trung tâm quản lý vật chất quân y chiến trường,FALSE,,,img_1700.jpg,FALSE
1700,Military Dictionary,TMN (trackline multiunit non-return),,,,bộ phận sóng không phản hồi của nhiều đơn vị rada theo dõi dấu vết mục tiêu di động,FALSE,,,img_1700.jpg,FALSE
1700,Military Dictionary,TMO (traffic management office),,,,cơ quan quản lý giao thông,FALSE,,,img_1700.jpg,FALSE
1700,Military Dictionary,TMO (transportation management office),,,,cơ quan quản lý vận tải,FALSE,,,img_1700.jpg,FALSE
1700,Military Dictionary,TMO (transportation movements office),,,,cơ quan vận tải; cục vận tải,FALSE,,,img_1700.jpg,FALSE
1700,Military Dictionary,TMP (tactical machine pistol),,,,súng ngắn tự động (dùng cho mục đích) chiến thuật,FALSE,,,img_1700.jpg,FALSE
1700,Military Dictionary,TMP (target materials program),,,,chương trình các tài liệu về mục tiêu,FALSE,,,img_1700.jpg,FALSE
1700,Military Dictionary,TMP (telecommunications management program),,,,chương trình quản lý thông tin liên lạc viễn thông,FALSE,,,img_1700.jpg,FALSE
1700,Military Dictionary,TMP (transportation motor pool),,,,trạm ô tô vận tải; sự dự trữ phương tiện vận tải,FALSE,,,img_1700.jpg,FALSE
1700,Military Dictionary,TMR (total materiel requirement),,,,yêu cầu chung về trang bị kỹ thuật,FALSE,,,img_1700.jpg,FALSE
1700,Military Dictionary,TMR (trackline multiunit return),,,,bộ phận sóng phản hồi của nhiều đơn vị rada theo dõi dấu vết mục tiêu di động,FALSE,,,img_1700.jpg,FALSE
1700,Military Dictionary,TMRBM (transportable midrange ballistic missile),,,,tên lửa đạn đạo tầm trung cơ động trên xe,FALSE,,,img_1700.jpg,FALSE
1700,Military Dictionary,TMT (transportation motor transport),,,,phương tiện vận tải cơ giới,FALSE,,,img_1700.jpg,FALSE
1700,Military Dictionary,TMW (tactical missile wing),,,,"cánh (quân) tên lửa chiến thuật, binh đoàn tên lửa chiến thuật",FALSE,,,img_1700.jpg,FALSE
1700,Military Dictionary,TN bomb (thermonuclear bomb),,,,bom nhiệt hạch (không quân),FALSE,,,img_1700.jpg,FALSE
1700,Military Dictionary,TN (thermonuclear),,,,(thuộc) nhiệt hạch,FALSE,,,img_1700.jpg,FALSE
1700,Military Dictionary,TN (train),,,,đoàn xe; bộ phận hậu cần,FALSE,,,img_1700.jpg,FALSE
1700,Military Dictionary,TNAPS (tactical network analysis and planning system),,,,hệ thống phân tích và lập kế hoạch mạng chiến thuật,FALSE,,,img_1700.jpg,FALSE
1700,Military Dictionary,TNAPS+ (tactical network analysis and planning system plus),,,,hệ thống phân tích và lập kế hoạch mạng chiến thuật cải tiến (ký hiệu bằng dấu +),FALSE,,,img_1700.jpg,FALSE
1701,Military Dictionary,T-net (training net),,,,mạng huấn luyện,FALSE,,,img_1701.jpg,FALSE
1701,Military Dictionary,TNF (tactical nuclear forces),,,,lực lượng hạt nhân chiến thuật,FALSE,,,img_1701.jpg,FALSE
1701,Military Dictionary,TNF (theater nuclear force),,,,lực lượng hạt nhân chiến trường,FALSE,,,img_1701.jpg,FALSE
1701,Military Dictionary,"TNFS3 (theater nuclear forces, survivability, security and safety)",,,,"khả năng sống sót, an ninh, an toàn cho lực lượng hạt nhân chiến trường",FALSE,,,img_1701.jpg,FALSE
1701,Military Dictionary,tng (training),,,,sự huấn luyện (chiến đấu),FALSE,,,img_1701.jpg,FALSE
1701,Military Dictionary,TNGLIT (training literature),,,,tài liệu huấn luyện,FALSE,,,img_1701.jpg,FALSE
1701,Military Dictionary,tnr (trainer),,,,thiết bị luyện tập; máy bay huấn luyện,FALSE,,,img_1701.jpg,FALSE
1701,Military Dictionary,TNT (tri-nitro toluene),,,,"thuốc nổ TNT; thuốc nổ trinitrotoluen, trotyl",FALSE,,,img_1701.jpg,FALSE
1701,Military Dictionary,TNW (tactical nuclear weapon),,,,vũ khí hạt nhân chiến thuật,FALSE,,,img_1701.jpg,FALSE
1701,Military Dictionary,TNW (theater nuclear weapon),,,,vũ khí hạt nhân chiến trường,FALSE,,,img_1701.jpg,FALSE
1701,Military Dictionary,TO (tactical order),,,,mệnh lệnh chiến đấu,FALSE,,,img_1701.jpg,FALSE
1701,Military Dictionary,TO (takeoff/take-off),,,,"cất cánh, rời khỏi đường băng, rời khỏi mặt đất; phóng (tên lửa)",FALSE,,,img_1701.jpg,FALSE
1701,Military Dictionary,TO (technical order),,,,mệnh lệnh kỹ thuật; chỉ dẫn kỹ thuật,FALSE,,,img_1701.jpg,FALSE
1701,Military Dictionary,TO (transportation officer),,,,sĩ quan vận tải,FALSE,,,img_1701.jpg,FALSE
1701,Military Dictionary,TO (turn over),,,,lật ngược,FALSE,,,img_1701.jpg,FALSE
1701,Military Dictionary,TO&E; TOE (tables of organization and equipment),,,,bản tổ chức biên chế và trang bị,FALSE,,,img_1701.jpg,FALSE
1701,Military Dictionary,TO; TofO (theater of operations),,,,"chiến trường; khu vực hoạt động quân sự; mặt trận; hướng chiến lược, hướng chiến dịch",FALSE,,,img_1701.jpg,FALSE
1701,Military Dictionary,TOA (table of allowance),,,,bảng kê cấp phát; danh mục cấp phát (trang bị kỹ thuật),FALSE,,,img_1701.jpg,FALSE
1701,Military Dictionary,TOAI (total overall aircraft inventory),,,,bản kiểm kê tổng số tất cả các loại máy bay,FALSE,,,img_1701.jpg,FALSE
1701,Military Dictionary,TOB (take-off boost),,,,sự tăng tốc cất cánh,FALSE,,,img_1701.jpg,FALSE
1701,Military Dictionary,TOC (tactical operations center),,,,trung tâm chỉ huy tác chiến,FALSE,,,img_1701.jpg,FALSE
1701,Military Dictionary,TOC (theater of operations command),,,,bộ chỉ huy chiến trường,FALSE,,,img_1701.jpg,FALSE
1701,Military Dictionary,TOC (theater of operation commander),,,,tư lệnh (trưởng) chiến trường; tư lệnh (trưởng) mặt trận,FALSE,,,img_1701.jpg,FALSE
1701,Military Dictionary,TOCC (tactical operations control centre),,,,trung tâm chỉ huy tác chiến chiến thuật,FALSE,,,img_1701.jpg,FALSE
1701,Military Dictionary,TOD (take-off distance),,,,"cự ly cất cánh, khoảng cách cất cánh",FALSE,,,img_1701.jpg,FALSE
1701,Military Dictionary,TOD (time of day),,,,thời điểm trong ngày,FALSE,,,img_1701.jpg,FALSE
1701,Military Dictionary,TOD (time of delivery (kq)),,,,thời gian thả hàng (từ máy bay); thời gian mang phương tiện (tiêu diệt) đến mục tiêu; (tl) thời gian phóng,FALSE,,,img_1701.jpg,FALSE
1701,Military Dictionary,TOE (table(s) of organization and equipment),,,,(các) biểu biên chế tổ chức và trang bị,FALSE,,,img_1701.jpg,FALSE
1701,Military Dictionary,TOE (term of enlistment),,,,"thời hạn phục vụ quân đội, thời hạn tại ngũ",FALSE,,,img_1701.jpg,FALSE
1701,Military Dictionary,TOF (time of filing),,,,thời gian soạn thảo văn kiện,FALSE,,,img_1701.jpg,FALSE
1701,Military Dictionary,TOGS (Thermal Observation and Gunnery System (UK)),,,,hệ thống quan sát và bắn mục tiêu phát nhiệt (Anh); tổ hợp quan sát và tác xạ hồng ngoại (Anh),FALSE,,,img_1701.jpg,FALSE
1701,Military Dictionary,TOGW (take-off gross weight),,,,tổng trọng lượng cất cánh,FALSE,,,img_1701.jpg,FALSE
1701,Military Dictionary,TOH (top of hill),,,,đỉnh đồi,FALSE,,,img_1701.jpg,FALSE
1701,Military Dictionary,TOI (term of induction),,,,thời hạn gọi nhập ngũ,FALSE,,,img_1701.jpg,FALSE
1701,Military Dictionary,TOI (track of interest),,,,dấu vết quan tâm,FALSE,,,img_1701.jpg,FALSE
1701,Military Dictionary,TOL (time of launching (tên lửa)),,,,thời gian phóng (tên lửa),FALSE,,,img_1701.jpg,FALSE
1701,Military Dictionary,TOM (training outdoor military),,,,"huấn luyện quân sự dã ngoại, huấn luyện (quân sự) ngoài thao trường",FALSE,,,img_1701.jpg,FALSE
1701,Military Dictionary,TOPAT (towed passive torpedo target),,,,bia kéo theo thụ động (cho) ngư lôi,FALSE,,,img_1701.jpg,FALSE
1701,Military Dictionary,TOPINT (technical operational intelligence),,,,tình báo tác chiến kỹ thuật,FALSE,,,img_1701.jpg,FALSE
1702,Military Dictionary,TOPNS (theater of operations),,,,chiến trường; khu vực hoạt động quân sự; mặt trận; hướng chiến lược; hướng chiến dịch,FALSE,,,img_1702.jpg,FALSE
1702,Military Dictionary,TOPO; topo (topographic),,,,(thuộc) địa hình; đo vẽ bản đồ; đồ bản,FALSE,,,img_1702.jpg,FALSE
1702,Military Dictionary,TopSec (Top Secret),,,,tối mật,FALSE,,,img_1702.jpg,FALSE
1702,Military Dictionary,TOR (time of receipt),,,,thời điểm nhận,FALSE,,,img_1702.jpg,FALSE
1702,Military Dictionary,TORP (torpedo),,,,"ngư lôi, thuỷ lôi",FALSE,,,img_1702.jpg,FALSE
1702,Military Dictionary,TOS (Tactical Operations System),,,,hệ thống thông tin chiến thuật,FALSE,,,img_1702.jpg,FALSE
1702,Military Dictionary,TOS (term of service),,,,thời hạn phục vụ; thời hạn tại ngũ,FALSE,,,img_1702.jpg,FALSE
1702,Military Dictionary,TOS (time on station),,,,thời gian tại trạm,FALSE,,,img_1702.jpg,FALSE
1702,Military Dictionary,TOSCA (toxic substances control act),,,,luật kiểm soát các chất độc,FALSE,,,img_1702.jpg,FALSE
1702,Military Dictionary,TOSS (tactical optical surveillance system),,,,hệ thống trinh thám quang học chiến thuật,FALSE,,,img_1702.jpg,FALSE
1702,Military Dictionary,TOT (time of transmission),,,,thời gian chuyển phát,FALSE,,,img_1702.jpg,FALSE
1702,Military Dictionary,TOT (time over target),,,,thời gian (xuất hiện) trên (khu vực) mục tiêu,FALSE,,,img_1702.jpg,FALSE
1702,Military Dictionary,TOT (time on target/time-on-target (pb)),,,,bắn đồng loạt vào mục tiêu; (kq) khoảng thời gian máy bay tiến công (hoặc chụp ảnh) mục tiêu theo kế hoạch; (tl) thời điểm phần chiến đấu (hạt nhân) nổ tại mục tiêu,FALSE,,,img_1702.jpg,FALSE
1702,Military Dictionary,"TOTE (tracker, optical thermally enhanced)",,,,đầu bám quang học được tăng cường hồng ngoại,FALSE,,,img_1702.jpg,FALSE
1702,Military Dictionary,TOW (take-off weight),,,,trọng lượng cất cánh,FALSE,,,img_1702.jpg,FALSE
1702,Military Dictionary,"TOW (tube-launched, optically tracked, wire-guided (heavy antitank missile))",,,,"(tên lửa chống tăng hạng nặng) phóng bằng ống, bám quang học và dẫn bằng dây; tên lửa chống tăng TOW",FALSE,,,img_1702.jpg,FALSE
1702,Military Dictionary,toxic (toxicology),,,,độc học,FALSE,,,img_1702.jpg,FALSE
1702,Military Dictionary,TOXREP (toxic report),,,,(sự) báo cáo (quân địch) sử dụng chất độc hoá học,FALSE,,,img_1702.jpg,FALSE
1702,Military Dictionary,TP (target practice),,,,bia huấn luyện,FALSE,,,img_1702.jpg,FALSE
1702,Military Dictionary,TP (technical publication),,,,xuất bản phẩm về kỹ thuật,FALSE,,,img_1702.jpg,FALSE
1702,Military Dictionary,TP (teleprinter),,,,máy điện báo in chữ,FALSE,,,img_1702.jpg,FALSE
1702,Military Dictionary,tp (troop(s)),,,,binh lính; đại đội kỵ binh bọc thép; đại đội kỵ binh bay; đại đội; trung đội,FALSE,,,img_1702.jpg,FALSE
1702,Military Dictionary,TP (turning point (kq)),,,,điểm quay trở về sân bay xuất phát,FALSE,,,img_1702.jpg,FALSE
1702,Military Dictionary,TPAR (tactical penetration-aid rocket),,,,"tên lửa chiến thuật hỗ trợ xâm nhập, tên lửa phá rào",FALSE,,,img_1702.jpg,FALSE
1702,Military Dictionary,TPB (tactical psychological operations battalion),,,,tiểu đoàn chiến tranh tâm lý cấp chiến thuật,FALSE,,,img_1702.jpg,FALSE
1702,Military Dictionary,TPC (two person control),,,,sự điều khiển bằng hai người,FALSE,,,img_1702.jpg,FALSE
1702,Military Dictionary,"TPED (tasking, processing, exploitation, and dissemination)",,,,"giao nhiệm vụ, xử lý, khai thác và phổ biến",FALSE,,,img_1702.jpg,FALSE
1702,Military Dictionary,TPERS (type personnel element),,,,bộ phận phân loại quân số,FALSE,,,img_1702.jpg,FALSE
1702,Military Dictionary,TPFDD (time-phased force and deployment data),,,,dữ liệu lực lượng và triển khai theo các giai đoạn tác chiến,FALSE,,,img_1702.jpg,FALSE
1702,Military Dictionary,TPFDL (time-phased force and deployment list),,,,danh sách lực lượng và triển khai theo các giai đoạn tác chiến,FALSE,,,img_1702.jpg,FALSE
1702,Military Dictionary,TP-FL (target practice flash),,,,bia huấn luyện có chớp lửa,FALSE,,,img_1702.jpg,FALSE
1702,Military Dictionary,TPI (technical proficiency inspection),,,,"sự thanh tra kỹ thuật toàn diện (đối với quân nhân, nơi bảo quản đạn hạt nhân và phương tiện mang)",FALSE,,,img_1702.jpg,FALSE
1702,Military Dictionary,TPL (technical publications list),,,,danh sách xuất bản phẩm kỹ thuật,FALSE,,,img_1702.jpg,FALSE
1702,Military Dictionary,TPL (telephone private line),,,,đường dây điện thoại cá nhân,FALSE,,,img_1702.jpg,FALSE
1702,Military Dictionary,TPMG (The Provost Marshal General),,,,tư lệnh (trưởng) cảnh vệ; chỉ huy trưởng quân cảnh,FALSE,,,img_1702.jpg,FALSE
1702,Military Dictionary,TPMRC (theater patient movement requirements center),,,,trung tâm giải quyết yêu cầu chuyển thương trên chiến trường,FALSE,,,img_1702.jpg,FALSE
1702,Military Dictionary,TPR (terrain profile recorder),,,,máy ghi địa hình,FALSE,,,img_1702.jpg,FALSE
1703,Military Dictionary,tps (troops),,,,quân lính; đại đội kỵ binh bọc thép; đại đội kỵ binh bay; đại đội pháo binh; đại đội; trung đội,FALSE,,,img_1703.jpg,FALSE
1703,Military Dictionary,tps (troops),,,,"quân, lực lượng chiến đấu",FALSE,,,img_1703.jpg,FALSE
1703,Military Dictionary,TP-SM (target practice's smoke),,,,bia huấn luyện có khói,FALSE,,,img_1703.jpg,FALSE
1703,Military Dictionary,TP-SP (target practice's spotting),,,,bia huấn luyện có hiển thị điểm ngắm,FALSE,,,img_1703.jpg,FALSE
1703,Military Dictionary,TPT (tactical petroleum terminal),,,,trạm cấp phát xăng dầu chiến thuật đầu cuối,FALSE,,,img_1703.jpg,FALSE
1703,Military Dictionary,TPT (target practice with tracer),,,,tập bắn mục tiêu bằng đạn vạch đường; bia huấn luyện bắn đạn vạch đường,FALSE,,,img_1703.jpg,FALSE
1703,Military Dictionary,TPT (threads per inch),,,,số sợi trên một insơ (Anh),FALSE,,,img_1703.jpg,FALSE
1703,Military Dictionary,tpt (transport),,,,vận tải,FALSE,,,img_1703.jpg,FALSE
1703,Military Dictionary,TPTRL (time-phased transportation requirements list),,,,danh mục nhu cầu vận tải theo giai đoạn tác chiến,FALSE,,,img_1703.jpg,FALSE
1703,Military Dictionary,TPWIC (Theater Prisoner of War Information Center),,,,trung tâm thông tin về tù binh trên chiến trường,FALSE,,,img_1703.jpg,FALSE
1703,Military Dictionary,TR; T/R (transportation request),,,,yêu cầu về vận tải,FALSE,,,img_1703.jpg,FALSE
1703,Military Dictionary,TR (technical regulation(s)),,,,(tài liệu) hướng dẫn kỹ thuật; quy phạm kỹ thuật; điều lệ (công tác) kỹ thuật,FALSE,,,img_1703.jpg,FALSE
1703,Military Dictionary,TR (temporary rank),,,,quân hàm tạm thời,FALSE,,,img_1703.jpg,FALSE
1703,Military Dictionary,TR (theater reserve),,,,lực lượng dự bị chiến trường,FALSE,,,img_1703.jpg,FALSE
1703,Military Dictionary,tr (trillion (Mỹ)),,,,một nghìn tỷ; (Anh) một tỷ tỷ,FALSE,,,img_1703.jpg,FALSE
1703,Military Dictionary,TR (troop),,,,đại đội kỵ binh bọc thép; đại đội kỵ binh bay; đại đội pháo binh; đại đội; trung đội,FALSE,,,img_1703.jpg,FALSE
1703,Military Dictionary,Tr Dr (tractor-drawn),,,,do xe kéo,FALSE,,,img_1703.jpg,FALSE
1703,Military Dictionary,TRA (technical review authority),,,,thẩm quyền xét duyệt kỹ thuật,FALSE,,,img_1703.jpg,FALSE
1703,Military Dictionary,TRA (training),,,,sự huấn luyện (quân sự); sự tập luyện,FALSE,,,img_1703.jpg,FALSE
1703,Military Dictionary,trac (tracer),,,,đạn vạch đường,FALSE,,,img_1703.jpg,FALSE
1703,Military Dictionary,trac (tractor),,,,xe kéo,FALSE,,,img_1703.jpg,FALSE
1703,Military Dictionary,Trac Dr Arty (tractor-drawn artillery),,,,pháo xe kéo,FALSE,,,img_1703.jpg,FALSE
1703,Military Dictionary,TRAC2ES (transportation command regulating and command and control evaluation system),,,,"hệ thống đánh giá điều chỉnh, chỉ huy và kiểm soát cơ động của bộ tư lệnh vận tải",FALSE,,,img_1703.jpg,FALSE
1703,Military Dictionary,TRACALS (Traffic Control and Landing System),,,,hệ thống hạ cánh và kiểm soát không lưu,FALSE,,,img_1703.jpg,FALSE
1703,Military Dictionary,tracdr (tractor-drawn),,,,"do xe kéo, được kéo bằng xe kéo",FALSE,,,img_1703.jpg,FALSE
1703,Military Dictionary,TRACE (transportable automatic control environment),,,,thiết bị kiểm tra môi trường tự động cơ động trên xe,FALSE,,,img_1703.jpg,FALSE
1703,Military Dictionary,TRACON (terminal radar approach control facility),,,,phương tiện bảo đảm kiểm soát việc tiếp cận hạ cánh bằng rada ở sân bay cuối (lộ trình bay),FALSE,,,img_1703.jpg,FALSE
1703,Military Dictionary,TRADOC (United States Army Training and Doctrine Command),,,,bộ tư lệnh huấn luyện và phát triển học thuyết quân sự của lục quân Mỹ,FALSE,,,img_1703.jpg,FALSE
1703,Military Dictionary,Traf (traffic),,,,sự lưu thông; lưu lượng giao thông; dung lượng thu phát tin tức vô tuyến,FALSE,,,img_1703.jpg,FALSE
1703,Military Dictionary,traj (trajectory),,,,đường đạn,FALSE,,,img_1703.jpg,FALSE
1703,Military Dictionary,TRAM (target recognition attack multisensor),,,,thiết bị đa xenxơ nhận biết và tiến công mục tiêu; nhận biết và tiến công mục tiêu bằng đa xenxơ,FALSE,,,img_1703.jpg,FALSE
1703,Military Dictionary,trans bn (transportation battalion),,,,tiểu đoàn vận tải,FALSE,,,img_1703.jpg,FALSE
1703,Military Dictionary,trans trk bn (transportation truck battalion),,,,tiểu đoàn vận tải ô tô,FALSE,,,img_1703.jpg,FALSE
1703,Military Dictionary,TRANS; trans (transport),,,,"vận tải, vận chuyển (phương tiện....)",FALSE,,,img_1703.jpg,FALSE
1703,Military Dictionary,TRANSEC (transmission security),,,,an ninh truyền phát; sự bảo đảm bí mật truyền phát,FALSE,,,img_1703.jpg,FALSE
1703,Military Dictionary,TRAP (tactical recovery of aircraft and personnel (Marine Corps)),,,,sự hồi phục chiến đấu của máy bay và sinh lực (thuỷ quân lục chiến),FALSE,,,img_1703.jpg,FALSE
1704,Military Dictionary,TRAP (tactical related applications),,,,những ứng dụng liên quan đến chiến thuật,FALSE,,,img_1704.jpg,FALSE
1704,Military Dictionary,"TRAP (tanks, racks, adapters, and pylons)",,,,"các bể chứa, giá, tiếp hợp và tháp",FALSE,,,img_1704.jpg,FALSE
1704,Military Dictionary,TRAP (terrorism research and analysis program),,,,chương trình nghiên cứu và phân tích hoạt động khủng bố,FALSE,,,img_1704.jpg,FALSE
1704,Military Dictionary,TRB (troops basis),,,,quân số cơ bản,FALSE,,,img_1704.jpg,FALSE
1704,Military Dictionary,TRC (tactical radio communication),,,,thông tin liên lạc vô tuyến chiến thuật,FALSE,,,img_1704.jpg,FALSE
1704,Military Dictionary,TRC (Theater Replacement Command),,,,bộ chỉ huy bổ sung quân trên chiến trường,FALSE,,,img_1704.jpg,FALSE
1704,Military Dictionary,TRCC (tactical record communications center),,,,"trung tâm thông tin liên lạc ghi âm, ghi hình hồ sơ cấp chiến thuật",FALSE,,,img_1704.jpg,FALSE
1704,Military Dictionary,TRE (tactical receive equipment),,,,thiết bị thu (cấp) chiến thuật,FALSE,,,img_1704.jpg,FALSE
1704,Military Dictionary,TRE (target-rich environment),,,,môi trường (tác chiến) nhiều mục tiêu,FALSE,,,img_1704.jpg,FALSE
1704,Military Dictionary,TREAS (Department of the Treasury),,,,cục lưu trữ,FALSE,,,img_1704.jpg,FALSE
1704,Military Dictionary,TRECOM (Transportation Research Command),,,,bộ chỉ huy nghiên cứu khoa học vận tải,FALSE,,,img_1704.jpg,FALSE
1704,Military Dictionary,TREE (transient radiation effects on electronics),,,,hiệu ứng phóng xạ lên thiết bị điện tử thời gian ngắn,FALSE,,,img_1704.jpg,FALSE
1704,Military Dictionary,TRF (transfer),,,,thuyên chuyển,FALSE,,,img_1704.jpg,FALSE
1704,Military Dictionary,trfc (traffic),,,,"sự lưu thông, lưu lượng giao thông, dung lượng thu phát thông tin liên lạc",FALSE,,,img_1704.jpg,FALSE
1704,Military Dictionary,trg (training),,,,sự huấn luyện,FALSE,,,img_1704.jpg,FALSE
1704,Military Dictionary,TRIAD (triple air defence),,,,"phòng không ba tầng (thấp, trung bình và cao)",FALSE,,,img_1704.jpg,FALSE
1704,Military Dictionary,TRICON (triple container),,,,côngtenơ bộ ba,FALSE,,,img_1704.jpg,FALSE
1704,Military Dictionary,TRIGAT (tri-lateral anti-tank guided weapon),,,,"vũ khí chống tăng có điều khiển ba quân chủng (lục quân, không quân, lính thuỷ đánh bộ)",FALSE,,,img_1704.jpg,FALSE
1704,Military Dictionary,TRI-TAC (Tri-Service Tactical Communications Program),,,,"chương trình thông tin liên lạc chiến thuật của ba quân chủng, chương trình thông tin liên lạc chiến thuật liên quân chủng",FALSE,,,img_1704.jpg,FALSE
1704,Military Dictionary,TRK; trk (truck),,,,xe vận tải; toa tàu không mui,FALSE,,,img_1704.jpg,FALSE
1704,Military Dictionary,Trk Co (truck company),,,,đại đội xe vận tải,FALSE,,,img_1704.jpg,FALSE
1704,Military Dictionary,Trk Dr Arty (truck-drawn artillery),,,,pháo xe kéo,FALSE,,,img_1704.jpg,FALSE
1704,Military Dictionary,trkdr (truck-drawn),,,,trên xe kéo bánh hơi,FALSE,,,img_1704.jpg,FALSE
1704,Military Dictionary,trkhd (truck head),,,,trạm ô tô vận tải đỡ hàng đầu cuối; bến đầu cầu,FALSE,,,img_1704.jpg,FALSE
1704,Military Dictionary,trl (trailer),,,,rơmoóc; xe moóc; tàu kéo,FALSE,,,img_1704.jpg,FALSE
1704,Military Dictionary,TRMT (treatment (qy)),,,,sự điều trị,FALSE,,,img_1704.jpg,FALSE
1704,Military Dictionary,trne (trainee),,,,quân nhân đang được huấn luyện (chiến đấu); quân nhân đang luyện tập,FALSE,,,img_1704.jpg,FALSE
1704,Military Dictionary,TRNG (training),,,,sự huấn luyện,FALSE,,,img_1704.jpg,FALSE
1704,Military Dictionary,TRO (training and readiness oversight),,,,thanh tra huấn luyện và sẵn sàng chiến đấu,FALSE,,,img_1704.jpg,FALSE
1704,Military Dictionary,TRO (transportation officer),,,,người chỉ huy vận tải; sĩ quan ngành vận tải,FALSE,,,img_1704.jpg,FALSE
1704,Military Dictionary,TRO (truck route order),,,,mệnh lệnh vận chuyển bằng ô tô,FALSE,,,img_1704.jpg,FALSE
1704,Military Dictionary,TROPO (troposphere),,,,tầng đối lưu,FALSE,,,img_1704.jpg,FALSE
1704,Military Dictionary,TROPO (tropospheric scatter),,,,bộ tán xạ tầng đối lưu,FALSE,,,img_1704.jpg,FALSE
1704,Military Dictionary,TROSS (technical and rear operations support system),,,,hệ thống bảo đảm tác chiến hậu cần - kỹ thuật,FALSE,,,img_1704.jpg,FALSE
1704,Military Dictionary,TRP (target reference point),,,,điểm tham chiếu mục tiêu; vật chuẩn chỉ thị mục tiêu,FALSE,,,img_1704.jpg,FALSE
1704,Military Dictionary,TRP (traffic regulation point),,,,trạm điều chỉnh giao thông,FALSE,,,img_1704.jpg,FALSE
1704,Military Dictionary,trp (troop),,,,đại đội pháo; đại đội kỵ binh bọc thép; đại đội kỵ binh bay; đại đội; trung đội,FALSE,,,img_1704.jpg,FALSE
1704,Military Dictionary,"trp B, cav (troop B, cavalry)",,,,đại đội B kỵ binh,FALSE,,,img_1704.jpg,FALSE
1704,Military Dictionary,TRP(s); trps (troops),,,,"quân, lực lượng chiến đấu",FALSE,,,img_1704.jpg,FALSE
1704,Military Dictionary,TRS (tactical reconnaissance squadron),,,,phi đội máy bay trinh sát chiến thuật,FALSE,,,img_1704.jpg,FALSE
1704,Military Dictionary,TRSSGM (tactical range surface-to-surface guided missile),,,,"tên lửa chiến thuật hạm đối hạm; tên lửa chiến thuật có điều khiển đất đối đất; tên lửa chiến thuật có điều khiển mặt (đất, biển) đối mặt (đất, biển)",FALSE,,,img_1704.jpg,FALSE
1705,Military Dictionary,TRSSM (tactical range surface-to-surface missile),,,,"tên lửa chiến thuật đất đối đất, tên lửa chiến thuật mặt (đất, biển) đối mặt (đất, biển)",FALSE,,,img_1705.jpg,FALSE
1705,Military Dictionary,trt (turret),,,,tháp pháo; thiết bị hoả lực,FALSE,,,img_1705.jpg,FALSE
1705,Military Dictionary,TRTG (tactical radar threat generator),,,,máy phát tạo giả mục tiêu (cho) rada chiến thuật,FALSE,,,img_1705.jpg,FALSE
1705,Military Dictionary,TRU (transformer rectifier unit),,,,bộ tách sóng biến đổi,FALSE,,,img_1705.jpg,FALSE
1705,Military Dictionary,TRV (tank-recovery vehicle),,,,phương tiện cứu kéo xe tăng; xe rơmoóc chở xe tăng,FALSE,,,img_1705.jpg,FALSE
1705,Military Dictionary,TS (terminal service),,,,sự bảo đảm phục vụ ở quân cảng,FALSE,,,img_1705.jpg,FALSE
1705,Military Dictionary,TS (top secret),,,,tối mật; tuyệt mật,FALSE,,,img_1705.jpg,FALSE
1705,Military Dictionary,TS (transattack survivability),,,,(khả năng) sống sót sau đòn tiến công hạt nhân,FALSE,,,img_1705.jpg,FALSE
1705,Military Dictionary,TS (transit storage),,,,hàng quá cảnh,FALSE,,,img_1705.jpg,FALSE
1705,Military Dictionary,TS (transport squadron),,,,phi đội không quân vận tải,FALSE,,,img_1705.jpg,FALSE
1705,Military Dictionary,TSA (theater storage area),,,,khu vực kho tàng (phục vụ) chiến trường,FALSE,,,img_1705.jpg,FALSE
1705,Military Dictionary,TSA (travel security advisory),,,,tư vấn an ninh hành trình,FALSE,,,img_1705.jpg,FALSE
1705,Military Dictionary,TSB (trunk signaling buffer),,,,bộ nhớ trung gian tín hiệu trung chuyển,FALSE,,,img_1705.jpg,FALSE
1705,Military Dictionary,TSC (tactical support center),,,,"trung tâm chi viện chiến thuật, trung tâm yểm trợ chiến thuật",FALSE,,,img_1705.jpg,FALSE
1705,Military Dictionary,TSC (theater support command),,,,"bộ tư lệnh chi viện chiến trường, bộ chỉ huy bảo đảm chiến trường",FALSE,,,img_1705.jpg,FALSE
1705,Military Dictionary,TSCA (Top Secret Control Agency),,,,cơ quan kiểm soát tin tối mật,FALSE,,,img_1705.jpg,FALSE
1705,Military Dictionary,TSCM (technical surveillance countermeasures),,,,phương tiện chống trinh thám kỹ thuật,FALSE,,,img_1705.jpg,FALSE
1705,Military Dictionary,TSCO (target selection confusion of the operator),,,,sự nhầm lẫn của sĩ quan điều khiển trong lựa chọn mục tiêu,FALSE,,,img_1705.jpg,FALSE
1705,Military Dictionary,TSCO (Top Secret Control Officer),,,,sĩ quan kiểm soát tin tối mật,FALSE,,,img_1705.jpg,FALSE
1705,Military Dictionary,TSD (theatre shipping document),,,,tài liệu về vận tải đường biển cho chiến trường,FALSE,,,img_1705.jpg,FALSE
1705,Military Dictionary,TSE (tactical support element),,,,thành phần chi viện chiến đấu; phân đội bảo đảm chiến thuật,FALSE,,,img_1705.jpg,FALSE
1705,Military Dictionary,TSEC (transmission security),,,,an ninh truyền phát; sự bảo đảm bí mật việc truyền phát của phương tiện thông tin liên lạc vô tuyến,FALSE,,,img_1705.jpg,FALSE
1705,Military Dictionary,"TSFC (thrust specific fuel consumption of jet engine (turbojet, turbofan, ramjet))",,,,"sự tiêu thụ năng lượng đặc biệt của động cơ phản lực đẩy (động cơ tuabin phản lực, động cơ tuabin cánh quạt, động cơ phản lực thẳng dòng)",FALSE,,,img_1705.jpg,FALSE
1705,Military Dictionary,TSFCS (Tank Simplified Fire-Control System),,,,hệ thống điều khiển hoả lực gọn nhẹ trên xe tăng,FALSE,,,img_1705.jpg,FALSE
1705,Military Dictionary,TSG (test signal generator),,,,máy phát tín hiệu kiểm tra,FALSE,,,img_1705.jpg,FALSE
1705,Military Dictionary,TSG (The Surgeon General),,,,chủ nhiệm quân y,FALSE,,,img_1705.jpg,FALSE
1705,Military Dictionary,TSGCE (Tri-Service group on communications and electronics),,,,nhóm chuyên viên ba quân chủng về thông tin liên lạc và điện tử,FALSE,,,img_1705.jpg,FALSE
1705,Military Dictionary,TSGCEE (Tri-Service group on communications and electronic equipment (NATO)),,,,nhóm chuyên viên ba quân chủng về thiết bị thông tin liên lạc và điện tử của liên quân NATO,FALSE,,,img_1705.jpg,FALSE
1705,Military Dictionary,TSGT (technical sergeant),,,,trung sĩ kỹ thuật,FALSE,,,img_1705.jpg,FALSE
1705,Military Dictionary,TSI (technical standardization inspection),,,,sự kiểm tra tiêu chuẩn hoá kỹ thuật,FALSE,,,img_1705.jpg,FALSE
1705,Military Dictionary,TSIT (technical service intelligence team),,,,nhóm tình báo ngành kỹ thuật,FALSE,,,img_1705.jpg,FALSE
1705,Military Dictionary,tsk (task),,,,nhiệm vụ; giao nhiệm vụ; đặc nhiệm,FALSE,,,img_1705.jpg,FALSE
1705,Military Dictionary,tsk org (task organization),,,,tổ chức theo nhiệm vụ; tổ chức cụm chiến dịch lâm thời (theo nhiệm vụ nhất định); tổ chức đặc nhiệm,FALSE,,,img_1705.jpg,FALSE
1706,Military Dictionary,TSM (trunk signating message),,,,bức điện tín hiệu trung chuyển,FALSE,,,img_1706.jpg,FALSE
1706,Military Dictionary,TSMC (Transportation Supply Maintenance Command),,,,bộ chỉ huy tiếp tế và bảo dưỡng kỹ thuật ngành vận tải,FALSE,,,img_1706.jpg,FALSE
1706,Military Dictionary,TSN (track supervision net),,,,mạng giám sát dấu vết,FALSE,,,img_1706.jpg,FALSE
1706,Military Dictionary,TSN (trackline single-unit non-return),,,,bộ phận sóng không phản hồi của bộ khí tài rada đơn theo dõi dấu vết mục tiêu di động,FALSE,,,img_1706.jpg,FALSE
1706,Military Dictionary,TSO (target selection officer),,,,sĩ quan lựa chọn mục tiêu,FALSE,,,img_1706.jpg,FALSE
1706,Military Dictionary,TSO (Technical Standard Order (FAA)),,,,bản quy định tiêu chuẩn kỹ thuật; quy phạm tiêu chuẩn kỹ thuật,FALSE,,,img_1706.jpg,FALSE
1706,Military Dictionary,TSO (telecommunications service order),,,,thứ tự các bước bảo đảm thông tin liên lạc viễn thông,FALSE,,,img_1706.jpg,FALSE
1706,Military Dictionary,TSO (transportation supply officer),,,,"sĩ quan tiếp vận, sĩ quan vận tải tiếp tế",FALSE,,,img_1706.jpg,FALSE
1706,Military Dictionary,TSOP (tactical standing operating procedure),,,,phương pháp tác chiến hiện hành; hướng dẫn hiện hành về thứ tự các bước thực hành chiến đấu,FALSE,,,img_1706.jpg,FALSE
1706,Military Dictionary,TSP (telecommunications service priority),,,,sự ưu tiên phục vụ thông tin liên lạc viễn thông,FALSE,,,img_1706.jpg,FALSE
1706,Military Dictionary,TSQ (time and super-quick),,,,định thời (nổ chậm) và tức thời (chế độ ngòi nổ),FALSE,,,img_1706.jpg,FALSE
1706,Military Dictionary,TSR (tactical strike/reconnaissance),,,,cường kích / trinh sát chiến thuật,FALSE,,,img_1706.jpg,FALSE
1706,Military Dictionary,TSR (telecommunications service request),,,,yêu cầu bảo đảm thông tin liên lạc,FALSE,,,img_1706.jpg,FALSE
1706,Military Dictionary,TSR (torpedo spotter reconnaissance),,,,trinh sát chỉ thị mục tiêu phóng (ngư) lôi,FALSE,,,img_1706.jpg,FALSE
1706,Military Dictionary,TSR (trackline single-unit return),,,,bộ phận sóng phản hồi của khí tài rada đơn theo dõi dấu vết mục tiêu di động,FALSE,,,img_1706.jpg,FALSE
1706,Military Dictionary,TSS (tactical shelter system),,,,hệ thống hầm trú ẩn chiến đấu,FALSE,,,img_1706.jpg,FALSE
1706,Military Dictionary,TSS (time signal set),,,,bộ tín hiệu hẹn giờ,FALSE,,,img_1706.jpg,FALSE
1706,Military Dictionary,TSS (timesharing system),,,,hệ thống phân chia thời gian,FALSE,,,img_1706.jpg,FALSE
1706,Military Dictionary,TSS (traffic service station),,,,trạm bảo đảm giao thông,FALSE,,,img_1706.jpg,FALSE
1706,Military Dictionary,TSS (twin screw steamer),,,,tàu thuỷ hai chân vịt,FALSE,,,img_1706.jpg,FALSE
1706,Military Dictionary,TSSP (tactical satellite signal processor),,,,thiết bị xử lý tín hiệu vệ tinh chiến thuật,FALSE,,,img_1706.jpg,FALSE
1706,Military Dictionary,TSSR (tropospheric scatter (TROPO)-satellite support radio),,,,đài vô tuyến hỗ trợ vệ tinh - tán xạ tầng đối lưu,FALSE,,,img_1706.jpg,FALSE
1706,Military Dictionary,TST (tactical support team),,,,đội chi viện chiến thuật,FALSE,,,img_1706.jpg,FALSE
1706,Military Dictionary,TST (theater support team),,,,đội chi viện chiến trường,FALSE,,,img_1706.jpg,FALSE
1706,Military Dictionary,TSU (technical service unit),,,,đơn vị phục vụ kỹ thuật,FALSE,,,img_1706.jpg,FALSE
1706,Military Dictionary,TSWA (temporary secure working areas),,,,các khu vực công tác an toàn lâm thời,FALSE,,,img_1706.jpg,FALSE
1706,Military Dictionary,TT (technical test),,,,sự thử nghiệm kỹ thuật,FALSE,,,img_1706.jpg,FALSE
1706,Military Dictionary,TT (technical training),,,,sự huấn luyện kỹ thuật,FALSE,,,img_1706.jpg,FALSE
1706,Military Dictionary,TT (teletype),,,,máy điện báo in chữ,FALSE,,,img_1706.jpg,FALSE
1706,Military Dictionary,TT (terminal transfer),,,,truyền tải đầu cuối,FALSE,,,img_1706.jpg,FALSE
1706,Military Dictionary,TT (torpedo tube),,,,ống phóng ngư lôi,FALSE,,,img_1706.jpg,FALSE
1706,Military Dictionary,TT (troop test),,,,kiểm tra quân nhân; sự kiểm tra tâm lý kỹ thuật quân nhân,FALSE,,,img_1706.jpg,FALSE
1706,Military Dictionary,"TT&C (telemetry, tracking, and commanding)",,,,"đo lường từ xa, theo dõi dấu vết và chỉ huy",FALSE,,,img_1706.jpg,FALSE
1706,Military Dictionary,TTB (Tank TestBed (US)),,,,bệ thử nghiệm xe tăng,FALSE,,,img_1706.jpg,FALSE
1706,Military Dictionary,TTB (tanker/transport/bomber (khung thân)),,,,máy bay tiếp dầu / vận tải / ném bom,FALSE,,,img_1706.jpg,FALSE
1706,Military Dictionary,TTB (transportation terminal battalion),,,,tiểu đoàn vận tải trạm đầu cuối,FALSE,,,img_1706.jpg,FALSE
1706,Military Dictionary,TTC (tactical training centre),,,,trung tâm huấn luyện chiến thuật,FALSE,,,img_1706.jpg,FALSE
1706,Military Dictionary,TTD (technical task directive),,,,chỉ thị về nhiệm vụ kỹ thuật,FALSE,,,img_1706.jpg,FALSE
1706,Military Dictionary,TTF (tanker task force),,,,phương tiện tiếp dầu cho lực lượng đặc nhiệm,FALSE,,,img_1706.jpg,FALSE
1706,Military Dictionary,TTG (time to go),,,,thời gian chiếm lĩnh vị trí,FALSE,,,img_1706.jpg,FALSE
1706,Military Dictionary,TTH (tactical transport helicopter),,,,máy bay trực thăng vận tải chiến thuật,FALSE,,,img_1706.jpg,FALSE
1707,Military Dictionary,T-time (take off time),,,,thời điểm cất cánh,FALSE,,,img_1707.jpg,FALSE
1707,Military Dictionary,TTM (threat training manual),,,,cẩm nang huấn luyện phòng chống (các) mối đe doạ,FALSE,,,img_1707.jpg,FALSE
1707,Military Dictionary,"TTP (tactics, techniques, and procedures)",,,,"chiến thuật, kỹ thuật và các phương pháp tiến hành",FALSE,,,img_1707.jpg,FALSE
1707,Military Dictionary,TTR (tactical training range),,,,phạm vi huấn luyện chiến thuật,FALSE,,,img_1707.jpg,FALSE
1707,Military Dictionary,TTS (tank thermal sight),,,,kính ngắm nhiệt trên xe tăng,FALSE,,,img_1707.jpg,FALSE
1707,Military Dictionary,TTT (time to target),,,,"thời gian ngắm bắn mục tiêu, thời gian bắt mục tiêu",FALSE,,,img_1707.jpg,FALSE
1707,Military Dictionary,TTU (transportation terminal unit),,,,đơn vị vận tải trạm bốc dỡ hàng hóa,FALSE,,,img_1707.jpg,FALSE
1707,Military Dictionary,TTW (transition to war),,,,"chuyển sang trạng thái chiến tranh, chuyển sang trạng thái thời chiến",FALSE,,,img_1707.jpg,FALSE
1707,Military Dictionary,TU (towed unit),,,,thiết bị xe kéo,FALSE,,,img_1707.jpg,FALSE
1707,Military Dictionary,TU (task unit),,,,đơn vị đặc nhiệm,FALSE,,,img_1707.jpg,FALSE
1707,Military Dictionary,TU (terminal unit),,,,thiết bị thông tin liên lạc đầu cuối; máy lẻ,FALSE,,,img_1707.jpg,FALSE
1707,Military Dictionary,TU (thermal unit),,,,đơn vị nhiệt lượng,FALSE,,,img_1707.jpg,FALSE
1707,Military Dictionary,TU (toxic unit),,,,đơn vị độc,FALSE,,,img_1707.jpg,FALSE
1707,Military Dictionary,TU (training unit),,,,đơn vị huấn luyện,FALSE,,,img_1707.jpg,FALSE
1707,Military Dictionary,TU (travel unit),,,,đơn vị (dành riêng cho một đợt) vận tải,FALSE,,,img_1707.jpg,FALSE
1707,Military Dictionary,TU (Turkey),,,,Thổ Nhĩ Kỳ,FALSE,,,img_1707.jpg,FALSE
1707,Military Dictionary,TUBA (transition unit box assembly),,,,tổ hợp bộ đơn vị chuyển tiếp,FALSE,,,img_1707.jpg,FALSE
1707,Military Dictionary,TUCHA (type unit characteristics file),,,,hồ sơ tính chất đặc điểm của đơn vị đơn chủng,FALSE,,,img_1707.jpg,FALSE
1707,Military Dictionary,TUCHAREP (type unit characteristics report),,,,(bản) báo cáo tính chất đặc điểm của đơn vị đơn chủng,FALSE,,,img_1707.jpg,FALSE
1707,Military Dictionary,TUCR (troop unit change request),,,,đơn đề nghị thay quân,FALSE,,,img_1707.jpg,FALSE
1707,Military Dictionary,TUDET (type unit equipment detail file),,,,hồ sơ chi tiết trang thiết bị của đơn vị đơn chủng,FALSE,,,img_1707.jpg,FALSE
1707,Military Dictionary,TUG (U. S. Army towed universal glider),,,,tàu lượn thông dụng có phương tiện kéo của quân đội Mỹ,FALSE,,,img_1707.jpg,FALSE
1707,Military Dictionary,TUR (Tiefflieger-Uberwachungs-Radar (low level surveillance radar)),,,,rada theo dõi tầm thấp,FALSE,,,img_1707.jpg,FALSE
1707,Military Dictionary,TUSAB (The United States Army Band),,,,quân nhạc lục quân Mỹ,FALSE,,,img_1707.jpg,FALSE
1707,Military Dictionary,TUSAC (The United States Army Chorus),,,,dàn đồng ca lục quân Mỹ,FALSE,,,img_1707.jpg,FALSE
1707,Military Dictionary,TUSLOG (The United States Logistics Group),,,,nhóm hậu cần lục quân Mỹ,FALSE,,,img_1707.jpg,FALSE
1707,Military Dictionary,TV (television),,,,vô tuyến truyền hình,FALSE,,,img_1707.jpg,FALSE
1707,Military Dictionary,TV (terminal velocity),,,,tốc độ cao; tốc độ tối đa,FALSE,,,img_1707.jpg,FALSE
1707,Military Dictionary,TV (test vehicle),,,,xe thử nghiệm; máy bay thử nghiệm,FALSE,,,img_1707.jpg,FALSE
1707,Military Dictionary,TV (transport vehicle),,,,xe vận tải; phương tiện vận tải,FALSE,,,img_1707.jpg,FALSE
1707,Military Dictionary,TVC (thrust vector control (rocket)),,,,điều khiển hướng lực đẩy (tên lửa),FALSE,,,img_1707.jpg,FALSE
1707,Military Dictionary,TVL (travel),,,,du hành; vận tải; di chuyển,FALSE,,,img_1707.jpg,FALSE
1707,Military Dictionary,TVM (track-via-missile),,,,tên lửa có điều khiển bám mục tiêu,FALSE,,,img_1707.jpg,FALSE
1707,Military Dictionary,TVOR (terminal visual omnirange),,,,pha vô tuyến rà mọi hướng quanh sân bay,FALSE,,,img_1707.jpg,FALSE
1707,Military Dictionary,TW (travelling wave),,,,sóng chạy,FALSE,,,img_1707.jpg,FALSE
1707,Military Dictionary,TW/AA (tactical warning and attack assessment),,,,sự cảnh báo và đánh giá kết quả tiến công chiến thuật,FALSE,,,img_1707.jpg,FALSE
1707,Military Dictionary,TWA (travelling wave amplifier),,,,bộ khuếch đại sóng chạy,FALSE,,,img_1707.jpg,FALSE
1707,Military Dictionary,TWC (total water current),,,,dòng chảy toàn phần,FALSE,,,img_1707.jpg,FALSE
1707,Military Dictionary,TWCF (transportation working Capital Fund),,,,quỹ cơ bản của công tác vận tải,FALSE,,,img_1707.jpg,FALSE
1707,Military Dictionary,TWCM (theater wartime construction manager),,,,sĩ quan quản lý công trình chiến trường thời chiến,FALSE,,,img_1707.jpg,FALSE
1707,Military Dictionary,TWD (Thermal Warning Device),,,,thiết bị cảnh báo bức xạ nhiệt (của vụ nổ hạt nhân),FALSE,,,img_1707.jpg,FALSE
1707,Military Dictionary,TWD (transnational warfare counterdrug analysis),,,,phân tích tác chiến chống ma tuý xuyên quốc gia,FALSE,,,img_1707.jpg,FALSE
1708,Military Dictionary,TWDS (tactical water distribution system),,,,hệ thống phân phối nước (cấp) chiến thuật,FALSE,,,img_1708.jpg,FALSE
1708,Military Dictionary,TWMP (track width mine plough),,,,cày quét mìn trong chiều rộng vệt xích,FALSE,,,img_1708.jpg,FALSE
1708,Military Dictionary,TWPL (teletypewriter private line),,,,tuyến thông tin liên lạc điện báo in chữ cá nhân,FALSE,,,img_1708.jpg,FALSE
1708,Military Dictionary,TWS (tactical weather station),,,,trạm khí tượng chiến trường,FALSE,,,img_1708.jpg,FALSE
1708,Military Dictionary,TWS (tail warning system),,,,hệ thống cảnh báo (ở) đuôi (máy bay),FALSE,,,img_1708.jpg,FALSE
1708,Military Dictionary,TWS (thermal weapon sight),,,,kính ngắm nhiệt cho vũ khí,FALSE,,,img_1708.jpg,FALSE
1708,Military Dictionary,TWS (track-while-scan),,,,(chế độ) bám và sục sạo đồng thời (rada hoặc máy định vị thuỷ âm),FALSE,,,img_1708.jpg,FALSE
1708,Military Dictionary,TWT (travelling-wave tube),,,,đèn sóng chạy,FALSE,,,img_1708.jpg,FALSE
1708,Military Dictionary,TWX (teletypewriter exchange),,,,sự trao đổi thông tin điện báo in chữ; tổng đài điện báo in chữ,FALSE,,,img_1708.jpg,FALSE
1708,Military Dictionary,TX (experimental bomb),,,,bom thử nghiệm,FALSE,,,img_1708.jpg,FALSE
1708,Military Dictionary,TX (transmit),,,,(sự) phát truyền,FALSE,,,img_1708.jpg,FALSE
1708,Military Dictionary,TX (transmitter),,,,máy phát truyền,FALSE,,,img_1708.jpg,FALSE
1708,Military Dictionary,TY (total yield),,,,tổng công suất (của biến nổ hạt nhân),FALSE,,,img_1708.jpg,FALSE
1708,Military Dictionary,TYCOM (type commander),,,,tư lệnh (trưởng) lực lượng đơn chủng hạm đội; tư lệnh (trưởng) bộ tư lệnh đơn chủng,FALSE,,,img_1708.jpg,FALSE
1708,Military Dictionary,TYDP (Ten Year Defence Programme (Australia)),,,,chương trình phòng thủ 10 năm (Ôxtrâylia),FALSE,,,img_1708.jpg,FALSE
1709,Military Dictionary,U (umpire),,,,trọng tài quân sự; (người) đạo diễn tình huống (diễn tập),FALSE,,,img_1709.jpg,FALSE
1709,Military Dictionary,U (unit),,,,đơn vị; phân đội; binh đoàn; thiết bị; khối; bộ,FALSE,,,img_1709.jpg,FALSE
1709,Military Dictionary,U (unloading),,,,(k.hiệu) bốc dỡ hàng; tháo đạn,FALSE,,,img_1709.jpg,FALSE
1709,Military Dictionary,U (utility),,,,(k.hiệu) phi chiến đấu; thông dụng,FALSE,,,img_1709.jpg,FALSE
1709,Military Dictionary,U (utility aircraft),,,,"máy bay đa dụng, máy bay thông dụng",FALSE,,,img_1709.jpg,FALSE
1709,Military Dictionary,U (wind speed),,,,vận tốc gió,FALSE,,,img_1709.jpg,FALSE
1709,Military Dictionary,U/I (unidentified),,,,không bị nhận ra,FALSE,,,img_1709.jpg,FALSE
1709,Military Dictionary,U/I (unit of issue),,,,đơn vị tính phương tiện vật chất được cấp phát; tiêu chuẩn cấp phát (đồ tiếp tế),FALSE,,,img_1709.jpg,FALSE
1709,Military Dictionary,U/O (unobserved),,,,không bị phát hiện,FALSE,,,img_1709.jpg,FALSE
1709,Military Dictionary,u/s (unserviceable),,,,không sử dụng được,FALSE,,,img_1709.jpg,FALSE
1709,Military Dictionary,U/T (under training),,,,qua huấn luyện chiến đấu,FALSE,,,img_1709.jpg,FALSE
1709,Military Dictionary,U-2 (high-altitude high-performance photo-reconnaissance airplane),,,,(k.hiệu) máy bay trinh sát chụp ảnh trên không có đặc tính kỹ thuật ưu việt,FALSE,,,img_1709.jpg,FALSE
1709,Military Dictionary,UA (uniform allowance),,,,"tiền quân trang, phụ cấp quân trang",FALSE,,,img_1709.jpg,FALSE
1709,Military Dictionary,UAM (underwater-to-air missile),,,,tên lửa ngầm đối không,FALSE,,,img_1709.jpg,FALSE
1709,Military Dictionary,UAOBS (upper air observation),,,,sự quan sát lớp khí cao tầng,FALSE,,,img_1709.jpg,FALSE
1709,Military Dictionary,UAP (unit airspace plan),,,,kế hoạch không gian vũ trụ đơn vị,FALSE,,,img_1709.jpg,FALSE
1709,Military Dictionary,UAR (unconventional assisted recovery),,,,sự sửa chữa phục hồi (trang bị kỹ thuật bị hư hại) bằng phương tiện kỹ thuật đặc biệt,FALSE,,,img_1709.jpg,FALSE
1709,Military Dictionary,UARM (unconventional assisted recovery mechanism),,,,cơ chế hỗ trợ hồi phục bất thường,FALSE,,,img_1709.jpg,FALSE
1709,Military Dictionary,UARS (unattended radar station),,,,trạm rada hiện báo (tự động),FALSE,,,img_1709.jpg,FALSE
1709,Military Dictionary,UARS (unmanned air reconnaissance system),,,,máy bay trinh sát không người lái,FALSE,,,img_1709.jpg,FALSE
1709,Military Dictionary,UAV (unmanned air vehicle),,,,máy bay trinh sát không người lái; phương tiện bay do thám không người lái,FALSE,,,img_1709.jpg,FALSE
1709,Military Dictionary,U-boat,,,,(sử) tàu ngầm Đức,FALSE,,,img_1709.jpg,FALSE
1709,Military Dictionary,U-bomb (uranium-cased atomic or hydrogen bomb),,,,(k.hiệu) bom nguyên tử dùng uran làm chất nổ hoặc bom khinh khí dùng uran làm liều nổ mồi,FALSE,,,img_1709.jpg,FALSE
1709,Military Dictionary,UCAV (unmanned combat aerial vehicle),,,,máy bay chiến đấu không người lái,FALSE,,,img_1709.jpg,FALSE
1709,Military Dictionary,UCFF (Unit Type Code Consumption Factors File),,,,hồ sơ các hệ số tiêu thụ theo mã kiểu đơn vị,FALSE,,,img_1709.jpg,FALSE
1709,Military Dictionary,ucl (upper control limit),,,,giới hạn kiểm soát trên,FALSE,,,img_1709.jpg,FALSE
1709,Military Dictionary,UCMJ (Uniform Code of Military Justice),,,,bộ luật quân sự (thống nhất),FALSE,,,img_1709.jpg,FALSE
1709,Military Dictionary,UCP (Unified Command Plan),,,,kế hoạch chỉ huy thống nhất,FALSE,,,img_1709.jpg,FALSE
1709,Military Dictionary,UCQBR (urban close quarter battle range),,,,cự ly bắn thẳng (trong) tác chiến đô thị,FALSE,,,img_1709.jpg,FALSE
1710,Military Dictionary,UCS (underwater combat system),,,,tổ hợp chiến đấu ngầm (dưới nước),FALSE,,,img_1710.jpg,FALSE
1710,Military Dictionary,UCT (underwater construction team),,,,đội xây dựng công trình ngầm dưới nước,FALSE,,,img_1710.jpg,FALSE
1710,Military Dictionary,UDAC (unauthorized disclosure analysis center),,,,trung tâm phân tích những tiết lộ không thuộc thẩm quyền,FALSE,,,img_1710.jpg,FALSE
1710,Military Dictionary,UDC (unit descriptor code),,,,mã hồ sơ lý lịch quân nhân của đơn vị,FALSE,,,img_1710.jpg,FALSE
1710,Military Dictionary,UDESC (unit description),,,,bản hồ sơ lý lịch quân nhân của đơn vị,FALSE,,,img_1710.jpg,FALSE
1710,Military Dictionary,UDK (upper deck),,,,boong trên cùng,FALSE,,,img_1710.jpg,FALSE
1710,Military Dictionary,UDL (unit designation list),,,,bảng chỉ thị mục tiêu của đơn vị,FALSE,,,img_1710.jpg,FALSE
1710,Military Dictionary,UDP (unit deployment program),,,,chương trình triển khai đơn vị,FALSE,,,img_1710.jpg,FALSE
1710,Military Dictionary,UDS (urban defense system),,,,hệ thống phòng không thành phố; hệ thống phòng chống tên lửa của các thành phố lớn,FALSE,,,img_1710.jpg,FALSE
1710,Military Dictionary,UDT (underwater demolition team),,,,đội phá huỷ mục tiêu ngầm dưới nước,FALSE,,,img_1710.jpg,FALSE
1710,Military Dictionary,UDU (underwater demolition unit),,,,đơn vị nổ phá mục tiêu ngầm dưới nước; phân đội phá huỷ mục tiêu ngầm dưới nước,FALSE,,,img_1710.jpg,FALSE
1710,Military Dictionary,UE (unit equipment),,,,trang bị của đơn vị,FALSE,,,img_1710.jpg,FALSE
1710,Military Dictionary,UE (until exhausted),,,,đến khi kiệt sức; đến khi mãn hạn,FALSE,,,img_1710.jpg,FALSE
1710,Military Dictionary,UEE (unit essential equipment),,,,trang bị chủ yếu của đơn vị,FALSE,,,img_1710.jpg,FALSE
1710,Military Dictionary,UEL (upper explosive limit),,,,"giới hạn nổ trên, giới hạn trên của nổ",FALSE,,,img_1710.jpg,FALSE
1710,Military Dictionary,UET (unit equipment table),,,,bảng kê trang bị của đơn vị,FALSE,,,img_1710.jpg,FALSE
1710,Military Dictionary,UET (universal engineer tractor),,,,xe kéo công binh vạn năng,FALSE,,,img_1710.jpg,FALSE
1710,Military Dictionary,UEWR (upgraded early warning radar),,,,"rada cảnh báo sớm tiên tiến, rada báo động sớm được nâng cấp",FALSE,,,img_1710.jpg,FALSE
1710,Military Dictionary,UF; U/F (unit of fire),,,,cơ số đạn,FALSE,,,img_1710.jpg,FALSE
1710,Military Dictionary,UFD (universal firing device),,,,kính ngắm đa năng,FALSE,,,img_1710.jpg,FALSE
1710,Military Dictionary,UFH (ultra-lightweight field howitzer),,,,lựu pháo dã chiến cực nhẹ,FALSE,,,img_1710.jpg,FALSE
1710,Military Dictionary,ufn (until further notice),,,,cho đến khi có thông báo tiếp,FALSE,,,img_1710.jpg,FALSE
1710,Military Dictionary,UFO (ultrahigh frequency (UHF) follow-on satellite system),,,,hệ thống vệ tinh theo dõi siêu cao tần,FALSE,,,img_1710.jpg,FALSE
1710,Military Dictionary,UFO (unidentified flying object),,,,"vật thể bay không xác định, vật thể bay lạ, đĩa bay",FALSE,,,img_1710.jpg,FALSE
1710,Military Dictionary,UFO (unknown flying object),,,,vật thể bay chưa xác định; đĩa bay,FALSE,,,img_1710.jpg,FALSE
1710,Military Dictionary,ug; ugnd (underground),,,,ngầm dưới đất,FALSE,,,img_1710.jpg,FALSE
1710,Military Dictionary,UGV (Unmanned Ground Vehicle),,,,xe không người lái,FALSE,,,img_1710.jpg,FALSE
1710,Military Dictionary,UHA (ultrahigh altitude),,,,độ cao cực đại,FALSE,,,img_1710.jpg,FALSE
1710,Military Dictionary,UHF (ultrahigh frequency),,,,"tần số siêu cao, siêu cao tần",FALSE,,,img_1710.jpg,FALSE
1710,Military Dictionary,Uhv (ultrahigh vacuum),,,,chân không siêu cao,FALSE,,,img_1710.jpg,FALSE
1710,Military Dictionary,UIC (unit identification code),,,,mã số nhận biết đơn vị,FALSE,,,img_1710.jpg,FALSE
1710,Military Dictionary,UICIO (unit identification code information officer),,,,sĩ quan thông tin mã số nhận biết đơn vị,FALSE,,,img_1710.jpg,FALSE
1710,Military Dictionary,UIRV (unique interswitch rekeying variable),,,,biến số chuyển phím tổng đài độc nhất,FALSE,,,img_1710.jpg,FALSE
1710,Military Dictionary,UIS (unit identification system),,,,hệ thống nhận biết đơn vị,FALSE,,,img_1710.jpg,FALSE
1710,Military Dictionary,UJTL (Universal Joint Task List),,,,danh mục nhiệm vụ liên quân toàn cầu,FALSE,,,img_1710.jpg,FALSE
1710,Military Dictionary,UK (United Kingdom),,,,vương quốc Anh,FALSE,,,img_1710.jpg,FALSE
1710,Military Dictionary,Uk (unknown),,,,vô danh,FALSE,,,img_1710.jpg,FALSE
1710,Military Dictionary,UKADGE (United Kingdom air defense ground environment),,,,mạng cảnh báo và kiểm soát hợp nhất phòng không vương quốc Anh; điều kiện (phương tiện kỹ thuật) bảo đảm phòng không mặt đất vương quốc Anh,FALSE,,,img_1710.jpg,FALSE
1710,Military Dictionary,UKAEA (United Kingdom Atomic Energy Authority),,,,cục năng lượng nguyên tử vương quốc Anh,FALSE,,,img_1710.jpg,FALSE
1710,Military Dictionary,ul (upper left),,,,phía trên bên trái,FALSE,,,img_1710.jpg,FALSE
1710,Military Dictionary,ul (upper limit),,,,giới hạn trên,FALSE,,,img_1710.jpg,FALSE
1710,Military Dictionary,ULC (unit level code),,,,mã cấp độ đơn vị,FALSE,,,img_1710.jpg,FALSE
1711,Military Dictionary,ULC (unit load container),,,,côngtenơ chất tải đơn nguyên,FALSE,,,img_1711.jpg,FALSE
1711,Military Dictionary,"ULF, ulf (ultraslow frequency)",,,,"siêu hạ tần, tần số siêu thấp",FALSE,,,img_1711.jpg,FALSE
1711,Military Dictionary,ULMS (under-sea long-range missile system),,,,hệ thống tên lửa tầm xa phóng từ tàu ngầm,FALSE,,,img_1711.jpg,FALSE
1711,Military Dictionary,ULN (unit line number),,,,số hiệu tuyến triển khai của đơn vị,FALSE,,,img_1711.jpg,FALSE
1711,Military Dictionary,ULN (unlaunchable (tên lửa)),,,,không được phóng (tên lửa),FALSE,,,img_1711.jpg,FALSE
1711,Military Dictionary,UMA (unmanned aircraft),,,,máy bay không người lái,FALSE,,,img_1711.jpg,FALSE
1711,Military Dictionary,UMA (unusual military activities),,,,cơ quan quân sự đặc biệt,FALSE,,,img_1711.jpg,FALSE
1711,Military Dictionary,UMCC (unit movement control center),,,,"trung tâm điều chỉnh cơ động của đơn vị, trung tâm kiểm soát vận động của đơn vị",FALSE,,,img_1711.jpg,FALSE
1711,Military Dictionary,UMD (unit manning document),,,,tài liệu tổ chức biên chế đơn vị,FALSE,,,img_1711.jpg,FALSE
1711,Military Dictionary,UMD (unit movement data),,,,dữ liệu cơ động của đơn vị,FALSE,,,img_1711.jpg,FALSE
1711,Military Dictionary,UME (unit mission equipment),,,,trang bị cần thiết để hoàn thành nhiệm vụ chiến đấu của đơn vị,FALSE,,,img_1711.jpg,FALSE
1711,Military Dictionary,UMIB (urgent marine information broadcast),,,,sự phát tin khẩn cấp đường biển,FALSE,,,img_1711.jpg,FALSE
1711,Military Dictionary,UMIDS (universal mine-dispending system),,,,tổ hợp phóng rải mìn vạn năng,FALSE,,,img_1711.jpg,FALSE
1711,Military Dictionary,UML (universal mission load),,,,lượng dự trữ theo mẫu vạn năng (để hoàn thành nhiệm vụ nhất định),FALSE,,,img_1711.jpg,FALSE
1711,Military Dictionary,UMMIPS (uniform material movement and issue priority system),,,,hệ thống ưu tiên vận chuyển và cấp phát phương tiện - vật chất thống nhất,FALSE,,,img_1711.jpg,FALSE
1711,Military Dictionary,UMPR (unit manpower personnel record),,,,hồ sơ lý lịch quân nhân đơn vị,FALSE,,,img_1711.jpg,FALSE
1711,Military Dictionary,UMT (Universal Military Training),,,,sự huấn luyện quân sự phổ thông,FALSE,,,img_1711.jpg,FALSE
1711,Military Dictionary,UMTS (Universal Military Training and Service Act),,,,luật nghĩa vụ và huấn luyện quân sự chung,FALSE,,,img_1711.jpg,FALSE
1711,Military Dictionary,UN (United Nations),,,,Liên hiệp quốc,FALSE,,,img_1711.jpg,FALSE
1711,Military Dictionary,UNAAF (Unified Action Armed Forces),,,,lực lượng vũ trang hành động thống nhất của Liên hiệp quốc,FALSE,,,img_1711.jpg,FALSE
1711,Military Dictionary,UNC (United Nations Command),,,,bộ chỉ huy Liên hiệp quốc; lực lượng vũ trang của Liên hiệp quốc,FALSE,,,img_1711.jpg,FALSE
1711,Military Dictionary,uncir (uncirculated),,,,không tuần hoàn,FALSE,,,img_1711.jpg,FALSE
1711,Military Dictionary,UNCIVPOL (United Nations Civilian Police),,,,cảnh sát dân sự của Liên hiệp quốc,FALSE,,,img_1711.jpg,FALSE
1711,Military Dictionary,unclass (unclassified),,,,không có dấu mật; (thuộc) không chính thức; (tài liệu) không mật,FALSE,,,img_1711.jpg,FALSE
1711,Military Dictionary,UNCLOS (United Nations Convention on the Law of the Sea),,,,công ước của Liên hiệp quốc về luật biển,FALSE,,,img_1711.jpg,FALSE
1711,Military Dictionary,UND (urgency of need designator),,,,sĩ quan xác định nhu cầu khẩn cấp,FALSE,,,img_1711.jpg,FALSE
1711,Military Dictionary,UNDAC (United Nations Disaster Assessment Coordination),,,,sự phối hợp đánh giá thiệt hại (do thảm hoạ) của Liên hiệp quốc,FALSE,,,img_1711.jpg,FALSE
1711,Military Dictionary,UN-DMT (United Nations disaster management team),,,,đội khắc phục thiệt hại (do thảm hoạ) của Liên hiệp quốc,FALSE,,,img_1711.jpg,FALSE
1711,Military Dictionary,UNDOF (United Nations Disengagement Observer Force),,,,lực lượng quan sát viên không tham chiến của Liên hiệp quốc,FALSE,,,img_1711.jpg,FALSE
1711,Military Dictionary,UNDP (United Nations development program),,,,chương trình phát triển của Liên hiệp quốc,FALSE,,,img_1711.jpg,FALSE
1711,Military Dictionary,UNDPKO (United Nations Department for Peacekeeping Operation),,,,cơ quan hoạt động gìn giữ hoà bình của Liên hiệp quốc,FALSE,,,img_1711.jpg,FALSE
1711,Military Dictionary,UNDRO (United Nations Office of the Disaster Relief Coordinator),,,,văn phòng về phối hợp cứu trợ thảm hoạ của Liên hiệp quốc,FALSE,,,img_1711.jpg,FALSE
1711,Military Dictionary,undw (underwater),,,,ngầm dưới nước,FALSE,,,img_1711.jpg,FALSE
1711,Military Dictionary,UNEF (United Nations Emergency Forces),,,,lực lượng can thiệp trong tình trạng khẩn cấp của Liên hiệp quốc; lực lượng vũ trang Liên hiệp quốc,FALSE,,,img_1711.jpg,FALSE
1712,Military Dictionary,UNEP (United Nations environment program),,,,chương trình môi trường của Liên hiệp quốc,FALSE,,,img_1712.jpg,FALSE
1712,Military Dictionary,UNFAV (unfavourable),,,,không thuận lợi,FALSE,,,img_1712.jpg,FALSE
1712,Military Dictionary,UNGA (United Nations General Assembly),,,,đại hội đồng Liên hiệp quốc,FALSE,,,img_1712.jpg,FALSE
1712,Military Dictionary,UNIENET (United Nations International Emergency Network),,,,mạng khẩn cấp quốc tế của Liên hiệp quốc,FALSE,,,img_1712.jpg,FALSE
1712,Military Dictionary,unif (uniform),,,,quân phục; đồng phục,FALSE,,,img_1712.jpg,FALSE
1712,Military Dictionary,UNITAF (unified task force),,,,lực lượng đặc nhiệm thống nhất,FALSE,,,img_1712.jpg,FALSE
1712,Military Dictionary,UNITREP (unit status and identity report),,,,sự báo cáo tình hình và đặc điểm đơn vị,FALSE,,,img_1712.jpg,FALSE
1712,Military Dictionary,unk (unknown),,,,vô danh,FALSE,,,img_1712.jpg,FALSE
1712,Military Dictionary,UNM (United Nations Medal),,,,huy chương Liên hiệp quốc,FALSE,,,img_1712.jpg,FALSE
1712,Military Dictionary,UNMILPOC (United Nations military police course),,,,khoá học về cảnh sát quân sự của Liên hiệp quốc,FALSE,,,img_1712.jpg,FALSE
1712,Military Dictionary,UNMO (United Nations Military Observer),,,,quan sát viên quân sự của Liên hiệp quốc,FALSE,,,img_1712.jpg,FALSE
1712,Military Dictionary,UNMOC (United Nations military observers course),,,,khoá học về quan sát viên quân sự của Liên hiệp quốc,FALSE,,,img_1712.jpg,FALSE
1712,Military Dictionary,UNMOVCC (United Nations movement control course),,,,khóa học về kiểm soát vận động của Liên hiệp quốc,FALSE,,,img_1712.jpg,FALSE
1712,Military Dictionary,UNMP (United Nations Military Police),,,,cảnh sát quân sự của Liên hiệp quốc,FALSE,,,img_1712.jpg,FALSE
1712,Military Dictionary,UNO (unit number),,,,số hiệu đơn vị; phiên hiệu đơn vị,FALSE,,,img_1712.jpg,FALSE
1712,Military Dictionary,unob (unobserved),,,,không bị phát hiện; không ai thấy,FALSE,,,img_1712.jpg,FALSE
1712,Military Dictionary,UNODIR (unless otherwise directed),,,,trừ phi có chỉ đạo khác,FALSE,,,img_1712.jpg,FALSE
1712,Military Dictionary,UNOE (UN-owned equipment),,,,trang bị do Liên hiệp quốc sở hữu,FALSE,,,img_1712.jpg,FALSE
1712,Military Dictionary,UNPA (United Nations Participation Act),,,,luật về thành viên của Liên hiệp quốc,FALSE,,,img_1712.jpg,FALSE
1712,Military Dictionary,UNPA (United Nations Protected Area),,,,khu vực được Liên hiệp quốc bảo hộ,FALSE,,,img_1712.jpg,FALSE
1712,Military Dictionary,UNPREDEP (United Nations Preventive Deployment),,,,sự triển khai (lực lượng) phòng ngừa của Liên hiệp quốc,FALSE,,,img_1712.jpg,FALSE
1712,Military Dictionary,UNPROFOR (United Nations Protection Force),,,,lực lượng bảo hộ của Liên hiệp quốc,FALSE,,,img_1712.jpg,FALSE
1712,Military Dictionary,UNR & EC (United Nuclear Research and Engineering Center),,,,trung tâm kỹ thuật và nghiên cứu hạt nhân hợp nhất,FALSE,,,img_1712.jpg,FALSE
1712,Military Dictionary,UNREP (underway replenishment),,,,sự tiếp tế hậu cần trong hành tiến,FALSE,,,img_1712.jpg,FALSE
1712,Military Dictionary,UNREP CONSOL (underway replenishment consolidation),,,,sự thống nhất tiếp tế hậu cần trong hành tiến,FALSE,,,img_1712.jpg,FALSE
1712,Military Dictionary,UNSAT (unsatisfactory),,,,"không khả quan, không đầy đủ",FALSE,,,img_1712.jpg,FALSE
1712,Military Dictionary,UNSC (United Nations Security Council),,,,hội đồng bảo an Liên hiệp quốc,FALSE,,,img_1712.jpg,FALSE
1712,Military Dictionary,UNSCR (United Nations Security Council resolution),,,,nghị quyết của hội đồng bảo an Liên hiệp quốc,FALSE,,,img_1712.jpg,FALSE
1712,Military Dictionary,UNSG (United Nations Secretary General),,,,tổng thư ký Liên hiệp quốc,FALSE,,,img_1712.jpg,FALSE
1712,Military Dictionary,UNSOC (United Nations staff officers course),,,,khoá học cho các sĩ quan tham mưu của Liên hiệp quốc,FALSE,,,img_1712.jpg,FALSE
1712,Military Dictionary,unsvc (unserviceable),,,,"không còn khả năng sử dụng, hỏng hóc",FALSE,,,img_1712.jpg,FALSE
1712,Military Dictionary,untr (underwater),,,,ngầm dưới nước,FALSE,,,img_1712.jpg,FALSE
1712,Military Dictionary,UNTSO (United Nations Truce Supervision Organization),,,,tổ chức giám sát ngừng bắn của Liên hiệp quốc,FALSE,,,img_1712.jpg,FALSE
1712,Military Dictionary,UNV (United Nations Volunteers),,,,những người tình nguyện của Liên hiệp quốc,FALSE,,,img_1712.jpg,FALSE
1712,Military Dictionary,UO (urban operations),,,,tác chiến ở địa hình đô thị,FALSE,,,img_1712.jpg,FALSE
1712,Military Dictionary,UOC (ultimate operational capability),,,,khả năng vận hành tối đa (trong hoạt động quân sự),FALSE,,,img_1712.jpg,FALSE
1712,Military Dictionary,UP&TT (unit personnel and tonnage table),,,,biểu quân số và trọng lượng trang thiết bị của đơn vị,FALSE,,,img_1712.jpg,FALSE
1712,Military Dictionary,UPO (unit personnel officer),,,,sĩ quan quân lực của đơn vị,FALSE,,,img_1712.jpg,FALSE
1712,Military Dictionary,UPS (unit personnel section),,,,bộ phận quân lực của đơn vị; ban quân lực của phân đội,FALSE,,,img_1712.jpg,FALSE
