source_page,dictionary_name,word,phonetic,part_of_speech_raw,part_of_speech_code,meaning_vi,is_subentry,example_en,example_vi,image_path,reviewed
1713,Military Dictionary,UPTT (unit personnel and tonnage table),,,,bảng số liệu chuẩn về vận chuyển quân và hàng hoá,FALSE,,,img_1713.jpg,FALSE
1713,Military Dictionary,UQ (ultra quick fuze),,,,"ngòi nổ cực nhanh, ngòi tức thì",FALSE,,,img_1713.jpg,FALSE
1713,Military Dictionary,UR (unsatisfactory report),,,,báo cáo không đầy đủ,FALSE,,,img_1713.jpg,FALSE
1713,Military Dictionary,URBM (ultimate-range ballistic missile),,,,tên lửa đạn đạo có tầm xa nhất,FALSE,,,img_1713.jpg,FALSE
1713,Military Dictionary,urg (urgent),,,,khẩn cấp,FALSE,,,img_1713.jpg,FALSE
1713,Military Dictionary,Urg Msg (urgent message),,,,"báo cáo khẩn cấp, báo cáo nhanh, điện khẩn",FALSE,,,img_1713.jpg,FALSE
1713,Military Dictionary,"URG, URGR (underway replenishment group)",,,,cụm tiếp tế hậu cần trong hành tiến; (hq) nhóm bổ sung dự trữ của tàu trong hành trình trên biển,FALSE,,,img_1713.jpg,FALSE
1713,Military Dictionary,URL (uniform resource locator),,,,thiết bị định vị các phương tiện chiến đấu thống nhất,FALSE,,,img_1713.jpg,FALSE
1713,Military Dictionary,Urv (undersea research vehicle),,,,tàu nghiên cứu ngầm dưới biển,FALSE,,,img_1713.jpg,FALSE
1713,Military Dictionary,US (United States),,,,"liên bang, hợp chủng quốc",FALSE,,,img_1713.jpg,FALSE
1713,Military Dictionary,US; U/S (underwater-to-surface),,,,"ngầm đối mặt (đất, biển); ngầm đối hạm",FALSE,,,img_1713.jpg,FALSE
1713,Military Dictionary,USA (United States Army),,,,lục quân Mỹ; quân đội Mỹ,FALSE,,,img_1713.jpg,FALSE
1713,Military Dictionary,USAAA (United States Army Audit Agency),,,,cơ quan kiểm tra tài chính quân đội Mỹ,FALSE,,,img_1713.jpg,FALSE
1713,Military Dictionary,USAADCEN (United States Army Air Defense Center),,,,trung tâm phòng không quân đội Mỹ,FALSE,,,img_1713.jpg,FALSE
1713,Military Dictionary,USAADEA (United States Army Air Defense Engineering Agency),,,,cục công binh phòng không của lục quân Mỹ,FALSE,,,img_1713.jpg,FALSE
1713,Military Dictionary,USAADMAC (United States Army Aeronautical Depot Maintenance),,,,trung tâm bảo dưỡng kho kỹ thuật không quân lục quân Mỹ,FALSE,,,img_1713.jpg,FALSE
1713,Military Dictionary,USAADS (United States Army Air Defense School),,,,trường sĩ quan phòng không lục quân Mỹ,FALSE,,,img_1713.jpg,FALSE
1713,Military Dictionary,"USAAESWBD (United States Army Airborne, Electronics and Special Warfare Board)",,,,"hội đồng thiết bị điện tử, hàng không và phương pháp tác chiến đặc biệt của quân đội Mỹ",FALSE,,,img_1713.jpg,FALSE
1713,Military Dictionary,USAAFIO (United States Army Aviation Flight Information Office),,,,trạm trung tâm thu thập tin tức các chuyến bay của không quân Mỹ,FALSE,,,img_1713.jpg,FALSE
1713,Military Dictionary,USAAGNG (United States Army Advisory Group (National Guard)),,,,nhóm cố vấn lục quân Mỹ (về vấn đề cảnh vệ quốc gia),FALSE,,,img_1713.jpg,FALSE
1713,Military Dictionary,USAAGPC (United States Army Adjutant General Publication Center),,,,trung tâm xuất bản của cục quản lý hành chính lục quân Mỹ,FALSE,,,img_1713.jpg,FALSE
1713,Military Dictionary,USAAGS (United States Army Adjutant General's School),,,,trường quản lý hành chính lục quân Mỹ,FALSE,,,img_1713.jpg,FALSE
1713,Military Dictionary,USAAMC (United States Army Artillery and Missile Center),,,,trung tâm pháo binh và tên lửa phòng không lục quân Mỹ,FALSE,,,img_1713.jpg,FALSE
1713,Military Dictionary,USAAMS (United States Army Artillery and Missile School),,,,trường pháo binh và tên lửa phòng không có điều khiển lục quân Mỹ,FALSE,,,img_1713.jpg,FALSE
1713,Military Dictionary,USAAPSA (United States Army Ammunition Procurement and Supply Agency),,,,cơ quan mua hàng dự trữ và tiếp tế đạn dược lục quân Mỹ,FALSE,,,img_1713.jpg,FALSE
1713,Military Dictionary,USAARMBD (United States Army Armor Board),,,,ủy ban lực lượng tăng thiết giáp lục quân Mỹ,FALSE,,,img_1713.jpg,FALSE
1713,Military Dictionary,USAARMC (United States Army Armor Center),,,,trung tâm lực lượng tăng thiết giáp lục quân Mỹ,FALSE,,,img_1713.jpg,FALSE
1713,Military Dictionary,USAARMHRU (United States Army Armor Human Research Unit),,,,cục nghiên cứu vấn đề huấn luyện và sử dụng lực lượng tăng thiết giáp lục quân Mỹ,FALSE,,,img_1713.jpg,FALSE
1713,Military Dictionary,USAARMS (United States Army Armor School),,,,trường tăng thiết giáp lục quân Mỹ,FALSE,,,img_1713.jpg,FALSE
1713,Military Dictionary,USAARTYBD (United States Army Artillery Board),,,,ủy ban pháo binh lục quân Mỹ,FALSE,,,img_1713.jpg,FALSE
1713,Military Dictionary,USAARU (United States Army Aeromedical Research Unit),,,,cục nghiên cứu y học hàng không lục quân Mỹ,FALSE,,,img_1713.jpg,FALSE
1714,Military Dictionary,USAASC (United States Army Aerial Support Center),,,,trung tâm bảo đảm chi viện không quân lục quân Mỹ,FALSE,,,img_1714.jpg,FALSE
1714,Military Dictionary,USAASC (United States Army Airlift Support Command),,,,bộ chỉ huy bảo đảm vận tải đường không lục quân Mỹ,FALSE,,,img_1714.jpg,FALSE
1714,Military Dictionary,USAATBD (United States Army Arctic Test Board),,,,ủy ban thử nghiệm Bắc Cực của lục quân Mỹ,FALSE,,,img_1714.jpg,FALSE
1714,Military Dictionary,USAATC (United States Army Arctic Test Center),,,,trung tâm thử nghiệm Bắc Cực của lục quân Mỹ,FALSE,,,img_1714.jpg,FALSE
1714,Military Dictionary,USAATCO (United States Army Air Traffic Coordinating Office),,,,văn phòng hiệp đồng vận tải đường không lục quân Mỹ,FALSE,,,img_1714.jpg,FALSE
1714,Military Dictionary,USAAVCOM (United States Army Aviation Materiel Command),,,,bộ chỉ huy bảo đảm vật chất kỹ thuật không quân Mỹ,FALSE,,,img_1714.jpg,FALSE
1714,Military Dictionary,USAAVNBD (United States Army Aviation Board),,,,ủy ban không quân Mỹ,FALSE,,,img_1714.jpg,FALSE
1714,Military Dictionary,USAAVNC (United States Army Aviation Center),,,,trung tâm không quân Mỹ,FALSE,,,img_1714.jpg,FALSE
1714,Military Dictionary,USAAVNHRU (United States Army Aviation Human Research Unit),,,,cục nghiên cứu huấn luyện và sử dụng lực lượng không quân Mỹ,FALSE,,,img_1714.jpg,FALSE
1714,Military Dictionary,USAAVNS (United States Army Aviation School),,,,trường sĩ quan không quân Mỹ,FALSE,,,img_1714.jpg,FALSE
1714,Military Dictionary,USAAVNTA (United States Army Aviation Test Activity),,,,trung tâm thử nghiệm kỹ thuật không quân Mỹ,FALSE,,,img_1714.jpg,FALSE
1714,Military Dictionary,USAAVNTBD (United States Army Aviation Test Board),,,,hội đồng thử nghiệm kỹ thuật không quân Mỹ,FALSE,,,img_1714.jpg,FALSE
1714,Military Dictionary,USAB (United States Army barracks),,,,doanh trại lục quân Mỹ,FALSE,,,img_1714.jpg,FALSE
1714,Military Dictionary,"USAB (United States Army, Berlin)",,,,lực lượng lục quân Mỹ ở Tây Béclin,FALSE,,,img_1714.jpg,FALSE
1714,Military Dictionary,USABAAR (United States Army Board for Aviation Accident Research),,,,hội đồng nghiên cứu tai nạn bay của không quân Mỹ,FALSE,,,img_1714.jpg,FALSE
1714,Military Dictionary,USABIOLABS (United States Army Biological Laboratories),,,,phòng thí nghiệm sinh học lục quân Mỹ,FALSE,,,img_1714.jpg,FALSE
1714,Military Dictionary,"USABVAPAC (United States Army Broadcasting and Visual Activities, Pacific)",,,,cục phát thanh và truyền hình lục quân Mỹ ở khu vực Thái Bình Dương,FALSE,,,img_1714.jpg,FALSE
1714,Military Dictionary,USAC (United States Army Corps),,,,quân đoàn lục quân Mỹ,FALSE,,,img_1714.jpg,FALSE
1714,Military Dictionary,USACA (United States Army Communications Agency),,,,cục thông tin liên lạc lục quân Mỹ,FALSE,,,img_1714.jpg,FALSE
1714,Military Dictionary,USACAS (United States Army Civil Affairs School),,,,trường sĩ quan dân chính lục quân Mỹ,FALSE,,,img_1714.jpg,FALSE
1714,Military Dictionary,USACBRWOC (United States Army CBR Weapons Orientation Course),,,,"khoá huấn luyện sử dụng vũ khí hoá học, vi trùng và phóng xạ của lục quân Mỹ",FALSE,,,img_1714.jpg,FALSE
1714,Military Dictionary,USACCIA (United States Army Chemical Corps Intelligence Agency),,,,cục tình báo ngành hoá học lục quân Mỹ,FALSE,,,img_1714.jpg,FALSE
1714,Military Dictionary,USACCSA (United States Army Command and Control Support Agency),,,,cục bảo đảm chỉ huy và kiểm soát lục quân Mỹ,FALSE,,,img_1714.jpg,FALSE
1714,Military Dictionary,USACCTC (United States Army Chemical Corps Technical Committee),,,,ủy ban kỹ thuật ngành hoá học lục quân Mỹ,FALSE,,,img_1714.jpg,FALSE
1714,Military Dictionary,USACDA (United States Arms Control and Disarmament Agency),,,,cơ quan kiểm soát vũ khí và giải trừ quân bị của Mỹ,FALSE,,,img_1714.jpg,FALSE
1714,Military Dictionary,USACDC (United States Army Combat Developments Command),,,,bộ chỉ huy nghiên cứu chiến đấu lục quân Mỹ; bộ chỉ huy xây dựng lực lượng và huấn luyện chiến đấu lục quân Mỹ,FALSE,,,img_1714.jpg,FALSE
1714,Military Dictionary,USACDCAGA (United States Army Combat Developments Command Adjutant General Agency),,,,cục quản lý hành chính bộ chỉ huy nghiên cứu chiến đấu lục quân Mỹ,FALSE,,,img_1714.jpg,FALSE
1714,Military Dictionary,USACDCARMA (United States Army Combat Developments Command Armor Agency),,,,cục xe tăng bọc thép bộ chỉ huy nghiên cứu chiến đấu của lục quân Mỹ,FALSE,,,img_1714.jpg,FALSE
1714,Military Dictionary,USACDCARTYA (United States Army Combat Developments Command Artillery Agency),,,,cục pháo binh bộ chỉ huy nghiên cứu chiến đấu lục quân Mỹ,FALSE,,,img_1714.jpg,FALSE
1715,Military Dictionary,USACDCAVNA (United States Army Combat Developments Command Aviation Agency),,,,cục không quân bộ chỉ huy nghiên cứu chiến đấu lục quân Mỹ,FALSE,,,img_1715.jpg,FALSE
1715,Military Dictionary,USACDCCAA (United States Army Combat Developments Command Civil Affairs Agency),,,,cục dân chính bộ chỉ huy nghiên cứu chiến đấu lục quân Mỹ,FALSE,,,img_1715.jpg,FALSE
1715,Military Dictionary,USACDCCAG (United States Army Combat Developments Command Combined Arms Group),,,,nhóm binh chủng hợp thành của bộ chỉ huy nghiên cứu chiến đấu lục quân Mỹ,FALSE,,,img_1715.jpg,FALSE
1715,Military Dictionary,USACDCCARMSA (United States Army Combat Developments Command Combined Arms Agency),,,,cục binh chủng hợp thành bộ chỉ huy nghiên cứu chiến đấu lục quân Mỹ,FALSE,,,img_1715.jpg,FALSE
1715,Military Dictionary,USACDCCBRA (United States Army Combat Developments Command Chemical-Biological-Radiological Agency),,,,"cục vũ khí hoá học, vi trùng, phóng xạ bộ chỉ huy nghiên cứu chiến đấu lục quân Mỹ",FALSE,,,img_1715.jpg,FALSE
1715,Military Dictionary,USACDCCEA (United States Army Combat Developments Command Communications-Electronics Agency),,,,cục phương tiện thông tin liên lạc và vô tuyến điện tử bộ chỉ huy nghiên cứu chiến đấu lục quân Mỹ,FALSE,,,img_1715.jpg,FALSE
1715,Military Dictionary,USACDCCHA (United States Army Combat Developments Command Chaplain Agency),,,,cục tuyên úy bộ chỉ huy nghiên cứu chiến đấu lục quân Mỹ,FALSE,,,img_1715.jpg,FALSE
1715,Military Dictionary,USACDCCSSG (United States Army Combat Developments Command Combat Service Support Group),,,,nhóm phục vụ và chi viện các đơn vị chiến đấu của bộ chỉ huy nghiên cứu chiến đấu lục quân Mỹ,FALSE,,,img_1715.jpg,FALSE
1715,Military Dictionary,USACDCEA (United States Army Combat Developments Command Engineer Agency),,,,cục công binh bộ chỉ huy nghiên cứu chiến đấu lục quân Mỹ,FALSE,,,img_1715.jpg,FALSE
1715,Military Dictionary,USACDCEC (United States Army Combat Developments Command Experimentation Center),,,,trung tâm nghiên cứu thử nghiệm của bộ chỉ huy nghiên cứu chiến đấu lục quân Mỹ,FALSE,,,img_1715.jpg,FALSE
1715,Military Dictionary,USACDCIA (United States Army Combat Developments Command Infantry Agency),,,,cục bộ binh bộ chỉ huy nghiên cứu chiến đấu lục quân Mỹ,FALSE,,,img_1715.jpg,FALSE
1715,Military Dictionary,USACDCIAS (United States Army Combat Developments Command Institute of Advanced Studies),,,,viện nghiên cứu bộ chỉ huy nghiên cứu chiến đấu lục quân Mỹ,FALSE,,,img_1715.jpg,FALSE
1715,Military Dictionary,USACDCINTA (United States Army Combat Developments Command Intelligence Agency),,,,cục tình báo bộ chỉ huy nghiên cứu chiến đấu lục quân Mỹ,FALSE,,,img_1715.jpg,FALSE
1715,Military Dictionary,USACDCJAA (United States Army Combat Developments Command Judge Advocate Agency),,,,cục quân luật bộ chỉ huy nghiên cứu chiến đấu lục quân Mỹ,FALSE,,,img_1715.jpg,FALSE
1715,Military Dictionary,USACDCMPA (United States Army Combat Developments Command Military Police Agency),,,,cục quân cảnh bộ chỉ huy nghiên cứu chiến đấu lục quân Mỹ,FALSE,,,img_1715.jpg,FALSE
1715,Military Dictionary,USACDCMSA (United States Army Combat Developments Command Medical Service Agency),,,,cục quân y bộ chỉ huy nghiên cứu chiến đấu lục quân Mỹ,FALSE,,,img_1715.jpg,FALSE
1715,Military Dictionary,USACDCNG (United States Army Combat Developments Command Nuclear Group),,,,nhóm hạt nhân bộ chỉ huy nghiên cứu chiến đấu lục quân Mỹ,FALSE,,,img_1715.jpg,FALSE
1715,Military Dictionary,USACDCOA (United States Army Combat Developments Command Ordnance Agency),,,,cục kỹ thuật pháo binh bộ chỉ huy nghiên cứu chiến đấu lục quân Mỹ,FALSE,,,img_1715.jpg,FALSE
1715,Military Dictionary,USACDCQMA (United States Army Combat Developments Command Quartermaster Agency),,,,cục quân nhu bộ chỉ huy nghiên cứu chiến đấu lục quân Mỹ,FALSE,,,img_1715.jpg,FALSE
1716,Military Dictionary,USACDCSWA (United States Army Combat Developments Command Special Warfare Agency),,,,cục tiến hành chiến tranh đặc biệt bộ chỉ huy nghiên cứu chiến đấu lục quân Mỹ,FALSE,,,img_1716.jpg,FALSE
1716,Military Dictionary,USACDCSWG (United States Army Combat Developments Command Special Warfare Group),,,,nhóm tiến hành chiến tranh đặc biệt bộ chỉ huy nghiên cứu chiến đấu lục quân Mỹ,FALSE,,,img_1716.jpg,FALSE
1716,Military Dictionary,USACDCTA (United States Army Combat Developments Command Transportation Agency),,,,cục vận tải bộ chỉ huy nghiên cứu chiến đấu lục quân Mỹ,FALSE,,,img_1716.jpg,FALSE
1716,Military Dictionary,USACETAF (United States Army Southern European Task Force),,,,lực lượng đặc nhiệm lục quân Mỹ ở khu vực Nam Âu,FALSE,,,img_1716.jpg,FALSE
1716,Military Dictionary,USACFSC (United States Army Community and Family Support Center),,,,"trung tâm hỗ trợ cộng đồng và gia đình của lục quân Mỹ, trung tâm hỗ trợ các tổ chức xã hội, dân chúng địa phương và gia đình của lục quân Mỹ",FALSE,,,img_1716.jpg,FALSE
1716,Military Dictionary,USACGSC (United States Army Command and General Staff College),,,,trường chỉ huy - tham mưu lục quân Mỹ,FALSE,,,img_1716.jpg,FALSE
1716,Military Dictionary,USACIDC (United States Army Criminal Investigations Command),,,,bộ chỉ huy điều tra tội phạm lục quân Mỹ,FALSE,,,img_1716.jpg,FALSE
1716,Military Dictionary,USACIR (United States Army Criminal Investigation Repository),,,,cơ quan lưu trữ ngành nghiên cứu tội phạm lục quân Mỹ,FALSE,,,img_1716.jpg,FALSE
1716,Military Dictionary,USACMLCS (United States Army Chemical Center and School),,,,trung tâm và trường sĩ quan hoá học lục quân Mỹ,FALSE,,,img_1716.jpg,FALSE
1716,Military Dictionary,USACOM (United States Atlantic Command),,,,bộ tư lệnh Đại Tây Dương của Mỹ,FALSE,,,img_1716.jpg,FALSE
1716,Military Dictionary,"USACOMZEUR (United States Army Communications Zone, Europe)",,,,khu vực giao thông liên lạc lục quân Mỹ ở châu Âu,FALSE,,,img_1716.jpg,FALSE
1716,Military Dictionary,USACRF (United States Army Counterintelligence Records Facility),,,,cơ quan lưu trữ phản gián lục quân Mỹ,FALSE,,,img_1716.jpg,FALSE
1716,Military Dictionary,USACSA (United States Army Combat Surveillance Agency),,,,cục (phương tiện) giám sát chiến trường lục quân Mỹ,FALSE,,,img_1716.jpg,FALSE
1716,Military Dictionary,USACSC (United States Army Computer Service Center),,,,trung tâm kiểm toán lục quân Mỹ,FALSE,,,img_1716.jpg,FALSE
1716,Military Dictionary,USACSTATC (United States Army Combat Surveillance and Target Acquisition Training Command),,,,bộ chỉ huy huấn luyện chuyên gia quan sát chiến trường và phát hiện mục tiêu lục quân Mỹ,FALSE,,,img_1716.jpg,FALSE
1716,Military Dictionary,USACTC (United States Army Clothing and Textile Center),,,,trung tâm nghiên cứu quân trang vải vóc lục quân Mỹ,FALSE,,,img_1716.jpg,FALSE
1716,Military Dictionary,USACTMC (United States Army Clothing and Textile Materiel Center),,,,trung tâm phân phối quân trang vải vóc lục quân Mỹ,FALSE,,,img_1716.jpg,FALSE
1716,Military Dictionary,USAD (United States Army Depot),,,,kho lục quân Mỹ,FALSE,,,img_1716.jpg,FALSE
1716,Military Dictionary,USAD (United States Army Dispensary),,,,bệnh xá lục quân Mỹ,FALSE,,,img_1716.jpg,FALSE
1716,Military Dictionary,USADCADA (United States Army Combat Developments Command Air Defense Agency),,,,cục phòng không bộ chỉ huy nghiên cứu chiến đấu lục quân Mỹ,FALSE,,,img_1716.jpg,FALSE
1716,Military Dictionary,USADEG (United States Army Dependents' Education Group),,,,nhóm đào tạo giáo dục con em quân nhân lục quân Mỹ,FALSE,,,img_1716.jpg,FALSE
1716,Military Dictionary,"USADJ (United States Army Depot, Japan)",,,,kho lục quân Mỹ ở Nhật Bản,FALSE,,,img_1716.jpg,FALSE
1716,Military Dictionary,USADPC (United States Army Data Processing Center),,,,trung tâm xử lý dữ liệu lục quân Mỹ,FALSE,,,img_1716.jpg,FALSE
1716,Military Dictionary,USADRB (United States Army Discharge Review Board),,,,hội đồng xét chuyển hạng phục vụ (tại ngũ sang dự bị) quân đội Mỹ,FALSE,,,img_1716.jpg,FALSE
1716,Military Dictionary,USADSC (United States Army Data Services and Administrative Systems Command),,,,bộ chỉ huy bảo đảm dữ liệu và hệ thống hành chính lục quân Mỹ,FALSE,,,img_1716.jpg,FALSE
1716,Military Dictionary,USAECFB (United States Army Engineer Center and Fort Belvoir),,,,trung tâm công binh lục quân Mỹ Phót Benvoi,FALSE,,,img_1716.jpg,FALSE
1717,Military Dictionary,USAECOM (United States Army Electronics Command),,,,bộ chỉ huy phương tiện điện tử lục quân Mỹ,FALSE,,,img_1717.jpg,FALSE
1717,Military Dictionary,USAECR (United States Army Engineer Center Regiment),,,,trung đoàn (huấn luyện) của trung tâm công binh lục quân Mỹ,FALSE,,,img_1717.jpg,FALSE
1717,Military Dictionary,USAEEC (United States Army Enlisted Evaluation Center),,,,trung tâm đánh giá tân binh lục quân Mỹ,FALSE,,,img_1717.jpg,FALSE
1717,Military Dictionary,USAEHA (United States Army Environmental Hygiene Agency),,,,cục vệ sinh môi trường lục quân Mỹ,FALSE,,,img_1717.jpg,FALSE
1717,Military Dictionary,USAEIS (United States Army Electronic Intelligence and Security),,,,tình báo thiết bị điện tử và an ninh lục quân Mỹ,FALSE,,,img_1717.jpg,FALSE
1717,Military Dictionary,USAELPA (United States Army Electronics Patent Activity),,,,cơ quan sáng chế thiết bị điện tử lục quân Mỹ,FALSE,,,img_1717.jpg,FALSE
1717,Military Dictionary,USAELRO (United States Army Electronics Logistics Research Office),,,,văn phòng nghiên cứu bảo đảm thiết bị điện tử lục quân Mỹ,FALSE,,,img_1717.jpg,FALSE
1717,Military Dictionary,USAELRU (United States Army Electronics Research Unit),,,,cục nghiên cứu khoa học điện tử lục quân Mỹ,FALSE,,,img_1717.jpg,FALSE
1717,Military Dictionary,USAEMA (United States Army Electronics Materiel Agency),,,,cục thiết bị điện tử lục quân Mỹ,FALSE,,,img_1717.jpg,FALSE
1717,Military Dictionary,USAEPG (United States Army Electronics Proving Ground),,,,trường bắn thử nghiệm thiết bị điện tử lục quân Mỹ,FALSE,,,img_1717.jpg,FALSE
1717,Military Dictionary,USAERDA (United States Army Electronic Research and Development Agency),,,,cục nghiên cứu phát triển thiết bị điện tử lục quân Mỹ,FALSE,,,img_1717.jpg,FALSE
1717,Military Dictionary,USAERDL (United States Army Engineer Research and Development Laboratories),,,,phòng thí nghiệm nghiên cứu kỹ thuật và chế thử của lục quân Mỹ,FALSE,,,img_1717.jpg,FALSE
1717,Military Dictionary,USAES (United States Army Engineer School),,,,trường sĩ quan công binh lục quân Mỹ,FALSE,,,img_1717.jpg,FALSE
1717,Military Dictionary,USAF (United States Air Force),,,,"không quân Mỹ, lực lượng không quân Mỹ",FALSE,,,img_1717.jpg,FALSE
1717,Military Dictionary,USAFA (United States Air Force Academy),,,,học viện không quân Mỹ; viện hàn lâm của lực lượng không quân Mỹ; trường đào tạo sĩ quan sơ cấp không quân Mỹ,FALSE,,,img_1717.jpg,FALSE
1717,Military Dictionary,USAFE (United States Air Force in Europe),,,,(lực lượng) không quân Mỹ ở châu Âu,FALSE,,,img_1717.jpg,FALSE
1717,Military Dictionary,"USAFEP (United States Air Force, Europe pamphlet)",,,,sổ tay không quân Mỹ ở châu Âu,FALSE,,,img_1717.jpg,FALSE
1717,Military Dictionary,USAFI (United States Armed Forces Institute),,,,viện nghiên cứu các lực lượng vũ trang Mỹ,FALSE,,,img_1717.jpg,FALSE
1717,Military Dictionary,"USAFLANT (United States Air Forces, Atlantic)",,,,(lực lượng) không quân Mỹ ở Đại Tây Dương,FALSE,,,img_1717.jpg,FALSE
1717,Military Dictionary,USAFR (United States Air Force Reserve),,,,lực lượng dự bị của không quân Mỹ,FALSE,,,img_1717.jpg,FALSE
1717,Military Dictionary,USAFS (United States Army Finance School),,,,trường tài chính lục quân Mỹ,FALSE,,,img_1717.jpg,FALSE
1717,Military Dictionary,"USAFSE (United States Air Force, Southern Europe)",,,,(lực lượng) không quân Mỹ ở Nam Âu,FALSE,,,img_1717.jpg,FALSE
1717,Military Dictionary,USAFSO (United States Air Force Southern Command),,,,bộ tư lệnh miền Nam của không quân Mỹ,FALSE,,,img_1717.jpg,FALSE
1717,Military Dictionary,"USAFSOC (United States Air Force, Special Operations Command)",,,,bộ tư lệnh lực lượng tác chiến đặc biệt của không quân Mỹ,FALSE,,,img_1717.jpg,FALSE
1717,Military Dictionary,"USAFSOF (United States Air Force, Special Operations Forces)",,,,lực lượng tác chiến đặc biệt của không quân Mỹ,FALSE,,,img_1717.jpg,FALSE
1717,Military Dictionary,USAFSS (United States Air Force Security Service),,,,ngành an ninh không quân Mỹ,FALSE,,,img_1717.jpg,FALSE
1717,Military Dictionary,USAFSTRIKE (United States Air Forces Strike Command),,,,bộ tư lệnh xung kích không quân Mỹ,FALSE,,,img_1717.jpg,FALSE
1717,Military Dictionary,USAFTS (United States Air Force Technical School),,,,trường kỹ thuật không quân Mỹ,FALSE,,,img_1717.jpg,FALSE
1717,Military Dictionary,USAG (United States Army Garrison),,,,doanh trại lục quân Mỹ,FALSE,,,img_1717.jpg,FALSE
1717,Military Dictionary,"USAGIMRADA (United States Army Geodesy, Intelligence and Mapping Research and Development Agency)",,,,cục nghiên cứu trắc địa bản đồ địa hình và nghiên cứu chiến trường lục quân Mỹ,FALSE,,,img_1717.jpg,FALSE
1718,Military Dictionary,USAH (United States Army Hospital),,,,viện quân y lục quân Mỹ,FALSE,,,img_1718.jpg,FALSE
1718,Military Dictionary,USAHTN (United States Army Hometown News Center),,,,trung tâm tin tức hậu phương cho quân nhân Mỹ,FALSE,,,img_1718.jpg,FALSE
1718,Military Dictionary,USAIB (United States Army Infantry Board),,,,ủy ban bộ binh lục quân Mỹ,FALSE,,,img_1718.jpg,FALSE
1718,Military Dictionary,USAIC (United States Army Infantry Center),,,,trung tâm bộ binh lục quân Mỹ,FALSE,,,img_1718.jpg,FALSE
1718,Military Dictionary,USAICA (United States Army Interagency Communications Agency),,,,cục thông tin liên lạc liên bộ lục quân Mỹ,FALSE,,,img_1718.jpg,FALSE
1718,Military Dictionary,USAIDR (United States Army Institute of Dental Research),,,,viện nghiên cứu nha khoa lục quân Mỹ,FALSE,,,img_1718.jpg,FALSE
1718,Military Dictionary,USAINFHRU (United States Army Infantry Human Research Unit),,,,đơn vị thử nghiệm nghiên cứu đào tạo và sử dụng (lực lượng) bộ binh lục quân Mỹ,FALSE,,,img_1718.jpg,FALSE
1718,Military Dictionary,USAINTB (United States Army Intelligence Board),,,,hội đồng tình báo lục quân Mỹ,FALSE,,,img_1718.jpg,FALSE
1718,Military Dictionary,USAINTC (United States Army Intelligence Center),,,,trung tâm tình báo lục quân Mỹ,FALSE,,,img_1718.jpg,FALSE
1718,Military Dictionary,USAINTC (United States Army Intelligence Command),,,,bộ tư lệnh tình báo lục quân Mỹ,FALSE,,,img_1718.jpg,FALSE
1718,Military Dictionary,USAINTCA (United States Army Intelligence Corps Agency),,,,cục tình báo lục quân Mỹ,FALSE,,,img_1718.jpg,FALSE
1718,Military Dictionary,USAINTELMDA (United States Army Intelligence Materiel Developments Agency),,,,cục nghiên cứu thiết bị kỹ thuật tình báo lục quân Mỹ,FALSE,,,img_1718.jpg,FALSE
1718,Military Dictionary,USAINTS (United States Army Intelligence School),,,,trường tình báo lục quân Mỹ,FALSE,,,img_1718.jpg,FALSE
1718,Military Dictionary,USAIRA (United States Air Attache),,,,tuỳ viên không quân Mỹ,FALSE,,,img_1718.jpg,FALSE
1718,Military Dictionary,USAIS (United States Army Infantry School),,,,trường bộ binh lục quân Mỹ,FALSE,,,img_1718.jpg,FALSE
1718,Military Dictionary,USAIS (United States Army Intelligence School),,,,trường tình báo lục quân Mỹ,FALSE,,,img_1718.jpg,FALSE
1718,Military Dictionary,USAITAC (United States Army Intelligence Threat Analysis Center),,,,trung tâm phân tích các mối đe dọa của tình báo lục quân Mỹ,FALSE,,,img_1718.jpg,FALSE
1718,Military Dictionary,USAJFKSWC (United States Army John F. Kennedy Special Warfare Center),,,,trung tâm chiến tranh đặc biệt (mang tên) Giôn F. Kennơđi của lục quân Mỹ,FALSE,,,img_1718.jpg,FALSE
1718,Military Dictionary,"USALCJ (United States Army Logistical Center, Japan)",,,,trung tâm bảo đảm hậu cần lục quân Mỹ ở Nhật Bản,FALSE,,,img_1718.jpg,FALSE
1718,Military Dictionary,"USALDJ (United States Army Logistics Depot, Japan)",,,,kho tàng hậu cần lục quân Mỹ ở Nhật Bản,FALSE,,,img_1718.jpg,FALSE
1718,Military Dictionary,USALDRHRU (United States Army Leadership Human Research Unit),,,,đơn vị thử nghiệm nghiên cứu huấn luyện và sử dụng lực lượng lục quân Mỹ,FALSE,,,img_1718.jpg,FALSE
1718,Military Dictionary,USALMC (United States Army Logistics Management Center),,,,trung tâm điều hành hậu cần lục quân Mỹ,FALSE,,,img_1718.jpg,FALSE
1718,Military Dictionary,USALS (United States Army Language School),,,,trường ngoại ngữ lục quân Mỹ,FALSE,,,img_1718.jpg,FALSE
1718,Military Dictionary,USALWL (United States Army Limited War Laboratory),,,,phòng thử nghiệm nghiên cứu chiến tranh hạn chế lục quân Mỹ,FALSE,,,img_1718.jpg,FALSE
1718,Military Dictionary,USAMB (United States Army Maintenance Board),,,,hội đồng bảo dưỡng kỹ thuật và sửa chữa lục quân Mỹ,FALSE,,,img_1718.jpg,FALSE
1718,Military Dictionary,USAMC (United States Army Materiel Command),,,,bộ tư lệnh bảo đảm trang bị kỹ thuật lục quân Mỹ,FALSE,,,img_1718.jpg,FALSE
1718,Military Dictionary,USAMC (United States Army Missile Command),,,,bộ tư lệnh tên lửa lục quân Mỹ,FALSE,,,img_1718.jpg,FALSE
1718,Military Dictionary,USAMCC (United States Army Metrology and Calibration Center),,,,trung tâm đo lường và kiểm định lục quân Mỹ,FALSE,,,img_1718.jpg,FALSE
1718,Military Dictionary,USAMD (United States Army Medical Depot),,,,kho thiết bị quân y lục quân Mỹ,FALSE,,,img_1718.jpg,FALSE
1718,Military Dictionary,USAMDPC (United States Army Maintenance Data Processing Center),,,,trung tâm xử lý dữ liệu về yêu cầu sửa chữa lục quân Mỹ,FALSE,,,img_1718.jpg,FALSE
1719,Military Dictionary,USAMEDCOM (United States Army Medical Command),,,,bộ tư lệnh quân y lục quân Mỹ,FALSE,,,img_1719.jpg,FALSE
1719,Military Dictionary,USAMEDTC (United States Army Medical Training Center),,,,trung tâm đào tạo quân y lục quân Mỹ,FALSE,,,img_1719.jpg,FALSE
1719,Military Dictionary,USAMERCC (United States Army Middle East Regional Communications Command),,,,bộ tư lệnh thông tin liên lạc khu vực Trung Cận Đông lục quân Mỹ,FALSE,,,img_1719.jpg,FALSE
1719,Military Dictionary,USAMERDL (United States Army Medical Equipment Research and Development Laboratory),,,,phòng thí nghiệm nghiên cứu thiết bị y học lục quân Mỹ,FALSE,,,img_1719.jpg,FALSE
1719,Military Dictionary,USAMMA (United States Army Medical Materiel Agency),,,,cục bảo đảm vật chất quân y lục quân Mỹ,FALSE,,,img_1719.jpg,FALSE
1719,Military Dictionary,USAMMT (United States Army Military Mail Terminal),,,,trạm quân bưu lục quân Mỹ,FALSE,,,img_1719.jpg,FALSE
1719,Military Dictionary,USAMOCOM (United States Army Mobility Command),,,,bộ chỉ huy các phương tiện bảo đảm cơ động lục quân Mỹ,FALSE,,,img_1719.jpg,FALSE
1719,Military Dictionary,USAMP (United States Army Mine Planter),,,,máy rải mìn dùng trong lục quân Mỹ,FALSE,,,img_1719.jpg,FALSE
1719,Military Dictionary,USAMPS (United States Army Military Police School),,,,trường quân cảnh lục quân Mỹ,FALSE,,,img_1719.jpg,FALSE
1719,Military Dictionary,USAMRDC (United States Army Medical Research and Development Command),,,,bộ chỉ huy nghiên cứu y học lục quân Mỹ,FALSE,,,img_1719.jpg,FALSE
1719,Military Dictionary,USAMRL (United States Army Medical Research Laboratory),,,,phòng thí nghiệm y học lục quân Mỹ,FALSE,,,img_1719.jpg,FALSE
1719,Military Dictionary,USAMRNL (United States Army Medical Research and Nutrition Laboratory),,,,phòng thí nghiệm nghiên cứu y học dinh dưỡng lục quân Mỹ,FALSE,,,img_1719.jpg,FALSE
1719,Military Dictionary,USAMRU (United States Army Medical Research Unit),,,,đơn vị nghiên cứu y học lục quân Mỹ,FALSE,,,img_1719.jpg,FALSE
1719,Military Dictionary,USAMS (United States Army Management School),,,,trường quản lý hành chính lục quân Mỹ,FALSE,,,img_1719.jpg,FALSE
1719,Military Dictionary,USAMUCOM (United States Army Munitions Command),,,,bộ chỉ huy cung cấp đạn dược lục quân Mỹ,FALSE,,,img_1719.jpg,FALSE
1719,Military Dictionary,USANWCG (United States Army Nuclear Weapon Coordination Group),,,,nhóm hiệp đồng về vấn đề vũ khí hạt nhân lục quân Mỹ,FALSE,,,img_1719.jpg,FALSE
1719,Military Dictionary,USANWSG (United States Army Nuclear Weapon Systems Surety Group),,,,nhóm bảo đảm an toàn các hệ thống vũ khí hạt nhân lục quân Mỹ,FALSE,,,img_1719.jpg,FALSE
1719,Military Dictionary,USANWTC (United States Army Northern Warfare Training Center),,,,trung tâm huấn luyện tác chiến ở các khu vực phía Bắc lục quân Mỹ,FALSE,,,img_1719.jpg,FALSE
1719,Military Dictionary,USAO (United States Attorney Office),,,,văn phòng luật sư Mỹ,FALSE,,,img_1719.jpg,FALSE
1719,Military Dictionary,USAOC&S (United States Army Ordnance Center and School),,,,trung tâm và trường kỹ thuật pháo binh lục quân Mỹ,FALSE,,,img_1719.jpg,FALSE
1719,Military Dictionary,USAOEC (United States Army Officer Evaluation Center),,,,trung tâm kiểm tra đánh giá (đội ngũ) sĩ quan lục quân Mỹ,FALSE,,,img_1719.jpg,FALSE
1719,Military Dictionary,USAOGMS (United States Army Ordnance Guided Missile School),,,,trường kỹ thuật tên lửa lục quân Mỹ,FALSE,,,img_1719.jpg,FALSE
1719,Military Dictionary,USAOSA (United States Army Overseas Supply Agency),,,,cục tiếp tế lục quân Mỹ ở khu vực nước ngoài,FALSE,,,img_1719.jpg,FALSE
1719,Military Dictionary,USAOSREPLSTA (United States Army Oversea Replacement Station),,,,trạm tiếp nhận quân bổ sung cho chiến trường ngoài nước của lục quân Mỹ,FALSE,,,img_1719.jpg,FALSE
1719,Military Dictionary,USAPA (United States Army Photographic Agency),,,,cục chụp ảnh lục quân Mỹ,FALSE,,,img_1719.jpg,FALSE
1719,Military Dictionary,"USAPATACE (United States Army Publications and Training Aids Center, Europe)",,,,trung tâm xuất bản giáo trình và tài liệu học tập lục quân Mỹ ở châu Âu,FALSE,,,img_1719.jpg,FALSE
1719,Military Dictionary,USAPC (United States Army Petroleum Center),,,,trung tâm cung cấp nhiên liệu lục quân Mỹ,FALSE,,,img_1719.jpg,FALSE
1719,Military Dictionary,USAPERSCEN (United States Army Personnel Center),,,,trung tâm tính toán và điều động lực lượng lục quân Mỹ,FALSE,,,img_1719.jpg,FALSE
1720,Military Dictionary,USAPHS (United States Army Primary Helicopter School),,,,trường huấn luyện bay ban đầu trên máy bay trực thăng không quân Mỹ,FALSE,,,img_1720.jpg,FALSE
1720,Military Dictionary,USAPIC (United States Army Photointerpretation Center),,,,trung tâm chụp ảnh lục quân Mỹ,FALSE,,,img_1720.jpg,FALSE
1720,Military Dictionary,USAPKI (US Army Peacekeeping Institute),,,,viện gìn giữ hoà bình lục quân Mỹ,FALSE,,,img_1720.jpg,FALSE
1720,Military Dictionary,USAQMCENFL (United States Army Quartermaster Center and Fort Lee),,,,trung tâm quân nhu lục quân Mỹ ở Phót Li,FALSE,,,img_1720.jpg,FALSE
1720,Military Dictionary,USAQMS (United States Army Quartermaster School),,,,trường quân nhu lục quân Mỹ,FALSE,,,img_1720.jpg,FALSE
1720,Military Dictionary,USAQMTC (United States Army Quartermaster Training Command),,,,bộ chỉ huy huấn luyện hậu cần lục quân Mỹ,FALSE,,,img_1720.jpg,FALSE
1720,Military Dictionary,USAR (United States Army),,,,lục quân Mỹ; quân đội Mỹ (có số),FALSE,,,img_1720.jpg,FALSE
1720,Military Dictionary,USAR (United States Army Reserve),,,,lực lượng dự bị lục quân Mỹ,FALSE,,,img_1720.jpg,FALSE
1720,Military Dictionary,USARADBD (United States Army Air Defence Board),,,,hội đồng phòng không lục quân Mỹ,FALSE,,,img_1720.jpg,FALSE
1720,Military Dictionary,USARADCOM (United States Army Air Defense Command),,,,bộ tư lệnh phòng không lục quân Mỹ,FALSE,,,img_1720.jpg,FALSE
1720,Military Dictionary,"USARAL (United States Army, Alaska)",,,,lực lượng lục quân Mỹ ở Alatxca,FALSE,,,img_1720.jpg,FALSE
1720,Military Dictionary,USARC (United States Army Reserve Center),,,,trung tâm lực lượng dự bị lục quân Mỹ,FALSE,,,img_1720.jpg,FALSE
1720,Military Dictionary,USARCEN (United States Army Records Center),,,,trung tâm thống kê lưu trữ lục quân Mỹ,FALSE,,,img_1720.jpg,FALSE
1720,Military Dictionary,USARCENT (United States Army Central Command),,,,bộ tư lệnh trung tâm của lục quân Mỹ,FALSE,,,img_1720.jpg,FALSE
1720,Military Dictionary,USARDL (United States Army Research and Development Laboratories),,,,phòng thí nghiệm nghiên cứu và phát triển lục quân Mỹ,FALSE,,,img_1720.jpg,FALSE
1720,Military Dictionary,USARECSTA (United States Army Reception Station),,,,trạm tiếp nhận tân binh lục quân Mỹ,FALSE,,,img_1720.jpg,FALSE
1720,Military Dictionary,"USAREUR (United States Army, Europe)",,,,(lực lượng) lục quân Mỹ ở châu Âu; quân đội Mỹ ở châu Âu,FALSE,,,img_1720.jpg,FALSE
1720,Military Dictionary,"USAREURC (United States Army, European Command)",,,,bộ tư lệnh lục quân Mỹ ở châu Âu,FALSE,,,img_1720.jpg,FALSE
1720,Military Dictionary,"USARFANT (United States Army Forces, Antilles)",,,,(lực lượng) lục quân Mỹ ở quần đảo Antilét,FALSE,,,img_1720.jpg,FALSE
1720,Military Dictionary,"USARFT (United States Army Forces, Taiwan)",,,,(lực lượng) lục quân Mỹ ở Đài Loan,FALSE,,,img_1720.jpg,FALSE
1720,Military Dictionary,"USARHAW (United States Army, Hawaii)",,,,(lực lượng) lục quân Mỹ ở quần đảo Haoai,FALSE,,,img_1720.jpg,FALSE
1720,Military Dictionary,USARIEM (United States Army Institute of Environmental Medicine),,,,viện y học sinh thái lục quân Mỹ,FALSE,,,img_1720.jpg,FALSE
1720,Military Dictionary,USARIS (United States Army Information School),,,,trường thông tin lục quân Mỹ,FALSE,,,img_1720.jpg,FALSE
1720,Military Dictionary,"USARJ (United States Army, Japan)",,,,(lực lượng) lục quân Mỹ ở Nhật Bản,FALSE,,,img_1720.jpg,FALSE
1720,Military Dictionary,"USARLANT (United States Army Forces, Atlantic)",,,,(lực lượng) lục quân Mỹ ở Đại Tây Dương,FALSE,,,img_1720.jpg,FALSE
1720,Military Dictionary,"USARLANT (United States Army, Atlantic Command)",,,,bộ tư lệnh Đại Tây Dương của lục quân Mỹ,FALSE,,,img_1720.jpg,FALSE
1720,Military Dictionary,USARMA (United States Army Attache),,,,tuỳ viên quân sự Mỹ,FALSE,,,img_1720.jpg,FALSE
1720,Military Dictionary,USARMIS (United States Army Mission),,,,phái đoàn đại diện lục quân Mỹ,FALSE,,,img_1720.jpg,FALSE
1720,Military Dictionary,USARMLO (United States Army Liaison Officer),,,,sĩ quan thông tin liên lạc lục quân Mỹ,FALSE,,,img_1720.jpg,FALSE
1720,Military Dictionary,"USARPAC (United States Army, Pacific)",,,,(lực lượng) lục quân Mỹ ở Thái Bình Dương,FALSE,,,img_1720.jpg,FALSE
1720,Military Dictionary,USARPAC (United States Army Pacific Command),,,,bộ tư lệnh Thái Bình Dương của lục quân Mỹ,FALSE,,,img_1720.jpg,FALSE
1720,Military Dictionary,USARSO (United States Army Forces Southern Command),,,,bộ tư lệnh miền Nam lục quân Mỹ,FALSE,,,img_1720.jpg,FALSE
1721,Military Dictionary,USARSTRIKE (United States Army Forces Strike Command),,,,bộ tư lệnh xung kích lục quân Mỹ,FALSE,,,img_1721.jpg,FALSE
1721,Military Dictionary,"USARYIS (United States Army, Ryukyu Islands)",,,,lực lượng lục quân Mỹ ở quần đảo Riukiu,FALSE,,,img_1721.jpg,FALSE
1721,Military Dictionary,USASA (United States Army Security Agency),,,,cơ quan an ninh lục quân Mỹ,FALSE,,,img_1721.jpg,FALSE
1721,Military Dictionary,USASATCOMA (United States Army Satellite Communications Agency),,,,cục thông tin liên lạc bằng vệ tinh nhân tạo lục quân Mỹ,FALSE,,,img_1721.jpg,FALSE
1721,Military Dictionary,USASC (United States Army Subsistence Center),,,,trung tâm cung cấp lương thực thực phẩm lục quân Mỹ,FALSE,,,img_1721.jpg,FALSE
1721,Military Dictionary,USASCC (United States Army Strategic Communications Command),,,,bộ tư lệnh phương tiện thông tin liên lạc chiến lược lục quân Mỹ,FALSE,,,img_1721.jpg,FALSE
1721,Military Dictionary,USASCS (United States Army Signal Center and School),,,,trung tâm và trường thông tin liên lạc lục quân Mỹ,FALSE,,,img_1721.jpg,FALSE
1721,Military Dictionary,USASESS (United States Army Southeastern Signal School),,,,trường thông tin liên lạc đông nam lục quân Mỹ,FALSE,,,img_1721.jpg,FALSE
1721,Military Dictionary,"USASEUR (United States Army School, Europe)",,,,trường lục quân Mỹ ở châu Âu,FALSE,,,img_1721.jpg,FALSE
1721,Military Dictionary,USASIS (United States Army Strategic Intelligence School),,,,trường tình báo chiến lược lục quân Mỹ,FALSE,,,img_1721.jpg,FALSE
1721,Military Dictionary,USASMC (United States Army Supply and Maintenance Command),,,,bộ chỉ huy tiếp tế và bảo dưỡng kỹ thuật lục quân Mỹ,FALSE,,,img_1721.jpg,FALSE
1721,Military Dictionary,USASOC (United States Army Special Operations Command),,,,bộ tư lệnh tác chiến đặc biệt lục quân Mỹ,FALSE,,,img_1721.jpg,FALSE
1721,Military Dictionary,USASSD (United States Army Special Security Detachment),,,,đội an ninh đặc biệt lục quân Mỹ,FALSE,,,img_1721.jpg,FALSE
1721,Military Dictionary,USASTC (United States Army Signal Training Center),,,,trung tâm huấn luyện thông tin liên lạc lục quân Mỹ,FALSE,,,img_1721.jpg,FALSE
1721,Military Dictionary,USASWS (United States Army Special Warfare School),,,,trường chiến tranh đặc biệt lục quân Mỹ,FALSE,,,img_1721.jpg,FALSE
1721,Military Dictionary,USAT (United States Army Transport),,,,vận tải quân sự Mỹ,FALSE,,,img_1721.jpg,FALSE
1721,Military Dictionary,USATAC (United States Army Tank-Automotive Center),,,,trung tâm xe tăng bọc thép và ô tô máy kéo lục quân Mỹ,FALSE,,,img_1721.jpg,FALSE
1721,Military Dictionary,USATC (United States Army Training Center),,,,trung tâm huấn luyện lục quân Mỹ,FALSE,,,img_1721.jpg,FALSE
1721,Military Dictionary,"USATCA (United States Army Terminal Command, Atlantic)",,,,bộ tư lệnh Đại Tây Dương phục vụ vận chuyển chi viện cho chiến trường của lục quân Mỹ,FALSE,,,img_1721.jpg,FALSE
1721,Military Dictionary,USATCFE (United States Army Transportation Center and Fort Eustis),,,,trung tâm ngành vận tải lục quân Mỹ ở Phót Ốstic,FALSE,,,img_1721.jpg,FALSE
1721,Military Dictionary,"USATCG (United States Army Terminal Command, Gulf)",,,,bộ tư lệnh phía Nam phục vụ vận chuyển chi viện cho chiến trường của lục quân Mỹ (ở vịnh Mêhicô),FALSE,,,img_1721.jpg,FALSE
1721,Military Dictionary,"USATCP (United States Army Terminal Command, Pacific)",,,,bộ tư lệnh phục vụ vận chuyển chi viện cho chiến trường của lục quân Mỹ ở Thái Bình Dương,FALSE,,,img_1721.jpg,FALSE
1721,Military Dictionary,USATEA (United States Army Transportation Engineering Agency),,,,cục kỹ thuật vận tải lục quân Mỹ,FALSE,,,img_1721.jpg,FALSE
1721,Military Dictionary,USATRECOM (United States Army Transportation Research Command),,,,bộ chỉ huy nghiên cứu vận tải lục quân Mỹ,FALSE,,,img_1721.jpg,FALSE
1721,Military Dictionary,USATSCH (United States Army Transportation School),,,,trường vận tải lục quân Mỹ,FALSE,,,img_1721.jpg,FALSE
1721,Military Dictionary,USAVETS (United States Army Veterinary School),,,,trường thú y lục quân Mỹ,FALSE,,,img_1721.jpg,FALSE
1721,Military Dictionary,USAWC (United States Army War College),,,,trường quân sự lục quân Mỹ,FALSE,,,img_1721.jpg,FALSE
1721,Military Dictionary,USAWECOM (United States Army Weapons Command),,,,bộ tư lệnh vũ khí lục quân Mỹ,FALSE,,,img_1721.jpg,FALSE
1721,Military Dictionary,USB (upper side band),,,,dải tần cận biên trên,FALSE,,,img_1721.jpg,FALSE
1721,Military Dictionary,USBP (United States Border Patrol),,,,lực lượng tuần tra biên giới của Mỹ,FALSE,,,img_1721.jpg,FALSE
1722,Military Dictionary,USBS (United States Bureau of Standards),,,,cục tiêu chuẩn Mỹ,FALSE,,,img_1722.jpg,FALSE
1722,Military Dictionary,USC (United States Code),,,,bộ luật quân sự Mỹ,FALSE,,,img_1722.jpg,FALSE
1722,Military Dictionary,USCENTAF (United States Central Command Air Forces),,,,không quân bộ tư lệnh trung tâm Mỹ,FALSE,,,img_1722.jpg,FALSE
1722,Military Dictionary,USCENTCOM (United States Central Command),,,,bộ tư lệnh trung tâm Mỹ,FALSE,,,img_1722.jpg,FALSE
1722,Military Dictionary,USCG (United States Coast Guard),,,,"lực lượng cảnh giới bờ biển Mỹ, biên phòng biển của Mỹ",FALSE,,,img_1722.jpg,FALSE
1722,Military Dictionary,USCGA (United States Coast Guard Academy),,,,học viện biên phòng biển của Mỹ,FALSE,,,img_1722.jpg,FALSE
1722,Military Dictionary,USCGSC (United States Command and General Staff College),,,,trường sĩ quan chỉ huy - tham mưu quân đội Mỹ,FALSE,,,img_1722.jpg,FALSE
1722,Military Dictionary,"USCINCACOM (Commander in Chief, United States Atlantic Command)",,,,tư lệnh (trưởng) bộ tư lệnh Đại Tây Dương của Mỹ,FALSE,,,img_1722.jpg,FALSE
1722,Military Dictionary,"USCINCCENT (Commander in Chief, United States Central Command)",,,,tư lệnh (trưởng) bộ tư lệnh trung tâm của Mỹ,FALSE,,,img_1722.jpg,FALSE
1722,Military Dictionary,"USCINCEUR (United States Commander-in-Chief, Europe)",,,,tổng tư lệnh quân đội Mỹ ở châu Âu,FALSE,,,img_1722.jpg,FALSE
1722,Military Dictionary,"USCINCPAC (Commander in Chief, United States Pacific Command)",,,,tư lệnh (trưởng) bộ tư lệnh Thái Bình Dương của Mỹ,FALSE,,,img_1722.jpg,FALSE
1722,Military Dictionary,"USCINCSO (Commander in Chief, United States Southern Command)",,,,tư lệnh (trưởng) bộ tư lệnh miền Nam của Mỹ,FALSE,,,img_1722.jpg,FALSE
1722,Military Dictionary,"USCINCSOC (Commander in Chief, United States Special Operations Command)",,,,tư lệnh (trưởng) bộ tư lệnh tác chiến đặc biệt của Mỹ,FALSE,,,img_1722.jpg,FALSE
1722,Military Dictionary,"USCINCSPACE (Commander in Chief, United States Space Command)",,,,tư lệnh (trưởng) bộ tư lệnh vũ trụ Mỹ,FALSE,,,img_1722.jpg,FALSE
1722,Military Dictionary,"USCINCSTRAT (Commander in Chief, United States Strategic Command)",,,,tư lệnh (trưởng) bộ tư lệnh chiến lược Mỹ,FALSE,,,img_1722.jpg,FALSE
1722,Military Dictionary,"USCINCTRANS (Commander in Chief, United States Transportation Command)",,,,tư lệnh (trưởng) bộ tư lệnh vận tải Mỹ,FALSE,,,img_1722.jpg,FALSE
1722,Military Dictionary,"USCINSO (United States Commander-in-chief, Southern Command)",,,,tư lệnh (trưởng) bộ tư lệnh miền Nam Mỹ,FALSE,,,img_1722.jpg,FALSE
1722,Military Dictionary,USCMA (United States Court of Military Appeals),,,,toà án quân sự Ópins của Mỹ,FALSE,,,img_1722.jpg,FALSE
1722,Military Dictionary,USCONARC (United States Continental Army Command),,,,bộ tư lệnh lục quân phần lục địa nước Mỹ,FALSE,,,img_1722.jpg,FALSE
1722,Military Dictionary,USCS (United States Cryptologic System),,,,hệ thống mật mã của Mỹ,FALSE,,,img_1722.jpg,FALSE
1722,Military Dictionary,USD(A&T) (Under Secretary of Defense for Acquisition and Technology),,,,thứ trưởng bộ quốc phòng Mỹ về mua sắm và công nghệ,FALSE,,,img_1722.jpg,FALSE
1722,Military Dictionary,USD(P) (Under Secretary of Defense for Policy),,,,thứ trưởng bộ quốc phòng về chính sách,FALSE,,,img_1722.jpg,FALSE
1722,Military Dictionary,USD(R&E) (Under Secretary of Defense for Research and Engineering),,,,thứ trưởng bộ quốc phòng về nghiên cứu khoa học - kỹ thuật,FALSE,,,img_1722.jpg,FALSE
1722,Military Dictionary,USDAO (United States Defense Attaché Office),,,,phòng tuỳ viên quốc phòng Mỹ,FALSE,,,img_1722.jpg,FALSE
1722,Military Dictionary,USDB (United States Disciplinary Barracks),,,,trại giam của lục quân Mỹ,FALSE,,,img_1722.jpg,FALSE
1722,Military Dictionary,"USDELIADB (United States Delegation, Inter-American Defense Board)",,,,phái đoàn Mỹ trong hội đồng phòng thủ liên châu Mỹ,FALSE,,,img_1722.jpg,FALSE
1722,Military Dictionary,USDELMC (United States Delegation to the NATO Military Committee),,,,đoàn đại biểu Mỹ tại ủy ban quân sự của tổ chức hiệp ước Bắc Đại Tây Dương,FALSE,,,img_1722.jpg,FALSE
1722,Military Dictionary,USDR (United States Defense Representative),,,,đại diện bộ quốc phòng Mỹ,FALSE,,,img_1722.jpg,FALSE
1722,Military Dictionary,usea (undersea),,,,ngầm dưới nước,FALSE,,,img_1722.jpg,FALSE
1722,Military Dictionary,"USELEMNORAD (United States Element, North American Aerospace Defense Command)",,,,thành phần lực lượng Mỹ tại bộ tư lệnh phòng thủ không gian vũ trụ Bắc Mỹ,FALSE,,,img_1722.jpg,FALSE
1723,Military Dictionary,USERID (user identification),,,,sự nhận dạng người sử dụng,FALSE,,,img_1723.jpg,FALSE
1723,Military Dictionary,USEUCOM (United States European Command),,,,bộ tư lệnh quân đội Mỹ ở châu Âu; lực lượng vũ trang Mỹ ở châu Âu,FALSE,,,img_1723.jpg,FALSE
1723,Military Dictionary,"USFJ (United States Forces, Japan)",,,,các lực lượng vũ trang Mỹ ở Nhật Bản,FALSE,,,img_1723.jpg,FALSE
1723,Military Dictionary,"USFK (United States Forces, Korea)",,,,lực lượng vũ trang Mỹ ở Hàn Quốc,FALSE,,,img_1723.jpg,FALSE
1723,Military Dictionary,"USFORAZORES (United States Forces, Azores)",,,,các lực lượng vũ trang Mỹ ở quần đảo Azôrơ,FALSE,,,img_1723.jpg,FALSE
1723,Military Dictionary,USGLI (United States Government Life Insurance),,,,cơ quan bảo hiểm nhân thọ Mỹ,FALSE,,,img_1723.jpg,FALSE
1723,Military Dictionary,USGW (underwater-to-surface guided weapon),,,,vũ khí có điều khiển ngầm đối hạm,FALSE,,,img_1723.jpg,FALSE
1723,Military Dictionary,USIA (United States Information Agency),,,,hãng thông tấn của Mỹ; cơ quan thu thập tin tức của Mỹ,FALSE,,,img_1723.jpg,FALSE
1723,Military Dictionary,USIS (United States Information Service),,,,ngành thông tin Mỹ,FALSE,,,img_1723.jpg,FALSE
1723,Military Dictionary,USLANTFLT (United States Atlantic Fleet),,,,hạm đội Đại Tây Dương của Mỹ,FALSE,,,img_1723.jpg,FALSE
1723,Military Dictionary,USLO (United States Liaison Officer),,,,sĩ quan liên lạc hiệp đồng lục quân Mỹ,FALSE,,,img_1723.jpg,FALSE
1723,Military Dictionary,USM (underwater-to-surface missile),,,,"tên lửa ngầm đối mặt (đất, biển); tên lửa tàu ngầm đối hạm",FALSE,,,img_1723.jpg,FALSE
1723,Military Dictionary,USMA (United States Military Academy),,,,học viện quân sự Mỹ,FALSE,,,img_1723.jpg,FALSE
1723,Military Dictionary,"USMARFORCENT (United States Marine Component, Central Command)",,,,binh chủng hợp thành thuỷ quân lục chiến thuộc bộ tư lệnh trung tâm của Mỹ,FALSE,,,img_1723.jpg,FALSE
1723,Military Dictionary,"USMARFORLANT (United States Marine Component, Atlantic Command)",,,,binh chủng hợp thành thuỷ quân lục chiến thuộc bộ tư lệnh Đại Tây Dương của Mỹ,FALSE,,,img_1723.jpg,FALSE
1723,Military Dictionary,"USMARFORPAC (United States Marine Component, Pacific Command)",,,,binh chủng hợp thành thuỷ quân lục chiến thuộc bộ tư lệnh Thái Bình Dương của Mỹ,FALSE,,,img_1723.jpg,FALSE
1723,Military Dictionary,"USMARFORSOUTH (United States Marine Component, Southern Command)",,,,binh chủng hợp thành thuỷ quân lục chiến thuộc bộ tư lệnh miền Nam của Mỹ,FALSE,,,img_1723.jpg,FALSE
1723,Military Dictionary,USMC (United States Marine Corps),,,,binh chủng thuỷ quân lục chiến Mỹ; quân đoàn lính thuỷ đánh bộ Mỹ,FALSE,,,img_1723.jpg,FALSE
1723,Military Dictionary,USMCA (United States Marine Corps Aviation),,,,không quân lính thuỷ đánh bộ Mỹ,FALSE,,,img_1723.jpg,FALSE
1723,Military Dictionary,USMCEB (United States Military Communications-Electronics Board),,,,hội đồng thông tin liên lạc - điện tử quân sự Mỹ,FALSE,,,img_1723.jpg,FALSE
1723,Military Dictionary,USMCR (United States Marine Corps Reserve),,,,lực lượng dự bị lính thuỷ đánh bộ Mỹ,FALSE,,,img_1723.jpg,FALSE
1723,Military Dictionary,"USMEMILCOMUN (United States Members, United Nations Military Staff Committee)",,,,thành viên của Mỹ trong ủy ban tham mưu quân sự Liên hiệp quốc,FALSE,,,img_1723.jpg,FALSE
1723,Military Dictionary,USMER (United States merchant ship vessel locator reporting system),,,,hệ thống thông báo định vị tàu thuyền thương mại của Mỹ,FALSE,,,img_1723.jpg,FALSE
1723,Military Dictionary,USMICOM (United States Army Missile Command),,,,bộ tư lệnh tên lửa lục quân Mỹ,FALSE,,,img_1723.jpg,FALSE
1723,Military Dictionary,"USMILCOMUN (United States Delegation, United Nations Military Staff Committee)",,,,phái đoàn Mỹ trong ủy ban tham mưu quân sự Liên hiệp quốc,FALSE,,,img_1723.jpg,FALSE
1723,Military Dictionary,USMILGP (United States military group),,,,nhóm quân sự Mỹ,FALSE,,,img_1723.jpg,FALSE
1723,Military Dictionary,USMILREP (United States military representative),,,,đại diện quân sự Mỹ,FALSE,,,img_1723.jpg,FALSE
1723,Military Dictionary,USMLM (United States Military Liaison Mission),,,,phái đoàn liên lạc quân sự Mỹ,FALSE,,,img_1723.jpg,FALSE
1723,Military Dictionary,USMOG-W (United States Military Observer Group - Washington),,,,nhóm quan sát viên quân sự Mỹ ở khu vực Oasinhtơn,FALSE,,,img_1723.jpg,FALSE
1723,Military Dictionary,USMS (United States Marshals Service),,,,ngành cảnh sát trưởng Mỹ,FALSE,,,img_1723.jpg,FALSE
1723,Military Dictionary,USMTM (United States military training mission),,,,phái đoàn huấn luyện quân sự Mỹ,FALSE,,,img_1723.jpg,FALSE
1724,Military Dictionary,USN (United States Navy),,,,"hải quân Mỹ, lực lượng hải quân Mỹ",FALSE,,,img_1724.jpg,FALSE
1724,Military Dictionary,USNA (United States Naval Academy),,,,học viện hải quân Mỹ,FALSE,,,img_1724.jpg,FALSE
1724,Military Dictionary,"USNAVCENT (United States Naval Forces, Central Command)",,,,lực lượng hải quân thuộc bộ tư lệnh trung tâm của Mỹ,FALSE,,,img_1724.jpg,FALSE
1724,Military Dictionary,"USNAVEUR (United States Naval Forces, Europe)",,,,lực lượng hải quân Mỹ ở châu Âu,FALSE,,,img_1724.jpg,FALSE
1724,Military Dictionary,"USNELM (United States Naval Forces, Eastern Atlantic and Mediterranean)",,,,(lực lượng) hải quân Mỹ ở Đại Tây Dương và Địa Trung Hải,FALSE,,,img_1724.jpg,FALSE
1724,Military Dictionary,USNFE (United States Naval Forces in Europe),,,,(lực lượng) hải quân Mỹ ở châu Âu,FALSE,,,img_1724.jpg,FALSE
1724,Military Dictionary,USNMR (United States National Military Representative),,,,đại diện quốc phòng Mỹ,FALSE,,,img_1724.jpg,FALSE
1724,Military Dictionary,USNMTG (United States North Atlantic Treaty Organization (NATO) Military Terminology Group),,,,nhóm thuật ngữ quân sự Mỹ trong tổ chức hiệp ước Bắc Đại Tây Dương (NATO),FALSE,,,img_1724.jpg,FALSE
1724,Military Dictionary,USNR (United States Naval Reserve),,,,lực lượng dự bị hải quân Mỹ,FALSE,,,img_1724.jpg,FALSE
1724,Military Dictionary,USNS (United States Naval Ship),,,,tàu hải quân Mỹ,FALSE,,,img_1724.jpg,FALSE
1724,Military Dictionary,US of A (Undersecretary of the Army),,,,thứ trưởng bộ lục quân,FALSE,,,img_1724.jpg,FALSE
1724,Military Dictionary,Us of AF (Undersecretary of the Air Force),,,,thứ trưởng bộ không quân,FALSE,,,img_1724.jpg,FALSE
1724,Military Dictionary,USP (universal self-loading pistol),,,,súng ngắn tự nạp đạn thông dụng,FALSE,,,img_1724.jpg,FALSE
1724,Military Dictionary,USP (utility seaplane),,,,thủy phi cơ đa dụng; thủy phi cơ vạn năng,FALSE,,,img_1724.jpg,FALSE
1724,Military Dictionary,"USPACAF (United States Air Forces, Pacific Command)",,,,lực lượng không quân Mỹ thuộc bộ tư lệnh Thái Bình Dương,FALSE,,,img_1724.jpg,FALSE
1724,Military Dictionary,USPACFLT (United States Pacific Fleet),,,,hạm đội Thái Bình Dương của Mỹ,FALSE,,,img_1724.jpg,FALSE
1724,Military Dictionary,USPACOM (United States Pacific Command),,,,bộ tư lệnh Thái Bình Dương của Mỹ,FALSE,,,img_1724.jpg,FALSE
1724,Military Dictionary,USPWIC (United States Prisoner of War Information Center),,,,trung tâm thông tin về tù binh Mỹ,FALSE,,,img_1724.jpg,FALSE
1724,Military Dictionary,USREPMC (United States representative to the military committee (NATO)),,,,đại diện của Mỹ tại ủy ban quân sự thuộc liên quân NATO,FALSE,,,img_1724.jpg,FALSE
1724,Military Dictionary,USRO (United States Mission to NATO and European Regional Organizations),,,,phái đoàn Mỹ ở NATO và các tổ chức khu vực châu Âu,FALSE,,,img_1724.jpg,FALSE
1724,Military Dictionary,USS (United States Ship),,,,tàu hải quân Mỹ,FALSE,,,img_1724.jpg,FALSE
1724,Military Dictionary,USSA (United States Security Authority for NATO affairs),,,,cục an ninh Mỹ phụ trách về NATO,FALSE,,,img_1724.jpg,FALSE
1724,Military Dictionary,USSAC (United States Security Authority for CENTO affairs),,,,cục an ninh Mỹ phụ trách về CENTO,FALSE,,,img_1724.jpg,FALSE
1724,Military Dictionary,USSAC (United States Strategic Air Command),,,,bộ tư lệnh không quân chiến lược Mỹ,FALSE,,,img_1724.jpg,FALSE
1724,Military Dictionary,USSAS (United States Security Authority for SEATO affairs),,,,cục an ninh Mỹ phụ trách về SEATO,FALSE,,,img_1724.jpg,FALSE
1724,Military Dictionary,"USSECMILCOMUN (The Secretary, United States Delegation, United Nations Military Staff Committee)",,,,thư ký phái đoàn Mỹ trong ủy ban tham mưu quân sự Liên hiệp quốc,FALSE,,,img_1724.jpg,FALSE
1724,Military Dictionary,USSF (United States Special Force (Green Berets)),,,,lực lượng đặc biệt của Mỹ (mũ nồi xanh),FALSE,,,img_1724.jpg,FALSE
1724,Military Dictionary,USSGREP (United States Standing Group Representative NATO),,,,đại diện của Mỹ trong nhóm thường trực NATO,FALSE,,,img_1724.jpg,FALSE
1724,Military Dictionary,USSOCOM (United States Special Operations Command),,,,bộ tư lệnh tác chiến đặc biệt của Mỹ,FALSE,,,img_1724.jpg,FALSE
1724,Military Dictionary,"USSOUTHAF (United States Air Force, Southern Command)",,,,không quân Mỹ thuộc bộ tư lệnh miền Nam,FALSE,,,img_1724.jpg,FALSE
1724,Military Dictionary,USSOUTHCOM (United States Southern Command),,,,bộ tư lệnh miền Nam của Mỹ,FALSE,,,img_1724.jpg,FALSE
1725,Military Dictionary,USSPACECOM (United States Space Command),,,,bộ tư lệnh vũ trụ Mỹ,FALSE,,,img_1725.jpg,FALSE
1725,Military Dictionary,USSS (United States Secret Service (TREAS)),,,,ngành bảo mật của Mỹ (cục lưu trữ),FALSE,,,img_1725.jpg,FALSE
1725,Military Dictionary,USSS (United States Signals Intelligence (SIGINT) System),,,,hệ thống tình báo thông tin liên lạc của Mỹ,FALSE,,,img_1725.jpg,FALSE
1725,Military Dictionary,USSTRATCOM (United States Strategic Command),,,,bộ tư lệnh chiến lược của Mỹ,FALSE,,,img_1725.jpg,FALSE
1725,Military Dictionary,USSTRICOM (United States Strike Command),,,,bộ tư lệnh xung kích của Mỹ,FALSE,,,img_1725.jpg,FALSE
1725,Military Dictionary,ust (undersea technology),,,,kỹ thuật ngầm (dưới biển),FALSE,,,img_1725.jpg,FALSE
1725,Military Dictionary,"USTOL, ustol (ultra short take off and landing)",,,,sự cất hạ cánh trên đường băng cực ngắn,FALSE,,,img_1725.jpg,FALSE
1725,Military Dictionary,USTRANSCOM (United States Transportation Command),,,,bộ tư lệnh vận tải của Mỹ,FALSE,,,img_1725.jpg,FALSE
1725,Military Dictionary,USW (ultra short wave(s)),,,,sóng cực ngắn,FALSE,,,img_1725.jpg,FALSE
1725,Military Dictionary,USW (undersea warfare),,,,chiến tranh ngầm dưới biển; chiến tranh tàu ngầm,FALSE,,,img_1725.jpg,FALSE
1725,Military Dictionary,USW/USWC (undersea warfare and/or undersea warfare commander),,,,"chiến tranh ngầm dưới biển và, hoặc tư lệnh (trưởng) chiến tranh ngầm dưới biển",FALSE,,,img_1725.jpg,FALSE
1725,Military Dictionary,USWACC (United States Women's Army Corps Center),,,,trung tâm (huấn luyện) của ngành phụ nữ trợ giúp lục quân Mỹ,FALSE,,,img_1725.jpg,FALSE
1725,Military Dictionary,USWACS (United States Women's Army Corps School),,,,trường phụ nữ trợ giúp lục quân Mỹ,FALSE,,,img_1725.jpg,FALSE
1725,Military Dictionary,USYG (Under Secretary General),,,,phó tổng thư ký,FALSE,,,img_1725.jpg,FALSE
1725,Military Dictionary,UT (universal time),,,,thời bình,FALSE,,,img_1725.jpg,FALSE
1725,Military Dictionary,UT (unit trainer),,,,sĩ quan huấn luyện của đơn vị,FALSE,,,img_1725.jpg,FALSE
1725,Military Dictionary,UT (Universal Time),,,,giờ quốc tế,FALSE,,,img_1725.jpg,FALSE
1725,Military Dictionary,UTC (under the counter),,,,sự giáng trả dưới mức cần thiết,FALSE,,,img_1725.jpg,FALSE
1725,Military Dictionary,UTFCS (universal tank fire control system),,,,hệ thống chỉ huy hỏa lực xe tăng đa năng,FALSE,,,img_1725.jpg,FALSE
1725,Military Dictionary,UTO (unit table of organization),,,,biểu tổ chức biên chế đơn vị,FALSE,,,img_1725.jpg,FALSE
1725,Military Dictionary,UTR (underwater tracking range),,,,phạm vi theo dõi mục tiêu di động dưới nước; tầm theo dõi mục tiêu di động dưới nước,FALSE,,,img_1725.jpg,FALSE
1725,Military Dictionary,UTS (Underwater Telephone System),,,,hệ thống điện thoại ngầm dưới nước,FALSE,,,img_1725.jpg,FALSE
1725,Military Dictionary,UTS (Universal Turret System),,,,hệ thống tháp pháo vạn năng,FALSE,,,img_1725.jpg,FALSE
1725,Military Dictionary,UTT (utility tactical transport),,,,máy bay vận tải quân sự chiến thuật,FALSE,,,img_1725.jpg,FALSE
1725,Military Dictionary,UUM (underwater-to-underwater missile),,,,tên lửa ngầm đối ngầm,FALSE,,,img_1725.jpg,FALSE
1725,Military Dictionary,UUV (unmanned undersea vehicle),,,,tàu ngầm không người lái,FALSE,,,img_1725.jpg,FALSE
1725,Military Dictionary,UV (unmanned vehicle),,,,"phương tiện cơ động không người lái (máy bay, tàu xe)",FALSE,,,img_1725.jpg,FALSE
1725,Military Dictionary,UW (unconventional warfare),,,,"chiến tranh không thông thường, chiến tranh hạt nhân; hoạt động tác chiến địch hậu có sử dụng vũ khí và chiến thuật đặc biệt; tác chiến du kích",FALSE,,,img_1725.jpg,FALSE
1725,Military Dictionary,UW (underwater),,,,ngầm dưới nước,FALSE,,,img_1725.jpg,FALSE
1725,Military Dictionary,UWOA (unconventional warfare operating area),,,,"khu vực chiến tranh không quy ước, khu vực tác chiến có sử dụng các loại vũ khí và chiến thuật đặc biệt; khu vực tác chiến du kích",FALSE,,,img_1725.jpg,FALSE
1725,Military Dictionary,uwtr (underwater),,,,ngầm dưới nước,FALSE,,,img_1725.jpg,FALSE
1725,Military Dictionary,UWW (underwater weapons),,,,vũ khí dưới nước,FALSE,,,img_1725.jpg,FALSE
1725,Military Dictionary,UXB (unexploded bomb),,,,"bom không nổ, bom câm, bom thối",FALSE,,,img_1725.jpg,FALSE
1725,Military Dictionary,uxgb (unexploded gas bomb),,,,bom chất độc hóa học không nổ,FALSE,,,img_1725.jpg,FALSE
1725,Military Dictionary,uxib (unexploded incendiary bomb),,,,bom cháy không nổ,FALSE,,,img_1725.jpg,FALSE
1725,Military Dictionary,UXO (unexploded ordnance),,,,"đạn không nổ, đạn thối",FALSE,,,img_1725.jpg,FALSE
1725,Military Dictionary,UXOI (unexploded ordnance incident),,,,sự cố do đạn không nổ,FALSE,,,img_1725.jpg,FALSE
1726,Military Dictionary,V (modified),,,,(k.hiệu) cải tiến,FALSE,,,img_1726.jpg,FALSE
1726,Military Dictionary,V (search and rescue unit ground speed),,,,tốc độ trên bộ của đơn vị tìm kiếm và giải cứu,FALSE,,,img_1726.jpg,FALSE
1726,Military Dictionary,V (sector pattern),,,,"dải quan sát về hướng, xạ giới bắn; dải bắn hình quạt",FALSE,,,img_1726.jpg,FALSE
1726,Military Dictionary,V (vehicle),,,,"(k.hiệu) phương tiện chuyên chở (máy bay, tàu, xe)",FALSE,,,img_1726.jpg,FALSE
1726,Military Dictionary,V (velocity),,,,"(k.hiệu) vận tốc, tốc độ",FALSE,,,img_1726.jpg,FALSE
1726,Military Dictionary,V (velocity of target drift),,,,tốc độ giạt của mục tiêu,FALSE,,,img_1726.jpg,FALSE
1726,Military Dictionary,V (visibility),,,,tầm nhìn xa,FALSE,,,img_1726.jpg,FALSE
1726,Military Dictionary,V (volt),,,,(k.hiệu) vôn,FALSE,,,img_1726.jpg,FALSE
1726,Military Dictionary,V (volunteer),,,,(k.hiệu) quân tình nguyện; người tình nguyện (nhập ngũ),FALSE,,,img_1726.jpg,FALSE
1726,Military Dictionary,V.C.A.S. (Vice-Chief of the Air Staff) (Anh),,,,phó tham mưu trưởng thứ nhất của lực lượng không quân,FALSE,,,img_1726.jpg,FALSE
1726,Military Dictionary,V.C.I.G.S. (Vice-Chief of the Imperial General Staff) (Anh),,,,phó tổng tham mưu trưởng đế chế thứ nhất,FALSE,,,img_1726.jpg,FALSE
1726,Military Dictionary,V/STOL (vertical/short take-off and landing),,,,cất hạ cánh thẳng đứng và trên đường băng ngắn,FALSE,,,img_1726.jpg,FALSE
1726,Military Dictionary,"V-1, V-2 (rockets launched by Germans in World War II)",,,,"(k.hiệu) bom bay V-1, V-2 do Đức chế tạo trong chiến tranh thế giới thứ hai",FALSE,,,img_1726.jpg,FALSE
1726,Military Dictionary,V-4 (four-cylinder engine with two cylinders in each side of V-shaped engine block),,,,"(k.hiệu) động cơ bốn xilanh, mỗi bên hai xilanh, gắn vào khối động cơ hình chữ V",FALSE,,,img_1726.jpg,FALSE
1726,Military Dictionary,V-6 (six-cylinder engine with three cylinders in each side of V-shaped engine block),,,,"(k.hiệu) động cơ sáu xilanh, mỗi bên ba xilanh, gắn vào khối động cơ hình chữ V",FALSE,,,img_1726.jpg,FALSE
1726,Military Dictionary,V-8 (eight-cylinder engine with four cylinders in each side of V-shaped engine block),,,,"(k.hiệu) động cơ tám xilanh, mỗi bên bốn xilanh, gắn vào khối động cơ hình chữ V",FALSE,,,img_1726.jpg,FALSE
1726,Military Dictionary,V-10 (Viscount 10 jet airplane),,,,"(k.hiệu) máy bay phản lực ""Tử tước"", V-10",FALSE,,,img_1726.jpg,FALSE
1726,Military Dictionary,VA (Veterans Administration),,,,cơ quan (về) cựu chiến binh; (Mỹ) bộ cựu chiến binh,FALSE,,,img_1726.jpg,FALSE
1726,Military Dictionary,VA (vice admiral),,,,phó đô đốc; trung tướng hải quân,FALSE,,,img_1726.jpg,FALSE
1726,Military Dictionary,VA (vulnerability assessment),,,,sự đánh giá điểm yếu của mục tiêu,FALSE,,,img_1726.jpg,FALSE
1726,Military Dictionary,VAB (Véhicule de l'Avant Blindé (front armoured car)) (Pháp),,,,ô tô chiến đấu bọc thép,FALSE,,,img_1726.jpg,FALSE
1726,Military Dictionary,"VAB (Vehicule de l'Avant Blindee ""armored front-line vehicle"") (Pháp)",,,,xe chiến đấu bọc thép,FALSE,,,img_1726.jpg,FALSE
1726,Military Dictionary,VAB (Vickers Armoured Bridgelayer),,,,xe bọc thép bắc cầu Vickơ,FALSE,,,img_1726.jpg,FALSE
1726,Military Dictionary,"VADM, VAdm (vice admiral)",,,,"phó đô đốc, chuẩn đô đốc, trung tướng hải quân",FALSE,,,img_1726.jpg,FALSE
1727,Military Dictionary,VADS (Vulcan air defense system),,,,hệ thống phòng không Vulcan,FALSE,,,img_1727.jpg,FALSE
1727,Military Dictionary,VAMOS (verified additional military occupational specialty),,,,chuyên ngành quân sự bổ sung được phê duyệt,FALSE,,,img_1727.jpg,FALSE
1727,Military Dictionary,VAR (Volunteer Air Reserve),,,,lực lượng dự bị tình nguyện không quân,FALSE,,,img_1727.jpg,FALSE
1727,Military Dictionary,VARRV (Vickers Armoured Repair and Recovery Vehicle),,,,xe bọc thép sửa chữa và thu hồi vũ khí trang bị Vickơ,FALSE,,,img_1727.jpg,FALSE
1727,Military Dictionary,VARV (Vickers Armoured Recovery Vehicle),,,,xe bọc thép thu hồi vũ khí trang bị Vickơ,FALSE,,,img_1727.jpg,FALSE
1727,Military Dictionary,VASI (visual approach slope indicator),,,,màn hiển thị góc nghiêng hạ cánh,FALSE,,,img_1727.jpg,FALSE
1727,Military Dictionary,VATLS (visual airborne target locator system),,,,"hệ thống của máy bay phát hiện mục tiêu bằng mắt, hệ thống định vị mục tiêu bằng mắt trên máy bay",FALSE,,,img_1727.jpg,FALSE
1727,Military Dictionary,VAWS (voice alarm warning system),,,,hệ thống báo động truyền thanh qua loa đài,FALSE,,,img_1727.jpg,FALSE
1727,Military Dictionary,VB (Navy bomber (2-letter naval symbol)),,,,máy bay ném bom hải quân (ký hiệu 2 chữ),FALSE,,,img_1727.jpg,FALSE
1727,Military Dictionary,VB (vertical bomb),,,,bom thả thẳng đứng,FALSE,,,img_1727.jpg,FALSE
1727,Military Dictionary,VB (vertical bombing),,,,ném bom thẳng đứng,FALSE,,,img_1727.jpg,FALSE
1727,Military Dictionary,VBC (Véhicule Blindé de Combat (armoured combat vehicle)) (Pháp),,,,"xe bọc thép chiến đấu, xe thiết giáp chiến đấu",FALSE,,,img_1727.jpg,FALSE
1727,Military Dictionary,VBL (Véhicule Blindé Leger (light armoured vehicle)) (Pháp),,,,"xe bọc thép hạng nhẹ, xe thiết giáp hạng nhẹ",FALSE,,,img_1727.jpg,FALSE
1727,Military Dictionary,VBW (vertical ballistic weapon),,,,vũ khí tên lửa đạn đạo phóng thẳng đứng,FALSE,,,img_1727.jpg,FALSE
1727,Military Dictionary,VC (Veterinary Corps),,,,ngành thú y,FALSE,,,img_1727.jpg,FALSE
1727,Military Dictionary,VCA (Véhicule Chenille d'Accompagnement (tracked support vehicle)) (Pháp),,,,xe bảo đảm cứu kéo,FALSE,,,img_1727.jpg,FALSE
1727,Military Dictionary,VCC (voice communications circuit),,,,mạch thông tin liên lạc âm thanh,FALSE,,,img_1727.jpg,FALSE
1727,Military Dictionary,VCFS (visually coupled flight system),,,,hệ thống điều khiển bay hiển thị (tham số bay và hình ảnh thực của mục tiêu cùng hiển thị trên màn hình trong suốt),FALSE,,,img_1727.jpg,FALSE
1727,Military Dictionary,VCG (Véhicule de Combat du Genie (armoured engineer vehicle)) (Pháp),,,,xe bọc thép công binh,FALSE,,,img_1727.jpg,FALSE
1727,Military Dictionary,VCI (Véhicule de Combat d'Infabterie; Vehículo combate infanteria (infantry combat vehicle)) (Pháp),,,,xe chiến đấu bộ binh,FALSE,,,img_1727.jpg,FALSE
1727,Military Dictionary,VCID (voice command interactive device),,,,thiết bị tác động tương hỗ dạng lệnh điều khiển bằng lời,FALSE,,,img_1727.jpg,FALSE
1727,Military Dictionary,VCM (visual countermeasures),,,,phương tiện gây nhiễu (trong vùng) thị tần,FALSE,,,img_1727.jpg,FALSE
1727,Military Dictionary,VCNO (Vice-Chief of Naval Operations),,,,phó chỉ huy trưởng tác chiến trên biển,FALSE,,,img_1727.jpg,FALSE
1727,Military Dictionary,"VCNOG (Vice Chairman, Nuclear Operations Group)",,,,phó chủ tịch cụm tác chiến hạt nhân,FALSE,,,img_1727.jpg,FALSE
1727,Military Dictionary,VCNS (Vice-Chief of the Naval Staff) (Anh),,,,phó tham mưu trưởng hải quân thứ nhất,FALSE,,,img_1727.jpg,FALSE
1727,Military Dictionary,VCofS (Vice-Chief of Staff),,,,phó tham mưu trưởng thứ nhất,FALSE,,,img_1727.jpg,FALSE
1727,Military Dictionary,"VCOPG (Vice Chairman, Operations Planners Group)",,,,phó chủ tịch nhóm lập kế hoạch tác chiến,FALSE,,,img_1727.jpg,FALSE
1727,Military Dictionary,VCOS (vice chief of staff),,,,phó tham mưu trưởng,FALSE,,,img_1727.jpg,FALSE
1727,Military Dictionary,VCP (vehicle collecting point),,,,trạm thu gom xe máy hư hỏng,FALSE,,,img_1727.jpg,FALSE
1727,Military Dictionary,VCP (vehicle control point),,,,điểm điều chỉnh cơ động; trạm kiểm soát giao thông,FALSE,,,img_1727.jpg,FALSE
1727,Military Dictionary,VCR (Véhicule de Combate à Roues (wheeled combat vehicle)) (Pháp),,,,xe chiến đấu bánh hơi,FALSE,,,img_1727.jpg,FALSE
1727,Military Dictionary,VCS (Vice-Chief of Staff),,,,phó tham mưu trưởng thứ nhất,FALSE,,,img_1727.jpg,FALSE
1727,Military Dictionary,VCTIS (Vehicle Command and Tactical Information System),,,,hệ thống thông tin (phục vụ) chỉ huy và chiến đấu trên xe,FALSE,,,img_1727.jpg,FALSE
1727,Military Dictionary,VCTM (Véhicule de Combate Transporte de Mortero (armoured mortar carrier)) (Pháp),,,,xe bọc thép chở súng cối; súng cối tự hành (đặt trên xe) bọc thép,FALSE,,,img_1727.jpg,FALSE
1727,Military Dictionary,VCTP (Véhicule de Combate Transporte de Personal (armoured personnel carrier)) (Pháp),,,,xe bọc thép chở quân,FALSE,,,img_1727.jpg,FALSE
1728,Military Dictionary,Vd (maximum permitted diving speed),,,,tốc độ bổ nhào tối đa cho phép,FALSE,,,img_1728.jpg,FALSE
1728,Military Dictionary,VD (venereal desease),,,,dịch bệnh thú y,FALSE,,,img_1728.jpg,FALSE
1728,Military Dictionary,VDA (Véhicule de Défense Anti-aérienne (anti-aicraft defence vehicle)) (Pháp),,,,pháo phòng không tự hành,FALSE,,,img_1728.jpg,FALSE
1728,Military Dictionary,VDC (volunteer defence corps),,,,lực lượng phòng vệ tình nguyện,FALSE,,,img_1728.jpg,FALSE
1728,Military Dictionary,VDR (voice digitization rate),,,,tốc độ số hoá âm thanh,FALSE,,,img_1728.jpg,FALSE
1728,Military Dictionary,VDS (variable depth sonar),,,,"thiết bị định vị thủy âm ở độ sâu khác nhau, xôna có độ sâu thay đổi",FALSE,,,img_1728.jpg,FALSE
1728,Military Dictionary,VDU (video (or visual) display unit),,,,bộ hiển thị tầm nhìn cho phi công,FALSE,,,img_1728.jpg,FALSE
1728,Military Dictionary,VDV (vozdushno-desantnyye voyska (airborne troops)) (Nga),,,,quân đổ bộ đường không,FALSE,,,img_1728.jpg,FALSE
1728,Military Dictionary,VEBAL (vertical ballistic),,,,(tên lửa) đạn đạo phóng thẳng đứng,FALSE,,,img_1728.jpg,FALSE
1728,Military Dictionary,veg (vegetation),,,,thảm thực vật (trên địa hình),FALSE,,,img_1728.jpg,FALSE
1728,Military Dictionary,"VEH, veh (vehicle)",,,,"phương tiện chuyên chở (máy bay, tàu, xe)",FALSE,,,img_1728.jpg,FALSE
1728,Military Dictionary,vel (velocity),,,,"vận tốc, tốc độ",FALSE,,,img_1728.jpg,FALSE
1728,Military Dictionary,VEMASID (vehicle magnetic signature dublicator),,,,bộ (thiết bị) nhân đôi dấu hiệu từ tính của hạm tàu (tàu ngầm) (tạo giả),FALSE,,,img_1728.jpg,FALSE
1728,Military Dictionary,vert (vertical),,,,phương thẳng đứng; (thuộc) thẳng đứng,FALSE,,,img_1728.jpg,FALSE
1728,Military Dictionary,vert stblz (vertical stabilizer),,,,bộ ổn định theo phương thẳng đứng; bộ thăng bằng đứng; cánh đuôi đứng,FALSE,,,img_1728.jpg,FALSE
1728,Military Dictionary,"VERTREP, Vertrep (Vertical replenishment)",,,,sự tiếp tế bằng đường không,FALSE,,,img_1728.jpg,FALSE
1728,Military Dictionary,ves (vessel),,,,"tàu, hạm tàu",FALSE,,,img_1728.jpg,FALSE
1728,Military Dictionary,vet (veteran),,,,"cựu chiến binh, người đã từng tham gia chiến tranh",FALSE,,,img_1728.jpg,FALSE
1728,Military Dictionary,VEWS (Very Early Warning System),,,,"hệ thống phát hiện mục tiêu trên không từ xa, hệ thống cảnh báo cực sớm",FALSE,,,img_1728.jpg,FALSE
1728,Military Dictionary,VF (visual flight),,,,(điều khiển) bay bằng mắt (phân biệt với bay bằng khí tài),FALSE,,,img_1728.jpg,FALSE
1728,Military Dictionary,VF (voice frequency),,,,"âm tần, tần số âm thanh",FALSE,,,img_1728.jpg,FALSE
1728,Military Dictionary,VFCT (voice frequency carrier telegraphy),,,,phương pháp điện báo bằng sóng mang âm tần,FALSE,,,img_1728.jpg,FALSE
1728,Military Dictionary,VFID (veterinary food inspection detachment),,,,đội kiểm tra thực phẩm,FALSE,,,img_1728.jpg,FALSE
1728,Military Dictionary,VFR (visual flight rules),,,,"quy tắc bay (khi phi công theo dõi) bằng mắt, quy tắc bay bằng hình ảnh",FALSE,,,img_1728.jpg,FALSE
1728,Military Dictionary,VFT (voice frequency telegraphy),,,,phương pháp điện báo âm tần,FALSE,,,img_1728.jpg,FALSE
1728,Military Dictionary,VFTG (voice frequency telegraph),,,,máy điện báo âm tần,FALSE,,,img_1728.jpg,FALSE
1728,Military Dictionary,VG plane (variable geometry plane),,,,"máy bay có hình dạng thay đổi, máy bay cánh cụp cánh xoè",FALSE,,,img_1728.jpg,FALSE
1728,Military Dictionary,V-guide,,,,thanh dẫn hướng dạng chữ V,FALSE,,,img_1728.jpg,FALSE
1728,Military Dictionary,VH (very heavy),,,,siêu nặng,FALSE,,,img_1728.jpg,FALSE
1728,Military Dictionary,VHA (very high altitude),,,,độ cao cực lớn,FALSE,,,img_1728.jpg,FALSE
1728,Military Dictionary,vhb (very heavy bombardment),,,,sự ném bom dữ dội; sự bắn phá mãnh liệt,FALSE,,,img_1728.jpg,FALSE
1728,Military Dictionary,VHF (very high frequency),,,,siêu cao tần,FALSE,,,img_1728.jpg,FALSE
1728,Military Dictionary,VHSIC (very high-speed integrated circuits),,,,chu kỳ truy cập tốc độ rất cao; mạch tích hợp cao tốc,FALSE,,,img_1728.jpg,FALSE
1728,Military Dictionary,VI (visual information),,,,thông tin tín hiệu nhìn; thông tin tín hiệu quan sát bằng mắt,FALSE,,,img_1728.jpg,FALSE
1728,Military Dictionary,VIC; vic (vicinity),,,,"lân cận, phụ cận; ở cạnh; khu vực",FALSE,,,img_1728.jpg,FALSE
1728,Military Dictionary,Vice Adm (vice admiral),,,,"phó đô đốc, trung tướng hải quân",FALSE,,,img_1728.jpg,FALSE
1728,Military Dictionary,VID (visual identification information display),,,,hiển thị thông tin tín hiệu nhận dạng bằng mắt,FALSE,,,img_1728.jpg,FALSE
1728,Military Dictionary,VIDOC (visual information documentation),,,,sự cung cấp tư liệu thông tin bằng mắt,FALSE,,,img_1728.jpg,FALSE
1728,Military Dictionary,VIDS (Vehicle Intergrated Defence System),,,,hệ thống phòng thủ hợp nhất trên xe,FALSE,,,img_1728.jpg,FALSE
1728,Military Dictionary,VINACS (Vehicle Intergrated Navigation and Command System),,,,hệ thống chỉ huy và dẫn đường hợp nhất trên xe,FALSE,,,img_1728.jpg,FALSE
1729,Military Dictionary,VINSON (encrypted ultrahigh frequency communications system),,,,hệ thống thông tin liên lạc siêu cao tần mã hoá,FALSE,,,img_1729.jpg,FALSE
1729,Military Dictionary,VIP (visual information processor),,,,thiết bị xử lý thông tin hình ảnh,FALSE,,,img_1729.jpg,FALSE
1729,Military Dictionary,VIP (visual information projection),,,,"sự phát thông tin tín hiệu (quan sát) bằng mắt, sự chiếu rọi thông tin hình ảnh",FALSE,,,img_1729.jpg,FALSE
1729,Military Dictionary,VIRSS (visual and infrared smoke screening system),,,,tổ hợp tạo màn khói (trong vùng) ánh sáng nhìn thấy và hồng ngoại,FALSE,,,img_1729.jpg,FALSE
1729,Military Dictionary,vis (visibility),,,,tầm nhìn xa; sự nhìn thấy; thị giác,FALSE,,,img_1729.jpg,FALSE
1729,Military Dictionary,VIS (visual imaging system),,,,hệ thống tạo ảnh quang học,FALSE,,,img_1729.jpg,FALSE
1729,Military Dictionary,vis comm (visual communication),,,,thông tin liên lạc tín hiệu hình ảnh; thông tin liên lạc tín hiệu quan sát bằng mắt,FALSE,,,img_1729.jpg,FALSE
1729,Military Dictionary,VISA (Voluntary Intermodel Sealift Agreement),,,,thoả thuận cầu vận tải đường biển tự nguyện phối hợp nhiều hình thức,FALSE,,,img_1729.jpg,FALSE
1729,Military Dictionary,VISA (Voluntary Intermodel Shipping Agreement),,,,thoả thuận vận tải đường biển tự nguyện phối hợp nhiều hình thức,FALSE,,,img_1729.jpg,FALSE
1729,Military Dictionary,VISOBS (visual observer),,,,quan sát viên (từ xa) bằng mắt thường,FALSE,,,img_1729.jpg,FALSE
1729,Military Dictionary,VISTOL aircraft (vertical short take-off and landing aircraft),,,,máy bay cất hạ cánh thẳng đứng trên đường băng ngắn,FALSE,,,img_1729.jpg,FALSE
1729,Military Dictionary,VITS (Video Image Tracking Systems),,,,tổ hợp theo dõi mục tiêu bằng ảnh video,FALSE,,,img_1729.jpg,FALSE
1729,Military Dictionary,VIXS (video information exchange system),,,,hệ thống trao đổi thông tin nghe nhìn,FALSE,,,img_1729.jpg,FALSE
1729,Military Dictionary,VL (vertical landing),,,,sự hạ cánh thẳng đứng,FALSE,,,img_1729.jpg,FALSE
1729,Military Dictionary,VLA (very low altitude),,,,"cao độ rất nhỏ, độ cao cực nhỏ",FALSE,,,img_1729.jpg,FALSE
1729,Military Dictionary,VLA (vertical launch ASROC),,,,tên lửa ASROC phóng thẳng đứng,FALSE,,,img_1729.jpg,FALSE
1729,Military Dictionary,VLA (vertical line array) (kq),,,,đội hình tuyến chiến đấu theo phương thẳng đứng,FALSE,,,img_1729.jpg,FALSE
1729,Military Dictionary,VLA (visual landing aid),,,,thiết bị hỗ trợ hạ cánh bằng mắt thường,FALSE,,,img_1729.jpg,FALSE
1729,Military Dictionary,VLAP (Velocity-enhanced Long-range Artillery Projectile),,,,đạn pháo tầm xa tăng tốc,FALSE,,,img_1729.jpg,FALSE
1729,Military Dictionary,VLB (very long baseline),,,,đường đáy rất dài (trong lưới tam giác đạc),FALSE,,,img_1729.jpg,FALSE
1729,Military Dictionary,VLC (Véhicule Léger de Combat (light armoured car)) (Pháp),,,,ô tô bọc thép hạng nhẹ,FALSE,,,img_1729.jpg,FALSE
1729,Military Dictionary,VLC (very low clearance) (kq),,,,tầm bay giới hạn cực thấp,FALSE,,,img_1729.jpg,FALSE
1729,Military Dictionary,VLCC (very large container carrier),,,,tàu vận tải côngtenơ cực lớn,FALSE,,,img_1729.jpg,FALSE
1729,Military Dictionary,VLF (vectored-lift fighter),,,,máy bay tiêm kích (có) lực nâng chuyển hướng,FALSE,,,img_1729.jpg,FALSE
1729,Military Dictionary,VLF (vertical launch facility),,,,thiết bị phóng thẳng đứng,FALSE,,,img_1729.jpg,FALSE
1729,Military Dictionary,VLF (vertical-lift fighter),,,,máy bay chiến đấu lên thẳng; máy bay cất hạ cánh thẳng đứng,FALSE,,,img_1729.jpg,FALSE
1729,Military Dictionary,VLF (very low frequency),,,,tần số rất thấp,FALSE,,,img_1729.jpg,FALSE
1729,Military Dictionary,VLGM (vertical loading gun mount),,,,giá súng (pháo) nạp đạn thẳng đứng,FALSE,,,img_1729.jpg,FALSE
1729,Military Dictionary,VLR (very long-range),,,,tầm rất xa,FALSE,,,img_1729.jpg,FALSE
1729,Military Dictionary,VLR (very-long-range aircraft),,,,máy bay hoạt động tầm rất xa,FALSE,,,img_1729.jpg,FALSE
1729,Military Dictionary,VLS (Vertical launch system),,,,"hệ thống phóng thẳng đứng, cơ cấu phóng thẳng đứng",FALSE,,,img_1729.jpg,FALSE
1729,Military Dictionary,VLSI (very large scale integration),,,,sự hợp nhất trên quy mô rất lớn,FALSE,,,img_1729.jpg,FALSE
1729,Military Dictionary,VLSMS (Vehicle-Launched Scatterable Mine System),,,,hệ thống rải mìn (nổ phá mảnh) từ trên xe,FALSE,,,img_1729.jpg,FALSE
1729,Military Dictionary,VMBT (Vickers Main Battle Tank),,,,xe tăng chiến đấu chủ lực Vickơ,FALSE,,,img_1729.jpg,FALSE
1729,Military Dictionary,Vmc (minimum control speed),,,,tốc độ điều khiển nhỏ nhất; tốc độ lái tối thiểu,FALSE,,,img_1729.jpg,FALSE
1729,Military Dictionary,VMC (visual meteorological conditions),,,,điều kiện khí tượng quan sát bằng mắt thường,FALSE,,,img_1729.jpg,FALSE
1729,Military Dictionary,Vmo (maximum permitted operating flight speed),,,,"tốc độ bay lớn nhất cho phép, tốc độ bay tối đa cho phép",FALSE,,,img_1729.jpg,FALSE
1729,Military Dictionary,VMRMDS (vehicle-mounted road mine detector system),,,,tổ hợp phát hiện mìn trên đường đặt trong xe; xe dò mìn (trên) đường (bộ),FALSE,,,img_1729.jpg,FALSE
1730,Military Dictionary,VMS (vehicle management system),,,,hệ thống quản lý phương tiện bay,FALSE,,,img_1730.jpg,FALSE
1730,Military Dictionary,VMS (Vehicle Motion Sensor),,,,xenxơ định hướng cơ động trên xe,FALSE,,,img_1730.jpg,FALSE
1730,Military Dictionary,VNAS (vehicle navigation aid system),,,,hệ thống dẫn hàng trên xe (tăng thiết giáp),FALSE,,,img_1730.jpg,FALSE
1730,Military Dictionary,VNAS (Vehicle Navigation Air System),,,,"hệ thống dẫn đường không quân đặt trên xe, hệ thống dẫn đường không quân di động",FALSE,,,img_1730.jpg,FALSE
1730,Military Dictionary,VNE (never-exceed speed (aerodynamic or structural limit)),,,,"tốc độ tới hạn, tốc độ cấm vượt qua (giới hạn khí động hoặc kết cấu)",FALSE,,,img_1730.jpg,FALSE
1730,Military Dictionary,VNL (vertical navy launcher),,,,bệ phóng thẳng đứng của hải quân (tên lửa),FALSE,,,img_1730.jpg,FALSE
1730,Military Dictionary,VNTK (susceptibility of blast) (k.hiệu),,,,độ nhạy nổ,FALSE,,,img_1730.jpg,FALSE
1730,Military Dictionary,VNTK (target vulnerability indicator designating degree of hardness) (k.hiệu),,,,mức độ khó khăn trong việc xác định điểm yếu của mục tiêu được giao,FALSE,,,img_1730.jpg,FALSE
1730,Military Dictionary,VO (verbal order),,,,"mệnh lệnh bằng lời; khẩu lệnh, lệnh (bằng) miệng",FALSE,,,img_1730.jpg,FALSE
1730,Military Dictionary,VOCG (verbal orders of commanding general),,,,mệnh lệnh bằng lời của tư lệnh (trưởng) (quân hàm tướng),FALSE,,,img_1730.jpg,FALSE
1730,Military Dictionary,VOCO (verbal orders of commanding officer),,,,mệnh lệnh bằng lời của chỉ huy trưởng,FALSE,,,img_1730.jpg,FALSE
1730,Military Dictionary,VOCODER (voice encoder),,,,thiết bị mã hoá tiếng nói,FALSE,,,img_1730.jpg,FALSE
1730,Military Dictionary,VOCS (verbal orders of the Chief of Staff),,,,mệnh lệnh bằng lời của tham mưu trưởng,FALSE,,,img_1730.jpg,FALSE
1730,Military Dictionary,VOD (vertical onboard delivery),,,,sự phóng (tên lửa) thẳng đứng từ hạm tàu,FALSE,,,img_1730.jpg,FALSE
1730,Military Dictionary,VODP (verbal orders by direction of the President),,,,mệnh lệnh bằng lời theo chỉ thị của tổng thống,FALSE,,,img_1730.jpg,FALSE
1730,Military Dictionary,VOL (vertical on-board landing),,,,sự hạ cánh thẳng đứng trên tàu,FALSE,,,img_1730.jpg,FALSE
1730,Military Dictionary,vol (volume),,,,"dung tích, thể tích; (vt) âm lượng",FALSE,,,img_1730.jpg,FALSE
1730,Military Dictionary,VOL (volunteer officer),,,,sĩ quan tình nguyện,FALSE,,,img_1730.jpg,FALSE
1730,Military Dictionary,vol (volunteer),,,,quân tình nguyện; người tình nguyện nhập ngũ,FALSE,,,img_1730.jpg,FALSE
1730,Military Dictionary,VOLAG (Voluntary Agency),,,,cơ quan tình nguyện,FALSE,,,img_1730.jpg,FALSE
1730,Military Dictionary,VOLAG (voluntary agent) (Mỹ),,,,"nhân viên tình nguyện, tình nguyện viên",FALSE,,,img_1730.jpg,FALSE
1730,Military Dictionary,VOLP (vertical optical landing system),,,,hệ thống hạ cánh thẳng đứng bằng khí tài quang học,FALSE,,,img_1730.jpg,FALSE
1730,Military Dictionary,VOM (volt-ohm-miliammeter),,,,"đồng hồ vạn năng, đồng hồ đo vôn-ôm-miliampe",FALSE,,,img_1730.jpg,FALSE
1730,Military Dictionary,VOQ (visiting officers' quarters),,,,nhà khách sĩ quan,FALSE,,,img_1730.jpg,FALSE
1730,Military Dictionary,VOR (vehicle off road),,,,xe (mọi) địa hình,FALSE,,,img_1730.jpg,FALSE
1730,Military Dictionary,VOR (very high frequency omnidirectional range station),,,,dài định tầm nhiều hướng tần số rất cao,FALSE,,,img_1730.jpg,FALSE
1730,Military Dictionary,VOR (VHF omnidirectional range),,,,"pha tín hiệu vô tuyến dùng tần số rất cao, pha tín hiệu siêu cao tần",FALSE,,,img_1730.jpg,FALSE
1730,Military Dictionary,VORTAC (very high frequency omnidirectional range station and/or tactical air navigation),,,,"dài định tầm nhiều hướng tần số rất cao và, hoặc dẫn đường không quân chiến thuật",FALSE,,,img_1730.jpg,FALSE
1730,Military Dictionary,VOSA (verbal orders of Secretary of the Army),,,,mệnh lệnh bằng lời của bộ trưởng bộ lục quân,FALSE,,,img_1730.jpg,FALSE
1730,Military Dictionary,VOTAG (verbal orders of the Adjutant General),,,,khẩu lệnh của chủ nhiệm hành chính; mệnh lệnh bằng lời của tổng quản trị trưởng,FALSE,,,img_1730.jpg,FALSE
1730,Military Dictionary,VOU (voucher),,,,"giấy biên nhận, chứng thư",FALSE,,,img_1730.jpg,FALSE
1730,Military Dictionary,VOX (voice actuation),,,,sự kích hoạt bằng tiếng nói,FALSE,,,img_1730.jpg,FALSE
1730,Military Dictionary,VP (vital point),,,,"trạm quan trọng; vị trí quan trọng; điểm trọng yếu, yếu điểm",FALSE,,,img_1730.jpg,FALSE
1730,Military Dictionary,VP (vulnerable point),,,,"điểm dễ bị tổn thương, vị trí dễ bị tiến công",FALSE,,,img_1730.jpg,FALSE
1730,Military Dictionary,VPA (Vietnam People's Army),,,,quân đội nhân dân Việt Nam,FALSE,,,img_1730.jpg,FALSE
1730,Military Dictionary,VPB (version planning board),,,,hội đồng lập kế hoạch phương án,FALSE,,,img_1730.jpg,FALSE
1731,Military Dictionary,VPD (version planning document),,,,văn kiện lập kế hoạch phương án,FALSE,,,img_1731.jpg,FALSE
1731,Military Dictionary,VPM (vehicles per mile),,,,số lượng xe trên một dặm (khi xác định mật độ cơ động),FALSE,,,img_1731.jpg,FALSE
1731,Military Dictionary,VPMOS (verified primary military occupational speciality),,,,chuyên ngành quân sự chính đã được phê duyệt,FALSE,,,img_1731.jpg,FALSE
1731,Military Dictionary,VR (Volunteer Reserve),,,,lực lượng dự bị tình nguyện,FALSE,,,img_1731.jpg,FALSE
1731,Military Dictionary,VRBM (variable range ballistic missile),,,,tên lửa đạn đạo có tầm bắn thay đổi,FALSE,,,img_1731.jpg,FALSE
1731,Military Dictionary,VRFWS (vehicle rapid fire weapon system),,,,"hệ thống vũ khí có tốc độ bắn cao đặt trên phương tiện vận tải, tổ hợp vũ khí có tốc độ bắn cao đặt trên xe",FALSE,,,img_1731.jpg,FALSE
1731,Military Dictionary,VRL (Véhicule Reconnaissance Léger (light reconnaissance vehicle)) (Pháp),,,,máy bay trinh sát hạng nhẹ,FALSE,,,img_1731.jpg,FALSE
1731,Military Dictionary,VRP (visual reporting post),,,,đài thông báo bay quan sát trực tiếp,FALSE,,,img_1731.jpg,FALSE
1731,Military Dictionary,VS (sector single-unit),,,,bộ khí tài rada đơn phát sóng theo khu vực rẻ quạt,FALSE,,,img_1731.jpg,FALSE
1731,Military Dictionary,VS&PT (vehicle summary and priority table),,,,biểu tổng hợp và ưu tiên xe cộ,FALSE,,,img_1731.jpg,FALSE
1731,Military Dictionary,VSHORAD (very short range air defence),,,,(hệ thống) phòng không tầm cực gần,FALSE,,,img_1731.jpg,FALSE
1731,Military Dictionary,VSI (vertical speed (climb/desvent) indicator),,,,đồng hồ chỉ tốc độ cất hạ cánh thẳng đứng,FALSE,,,img_1731.jpg,FALSE
1731,Military Dictionary,VSI (very seriously injured),,,,"bị thương nặng, trọng thương",FALSE,,,img_1731.jpg,FALSE
1731,Military Dictionary,VSII (very seriously ill or injured),,,,ốm hoặc bị thương rất nặng,FALSE,,,img_1731.jpg,FALSE
1731,Military Dictionary,VSMOS (verified secondary military occupational specialty),,,,chuyên ngành quân sự bổ trợ đã được phê duyệt,FALSE,,,img_1731.jpg,FALSE
1731,Military Dictionary,VSP (voice selection panel),,,,panen lựa chọn giọng nói,FALSE,,,img_1731.jpg,FALSE
1731,Military Dictionary,VSR (sector single-unit radar),,,,bộ khí tài rada đơn phát sóng theo khu vực rẻ quạt,FALSE,,,img_1731.jpg,FALSE
1731,Military Dictionary,VSR (very short-range),,,,tầm rất ngắn,FALSE,,,img_1731.jpg,FALSE
1731,Military Dictionary,VSRBM (very short range ballistic missile),,,,tên lửa đạn đạo có tầm bắn cực ngắn,FALSE,,,img_1731.jpg,FALSE
1731,Military Dictionary,VSTOL plane (very short take-off and landing plane),,,,máy bay cất hạ cánh trên đường băng rất ngắn,FALSE,,,img_1731.jpg,FALSE
1731,Military Dictionary,VSTOL (vertical or short take-off/landing),,,,cất hoặc hạ cánh thẳng đứng hoặc trên đường băng ngắn; máy bay cất hạ cánh thẳng đứng hoặc trên đường băng ngắn,FALSE,,,img_1731.jpg,FALSE
1731,Military Dictionary,VSTOL (vertical/short takeoff and landing),,,,cất hạ cánh thẳng đứng hoặc trên đường băng ngắn; máy bay cất hạ cánh thẳng đứng hoặc trên đường băng ngắn,FALSE,,,img_1731.jpg,FALSE
1731,Military Dictionary,VT (volunteer training),,,,huấn luyện chiến đấu cho quân tình nguyện,FALSE,,,img_1731.jpg,FALSE
1731,Military Dictionary,"VT (variable time, variable-time)",,,,có thời gian thay đổi chậm (ngòi nổ),FALSE,,,img_1731.jpg,FALSE
1731,Military Dictionary,VTA (voenno-transportnaua aviasiya (military transport aviation)) (Nga),,,,ngành hàng không vận tải quân sự,FALSE,,,img_1731.jpg,FALSE
1731,Military Dictionary,VTL (vehicle tactical logistic),,,,xe hậu cần (cấp) chiến thuật,FALSE,,,img_1731.jpg,FALSE
1731,Military Dictionary,VTM (vehicles to the mile),,,,số lượng xe trên một dặm (khi xác định mật độ cơ động trên đường),FALSE,,,img_1731.jpg,FALSE
1731,Military Dictionary,VTO (vertical take-off),,,,cất cánh thẳng đứng,FALSE,,,img_1731.jpg,FALSE
1731,Military Dictionary,VTOL (vertical takeoff and landing),,,,sự cất hạ cánh thẳng đứng; máy bay cất hạ cánh thẳng đứng,FALSE,,,img_1731.jpg,FALSE
1731,Military Dictionary,VTOL-UAV (vertical takeoff and landing unmanned aerial vehicle),,,,máy bay trinh sát không người lái cất hạ cánh thẳng đứng,FALSE,,,img_1731.jpg,FALSE
1731,Military Dictionary,VTT (véhicule transport de troupe (troop transporter)) (Pháp),,,,phương tiện vận tải chở quân; tàu chở quân,FALSE,,,img_1731.jpg,FALSE
1731,Military Dictionary,VTT (video teletraining),,,,sự huấn luyện bằng nghe nhìn điều khiển từ xa,FALSE,,,img_1731.jpg,FALSE
1731,Military Dictionary,"VV&C (verification, validation, and certification)",,,,"thẩm định, phê chuẩn và chứng nhận",FALSE,,,img_1731.jpg,FALSE
1731,Military Dictionary,VVSS (vertical volute spring suspension),,,,"hệ treo bằng lò xo xoắn thẳng đứng, hệ thống treo lò xo trụ",FALSE,,,img_1731.jpg,FALSE
1731,Military Dictionary,VXB (Véhicule Blindé à Vocations Multiples (multipurpose armoured car)) (Pháp),,,,ô tô bọc thép vạn năng,FALSE,,,img_1731.jpg,FALSE
1732,Military Dictionary,w (search subarea width) (k.hiệu),,,,chiều rộng khu vực tìm kiếm,FALSE,,,img_1732.jpg,FALSE
1732,Military Dictionary,W (sweep width) (k.hiệu),,,,chiều rộng dải quét thuỷ lôi,FALSE,,,img_1732.jpg,FALSE
1732,Military Dictionary,W (war) (k.hiệu),,,,chiến tranh; tác chiến,FALSE,,,img_1732.jpg,FALSE
1732,Military Dictionary,W (warning) (k.hiệu),,,,"sự cảnh báo, sự báo động; sự thông báo",FALSE,,,img_1732.jpg,FALSE
1732,Military Dictionary,W (weapon) (k.hiệu),,,,vũ khí,FALSE,,,img_1732.jpg,FALSE
1732,Military Dictionary,W (west),,,,phương tây; phía tây; (thuộc) phía tây,FALSE,,,img_1732.jpg,FALSE
1732,Military Dictionary,W (wire guidance),,,,"điều khiển theo dây dẫn, dẫn theo dây dẫn",FALSE,,,img_1732.jpg,FALSE
1732,Military Dictionary,W (with),,,,với,FALSE,,,img_1732.jpg,FALSE
1732,Military Dictionary,W (wounded) (Anh),,,,(thuộc) bị thương,FALSE,,,img_1732.jpg,FALSE
1732,Military Dictionary,W Sup (water supply),,,,tiếp tế nước,FALSE,,,img_1732.jpg,FALSE
1732,Military Dictionary,W Tk Bn (water tank battalion),,,,tiểu đoàn dự trữ nước,FALSE,,,img_1732.jpg,FALSE
1732,Military Dictionary,W.R.N.S. (Women's Royal Naval Service) (Anh),,,,ngành nữ trợ giúp hải quân,FALSE,,,img_1732.jpg,FALSE
1732,Military Dictionary,W/C (Wing Commander) (k.hiệu),,,,"không đoàn trưởng, tư lệnh (trưởng) phi đoàn không quân",FALSE,,,img_1732.jpg,FALSE
1732,Military Dictionary,W/Dy at (with duty at),,,,đi công tác (tại),FALSE,,,img_1732.jpg,FALSE
1732,Military Dictionary,W/E (wireless exercise),,,,huấn luyện phát tin,FALSE,,,img_1732.jpg,FALSE
1732,Military Dictionary,W/in (within),,,,trong giới hạn; trong quá trình; bên trong,FALSE,,,img_1732.jpg,FALSE
1732,Military Dictionary,W/O WN (without winch),,,,(xe) không trục,FALSE,,,img_1732.jpg,FALSE
1732,Military Dictionary,W/O; W/o (without),,,,"không có; thiếu, vắng; ngoài khuôn khổ; ở ngoài",FALSE,,,img_1732.jpg,FALSE
1732,Military Dictionary,W/W (waterway),,,,đường thuỷ,FALSE,,,img_1732.jpg,FALSE
1732,Military Dictionary,W/WN (with winch),,,,(xe) có trục kéo,FALSE,,,img_1732.jpg,FALSE
1732,Military Dictionary,WO1 (warrant officer 1st class) (Anh),,,,"chuẩn úy (hạng) nhất (dưới thiếu úy, trên chuẩn úy hạng nhì)",FALSE,,,img_1732.jpg,FALSE
1732,Military Dictionary,WO2 (warrant officer 2nd class) (Anh),,,,"chuẩn úy (hạng) nhì (dưới chuẩn úy hạng nhất, trên trung sĩ tham mưu)",FALSE,,,img_1732.jpg,FALSE
1732,Military Dictionary,WAAM (wide area anti-armor munitions),,,,đạn chống tăng diện rộng,FALSE,,,img_1732.jpg,FALSE
1732,Military Dictionary,WAAPM (wide-area antipersonnel mine),,,,mìn sát thương bộ binh diện rộng,FALSE,,,img_1732.jpg,FALSE
1732,Military Dictionary,WAAR (Wartime Aircraft Activity Report),,,,sự báo cáo tình hình hoạt động của máy bay thời chiến,FALSE,,,img_1732.jpg,FALSE
1732,Military Dictionary,WAC (weapon-aiming computer),,,,máy ngắm xạ toán,FALSE,,,img_1732.jpg,FALSE
1732,Military Dictionary,WAC (Women's Army Corps),,,,ngành nữ trợ giúp lục quân,FALSE,,,img_1732.jpg,FALSE
1732,Military Dictionary,WACRES (Women's Army Corps Reserve),,,,lực lượng dự bị ngành nữ trợ giúp lục quân,FALSE,,,img_1732.jpg,FALSE
1732,Military Dictionary,WACSM (Women's Army Corps Service Medal),,,,"huy chương ""vì có công trong ngành nữ trợ giúp""",FALSE,,,img_1732.jpg,FALSE
1732,Military Dictionary,WAF (Women in Air Force),,,,đoàn nữ trợ giúp không quân,FALSE,,,img_1732.jpg,FALSE
1732,Military Dictionary,WAGB (icebreaker) (USCG),,,,tàu phá băng của lực lượng cảnh giới bờ biển Mỹ,FALSE,,,img_1732.jpg,FALSE
1732,Military Dictionary,WAM (Wide Area Mines) (US),,,,mìn sát thương diện rộng (Mỹ),FALSE,,,img_1732.jpg,FALSE
1733,Military Dictionary,WAPC (Wheeled Armoured Personnel Carrier) (Canada),,,,xe vận tải bọc thép bánh hơi chở quân (Canada),FALSE,,,img_1733.jpg,FALSE
1733,Military Dictionary,WARM (wartime reserve mode),,,,phương thức lực lượng dự bị thời chiến,FALSE,,,img_1733.jpg,FALSE
1733,Military Dictionary,WARMAPS (wartime manpower planning system),,,,hệ thống lập kế hoạch biên chế quân số thời chiến,FALSE,,,img_1733.jpg,FALSE
1733,Military Dictionary,WARPAC (Warsaw Pact) (sử),,,,khối (quân sự) Vácsava,FALSE,,,img_1733.jpg,FALSE
1733,Military Dictionary,WAS (weapon aiming system),,,,tổ hợp ngắm bắn,FALSE,,,img_1733.jpg,FALSE
1733,Military Dictionary,WAS (wide area surveillance),,,,trinh thám khu vực rộng; giám sát diện rộng,FALSE,,,img_1733.jpg,FALSE
1733,Military Dictionary,WASAD (Wide Angle Surveillance and Automatic Detection Device),,,,thiết bị theo dõi và phát hiện mục tiêu tự động có tầm nhìn rộng,FALSE,,,img_1733.jpg,FALSE
1733,Military Dictionary,WASP (war air service program),,,,chương trình bảo đảm cho không quân trong chiến tranh,FALSE,,,img_1733.jpg,FALSE
1733,Military Dictionary,WASPM (wide area side penetrating mine),,,,mìn xuyên thành xe diện rộng,FALSE,,,img_1733.jpg,FALSE
1733,Military Dictionary,WATCHCON (watch condition),,,,điều kiện theo dõi,FALSE,,,img_1733.jpg,FALSE
1733,Military Dictionary,WAV (Wide Angle Viewing),,,,tầm quan sát rộng,FALSE,,,img_1733.jpg,FALSE
1733,Military Dictionary,WAVES (Women Accepted for Voluntary Emergency Service),,,,tổ chức phụ nữ tình nguyện phục vụ hải quân,FALSE,,,img_1733.jpg,FALSE
1733,Military Dictionary,WB (weather bureau),,,,cục khí tượng,FALSE,,,img_1733.jpg,FALSE
1733,Military Dictionary,WBI (ill be issued),,,,sẽ được phân phối; sẽ được cấp phát,FALSE,,,img_1733.jpg,FALSE
1733,Military Dictionary,WC (wind current),,,,dòng không khí (do gió),FALSE,,,img_1733.jpg,FALSE
1733,Military Dictionary,WCCS (Wing Command and Control System),,,,hệ thống chỉ huy và kiểm soát phi đoàn không quân,FALSE,,,img_1733.jpg,FALSE
1733,Military Dictionary,WCDPC (War Control Data Processing Center),,,,trung tâm xử lý dữ kiện chỉ huy tác chiến,FALSE,,,img_1733.jpg,FALSE
1733,Military Dictionary,WCE (West Coast of England),,,,bờ biển phía Tây nước Anh,FALSE,,,img_1733.jpg,FALSE
1733,Military Dictionary,WCS (weapon control system),,,,hệ thống điều khiển vũ khí,FALSE,,,img_1733.jpg,FALSE
1733,Military Dictionary,WCSA (West Coast of South America),,,,bờ biển phía Tây của Nam Mỹ,FALSE,,,img_1733.jpg,FALSE
1733,Military Dictionary,WCUK (West Coat of the United Kingdom),,,,bờ biển phía Tây vương quốc Anh,FALSE,,,img_1733.jpg,FALSE
1733,Military Dictionary,WD (War Department),,,,"bộ chiến tranh, bộ quốc phòng",FALSE,,,img_1733.jpg,FALSE
1733,Military Dictionary,WD (war diary),,,,sổ nhật ký tác chiến,FALSE,,,img_1733.jpg,FALSE
1733,Military Dictionary,wd (withdrawn),,,,"tháo lui, rút lui, lui quân; tháo chạy",FALSE,,,img_1733.jpg,FALSE
1733,Military Dictionary,WDA (weapons defended area),,,,"khu vực được bảo vệ bằng hoả lực, khu vực nằm trong tầm bảo vệ của hoả lực",FALSE,,,img_1733.jpg,FALSE
1733,Military Dictionary,WDGS (War Department General Staff),,,,bộ tổng tham mưu bộ chiến tranh,FALSE,,,img_1733.jpg,FALSE
1733,Military Dictionary,WDNS (weapon delivery and navigation system),,,,hệ thống phóng và dẫn đường của vũ khí,FALSE,,,img_1733.jpg,FALSE
1733,Military Dictionary,WDS (weapons delivery system),,,,hệ thống mang vũ khí hạt nhân (đến mục tiêu),FALSE,,,img_1733.jpg,FALSE
1733,Military Dictionary,WE (war establishment),,,,"biên chế thời chiến, tổ chức biên chế thời chiến",FALSE,,,img_1733.jpg,FALSE
1733,Military Dictionary,wea (weapon(s)),,,,vũ khí,FALSE,,,img_1733.jpg,FALSE
1733,Military Dictionary,wea (weather),,,,thời tiết,FALSE,,,img_1733.jpg,FALSE
1733,Military Dictionary,WEA DET (weather detachment),,,,đội quan trắc thời tiết,FALSE,,,img_1733.jpg,FALSE
1733,Military Dictionary,weat (weathertight),,,,không bị ảnh hưởng của thời tiết,FALSE,,,img_1733.jpg,FALSE
1733,Military Dictionary,WEAX (weather),,,,thời tiết,FALSE,,,img_1733.jpg,FALSE
1733,Military Dictionary,WES (weapon engagement status),,,,tình trạng (sẵn sàng) chiến đấu của vũ khí,FALSE,,,img_1733.jpg,FALSE
1733,Military Dictionary,WestLant (Western Atlantic Area),,,,khu vực tây Đại Tây Dương,FALSE,,,img_1733.jpg,FALSE
1733,Military Dictionary,WETM (weather team),,,,đội quan trắc thời tiết,FALSE,,,img_1733.jpg,FALSE
1733,Military Dictionary,WEU (Western European Union),,,,liên minh Tây Âu,FALSE,,,img_1733.jpg,FALSE
1733,Military Dictionary,WEZ (weapon engagement zone),,,,khu vực nổ súng vào mục tiêu của vũ khí,FALSE,,,img_1733.jpg,FALSE
1733,Military Dictionary,WFCMV (wheeled fuel consuming motor vehicle),,,,xe bánh hơi chạy bằng động cơ đốt trong,FALSE,,,img_1733.jpg,FALSE
1733,Military Dictionary,WFCS (warning & fire control station),,,,trạm cảnh báo và chỉ huy hoả lực,FALSE,,,img_1733.jpg,FALSE
1734,Military Dictionary,WFE (warfighting environment),,,,môi trường tác chiến; điều kiện chiến đấu,FALSE,,,img_1734.jpg,FALSE
1734,Military Dictionary,WFOV (wide field of viewing),,,,"phạm vi quan sát rộng, xạ giới quan sát rộng",FALSE,,,img_1734.jpg,FALSE
1734,Military Dictionary,WFSV (Wheeled Fire Support Vehicle) (Canada),,,,xe bọc thép chi viện hoả lực bánh hơi (Canada),FALSE,,,img_1734.jpg,FALSE
1734,Military Dictionary,WFZ (weapons free zone),,,,khu vực không hạn chế sử dụng vũ khí,FALSE,,,img_1734.jpg,FALSE
1734,Military Dictionary,wg (wing),,,,phi đoàn; cánh (quân),FALSE,,,img_1734.jpg,FALSE
1734,Military Dictionary,Wg Cdr (wing commander),,,,chỉ huy trưởng phi đoàn không quân,FALSE,,,img_1734.jpg,FALSE
1734,Military Dictionary,WGF (Western Group of Forces) (Russia),,,,phương diện quân phía Tây (Nga),FALSE,,,img_1734.jpg,FALSE
1734,Military Dictionary,WGS (World Geodetic System),,,,hệ thống trắc địa thế giới,FALSE,,,img_1734.jpg,FALSE
1734,Military Dictionary,Wgt or Wt (weight),,,,trọng lượng,FALSE,,,img_1734.jpg,FALSE
1734,Military Dictionary,WGT (weapons guidance and tracking),,,,sự bám và dẫn bay của tên lửa chiến thuật,FALSE,,,img_1734.jpg,FALSE
1734,Military Dictionary,WH (warhead),,,,phần chiến đấu (của tên lửa),FALSE,,,img_1734.jpg,FALSE
1734,Military Dictionary,WH (western hemisphere),,,,"bán cầu phía Tây, Tây bán cầu",FALSE,,,img_1734.jpg,FALSE
1734,Military Dictionary,WH (wounded due to hostilities),,,,bị thương do chiến sự,FALSE,,,img_1734.jpg,FALSE
1734,Military Dictionary,WHA (Weapons Head Assembly),,,,sự lắp phần đầu của tên lửa,FALSE,,,img_1734.jpg,FALSE
1734,Military Dictionary,WHCA (White House Communications Agency),,,,cục thông tin liên lạc của Nhà Trắng,FALSE,,,img_1734.jpg,FALSE
1734,Military Dictionary,WHD (western hemisphere defense),,,,phòng ngự Tây bán cầu,FALSE,,,img_1734.jpg,FALSE
1734,Military Dictionary,WHD; whd (warhead),,,,phần chiến đấu (của tên lửa),FALSE,,,img_1734.jpg,FALSE
1734,Military Dictionary,WHEC (high-endurance cutter) (USCG),,,,tàu tuần tra ven bờ tầm xa của lực lượng cảnh giới bờ biển Mỹ,FALSE,,,img_1734.jpg,FALSE
1734,Military Dictionary,WHNRS (wartime host-nation religious support),,,,sự hỗ trợ tôn giáo của nước chủ nhà trong thời chiến,FALSE,,,img_1734.jpg,FALSE
1734,Military Dictionary,WHNS (wartime host-nation support),,,,sự hỗ trợ của nước chủ nhà trong thời chiến,FALSE,,,img_1734.jpg,FALSE
1734,Military Dictionary,WHNSIMS (Wartime Host Nation Support Information Management System),,,,hệ thống quản lý thông tin hỗ trợ của nước chủ nhà trong thời chiến,FALSE,,,img_1734.jpg,FALSE
1734,Military Dictionary,WHQ (war headquarters),,,,sở chỉ huy,FALSE,,,img_1734.jpg,FALSE
1734,Military Dictionary,WHR (western hemisphere reserve),,,,lực lượng dự bị Tây bán cầu,FALSE,,,img_1734.jpg,FALSE
1734,Military Dictionary,WHS (warehouse),,,,kho hàng,FALSE,,,img_1734.jpg,FALSE
1734,Military Dictionary,WHSA (Weapons Head Support Assembly),,,,sự lắp trụ đỡ phần chiến đấu của tên lửa,FALSE,,,img_1734.jpg,FALSE
1734,Military Dictionary,WIA (wounded in action),,,,bị thương trong chiến đấu,FALSE,,,img_1734.jpg,FALSE
1734,Military Dictionary,WIG (wing-in-group-effect),,,,"(phương tiện) bay bằng đệm không khí, hiệu ứng cánh nâng mặt đất",FALSE,,,img_1734.jpg,FALSE
1734,Military Dictionary,WIR (Weekly Intelligence Review),,,,bản báo cáo tin tức tình báo hàng tuần,FALSE,,,img_1734.jpg,FALSE
1734,Military Dictionary,WISDIM (Warfighting and Intelligence Systems Dictionary for Information Management),,,,từ điển hệ thống tác chiến và tình báo dùng cho việc quản lý thông tin,FALSE,,,img_1734.jpg,FALSE
1734,Military Dictionary,WISP (Wartime Information Security Program),,,,chương trình an ninh thông tin thời chiến; chương trình bảo đảm bí mật thông tin thời chiến,FALSE,,,img_1734.jpg,FALSE
1734,Military Dictionary,WIU (weapons interface unit),,,,đơn vị giao diện của các loại vũ khí,FALSE,,,img_1734.jpg,FALSE
1734,Military Dictionary,WKR (wrecker),,,,xe sửa chữa hư hỏng,FALSE,,,img_1734.jpg,FALSE
1734,Military Dictionary,wl (waterline length),,,,"độ dài tại mớn nước (tàu, thuyền)",FALSE,,,img_1734.jpg,FALSE
1734,Military Dictionary,WL (waterline),,,,"mớn nước (tàu, thuyền)",FALSE,,,img_1734.jpg,FALSE
1734,Military Dictionary,WLB (weapons logbook),,,,lý lịch súng pháo,FALSE,,,img_1734.jpg,FALSE
1734,Military Dictionary,WMC (weapons monitoring center),,,,trung tâm điều khiển phương tiện phòng không; trung tâm bám sát đường bay của tên lửa,FALSE,,,img_1734.jpg,FALSE
1734,Military Dictionary,WMD (weapons of mass destruction),,,,"vũ khí huỷ diệt hàng loạt, vũ khí hủy diệt lớn",FALSE,,,img_1734.jpg,FALSE
1734,Military Dictionary,WMEC (Coast Guard medium-endurance cutter),,,,tàu tuần tra ven bờ tầm trung của lực lượng cảnh giới bờ biển Mỹ,FALSE,,,img_1734.jpg,FALSE
1734,Military Dictionary,WMO (World Meteorological Organization),,,,tổ chức khí tượng thế giới,FALSE,,,img_1734.jpg,FALSE
1735,Military Dictionary,WMP (Air Force War and Mobilization Plan),,,,kế hoạch chiến tranh và động viên thời chiến của không quân,FALSE,,,img_1735.jpg,FALSE
1735,Military Dictionary,WMP (War and Mobilization Plan),,,,kế hoạch chiến tranh và động viên thời chiến,FALSE,,,img_1735.jpg,FALSE
1735,Military Dictionary,WMR (Woomera Missile Range),,,,trường bắn tên lửa Woomera (ở Ôxtrâylia),FALSE,,,img_1735.jpg,FALSE
1735,Military Dictionary,WMRV (Wheeled Maintenance and Recovery Vehicle) (Canada),,,,xe bảo dưỡng và cứu kéo bánh hơi,FALSE,,,img_1735.jpg,FALSE
1735,Military Dictionary,wng (warning),,,,cảnh báo; báo trước; báo động; thông báo,FALSE,,,img_1735.jpg,FALSE
1735,Military Dictionary,wng sys (warning system),,,,hệ thống cảnh báo,FALSE,,,img_1735.jpg,FALSE
1735,Military Dictionary,WO (War Office) (Anh),,,,bộ chiến tranh,FALSE,,,img_1735.jpg,FALSE
1735,Military Dictionary,WO (warning order),,,,mệnh lệnh cảnh báo; lệnh thông báo,FALSE,,,img_1735.jpg,FALSE
1735,Military Dictionary,WO (warrant officer) (Mỹ),,,,chuẩn uý,FALSE,,,img_1735.jpg,FALSE
1735,Military Dictionary,"WO-1 (warrant officer, grade one)",,,,thượng sĩ nhất,FALSE,,,img_1735.jpg,FALSE
1735,Military Dictionary,WOC (wing operations center) (USAF),,,,trung tâm (chỉ huy) tác chiến của phi đoàn không quân,FALSE,,,img_1735.jpg,FALSE
1735,Military Dictionary,WOD (word-of-day),,,,mật ngữ trong ngày; mật khẩu trong ngày,FALSE,,,img_1735.jpg,FALSE
1735,Military Dictionary,"WOG (water, oil, gas)",,,,"nước, dầu, xăng",FALSE,,,img_1735.jpg,FALSE
1735,Military Dictionary,"WOJG (warrant officer, junior grade)",,,,chuẩn uý,FALSE,,,img_1735.jpg,FALSE
1735,Military Dictionary,WOL (War Office Letter) (Anh),,,,chỉ lệnh của bộ chiến tranh,FALSE,,,img_1735.jpg,FALSE
1735,Military Dictionary,WOO (waiting on order),,,,đang chờ lệnh,FALSE,,,img_1735.jpg,FALSE
1735,Military Dictionary,WOS (War Office staff) (Anh),,,,biên chế của bộ chiến tranh; đội ngũ sĩ quan và nhân viên bộ chiến tranh,FALSE,,,img_1735.jpg,FALSE
1735,Military Dictionary,WP (Warsaw Pact) (sử),,,,khối (quân sự) Vacsava,FALSE,,,img_1735.jpg,FALSE
1735,Military Dictionary,WP (way point),,,,điểm chuyển hướng trên đường bay,FALSE,,,img_1735.jpg,FALSE
1735,Military Dictionary,WP (white phosphorus),,,,phốtpho trắng,FALSE,,,img_1735.jpg,FALSE
1735,Military Dictionary,WP (will proceed to),,,,sẽ đi đến ...,FALSE,,,img_1735.jpg,FALSE
1735,Military Dictionary,WPA (water jet propulsion assembly),,,,tổ hợp động cơ đẩy phản lực hơi nước,FALSE,,,img_1735.jpg,FALSE
1735,Military Dictionary,WPAL (wartime personnel allowance list),,,,danh sách phụ cấp quân nhân thời chiến,FALSE,,,img_1735.jpg,FALSE
1735,Military Dictionary,WPB (coast guard patrol boat) (k.hiệu),,,,tàu tuần tiễu cảnh giới bờ biển,FALSE,,,img_1735.jpg,FALSE
1735,Military Dictionary,WPC (Washington Planning Center),,,,trung tâm lập kế hoạch tại Oasinhtơn,FALSE,,,img_1735.jpg,FALSE
1735,Military Dictionary,WPM (words per minute),,,,số từ trong một phút (tốc độ mã hoá hoặc truyền),FALSE,,,img_1735.jpg,FALSE
1735,Military Dictionary,Wpn Carr (weapon carrier),,,,xe chở vũ khí (hạng nặng),FALSE,,,img_1735.jpg,FALSE
1735,Military Dictionary,wpn empl (weapons emplacement),,,,công sự của hỏa khí; trận địa hỏa lực,FALSE,,,img_1735.jpg,FALSE
1735,Military Dictionary,wpn plat (weapons platoon),,,,trung đội hoả lực,FALSE,,,img_1735.jpg,FALSE
1735,Military Dictionary,wpn sqd (weapons squad),,,,tiểu đội hỏa lực; khẩu đội hỏa lực,FALSE,,,img_1735.jpg,FALSE
1735,Military Dictionary,WPN; wpn (weapon),,,,vũ khí,FALSE,,,img_1735.jpg,FALSE
1735,Military Dictionary,WPNS (Western Pacific Naval Symposium),,,,hội nghị chuyên đề về hải quân Tây Thái Bình Dương,FALSE,,,img_1735.jpg,FALSE
1735,Military Dictionary,WPS (Worldwide Port System),,,,hệ thống hải cảng toàn thế giới,FALSE,,,img_1735.jpg,FALSE
1735,Military Dictionary,WP-T (white phosphorus-tracer),,,,đạn vạch đường bằng phốtpho trắng; vạch dẫn bằng phốtpho trắng,FALSE,,,img_1735.jpg,FALSE
1735,Military Dictionary,WR (war reserve),,,,nguồn dự bị cho chiến tranh; dự trữ chiến tranh,FALSE,,,img_1735.jpg,FALSE
1735,Military Dictionary,WR (war reserves),,,,"lực lượng dự bị cho chiến tranh, lực lượng dự bị động viên",FALSE,,,img_1735.jpg,FALSE
1735,Military Dictionary,WR (water-rail),,,,đường thuỷ - đường sắt,FALSE,,,img_1735.jpg,FALSE
1735,Military Dictionary,WR (weapon radius),,,,"bán kính tiêu diệt của vũ khí, bán kính sát thương của vũ khí",FALSE,,,img_1735.jpg,FALSE
1735,Military Dictionary,WR (Women Reserve),,,,lực lượng nữ quân nhân dự bị (lính thuỷ đánh bộ),FALSE,,,img_1735.jpg,FALSE
1735,Military Dictionary,WRAC (Women's Royal Army Corps),,,,ngành nữ trợ giúp lục quân,FALSE,,,img_1735.jpg,FALSE
1735,Military Dictionary,WRC (World Radiocommunication Conference),,,,hội nghị thông tin liên lạc vô tuyến thế giới,FALSE,,,img_1735.jpg,FALSE
1735,Military Dictionary,WRL (weapons release line),,,,tuyến bắn của các phương tiện hoả lực,FALSE,,,img_1735.jpg,FALSE
1735,Military Dictionary,WRM (war reserve materiel),,,,vật chất trang bị dự trữ cho chiến tranh,FALSE,,,img_1735.jpg,FALSE
1735,Military Dictionary,WRMS (war reserve materiel stock),,,,kho vật chất trang bị dự trữ cho chiến tranh,FALSE,,,img_1735.jpg,FALSE
1736,Military Dictionary,WRR (weapons response range),,,,tầm bắn trả của hỏa lực,FALSE,,,img_1736.jpg,FALSE
1736,Military Dictionary,WRS (war reserve stock),,,,kho dự trữ cho chiến tranh,FALSE,,,img_1736.jpg,FALSE
1736,Military Dictionary,WRSK (war readiness spares kit),,,,bộ phụ tùng thay thế sẵn sàng cho chiến tranh,FALSE,,,img_1736.jpg,FALSE
1736,Military Dictionary,WRSK (war reserve spares kit),,,,bộ phụ tùng thay thế dự trữ cho chiến tranh,FALSE,,,img_1736.jpg,FALSE
1736,Military Dictionary,WS (water supply),,,,"sự cấp nước, sự tiếp tế nước",FALSE,,,img_1736.jpg,FALSE
1736,Military Dictionary,WS (weapon system),,,,tổ hợp vũ khí,FALSE,,,img_1736.jpg,FALSE
1736,Military Dictionary,WSC (Worldwide Military Command and Control System),,,,hệ thống chỉ huy và kiểm soát quân sự toàn cầu,FALSE,,,img_1736.jpg,FALSE
1736,Military Dictionary,WSE (weapon support equipment),,,,khí tài hỗ trợ cho vũ khí,FALSE,,,img_1736.jpg,FALSE
1736,Military Dictionary,WSEG (Weapon Systems Evaluation Group),,,,nhóm đánh giá hệ thống vũ khí,FALSE,,,img_1736.jpg,FALSE
1736,Military Dictionary,WSES (surface effect ship) (USCG),,,,tàu cao tốc cánh ngầm (lực lượng cảnh giới bờ biển Mỹ),FALSE,,,img_1736.jpg,FALSE
1736,Military Dictionary,WSESRB (Weapon System Explosive Safety Review Board),,,,hội đồng xét duyệt tính an toàn của hệ thống vũ khí nổ,FALSE,,,img_1736.jpg,FALSE
1736,Military Dictionary,WSP (water supply point),,,,"trạm cung cấp nước, điểm tiếp tế nước",FALSE,,,img_1736.jpg,FALSE
1736,Military Dictionary,WSR (weapon system reliability),,,,độ tin cậy của hệ thống vũ khí,FALSE,,,img_1736.jpg,FALSE
1736,Military Dictionary,Wt (weight-ton),,,,trọng lượng tấn; trọng lượng tính bằng tấn,FALSE,,,img_1736.jpg,FALSE
1736,Military Dictionary,WT (gross weight),,,,tổng trọng lượng,FALSE,,,img_1736.jpg,FALSE
1736,Military Dictionary,WT (warping tug),,,,tàu kéo dắt,FALSE,,,img_1736.jpg,FALSE
1736,Military Dictionary,WT (watertight),,,,không rỉ nước,FALSE,,,img_1736.jpg,FALSE
1736,Military Dictionary,WT (weapon training),,,,"huấn luyện có vũ khí; tập bắn, huấn luyện bắn",FALSE,,,img_1736.jpg,FALSE
1736,Military Dictionary,WT (weight),,,,trọng lượng,FALSE,,,img_1736.jpg,FALSE
1736,Military Dictionary,WTCA (water terminal clearance authority),,,,thẩm quyền cấp phép đầu mối giao thông vận tải đường thuỷ,FALSE,,,img_1736.jpg,FALSE
1736,Military Dictionary,WTLO (water terminal logistic office),,,,phòng hậu cần đầu mối giao thông đường thuỷ,FALSE,,,img_1736.jpg,FALSE
1736,Military Dictionary,WTO (Warsaw Treaty Organization),,,,tổ chức hiệp ước Vácsava,FALSE,,,img_1736.jpg,FALSE
1736,Military Dictionary,WVR (within visual range),,,,"trong tầm nhìn (thẳng), trong tầm quan sát trực tiếp",FALSE,,,img_1736.jpg,FALSE
1736,Military Dictionary,WVS (Women's Voluntary Service),,,,ngành phụ nữ tình nguyện,FALSE,,,img_1736.jpg,FALSE
1736,Military Dictionary,WWABNCP (worldwide airborne command post),,,,đài chỉ huy đường không toàn thế giới,FALSE,,,img_1736.jpg,FALSE
1736,Military Dictionary,WWACPS (worldwide airborne command post system),,,,hệ thống đài chỉ huy toàn cầu trên không,FALSE,,,img_1736.jpg,FALSE
1736,Military Dictionary,WWI (World War I) (1914-1918),,,,chiến tranh thế giới thứ nhất (1914-1918),FALSE,,,img_1736.jpg,FALSE
1736,Military Dictionary,WWII (World War II) (1939-1945),,,,chiến tranh thế giới thứ hai (1939-1945),FALSE,,,img_1736.jpg,FALSE
1736,Military Dictionary,WWMCCS (worldwide military command & control system),,,,hệ thống chỉ huy và điều khiển quân sự toàn cầu,FALSE,,,img_1736.jpg,FALSE
1736,Military Dictionary,WX (airborne weather radar),,,,rada (dự báo) thời tiết trên máy bay,FALSE,,,img_1736.jpg,FALSE
1736,Military Dictionary,WX (weather),,,,thời tiết,FALSE,,,img_1736.jpg,FALSE
1737,Military Dictionary,X (crossing),,,,"sự vượt qua; giao lộ, chỗ giao nhau (ngã ba; ngã tư)",FALSE,,,img_1737.jpg,FALSE
1737,Military Dictionary,X (exchange),,,,bộ chuyển mạch; sự trao đổi; sự cấp đổi (cấp mới thu cũ); trạm tổng đài điện thoại; cửa hàng căng tin (quân đội),FALSE,,,img_1737.jpg,FALSE
1737,Military Dictionary,X (experiment) (k.hiệu),,,,thử nghiệm,FALSE,,,img_1737.jpg,FALSE
1737,Military Dictionary,X (explosive) (k.hiệu),,,,chất nổ,FALSE,,,img_1737.jpg,FALSE
1737,Military Dictionary,X (initial position error),,,,sai số vị trí ban đầu,FALSE,,,img_1737.jpg,FALSE
1737,Military Dictionary,X (reactor) (k.hiệu),,,,lò phản ứng,FALSE,,,img_1737.jpg,FALSE
1737,Military Dictionary,X-15 (rocket-propelled research aircraft) (k.hiệu),,,,máy bay nghiên cứu phóng bằng tên lửa,FALSE,,,img_1737.jpg,FALSE
1737,Military Dictionary,X-2 (counterintelligence) (k.hiệu),,,,mật danh cơ quan phản gián,FALSE,,,img_1737.jpg,FALSE
1737,Military Dictionary,XAGM (experimental air-to-ground missile) (Mỹ),,,,tên lửa không đối đất thử nghiệm,FALSE,,,img_1737.jpg,FALSE
1737,Military Dictionary,XAIM (experimental air intercept missile) (Mỹ),,,,tên lửa thử nghiệm đánh chặn (mục tiêu) trên không,FALSE,,,img_1737.jpg,FALSE
1737,Military Dictionary,XB (experimental bomber) (k.hiệu),,,,máy bay ném bom thử nghiệm,FALSE,,,img_1737.jpg,FALSE
1737,Military Dictionary,XBR (X-band radar),,,,rada dải tần X,FALSE,,,img_1737.jpg,FALSE
1737,Military Dictionary,"XC (experimental cargo aircraft, naval symbol) (k.hiệu)",,,,máy bay vận tải thử nghiệm (của hải quân),FALSE,,,img_1737.jpg,FALSE
1737,Military Dictionary,XCVR (transceiver) (k.hiệu),,,,máy thu phát vô tuyến,FALSE,,,img_1737.jpg,FALSE
1737,Military Dictionary,X-day (launching day) (k.hiệu),,,,ngày phóng,FALSE,,,img_1737.jpg,FALSE
1737,Military Dictionary,"XF (experimental fighter, naval symbol) (k.hiệu)",,,,máy bay chiến đấu thử nghiệm (của hải quân),FALSE,,,img_1737.jpg,FALSE
1737,Military Dictionary,xgam (experimental guided air missile) (k.hiệu),,,,tên lửa hàng không thử nghiệm có điều khiển,FALSE,,,img_1737.jpg,FALSE
1737,Military Dictionary,"XH (experimental helicopter, naval symbol) (k.hiệu)",,,,máy bay lên thẳng thử nghiệm của hải quân,FALSE,,,img_1737.jpg,FALSE
1737,Military Dictionary,XM (experimental missile) (k.hiệu),,,,tên lửa thử nghiệm,FALSE,,,img_1737.jpg,FALSE
1737,Military Dictionary,XMGM (experimental mobile-launched surface attack guided missile) (Mỹ),,,,tên lửa (có điều khiển) thử nghiệm tiến công (mục tiêu) mặt đất phóng trên xe,FALSE,,,img_1737.jpg,FALSE
1737,Military Dictionary,xmit (transmit),,,,phát truyền (vô tuyến),FALSE,,,img_1737.jpg,FALSE
1737,Military Dictionary,xmsm (transmission),,,,sự phát truyền; buổi phát truyền,FALSE,,,img_1737.jpg,FALSE
1737,Military Dictionary,xmtr (transmitter),,,,máy phát vô tuyến,FALSE,,,img_1737.jpg,FALSE
1737,Military Dictionary,XO (executive officer),,,,tham mưu trưởng đơn vị; (hq) phó chỉ huy trưởng; trợ lý chỉ huy trưởng,FALSE,,,img_1737.jpg,FALSE
1737,Military Dictionary,xpl (explosive),,,,thuốc nổ; nổ được,FALSE,,,img_1737.jpg,FALSE
1737,Military Dictionary,xplt (exploit),,,,sự phát triển (kết quả) chiến đấu,FALSE,,,img_1737.jpg,FALSE
1737,Military Dictionary,X-rds (crossroads),,,,"ngã tư đường, giao lộ; nơi giao nhau của các đường",FALSE,,,img_1737.jpg,FALSE
1737,Military Dictionary,XRL (x-ray laser),,,,lade tia X,FALSE,,,img_1737.jpg,FALSE
1737,Military Dictionary,XSTAT (expendable submarine tactical transceiver),,,,máy thu phát cấp chiến thuật sử dụng một lần cho tàu ngầm,FALSE,,,img_1737.jpg,FALSE
1737,Military Dictionary,XW (experimental warhead),,,,phần chiến đấu thử nghiệm (của tên lửa),FALSE,,,img_1737.jpg,FALSE
1738,Military Dictionary,Y (pathfinder) (k.hiệu),,,,máy bay dẫn đường; hoa tiêu; người phát tín hiệu (ở bãi đổ bộ); (s.nh) đội dẫn đường không quân vận tải đổ bộ; bộ phận điều hành không quân vận tải cơ động; phương tiện thăm dò,FALSE,,,img_1738.jpg,FALSE
1738,Military Dictionary,Y (prototype) (k.hiệu),,,,"mẫu chế thử, mẫu thử nghiệm",FALSE,,,img_1738.jpg,FALSE
1738,Military Dictionary,Y (search and rescue unit error) (k.hiệu),,,,sai số (của) thiết bị tìm cứu,FALSE,,,img_1738.jpg,FALSE
1738,Military Dictionary,YB (year book),,,,"niên giám, niên báo",FALSE,,,img_1738.jpg,FALSE
1738,Military Dictionary,yd (yard),,,,"yard (đơn vị đo chiều dài của Anh bằng 0,9144 m), mã, thước Anh",FALSE,,,img_1738.jpg,FALSE
1738,Military Dictionary,yds/m (yards per minute),,,,"yard trên phút, yard/phút",FALSE,,,img_1738.jpg,FALSE
1738,Military Dictionary,YE (aircraft homing system) (k.hiệu),,,,hệ thống dẫn đường về của máy bay,FALSE,,,img_1738.jpg,FALSE
1738,Military Dictionary,"Yeo (yeoman) (Anh, sử)",,,,người làm nghĩa vụ quân sự của đơn vị pháo binh địa phương,FALSE,,,img_1738.jpg,FALSE
1738,Military Dictionary,YMRS (Yugosla multiple rocket system),,,,hệ thống đa tên lửa của Yugosla,FALSE,,,img_1738.jpg,FALSE
1738,Military Dictionary,YOB (year of birth),,,,năm sinh,FALSE,,,img_1738.jpg,FALSE
1738,Military Dictionary,YP (yield point),,,,điểm nổ (đạn hạt nhân),FALSE,,,img_1738.jpg,FALSE
1738,Military Dictionary,YR (year),,,,năm (tháng),FALSE,,,img_1738.jpg,FALSE
1738,Military Dictionary,YS (yield strength),,,,công suất (đạn hạt nhân),FALSE,,,img_1738.jpg,FALSE
1738,Military Dictionary,YSP (years service for severance pay purposes),,,,thâm niên phục vụ để tính phụ cấp khi ra quân,FALSE,,,img_1738.jpg,FALSE
1739,Military Dictionary,Z (k.hiệu),,,,góc phương vị,FALSE,,,img_1739.jpg,FALSE
1739,Military Dictionary,Z (airship) (k.hiệu),,,,tàu lượn,FALSE,,,img_1739.jpg,FALSE
1739,Military Dictionary,Z (car) (k.hiệu),,,,xe cảnh sát,FALSE,,,img_1739.jpg,FALSE
1739,Military Dictionary,Z (effort) (k.hiệu),,,,sự nỗ lực; sức lực; lực lượng; chủ yếu; cường độ,FALSE,,,img_1739.jpg,FALSE
1739,Military Dictionary,z hr (zero hour) (k.hiệu),,,,"vùng lửa, vùng bắn phá",FALSE,,,img_1739.jpg,FALSE
1739,Military Dictionary,Z (zone),,,,"vùng, dải, địa bàn, khu vực",FALSE,,,img_1739.jpg,FALSE
1739,Military Dictionary,Z (zulu time),,,,"giờ quốc tế, giờ GMT",FALSE,,,img_1739.jpg,FALSE
1739,Military Dictionary,Z of A (zone of action),,,,"dải hoạt động, địa bàn tác chiến",FALSE,,,img_1739.jpg,FALSE
1739,Military Dictionary,z of c (zone of communication),,,,vùng giao thông (sau mặt trận),FALSE,,,img_1739.jpg,FALSE
1739,Military Dictionary,ZAMPOLIT (zamestitel po policheskim delom (deputy commander for political affairs)) (Nga),,,,phó tư lệnh về chính trị,FALSE,,,img_1739.jpg,FALSE
1739,Military Dictionary,ZEL (zero-length launcher),,,,bệ phóng cố định,FALSE,,,img_1739.jpg,FALSE
1739,Military Dictionary,ZELL start (zero length launcher start),,,,sự phóng từ giàn phóng cố định,FALSE,,,img_1739.jpg,FALSE
1739,Military Dictionary,ZF (zone of fire),,,,vùng hoả lực; dải hỏa lực; hướng bắn,FALSE,,,img_1739.jpg,FALSE
1739,Military Dictionary,ZFW (zero-fuel weight),,,,trọng lượng nhiên liệu rỗng,FALSE,,,img_1739.jpg,FALSE
1739,Military Dictionary,ZHq (zone headquarter),,,,sở chỉ huy vùng,FALSE,,,img_1739.jpg,FALSE
1739,Military Dictionary,ZI (zone of interior),,,,"phần lục địa Mỹ, vùng nội địa",FALSE,,,img_1739.jpg,FALSE
1739,Military Dictionary,ZOA (zone of alarm),,,,khu vực báo động,FALSE,,,img_1739.jpg,FALSE
1739,Military Dictionary,ZOFI (zone of interior),,,,"phần lục địa Mỹ, vùng nội địa",FALSE,,,img_1739.jpg,FALSE
1739,Military Dictionary,ZP (zero point),,,,"vật chuẩn hướng (bắn) chính của đại đội pháo binh; điểm định hướng (bắn) chính; điểm không, điểm mốc",FALSE,,,img_1739.jpg,FALSE
1739,Military Dictionary,ZP (zone of protection),,,,khu vực bảo vệ,FALSE,,,img_1739.jpg,FALSE
1739,Military Dictionary,"ZPFAN (zone of peace, freedom and neutrality)",,,,"khu vực hòa bình, tự do và trung lập",FALSE,,,img_1739.jpg,FALSE
1739,Military Dictionary,ZST (zone standard time),,,,giờ chuẩn theo múi giờ,FALSE,,,img_1739.jpg,FALSE
1739,Military Dictionary,ZSU (zenitnaya samokhodnaya uctanovka (zenith self-propelled mount)) (Nga),,,,pháo phòng không tự hành ZSU,FALSE,,,img_1739.jpg,FALSE
1739,Military Dictionary,ZT (zone time),,,,múi giờ,FALSE,,,img_1739.jpg,FALSE
1739,Military Dictionary,ZTO (zone transportation office),,,,phòng vận tải khu vực,FALSE,,,img_1739.jpg,FALSE
1739,Military Dictionary,ZTO (zone transportation officer),,,,"chỉ huy trưởng ngành vận tải khu vực, chủ nhiệm vận tải khu vực",FALSE,,,img_1739.jpg,FALSE
