source_page,dictionary_name,word,phonetic,part_of_speech_raw,part_of_speech_code,meaning_vi,is_subentry,example_en,example_vi,image_path,reviewed
1473,Military Dictionary,EMSEC (emanations security),,,,an ninh truyền phát,FALSE,,,img_1473.jpg,FALSE
1473,Military Dictionary,EMT (emergency medical technician),,,,kỹ thuật viên cấp cứu quân y,FALSE,,,img_1473.jpg,FALSE
1473,Military Dictionary,EMT (emergency medical treatment),,,,cấp cứu quân y,FALSE,,,img_1473.jpg,FALSE
1473,Military Dictionary,EMV (electromagnetic vulnerability),,,,khả năng dễ bị tổn thương điện tử; tính dễ bị sát thương điện tử,FALSE,,,img_1473.jpg,FALSE
1473,Military Dictionary,En; en (enemy),,,,"quân địch, đối phương, kẻ thù, kẻ địch; địch thủ; tàu địch; của địch, thù địch",FALSE,,,img_1473.jpg,FALSE
1473,Military Dictionary,En ac (enemy activity),,,,hoạt động của quân địch,FALSE,,,img_1473.jpg,FALSE
1473,Military Dictionary,en psn (enemy position),,,,vị trí của quân địch,FALSE,,,img_1473.jpg,FALSE
1473,Military Dictionary,En Sgt (lance sergeant),,,,hạ sĩ,FALSE,,,img_1473.jpg,FALSE
1473,Military Dictionary,ENCA (European Naval Communications Agency),,,,cục thông tin liên lạc hải quân ở châu Âu (của Liên quân NATO),FALSE,,,img_1473.jpg,FALSE
1473,Military Dictionary,encl (enclosed),,,,bị bao vây; đóng; được kèm theo (tài liệu),FALSE,,,img_1473.jpg,FALSE
1473,Military Dictionary,ENDEX (exercise termination),,,,sự kết thúc diễn tập,FALSE,,,img_1473.jpg,FALSE
1473,Military Dictionary,ENEA (European Nuclear Energy Agency),,,,cơ quan năng lượng nguyên tử châu Âu,FALSE,,,img_1473.jpg,FALSE
1473,Military Dictionary,eng (engine),,,,động cơ; xe; cơ cấu; pháo; thiết bị; dụng cụ,FALSE,,,img_1473.jpg,FALSE
1473,Military Dictionary,Eng Bn (engineer battalion),,,,tiểu đoàn công binh; tiểu đoàn kỹ thuật,FALSE,,,img_1473.jpg,FALSE
1473,Military Dictionary,Eng C (engineers corps),,,,binh chủng công binh; ngành công binh,FALSE,,,img_1473.jpg,FALSE
1473,Military Dictionary,Eng Cmdr (engineer-commander),,,,người chỉ huy đơn vị công binh; người chỉ huy công binh; tư lệnh (trưởng) binh chủng công binh,FALSE,,,img_1473.jpg,FALSE
1473,Military Dictionary,eng sqd (engineer squad),,,,tiểu đội công binh,FALSE,,,img_1473.jpg,FALSE
1473,Military Dictionary,Eng-Capt (engineer-captain),,,,kỹ sư - thuyền trưởng,FALSE,,,img_1473.jpg,FALSE
1473,Military Dictionary,Eng-Lt-Cmdr (engineer lieutenant commander),,,,kỹ sư - trung uý - chỉ huy,FALSE,,,img_1473.jpg,FALSE
1473,Military Dictionary,engmt (engagement),,,,cuộc giao chiến; cuộc chiến đấu; trận đánh; sự dụng độ; chạm súng,FALSE,,,img_1473.jpg,FALSE
1473,Military Dictionary,ENGR; engr (engineer),,,,kỹ sư; công binh,FALSE,,,img_1473.jpg,FALSE
1473,Military Dictionary,ENGR equip (engineer equipment),,,,thiết bị công binh; khí tài công binh,FALSE,,,img_1473.jpg,FALSE
1473,Military Dictionary,ENGR BN; Engr Bn (engineer battalion),,,,tiểu đoàn công binh; tiểu đoàn kỹ thuật,FALSE,,,img_1473.jpg,FALSE
1473,Military Dictionary,ENGR CBT BDE (engineer combat brigade),,,,lữ đoàn công binh chiến đấu,FALSE,,,img_1473.jpg,FALSE
1473,Military Dictionary,Engr Cbt Bn (engineer combat battalion),,,,tiểu đoàn công binh chiến đấu,FALSE,,,img_1473.jpg,FALSE
1473,Military Dictionary,Engr Cbt Co (engineer combat company),,,,đại đội công binh chiến đấu,FALSE,,,img_1473.jpg,FALSE
1473,Military Dictionary,Engr Cbt Gr (engineer combat group),,,,nhóm công binh chiến đấu,FALSE,,,img_1473.jpg,FALSE
1473,Military Dictionary,ENGR LT equip co (engineer light equipment company),,,,đại đội thiết bị công trình hạng nhẹ,FALSE,,,img_1473.jpg,FALSE
1473,Military Dictionary,ENK (endo-atmospheric non-nuclear kill),,,,sự tiêu diệt phi hạt nhân trong khí quyển (phòng thủ vũ trụ),FALSE,,,img_1473.jpg,FALSE
1473,Military Dictionary,ENL (enlisted),,,,"binh sĩ; lính mới, tân binh, quân nhân mới tuyển; quân nhân tái ngũ",FALSE,,,img_1473.jpg,FALSE
1473,Military Dictionary,enlmt (enlistment),,,,sự tái ngũ; thời hạn phục vụ tại ngũ (theo hợp đồng),FALSE,,,img_1473.jpg,FALSE
1473,Military Dictionary,ens (ensign),,,,(hq) cờ hiệu; thiếu uý (hải quân),FALSE,,,img_1473.jpg,FALSE
1473,Military Dictionary,ENSCE (enemy situation correlation element),,,,yếu tố so sánh tương quan tình hình địch,FALSE,,,img_1473.jpg,FALSE
1473,Military Dictionary,ENWGS (Enhanced Naval Warfare Gaming System),,,,hệ thống diễn tập tác chiến hải quân cải tiến,FALSE,,,img_1473.jpg,FALSE
1473,Military Dictionary,EO (electro-optical),,,,điện tử - quang học,FALSE,,,img_1473.jpg,FALSE
1473,Military Dictionary,EO (end office),,,,phòng kết luận,FALSE,,,img_1473.jpg,FALSE
1473,Military Dictionary,EO (enemy occupied),,,,"bị quân địch chiếm giữ, bị tạm chiếm",FALSE,,,img_1473.jpg,FALSE
1473,Military Dictionary,EO (equal opportunity),,,,cơ hội bình đẳng,FALSE,,,img_1473.jpg,FALSE
1473,Military Dictionary,EO (executive order),,,,mệnh lệnh thi hành,FALSE,,,img_1473.jpg,FALSE
1473,Military Dictionary,EO (eyes only),,,,chỉ (được) xem; miễn sao chép (tài liệu mật),FALSE,,,img_1473.jpg,FALSE
1473,Military Dictionary,EOAR (European Office of Aerospace Research),,,,cơ quan nghiên cứu hàng không vũ trụ châu Âu,FALSE,,,img_1473.jpg,FALSE
1473,Military Dictionary,EOB (electronic order of battle),,,,"thời gian biểu chiến đấu điện tử; đội hình chiến đấu điện tử, thế trận điện tử",FALSE,,,img_1473.jpg,FALSE
1474,Military Dictionary,EOB (end of bombardment),,,,ngừng ném bom; ngừng oanh kích,FALSE,,,img_1474.jpg,FALSE
1474,Military Dictionary,EOB (enemy order of battle),,,,"đội hình chiến đấu của địch, thế trận của địch; sự bố trí và sử dụng lực lượng của địch",FALSE,,,img_1474.jpg,FALSE
1474,Military Dictionary,EOC (early operational capability),,,,khả năng tác chiến ban đầu,FALSE,,,img_1474.jpg,FALSE
1474,Military Dictionary,EOC (emergency operations center),,,,trung tâm chỉ huy tác chiến khẩn cấp,FALSE,,,img_1474.jpg,FALSE
1474,Military Dictionary,EOCCM (electro-optical counter-countermeasures),,,,phương tiện chống đối phó điện tử - quang học,FALSE,,,img_1474.jpg,FALSE
1474,Military Dictionary,EOCM (electro-optical countermeasures),,,,"biện pháp chống phương tiện điều khiển bằng điện tử - quang học, các biện pháp chống tác chiến điện tử - quang học; phương tiện chống tác chiến điện tử quang học",FALSE,,,img_1474.jpg,FALSE
1474,Military Dictionary,EOD (entry on duty),,,,(ngày) nhận nhiệm vụ,FALSE,,,img_1474.jpg,FALSE
1474,Military Dictionary,EOD (explosive ordnance disposal),,,,"sự phân cấp đạn dược; tháo đạn, huỷ đạn; biện pháp sử dụng đạn dược",FALSE,,,img_1474.jpg,FALSE
1474,Military Dictionary,EOF (Earth Orbital Flight),,,,chuyến bay trên quỹ đạo trái đất,FALSE,,,img_1474.jpg,FALSE
1474,Military Dictionary,EOFC (electro-optical fire control),,,,(thiết bị) chỉ huy hoả lực điện - quang,FALSE,,,img_1474.jpg,FALSE
1474,Military Dictionary,EOI (electro-optic(al) imagery),,,,hình ảnh điện tử - quang học,FALSE,,,img_1474.jpg,FALSE
1474,Military Dictionary,EO-IR (electro-optical-infrared),,,,thuộc về điện tử - quang học - hồng ngoại,FALSE,,,img_1474.jpg,FALSE
1474,Military Dictionary,EOL (end of link),,,,kết thúc liên kết,FALSE,,,img_1474.jpg,FALSE
1474,Military Dictionary,EOM (emergency operational message),,,,báo cáo tác chiến khẩn cấp,FALSE,,,img_1474.jpg,FALSE
1474,Military Dictionary,EOM (end of message),,,,kết thúc báo cáo; kết thúc tin điện (vô tuyến),FALSE,,,img_1474.jpg,FALSE
1474,Military Dictionary,EOP (emergency observation post),,,,trạm quan sát dự phòng; đài quan sát dự phòng,FALSE,,,img_1474.jpg,FALSE
1474,Military Dictionary,EOP (emergency operating procedures),,,,phương pháp tác chiến trong tình huống khẩn cấp; thứ tự tổ chức và thực hành chiến đấu trong tình huống khẩn cấp,FALSE,,,img_1474.jpg,FALSE
1474,Military Dictionary,EOR (Explosive Ordnance Reconnaissance),,,,"sự quan sát điểm nổ, sự quan sát đạn nổ",FALSE,,,img_1474.jpg,FALSE
1474,Military Dictionary,EOS (eligible for overseas service),,,,còn có thể phục vụ ở khu vực nước ngoài,FALSE,,,img_1474.jpg,FALSE
1474,Military Dictionary,E.O.T. (enemy occupied territory),,,,"lãnh thổ bị quân địch chiếm đóng, vùng địch tạm chiếm, vùng tạm chiếm",FALSE,,,img_1474.jpg,FALSE
1474,Military Dictionary,EOTS (Electro-Optical Tracking System),,,,hệ thống quang điện theo dõi mục tiêu di động,FALSE,,,img_1474.jpg,FALSE
1474,Military Dictionary,EOTS (electronic optical tracking system),,,,hệ thống quang điện theo dõi mục tiêu di động,FALSE,,,img_1474.jpg,FALSE
1474,Military Dictionary,EOW (engineering orderwire),,,,mạch vòng công tác kỹ thuật công trình,FALSE,,,img_1474.jpg,FALSE
1474,Military Dictionary,EP (electronic protection),,,,sự bảo vệ điện tử,FALSE,,,img_1474.jpg,FALSE
1474,Military Dictionary,EP (emergency procedures),,,,thứ tự hành động (trong tình huống) khẩn cấp,FALSE,,,img_1474.jpg,FALSE
1474,Military Dictionary,EP (enemy position),,,,vị trí của quân địch,FALSE,,,img_1474.jpg,FALSE
1474,Military Dictionary,EP (enlisted personnel),,,,"đội ngũ hạ sĩ quan và chiến sĩ, đội ngũ binh sĩ",FALSE,,,img_1474.jpg,FALSE
1474,Military Dictionary,EP (entrucking point),,,,điểm bốc xếp hàng lên xe vận tải,FALSE,,,img_1474.jpg,FALSE
1474,Military Dictionary,EP (estimated position),,,,vị trí dự kiến; vị trí giả định,FALSE,,,img_1474.jpg,FALSE
1474,Military Dictionary,EP (execution planning),,,,lập kế hoạch thi hành,FALSE,,,img_1474.jpg,FALSE
1474,Military Dictionary,Ep (explosion-proof),,,,chịu nổ; kháng nổ,FALSE,,,img_1474.jpg,FALSE
1474,Military Dictionary,EP (extreme pressure),,,,áp lực tối đa,FALSE,,,img_1474.jpg,FALSE
1474,Military Dictionary,EPA (Environmental Protection Agency),,,,cục bảo vệ môi trường,FALSE,,,img_1474.jpg,FALSE
1474,Military Dictionary,EPA (evasion plan of action),,,,kế hoạch chiến đấu giải cứu,FALSE,,,img_1474.jpg,FALSE
1474,Military Dictionary,EPC (Engin Principal de Combat) (future main battle tank),,,,"xe tăng tác chiến chủ yếu tương lai, xe tăng chủ lực tương lai",FALSE,,,img_1474.jpg,FALSE
1474,Military Dictionary,EPD (Enlisted Personnel Department),,,,cục quân lực,FALSE,,,img_1474.jpg,FALSE
1474,Military Dictionary,EPDS (electrical power distribution system),,,,hệ thống phân phối năng lượng điện,FALSE,,,img_1474.jpg,FALSE
1474,Military Dictionary,EPF (enhanced palletized load system (PLS) flatrack),,,,đường chạy của hệ thống palet nâng hàng cải tiến,FALSE,,,img_1474.jpg,FALSE
1474,Military Dictionary,EPH (emergency planning handbook),,,,sổ tay lập kế hoạch tình trạng khẩn cấp,FALSE,,,img_1474.jpg,FALSE
1475,Military Dictionary,EPI (electronic position indicator),,,,khí cụ điện tử chỉ báo vị trí,FALSE,,,img_1475.jpg,FALSE
1475,Military Dictionary,EPIC (El Paso Intelligence Center),,,,trung tâm tình báo En Paso,FALSE,,,img_1475.jpg,FALSE
1475,Military Dictionary,EPIRB (emergency position - indicating radio beacon),,,,tín hiệu vô tuyến chỉ thị vị trí khẩn cấp,FALSE,,,img_1475.jpg,FALSE
1475,Military Dictionary,EPLRS (enhanced position location reporting system),,,,hệ thống thông báo định vị nâng cấp; hệ thống tăng cường thông báo phát hiện vị trí quân địch,FALSE,,,img_1475.jpg,FALSE
1475,Military Dictionary,EPMaRV (earth penetrating maneuvering re-entry vehicle),,,,khoang trở về khí quyển mang đầu đạn (hạt nhân) cơ động tiến công mục tiêu sâu trong lòng đất (của tên lửa đường đạn vượt đại châu),FALSE,,,img_1475.jpg,FALSE
1475,Military Dictionary,EPNL (Effective perceived noise level),,,,"độ ồn giới hạn, độ ồn cho phép",FALSE,,,img_1475.jpg,FALSE
1475,Military Dictionary,EPROM (erasable programmable read-only memory),,,,bộ nhớ đọc lập trình có thể xoá được,FALSE,,,img_1475.jpg,FALSE
1475,Military Dictionary,EPU (electronics processing unit),,,,khối xử lý điện tử,FALSE,,,img_1475.jpg,FALSE
1475,Military Dictionary,EPU (emergency power unit),,,,động cơ dùng trong trường hợp khẩn cấp,FALSE,,,img_1475.jpg,FALSE
1475,Military Dictionary,EPW (enemy prisoner of war),,,,tù binh địch,FALSE,,,img_1475.jpg,FALSE
1475,Military Dictionary,EPW/CI (enemy prisoner of war/civilian internee),,,,tù binh / tù nhân địch,FALSE,,,img_1475.jpg,FALSE
1475,Military Dictionary,EPWIB (Enemy Prisoner of War Information Bureau),,,,phòng thông tin về hồ sơ tù binh địch,FALSE,,,img_1475.jpg,FALSE
1475,Military Dictionary,EQP; eqpt (equipment),,,,thiết bị khí tài; trang bị; quân dụng; phương tiện kỹ thuật chiến đấu,FALSE,,,img_1475.jpg,FALSE
1475,Military Dictionary,EQUIP; equip (equipment),,,,thiết bị khí tài; trang bị; quân dụng; phương tiện kỹ thuật chiến đấu,FALSE,,,img_1475.jpg,FALSE
1475,Military Dictionary,ER (electronic reconnaissance),,,,trinh sát điện tử,FALSE,,,img_1475.jpg,FALSE
1475,Military Dictionary,er (emergency rescue),,,,cấp cứu,FALSE,,,img_1475.jpg,FALSE
1475,Military Dictionary,ER (enhanced radiation),,,,bức xạ tăng cường (nổ hạt nhân),FALSE,,,img_1475.jpg,FALSE
1475,Military Dictionary,ER (enhanced radiation weapon),,,,"vũ khí bức xạ tăng cường, vũ khí nhiệt hạch",FALSE,,,img_1475.jpg,FALSE
1475,Military Dictionary,ER (enlisted reservist),,,,"chiến sĩ dự bị tái ngũ, quân nhân dự bị tái ngũ",FALSE,,,img_1475.jpg,FALSE
1475,Military Dictionary,ER (expert rifleman),,,,"người bắn giỏi, xạ thủ giỏi, tay thiện xạ",FALSE,,,img_1475.jpg,FALSE
1475,Military Dictionary,ER (extended range),,,,tăng tầm (đạn),FALSE,,,img_1475.jpg,FALSE
1475,Military Dictionary,ER/RB (enhanced radiation/reduced blast),,,,bức xạ tăng cường / sóng xung kích giảm (nổ hạt nhân),FALSE,,,img_1475.jpg,FALSE
1475,Military Dictionary,ERA (explosive reactive armour),,,,giáp phản ứng nổ,FALSE,,,img_1475.jpg,FALSE
1475,Military Dictionary,ERA (extended range ammunition),,,,đạn (dược) tăng tầm,FALSE,,,img_1475.jpg,FALSE
1475,Military Dictionary,ERADCOM (Electronics Research & Development Command),,,,bộ tư lệnh nghiên cứu và phát triển trang bị điện tử,FALSE,,,img_1475.jpg,FALSE
1475,Military Dictionary,ERAM (extended-range anti-armor mine),,,,mìn chống tăng rải trên phạm vi rộng,FALSE,,,img_1475.jpg,FALSE
1475,Military Dictionary,ERAM (extended range anti-armor munition),,,,đạn xuyên giáp tăng tầm,FALSE,,,img_1475.jpg,FALSE
1475,Military Dictionary,ERAPDS (enhanced recognised air picture dissemination system),,,,tổ hợp (hệ thống) tăng cường phân phối không ảnh nhận dạng,FALSE,,,img_1475.jpg,FALSE
1475,Military Dictionary,ERBM (extended-range ballistic missile),,,,tên lửa đạn đạo tăng tầm,FALSE,,,img_1475.jpg,FALSE
1475,Military Dictionary,ERC (Emergency Relief Coordinator),,,,sĩ quan hiệp đồng cứu trợ khẩn cấp,FALSE,,,img_1475.jpg,FALSE
1475,Military Dictionary,ERC (engin de reconnaissance canon) (cannon-armed reconnaissance vehicle),,,,xe ô tô trinh sát bọc thép trang bị pháo,FALSE,,,img_1475.jpg,FALSE
1475,Military Dictionary,ERC (Enlisted Reserve Corps),,,,lực lượng hạ sĩ quan và chiến sĩ dự bị; lực lượng binh sĩ dự bị,FALSE,,,img_1475.jpg,FALSE
1475,Military Dictionary,ERD (equivalent residual dose),,,,liều lượng phóng xạ đương lượng còn lại,FALSE,,,img_1475.jpg,FALSE
1475,Military Dictionary,ERDL (Engineer Research and Development Laboratory),,,,phòng thí nghiệm nghiên cứu và phát triển công binh,FALSE,,,img_1475.jpg,FALSE
1475,Military Dictionary,Erf (error function),,,,hàm sai số,FALSE,,,img_1475.jpg,FALSE
1475,Military Dictionary,ERFA (European Radio Frequency Agency),,,,hãng phân phối tần số vô tuyến châu Âu; cơ quan phân phối tần số,FALSE,,,img_1475.jpg,FALSE
1476,Military Dictionary,ERFB (extended range full-bore),,,,(đạn) nguyên cỡ tăng tầm,FALSE,,,img_1476.jpg,FALSE
1476,Military Dictionary,ERFB-BB (extended range full-bore-base bleed),,,,(đạn) nguyên cỡ tăng tầm trích khí đáy,FALSE,,,img_1476.jpg,FALSE
1476,Military Dictionary,ERGFCDS (Extended Range Gunnery Fire-Control Demonstration System),,,,hệ thống hiển thị điều khiển hoả lực pháo binh tăng tầm,FALSE,,,img_1476.jpg,FALSE
1476,Military Dictionary,ERGM (extended range guided munitions),,,,đạn tăng tầm có điều khiển,FALSE,,,img_1476.jpg,FALSE
1476,Military Dictionary,ERGP (extended range guided projectile),,,,đạn (pháo) tăng tầm có điều khiển,FALSE,,,img_1476.jpg,FALSE
1476,Military Dictionary,ERIS (endoatmospheric reentry intercept system),,,,hệ thống đánh chặn tên lửa mang đầu đạn tự dẫn trong khí quyển,FALSE,,,img_1476.jpg,FALSE
1476,Military Dictionary,ERMIS (Extended Range Modification Integration System),,,,hệ thống hợp nhất cải tiến (theo hướng) tăng tầm,FALSE,,,img_1476.jpg,FALSE
1476,Military Dictionary,ERO (engine running on or offload),,,,bốc hàng lên xuống bằng động cơ,FALSE,,,img_1476.jpg,FALSE
1476,Military Dictionary,ERP (extended range projectile),,,,đạn (pháo) tăng tầm,FALSE,,,img_1476.jpg,FALSE
1476,Military Dictionary,ERS (environmental research satellite),,,,vệ tinh nghiên cứu môi trường (tác chiến),FALSE,,,img_1476.jpg,FALSE
1476,Military Dictionary,ERSC (extended range subcalibre),,,,(đạn) dưới cỡ tăng tầm,FALSE,,,img_1476.jpg,FALSE
1476,Military Dictionary,ERT (emergency response team) (FEMA),,,,đội phản ứng khẩn cấp (thuộc cơ quan quản lý tình trạng khẩn cấp liên bang Mỹ),FALSE,,,img_1476.jpg,FALSE
1476,Military Dictionary,ERT-A (emergency response team - advance),,,,đội phản ứng khẩn cấp triển khai phía trước,FALSE,,,img_1476.jpg,FALSE
1476,Military Dictionary,ERU (ejector release unit),,,,khối phóng ghế (thoát hiểm) (máy bay),FALSE,,,img_1476.jpg,FALSE
1476,Military Dictionary,ERV (electronic repair vehicle),,,,xe sửa chữa điện tử,FALSE,,,img_1476.jpg,FALSE
1476,Military Dictionary,ERV (emergency rescue vehicle),,,,xe cứu hộ khẩn cấp,FALSE,,,img_1476.jpg,FALSE
1476,Military Dictionary,ERV (Engineer Reconnaissance Vehicle),,,,xe trinh sát công binh,FALSE,,,img_1476.jpg,FALSE
1476,Military Dictionary,ERZ (extended reconnaissance zone),,,,khu vực trinh sát tầm xa; dải trinh sát tầm xa,FALSE,,,img_1476.jpg,FALSE
1476,Military Dictionary,ES (electronic warfare support),,,,sự chi viện tác chiến điện tử; sự bảo đảm tác chiến bằng kỹ thuật vô tuyến,FALSE,,,img_1476.jpg,FALSE
1476,Military Dictionary,ES (eligible for separation),,,,quân nhân ra quân,FALSE,,,img_1476.jpg,FALSE
1476,Military Dictionary,ESA (European Space Agency),,,,cơ quan vũ trụ châu Âu,FALSE,,,img_1476.jpg,FALSE
1476,Military Dictionary,ESB (engineer support battalion),,,,tiểu đoàn bảo đảm công binh,FALSE,,,img_1476.jpg,FALSE
1476,Military Dictionary,ESC (Electronics Systems Center),,,,trung tâm hệ thống tác chiến điện tử; trung tâm tổ hợp chống hoạt động vô tuyến,FALSE,,,img_1476.jpg,FALSE
1476,Military Dictionary,ESC; esc (escort),,,,"đội hộ tống, đội bảo vệ; người dẫn đường; người đi kèm; hộ tống",FALSE,,,img_1476.jpg,FALSE
1476,Military Dictionary,ESC FTR (escort fighter),,,,máy bay tiêm kích hộ tống,FALSE,,,img_1476.jpg,FALSE
1476,Military Dictionary,ESDI (European Security Defense Identity),,,,cơ chế đồng nhất an ninh quốc phòng châu Âu,FALSE,,,img_1476.jpg,FALSE
1476,Military Dictionary,ESF (emergency support function),,,,chức năng chi viện khẩn cấp,FALSE,,,img_1476.jpg,FALSE
1476,Military Dictionary,ESG (executive steering group),,,,uỷ ban chỉ đạo thực hiện,FALSE,,,img_1476.jpg,FALSE
1476,Military Dictionary,ESGN (electrically suspended gyro navigation),,,,bộ lái tự động hồi chuyển treo điều khiển bằng điện,FALSE,,,img_1476.jpg,FALSE
1476,Military Dictionary,ESI (extremely sensitive information),,,,thông tin đặc biệt nhạy cảm,FALSE,,,img_1476.jpg,FALSE
1476,Military Dictionary,ESLAB (European Space Laboratory),,,,phòng thí nghiệm vũ trụ châu Âu,FALSE,,,img_1476.jpg,FALSE
1476,Military Dictionary,ESLO (European Satellite Launching Organization),,,,cơ quan phóng vệ tinh ở châu Âu,FALSE,,,img_1476.jpg,FALSE
1476,Military Dictionary,ESM (Electronic signal monitoring),,,,sự giám sát tín hiệu điện tử,FALSE,,,img_1476.jpg,FALSE
1476,Military Dictionary,ESM (electronic support measures),,,,phương tiện bảo đảm tác chiến điện tử; biện pháp bảo đảm (trinh sát) điện tử,FALSE,,,img_1476.jpg,FALSE
1476,Military Dictionary,ESM (electronic surveillance (support) measures),,,,phương tiện (bảo đảm) trinh sát vô tuyến điện tử; thiết bị hỗ trợ trinh sát vô tuyến điện tử,FALSE,,,img_1476.jpg,FALSE
1477,Military Dictionary,ESM (enemy situation map),,,,bản đồ tình hình quân địch,FALSE,,,img_1477.jpg,FALSE
1477,Military Dictionary,ESM (escort mission),,,,nhiệm vụ hộ tống,FALSE,,,img_1477.jpg,FALSE
1477,Military Dictionary,esn (essential),,,,"(thuộc) bản chất, (thuộc) thực chất; cần thiết, thiết yếu; cốt yếu, chủ yếu",FALSE,,,img_1477.jpg,FALSE
1477,Military Dictionary,ESO (embarkation staff officer),,,,sĩ quan tham mưu về bốc xếp hàng hoá (lên tàu),FALSE,,,img_1477.jpg,FALSE
1477,Military Dictionary,esp (espionage),,,,gián điệp; điệp báo,FALSE,,,img_1477.jpg,FALSE
1477,Military Dictionary,ESPAWS (Enhanced Self-Propelled Artillery Weapon System) (US),,,,tổ hợp vũ khí pháo tự hành cải tiến,FALSE,,,img_1477.jpg,FALSE
1477,Military Dictionary,ESR (equipment service rounds),,,,tình trạng đạn chiến đấu,FALSE,,,img_1477.jpg,FALSE
1477,Military Dictionary,Esrang (European sounding rocket launching range),,,,bãi phóng tên lửa thám không châu Âu,FALSE,,,img_1477.jpg,FALSE
1477,Military Dictionary,ESRO (European Space Research Organization),,,,cơ quan nghiên cứu không gian vũ trụ châu Âu,FALSE,,,img_1477.jpg,FALSE
1477,Military Dictionary,essa (estimated survey satellite) (weather satellite),,,,vệ tinh trinh sát môi trường (vệ tinh thời tiết),FALSE,,,img_1477.jpg,FALSE
1477,Military Dictionary,EST (emergency service team),,,,đội phục vụ tình trạng khẩn cấp,FALSE,,,img_1477.jpg,FALSE
1477,Military Dictionary,EST (emergency support team) (FEMA),,,,đội chi viện tình trạng khẩn cấp (thuộc cơ quan quản lý tình trạng khẩn cấp Liên bang Mỹ),FALSE,,,img_1477.jpg,FALSE
1477,Military Dictionary,EST (en route support team),,,,đội chi viện cơ động (trên đường),FALSE,,,img_1477.jpg,FALSE
1477,Military Dictionary,EST (enlistment screening test),,,,sự kiểm tra sơ tuyển (tình nguyện nhập ngũ),FALSE,,,img_1477.jpg,FALSE
1477,Military Dictionary,est; estb (establish),,,,thành lập,FALSE,,,img_1477.jpg,FALSE
1477,Military Dictionary,est (estimated),,,,"đánh giá, ước lượng; dự tính; dự kiến; giả định",FALSE,,,img_1477.jpg,FALSE
1477,Military Dictionary,Est wt (estimated weight),,,,trọng lượng ước tính,FALSE,,,img_1477.jpg,FALSE
1477,Military Dictionary,est. str. (estimated strength),,,,quân số dự kiến,FALSE,,,img_1477.jpg,FALSE
1477,Military Dictionary,estabt (establishment),,,,cơ quan; biên chế; tổ chức; trung tâm nghiên cứu,FALSE,,,img_1477.jpg,FALSE
1477,Military Dictionary,ESTEC (European Space Technology Center),,,,trung tâm công nghệ vũ trụ châu Âu,FALSE,,,img_1477.jpg,FALSE
1477,Military Dictionary,ET (early treatment),,,,sơ cứu quân y; chữa trị sớm; cấp cứu ban đầu,FALSE,,,img_1477.jpg,FALSE
1477,Military Dictionary,ETA; eta (Estimated Time of Arrival),,,,thời gian đến mục tiêu theo dự kiến (của phương tiện tiêu diệt),FALSE,,,img_1477.jpg,FALSE
1477,Military Dictionary,ETA (expected time of arrival),,,,thời gian đến kỳ vọng,FALSE,,,img_1477.jpg,FALSE
1477,Military Dictionary,ETAC (emergency tactical air control),,,,sự chỉ huy không quân chiến thuật trong tình trạng khẩn cấp,FALSE,,,img_1477.jpg,FALSE
1477,Military Dictionary,ETAC (enlisted terminal attack controller),,,,sĩ quan chỉ huy không quân chi viện trực tiếp cho lực lượng mặt đất,FALSE,,,img_1477.jpg,FALSE
1477,Military Dictionary,ETC (Electro Thermal Cannon),,,,pháo nhiệt điện,FALSE,,,img_1477.jpg,FALSE
1477,Military Dictionary,ETC (estimated time of completion),,,,thời gian kết thúc theo dự kiến,FALSE,,,img_1477.jpg,FALSE
1477,Military Dictionary,ETD; etd (estimated time of departure),,,,thời gian xuất phát dự kiến,FALSE,,,img_1477.jpg,FALSE
1477,Military Dictionary,ete (estimated time en-route),,,,thời gian trên đường dự kiến,FALSE,,,img_1477.jpg,FALSE
1477,Military Dictionary,ETI (estimated time of intercept),,,,thời điểm đánh chặn dự kiến,FALSE,,,img_1477.jpg,FALSE
1477,Military Dictionary,ETIC (estimated time for completion),,,,thời gian hoàn thành dự kiến,FALSE,,,img_1477.jpg,FALSE
1477,Military Dictionary,ETIC (estimated time in commission),,,,thời gian dự kiến đưa vào sử dụng,FALSE,,,img_1477.jpg,FALSE
1477,Military Dictionary,ETM (Electronic Technical Manuals),,,,cẩm nang kỹ thuật điện,FALSE,,,img_1477.jpg,FALSE
1477,Military Dictionary,ETM (electronic transmission),,,,sự truyền tin vô tuyến điện,FALSE,,,img_1477.jpg,FALSE
1477,Military Dictionary,ETN (equipment table nomenclature),,,,danh mục trang bị trong biểu biên chế,FALSE,,,img_1477.jpg,FALSE
1477,Military Dictionary,ETO (European theater of operations),,,,chiến trường châu Âu,FALSE,,,img_1477.jpg,FALSE
1477,Military Dictionary,ETOPS (extended-range twin (engine) operations),,,,hoạt động của máy bay hai động cơ tầm bay mở rộng (lộ trình bay không được phép vượt quá thời gian một chuyến bay đã định là 120 hoặc 180 phút tính từ một sân bay khác có thể sử dụng được),FALSE,,,img_1477.jpg,FALSE
1478,Military Dictionary,ETR (estimated time of return),,,,(hq) thời gian quay lại căn cứ theo dự kiến,FALSE,,,img_1478.jpg,FALSE
1478,Military Dictionary,ets (electronic telegraph system),,,,hệ thống điện báo điện tử,FALSE,,,img_1478.jpg,FALSE
1478,Military Dictionary,ETS (Elevated TOW System),,,,"tổ hợp đạn chống tăng phóng bằng ống, bám quang học và điều khiển bằng dây",FALSE,,,img_1478.jpg,FALSE
1478,Military Dictionary,ETS (Engineer Tank System),,,,tổ hợp xe tăng công binh,FALSE,,,img_1478.jpg,FALSE
1478,Military Dictionary,ETS (European telephone system),,,,hệ thống điện thoại châu Âu,FALSE,,,img_1478.jpg,FALSE
1478,Military Dictionary,ETS (expiration of the term of service),,,,mãn hạn phục vụ; hết hạn phục vụ,FALSE,,,img_1478.jpg,FALSE
1478,Military Dictionary,ETSS (extended training service specialist),,,,chuyên gia về phục vụ huấn luyện mở rộng,FALSE,,,img_1478.jpg,FALSE
1478,Military Dictionary,EU (Europe),,,,châu Âu,FALSE,,,img_1478.jpg,FALSE
1478,Military Dictionary,EU (European Union),,,,liên minh châu Âu,FALSE,,,img_1478.jpg,FALSE
1478,Military Dictionary,E-UAV (endurance unmanned aerial vehicle),,,,máy bay không người lái sử dụng nhiều lần,FALSE,,,img_1478.jpg,FALSE
1478,Military Dictionary,EUB (essential user bypass),,,,đường vòng tránh chủ yếu cho người sử dụng,FALSE,,,img_1478.jpg,FALSE
1478,Military Dictionary,EUCOM (European Command),,,,bộ tư lệnh chiến trường châu Âu; lực lượng quân đội Mỹ ở châu Âu,FALSE,,,img_1478.jpg,FALSE
1478,Military Dictionary,EuM (European-Mediterranean),,,,khu vực châu Âu - Địa Trung Hải,FALSE,,,img_1478.jpg,FALSE
1478,Military Dictionary,EURV (essential user rekeying variable),,,,biến số truy cập cần thiết cho người sử dụng,FALSE,,,img_1478.jpg,FALSE
1478,Military Dictionary,EUSA (Eighth US Army),,,,tập đoàn quân số 8 của Mỹ,FALSE,,,img_1478.jpg,FALSE
1478,Military Dictionary,EUSAK (Expeditionary United States Army in Korea) (sử),,,,lực lượng viễn chinh Mỹ ở Triều Tiên,FALSE,,,img_1478.jpg,FALSE
1478,Military Dictionary,EUSCS (effective US controlled ships),,,,các tàu biển được kiểm soát có hiệu lực của Mỹ,FALSE,,,img_1478.jpg,FALSE
1478,Military Dictionary,EVA (extra vehicular activity),,,,hoạt động ngoài vũ trụ,FALSE,,,img_1478.jpg,FALSE
1478,Military Dictionary,evac (evacuation),,,,"sự rút khỏi (một nơi nào đó); sự sơ tán, sự tản thương; sự di tản trang bị kỹ thuật",FALSE,,,img_1478.jpg,FALSE
1478,Military Dictionary,eval (evaluate),,,,ước tính,FALSE,,,img_1478.jpg,FALSE
1478,Military Dictionary,EVC (evasion chart),,,,sơ đồ thoát hiểm (dùng cho quân nhân),FALSE,,,img_1478.jpg,FALSE
1478,Military Dictionary,evid (evidence),,,,"sự rõ ràng, sự minh bạch, sự hiển nhiên",FALSE,,,img_1478.jpg,FALSE
1478,Military Dictionary,EW; ew (early warning),,,,"sự phát hiện mục tiêu từ xa, sự báo động sớm, sự cảnh báo sớm",FALSE,,,img_1478.jpg,FALSE
1478,Military Dictionary,EW (electronic warfare),,,,tác chiến điện tử; chiến tranh điện tử,FALSE,,,img_1478.jpg,FALSE
1478,Military Dictionary,EW (enlisted woman),,,,nữ binh sĩ; nữ chiến sĩ,FALSE,,,img_1478.jpg,FALSE
1478,Military Dictionary,EW/C (early warning/control),,,,cảnh báo sớm và kiểm soát,FALSE,,,img_1478.jpg,FALSE
1478,Military Dictionary,EW/GCI (early warning/ground-controlled intercept),,,,sự cảnh báo sớm và đánh chặn điều khiển từ mặt đất,FALSE,,,img_1478.jpg,FALSE
1478,Military Dictionary,EWC (electronic warfare coordinator),,,,sĩ quan hiệp đồng tác chiến điện tử,FALSE,,,img_1478.jpg,FALSE
1478,Military Dictionary,EWCS (electronic warfare control ship),,,,tàu chỉ huy tác chiến điện tử,FALSE,,,img_1478.jpg,FALSE
1478,Military Dictionary,EWIR (electronic warfare integrated reprogramming),,,,sự tái lập trình hợp nhất tác chiến điện tử,FALSE,,,img_1478.jpg,FALSE
1478,Military Dictionary,EWO (electronic warfare officer),,,,sĩ quan tác chiến điện tử,FALSE,,,img_1478.jpg,FALSE
1478,Military Dictionary,EWR; ewr (early-warning radar),,,,"rađa phát hiện mục tiêu từ xa, rađa báo động sớm, rađa cảnh báo sớm",FALSE,,,img_1478.jpg,FALSE
1478,Military Dictionary,EWS (early warning system),,,,"hệ thống cảnh báo sớm, hệ thống báo động từ xa",FALSE,,,img_1478.jpg,FALSE
1478,Military Dictionary,EWS (external weapon station),,,,trạm vũ khí ngoài trời,FALSE,,,img_1478.jpg,FALSE
1478,Military Dictionary,EWSM (early warning support measures),,,,"các biện pháp bảo đảm phát hiện mục tiêu từ xa, các biện pháp hỗ trợ báo động sớm",FALSE,,,img_1478.jpg,FALSE
1478,Military Dictionary,EWT (engineer wheeled tractor),,,,xe kéo công binh bánh hơi,FALSE,,,img_1478.jpg,FALSE
1478,Military Dictionary,ex (exercise),,,,"tập bài; diễn tập, tập trận; luyện tập",FALSE,,,img_1478.jpg,FALSE
1478,Military Dictionary,Ex D (excused (from) duty),,,,hết phiên trực; hết nhiệm vụ; không chịu trách nhiệm công tác,FALSE,,,img_1478.jpg,FALSE
1479,Military Dictionary,Ex Sta (Experimental Station),,,,trạm thí nghiệm,FALSE,,,img_1479.jpg,FALSE
1479,Military Dictionary,EXCIMS (Executive Council for Modeling and Simulations),,,,hội đồng thực hành mô hình hoá và mô phỏng,FALSE,,,img_1479.jpg,FALSE
1479,Military Dictionary,excl (exclude),,,,"không cho vào; ngăn chặn; loại trừ; đưa ra, tống ra",FALSE,,,img_1479.jpg,FALSE
1479,Military Dictionary,Excl (exclude; exclusive),,,,ngoại trừ,FALSE,,,img_1479.jpg,FALSE
1479,Military Dictionary,EXCOM (extended communications search),,,,dò tìm thông tin liên lạc mở rộng,FALSE,,,img_1479.jpg,FALSE
1479,Military Dictionary,EXDIR (Executive Director) (CIA),,,,giám đốc điều hành (cục tình báo trung ương Mỹ),FALSE,,,img_1479.jpg,FALSE
1479,Military Dictionary,EXDIR/ICA (Executive Director for Intelligence Community Affairs) (USG),,,,giám đốc điều hành về các vấn đề cộng đồng tình báo (phó tổng giám đốc),FALSE,,,img_1479.jpg,FALSE
1479,Military Dictionary,EXEC (executive),,,,"phó chỉ huy trưởng thường trực; quản trị trưởng, tư vụ trưởng",FALSE,,,img_1479.jpg,FALSE
1479,Military Dictionary,EXER; exer (exercise),,,,tập bài; diễn tập; tập trận; luyện tập,FALSE,,,img_1479.jpg,FALSE
1479,Military Dictionary,EXJAM (expendable jamming system),,,,hệ thống gây nhiễu (chủ động) sử dụng một lần,FALSE,,,img_1479.jpg,FALSE
1479,Military Dictionary,ExO (executive officer),,,,"phó chỉ huy trưởng thường trực, chỉ huy phó thường trực",FALSE,,,img_1479.jpg,FALSE
1479,Military Dictionary,EXORD (execute order),,,,thi hành mệnh lệnh,FALSE,,,img_1479.jpg,FALSE
1479,Military Dictionary,EXp; exp (expenditure),,,,sự tiêu hao,FALSE,,,img_1479.jpg,FALSE
1479,Military Dictionary,expl (experimental),,,,(thuộc) thử nghiệm,FALSE,,,img_1479.jpg,FALSE
1479,Military Dictionary,expl (explosion),,,,vụ nổ; sự nổ; chất nổ,FALSE,,,img_1479.jpg,FALSE
1479,Military Dictionary,Expl; E (explosive),,,,thuốc nổ,FALSE,,,img_1479.jpg,FALSE
1479,Military Dictionary,EXPLAN (exercise plan),,,,"kế hoạch diễn tập, kế hoạch tập trận",FALSE,,,img_1479.jpg,FALSE
1479,Military Dictionary,ext (extend),,,,mở rộng; nâng tầm,FALSE,,,img_1479.jpg,FALSE
1479,Military Dictionary,EZ (extraction zone),,,,khu vực thả hàng bằng máy bay bay rất thấp; khu vực thả hàng từ máy bay ở độ cao rất thấp,FALSE,,,img_1479.jpg,FALSE
1479,Military Dictionary,EZCO (extraction zone control officer),,,,sĩ quan chỉ huy khu vực thả hàng (từ máy bay) ở độ cao thấp,FALSE,,,img_1479.jpg,FALSE
1480,Military Dictionary,F (farad),,,,fara,FALSE,,,img_1480.jpg,FALSE
1480,Military Dictionary,F (flash),,,,ánh chớp,FALSE,,,img_1480.jpg,FALSE
1480,Military Dictionary,F (field),,,,"chiến trường; sân bay; bãi mìn; khu vực (quan sát); xạ giới; dã chiến, địa hình",FALSE,,,img_1480.jpg,FALSE
1480,Military Dictionary,F (fighter),,,,(k.hiệu) máy bay tiêm kích,FALSE,,,img_1480.jpg,FALSE
1480,Military Dictionary,F (filament),,,,sợi rung,FALSE,,,img_1480.jpg,FALSE
1480,Military Dictionary,F (fire),,,,"(k.hiệu) hỏa lực, hỏa điểm; bắn",FALSE,,,img_1480.jpg,FALSE
1480,Military Dictionary,F (flare patterns),,,,kiểu chiếu sáng,FALSE,,,img_1480.jpg,FALSE
1480,Military Dictionary,F (fleet),,,,(k.hiệu) hạm đội,FALSE,,,img_1480.jpg,FALSE
1480,Military Dictionary,F (force(s)),,,,"lực lượng, đội quân",FALSE,,,img_1480.jpg,FALSE
1480,Military Dictionary,F (frequency),,,,tần số,FALSE,,,img_1480.jpg,FALSE
1480,Military Dictionary,F (frigate),,,,(k.hiệu) tàu frigat,FALSE,,,img_1480.jpg,FALSE
1480,Military Dictionary,F (fuel),,,,nhiên liệu,FALSE,,,img_1480.jpg,FALSE
1480,Military Dictionary,F Amb (field ambulance),,,,"xe quân y dã chiến, ô tô cứu thương dã chiến; (Anh) đội quân y",FALSE,,,img_1480.jpg,FALSE
1480,Military Dictionary,F Bty (field battery),,,,đại đội pháo dã chiến,FALSE,,,img_1480.jpg,FALSE
1480,Military Dictionary,F Lab (field laboratory),,,,phòng thí nghiệm dã chiến,FALSE,,,img_1480.jpg,FALSE
1480,Military Dictionary,F of F (field of fire),,,,khu vực nằm trong tầm súng; khu vực nằm trong tầm hỏa lực,FALSE,,,img_1480.jpg,FALSE
1480,Military Dictionary,F&B (fumigation and bath unit),,,,phân đội vệ sinh tiêu tẩy,FALSE,,,img_1480.jpg,FALSE
1480,Military Dictionary,F&C (fire & control),,,,(phương thức) bắn và điều khiển (tên lửa),FALSE,,,img_1480.jpg,FALSE
1480,Military Dictionary,F&F (fire & forget),,,,(phương thức) bắn và quên (tên lửa),FALSE,,,img_1480.jpg,FALSE
1480,Military Dictionary,F&U (fire & update),,,,(phương thức) bắn và cập nhật dữ liệu (tên lửa),FALSE,,,img_1480.jpg,FALSE
1480,Military Dictionary,F-1 (Fury single-engine jet fighter-bomber flown from aircraft carrier),,,,"ký hiệu máy bay tiêm kích - ném bom, một động cơ phản lực, mang tên ""Cơn cuồng nộ"", hoạt động từ tàu sân bay",FALSE,,,img_1480.jpg,FALSE
1480,Military Dictionary,F-3 (Demon single-engine supersonic all-weather jet fighter),,,,"ký hiệu máy bay chiến đấu siêu âm, một động cơ phản lực, mọi thời tiết, mang tên ""Con quỷ""",FALSE,,,img_1480.jpg,FALSE
1480,Military Dictionary,F-4 (Phantom II twin-engine all-weather supersonic jet fighterbomber),,,,"ký hiệu máy bay tiêm kích - ném bom siêu âm, động cơ phản lực kép, mọi thời tiết, mang tên ""Con ma""",FALSE,,,img_1480.jpg,FALSE
1480,Military Dictionary,F-6 (Skyray single-engine supersonic all-weather jet fighter),,,,"ký hiệu máy bay chiến đấu siêu âm, một động cơ phản lực, mọi thời tiết, mang tên ""Tia chớp""",FALSE,,,img_1480.jpg,FALSE
1480,Military Dictionary,F-8 (Crusader single-engine supersonic all-weather jet fighter),,,,"ký hiệu máy bay chiến đấu siêu âm, một động cơ phản lực, mọi thời tiết, mang tên ""Thập tự quân""",FALSE,,,img_1480.jpg,FALSE
1480,Military Dictionary,F-11 (Tiger single-engine supersonic jet fighter),,,,"ký hiệu máy bay chiến đấu siêu âm, một động cơ phản lực, mang tên ""Con hổ""",FALSE,,,img_1480.jpg,FALSE
1480,Military Dictionary,F-89 (Scorpion all-weather interceptor with twin turbojet engines),,,,"ký hiệu máy bay đánh chặn mọi thời tiết động cơ tuabin phản lực kép, mang tên ""Bọ cạp""",FALSE,,,img_1480.jpg,FALSE
1481,Military Dictionary,F-100 (super Sabre supersonic turbojet fighter),,,,"ký hiệu máy bay chiến đấu siêu âm, động cơ tuabin phản lực, mang tên ""Thanh đoản kiếm""",FALSE,,,img_1481.jpg,FALSE
1481,Military Dictionary,F-101 (Voodoo supersonic turbojet fighter),,,,"ký hiệu máy bay chiến đấu siêu âm, động cơ tuabin phản lực, mang tên ""Phù thuỷ""",FALSE,,,img_1481.jpg,FALSE
1481,Military Dictionary,F-102 (Delta Dagger single-engine Supersonic turbojet interceptor),,,,"ký hiệu máy bay đánh chặn siêu âm, một động cơ tuabin phản lực, mang tên ""Thanh kiếm Đenta""",FALSE,,,img_1481.jpg,FALSE
1481,Military Dictionary,F-104 (Starfighter supersonic single-engine turbojet interceptor),,,,"ký hiệu máy bay chiến đấu siêu âm, một động cơ tuabin phản lực, mang tên ""Giặc nhà trời""",FALSE,,,img_1481.jpg,FALSE
1481,Military Dictionary,F-105 (Thunderchief supersonic single-engine turbojet tactical fighter),,,,"ký hiệu máy bay chiến đấu chiến thuật siêu âm, một động cơ tuabin phản lực, mang tên ""Thần sấm""",FALSE,,,img_1481.jpg,FALSE
1481,Military Dictionary,F-106 (Delta Dart supersonic single-engine turbojet interceptor aircraft),,,,"ký hiệu máy bay đánh chặn siêu âm, một động cơ tuabin phản lực, mang tên ""Mũi tên Delta""",FALSE,,,img_1481.jpg,FALSE
1481,Military Dictionary,F-111 (Twin-engine turbojet tactical fighter-bomber all-weather interceptor aircraft),,,,"ký hiệu máy bay tiêm kích - ném bom chiến thuật mọi thời tiết, động cơ tuabin phản lực kép",FALSE,,,img_1481.jpg,FALSE
1481,Military Dictionary,F-111A (variable-geometry supersonic fighter-bomber),,,,"ký hiệu máy bay tiêm kích - ném bom siêu âm, dạng cánh cụp cánh xoè",FALSE,,,img_1481.jpg,FALSE
1481,Military Dictionary,FA (family allowance),,,,tiền phụ cấp cho gia đình quân nhân,FALSE,,,img_1481.jpg,FALSE
1481,Military Dictionary,FA (feasibility assessment),,,,đánh giá tính khả thi,FALSE,,,img_1481.jpg,FALSE
1481,Military Dictionary,FA (Field Ambulance),,,,"xe quân y dã chiến, ô tô cứu thương dã chiến; (Anh) đội quân y",FALSE,,,img_1481.jpg,FALSE
1481,Military Dictionary,FA (field army),,,,tập đoàn quân (binh chủng hợp thành); tập đoàn quân dã chiến,FALSE,,,img_1481.jpg,FALSE
1481,Military Dictionary,FA (field artillery),,,,"pháo binh dã chiến, pháo binh mặt đất; pháo binh hạng nhẹ",FALSE,,,img_1481.jpg,FALSE
1481,Military Dictionary,FA (first aid),,,,"sơ cứu, cấp cứu",FALSE,,,img_1481.jpg,FALSE
1481,Military Dictionary,fa (first attack),,,,cuộc tiến công đầu tiên,FALSE,,,img_1481.jpg,FALSE
1481,Military Dictionary,FA; fa (friendly aircraft),,,,"máy bay bạn, máy bay ta",FALSE,,,img_1481.jpg,FALSE
1481,Military Dictionary,FA (frontovaya aviasiya) (Nga),,,,"không quân mặt trận, lực lượng không quân tiền phương",FALSE,,,img_1481.jpg,FALSE
1481,Military Dictionary,FA Brig (field artillery brigade),,,,lữ đoàn pháo binh dã chiến,FALSE,,,img_1481.jpg,FALSE
1481,Military Dictionary,FA how bn (field artillery howitzer battalion),,,,tiểu đoàn lựu pháo dã chiến,FALSE,,,img_1481.jpg,FALSE
1481,Military Dictionary,"FA Msl Gr (Hv) (field artillery missile group, heavy)",,,,cụm tên lửa pháo binh dã chiến hạng nặng,FALSE,,,img_1481.jpg,FALSE
1481,Military Dictionary,fa (fuel-air (ratio)),,,,tỷ lệ nhiên liệu - khí,FALSE,,,img_1481.jpg,FALSE
1481,Military Dictionary,FAA (Federal Aviation Administration) (Mỹ),,,,cơ quan hàng không liên bang,FALSE,,,img_1481.jpg,FALSE
1481,Military Dictionary,faa (field artillery airborne),,,,pháo binh mặt đất cơ động đường không; máy bay chở pháo mặt đất,FALSE,,,img_1481.jpg,FALSE
1481,Military Dictionary,FAA (Foreign Assistance Act),,,,luật viện trợ nước ngoài,FALSE,,,img_1481.jpg,FALSE
1481,Military Dictionary,FAAD (Forward Area Air Defense) (US),,,,"phòng không khu vực phía trước, phòng không (dải) tiền duyên, phòng không thế đội một (Mỹ)",FALSE,,,img_1481.jpg,FALSE
1481,Military Dictionary,"FAADC2I (forward area air defence command, control & Intelligence)",,,,"chỉ huy, kiểm soát và tình báo phòng không (dải) tiền duyên",FALSE,,,img_1481.jpg,FALSE
1481,Military Dictionary,FAADS (forward area air defense system),,,,"hệ thống phòng không khu vực tiền duyên, hệ thống phòng không khu vực phía trước",FALSE,,,img_1481.jpg,FALSE
1481,Military Dictionary,FAALS (forward area armored logistic system),,,,hệ thống hậu cần tăng - thiết giáp (dải) tiền duyên,FALSE,,,img_1481.jpg,FALSE
1481,Military Dictionary,FAAM (family of air-to-air missile),,,,họ tên lửa không đối không,FALSE,,,img_1481.jpg,FALSE
1481,Military Dictionary,FAAR (Forward Area Alerting Radar) (US),,,,"rađa báo động khu vực tiền duyên (Mỹ), rađa báo động khu vực phía trước (Mỹ)",FALSE,,,img_1481.jpg,FALSE
1482,Military Dictionary,FAASV (Field Artillery Ammunition Support Vehicle) (US),,,,phương tiện tiếp tế đạn dược pháo binh dã chiến (Mỹ); xe bảo đảm đạn dược (cho) pháo binh cơ động dã chiến (Mỹ),FALSE,,,img_1482.jpg,FALSE
1482,Military Dictionary,FAB (fleet air base),,,,căn cứ không quân hạm đội,FALSE,,,img_1482.jpg,FALSE
1482,Military Dictionary,FABMDS (Field Army Ballistic Missile Defense System),,,,hệ thống phòng chống tên lửa đạn đạo dã chiến của lục quân,FALSE,,,img_1482.jpg,FALSE
1482,Military Dictionary,fac (facilities),,,,"phương tiện, thiết bị; phương tiện bảo đảm; trang bị; công trình; khả năng",FALSE,,,img_1482.jpg,FALSE
1482,Military Dictionary,FAC (fast attack craft),,,,"tàu tiến công nhanh, tốc hạm tiến công; tàu cao tốc tiến công",FALSE,,,img_1482.jpg,FALSE
1482,Military Dictionary,FAC (forward air controller),,,,sĩ quan dẫn đường không quân tiền phương; nhân viên dẫn đường không quân tiền phương,FALSE,,,img_1482.jpg,FALSE
1482,Military Dictionary,FAC(A) (forward air controller (airborne)),,,,sĩ quan dẫn đường không quân phía trước (bố trí trên máy bay); hoa tiêu dẫn đường không quân phía trước,FALSE,,,img_1482.jpg,FALSE
1482,Military Dictionary,FACA (force anti-air co-ordination area),,,,khu vực hiệp đồng tác chiến phòng không binh chủng,FALSE,,,img_1482.jpg,FALSE
1482,Military Dictionary,FACE (Field Artillery Computer Equipment),,,,"máy tính phần tử bắn của pháo binh dã chiến, thiết bị xạ toán của pháo binh dã chiến",FALSE,,,img_1482.jpg,FALSE
1482,Military Dictionary,FACS (Field Army Communication System),,,,hệ thống thông tin liên lạc lục quân dã chiến,FALSE,,,img_1482.jpg,FALSE
1482,Military Dictionary,FACSFAC (fleet area control and surveillance facility),,,,phương tiện bảo đảm kiểm soát và do thám khu vực hạm đội,FALSE,,,img_1482.jpg,FALSE
1482,Military Dictionary,FAD (feasible arrival date),,,,thời gian đến khả thi,FALSE,,,img_1482.jpg,FALSE
1482,Military Dictionary,FAD (Fleet Air Defense),,,,phòng không hạm đội,FALSE,,,img_1482.jpg,FALSE
1482,Military Dictionary,Fadac (field artillery data computer),,,,"máy xạ toán của pháo binh dã chiến, máy tính phần tử bắn của pháo binh dã chiến",FALSE,,,img_1482.jpg,FALSE
1482,Military Dictionary,FADAC (field artillery digital automatic equipment),,,,máy tính số tự động hóa (của) pháo binh dã chiến,FALSE,,,img_1482.jpg,FALSE
1482,Military Dictionary,FADEC (full authority digital engine (or electronic) control),,,,(hệ thống) điều khiển toàn bộ động cơ (hoặc điện tử) bằng số,FALSE,,,img_1482.jpg,FALSE
1482,Military Dictionary,FADM; Fadm; FAdm (fleet admiral),,,,đô đốc hạm đội; thủy sư đô đốc,FALSE,,,img_1482.jpg,FALSE
1482,Military Dictionary,FADS (flexible air data system),,,,hệ thống xử lý dữ liệu khí động dễ thích ứng,FALSE,,,img_1482.jpg,FALSE
1482,Military Dictionary,FAE (fuel air explosive),,,,chất nổ nhiên liệu khí,FALSE,,,img_1482.jpg,FALSE
1482,Military Dictionary,FAESHED (fuel-air explosive helicopter delivered),,,,thuốc nổ nhiên liệu - khí (dạng) phóng rải bằng máy bay trực thăng,FALSE,,,img_1482.jpg,FALSE
1482,Military Dictionary,"FAETUA (Fleet Airborne Electronic Training Unit, Atlantic)",,,,đơn vị huấn luyện kỹ thuật điện tử trên máy bay của hạm đội Đại Tây Dương,FALSE,,,img_1482.jpg,FALSE
1482,Military Dictionary,"FAETUP (Fleet Airborne Electronic Training Unit, Pacific)",,,,đơn vị huấn luyện kỹ thuật điện tử trên máy bay của hạm đội Thái Bình Dương,FALSE,,,img_1482.jpg,FALSE
1482,Military Dictionary,FAGM (field artillery guided missile),,,,tên lửa có điều khiển của pháo binh dã chiến,FALSE,,,img_1482.jpg,FALSE
1482,Military Dictionary,FAGMS-S (Field Army Guided Missile System-Sergeant),,,,"tên lửa chiến thuật có điều khiển ""Sergeant""",FALSE,,,img_1482.jpg,FALSE
1482,Military Dictionary,FAI (Fédération Aéronautique Internationale) (Pháp),,,,liên đoàn hàng không quốc tế,FALSE,,,img_1482.jpg,FALSE
1482,Military Dictionary,FAL (Forces Armée Laos),,,,lực lượng quân đội Lào; lực lượng lục quân Lào,FALSE,,,img_1482.jpg,FALSE
1482,Military Dictionary,FALD (Field Administration and Logistics Division),,,,phòng hành chính và hậu cần dã chiến,FALSE,,,img_1482.jpg,FALSE
1482,Military Dictionary,FALW (family of air-launched weapons),,,,họ vũ khí phóng từ máy bay; hệ vũ khí đường không,FALSE,,,img_1482.jpg,FALSE
1482,Military Dictionary,FAM (field alarm module),,,,môđun báo động chiến đấu,FALSE,,,img_1482.jpg,FALSE
1482,Military Dictionary,FAM (field artillery missile),,,,tên lửa chiến thuật có điều khiển; tên lửa của pháo binh dã chiến,FALSE,,,img_1482.jpg,FALSE
1482,Military Dictionary,FAM (fighter attack maneuvering),,,,cơ động tiến công của máy bay tiêm kích,FALSE,,,img_1482.jpg,FALSE
1482,Military Dictionary,FAMP (forward area minefield planning),,,,lập kế hoạch bố trí bãi mìn khu vực phía trước,FALSE,,,img_1482.jpg,FALSE
1483,Military Dictionary,FAMS (family of anti-air missile systems),,,,họ tên lửa phòng không,FALSE,,,img_1483.jpg,FALSE
1483,Military Dictionary,FAMS (Field Army Messenger Service),,,,ngành giao liên lục quân dã chiến,FALSE,,,img_1483.jpg,FALSE
1483,Military Dictionary,FAMsl Bn (field artillery missile battalion),,,,tiểu đoàn tên lửa có điều khiển của pháo binh dã chiến,FALSE,,,img_1483.jpg,FALSE
1483,Military Dictionary,FAMV (forward area multi-purpose vehicle),,,,xe đa dụng hoạt động ở khu vực tiền duyên,FALSE,,,img_1483.jpg,FALSE
1483,Military Dictionary,FAN (forward air navigator),,,,thiết bị dẫn đường không quân tiền phương,FALSE,,,img_1483.jpg,FALSE
1483,Military Dictionary,FAO (foreign area officer),,,,sĩ quan (phụ trách) khu vực ngoài nước,FALSE,,,img_1483.jpg,FALSE
1483,Military Dictionary,FAP (final assault position),,,,tuyến xuất phát tiến công,FALSE,,,img_1483.jpg,FALSE
1483,Military Dictionary,FAP (first aid post),,,,"trạm cấp cứu quân y, trạm quân y sơ cứu, trạm cấp cứu",FALSE,,,img_1483.jpg,FALSE
1483,Military Dictionary,FAP (forward ammunition point),,,,trạm cung cấp đạn dược phía trước,FALSE,,,img_1483.jpg,FALSE
1483,Military Dictionary,FAPDS (fragible armor piercing discarding sabot),,,,(đạn) tách vỏ xuyên giáp phá mảnh; xuyên thép dưới cỡ phá mảnh,FALSE,,,img_1483.jpg,FALSE
1483,Military Dictionary,FAPES (Force Augmentation Planning and Execution System),,,,hệ thống lập kế hoạch và thực hiện nâng cấp lực lượng,FALSE,,,img_1483.jpg,FALSE
1483,Military Dictionary,FAPO (Field Army Petroleum Office),,,,phòng cung cấp nhiên liệu của lục quân dã chiến,FALSE,,,img_1483.jpg,FALSE
1483,Military Dictionary,FAR (Federal Aviation Regulations),,,,các bộ (điều) luật của hàng không liên bang,FALSE,,,img_1483.jpg,FALSE
1483,Military Dictionary,FAR (Finned Air Rocket),,,,tên lửa có cánh,FALSE,,,img_1483.jpg,FALSE
1483,Military Dictionary,FARE (forward area refueling equipment),,,,thiết bị tiếp nhiên liệu khu vực tiền duyên,FALSE,,,img_1483.jpg,FALSE
1483,Military Dictionary,FARP (forward arming and refueling point),,,,địa điểm trang bị và tiếp dầu phía trước,FALSE,,,img_1483.jpg,FALSE
1483,Military Dictionary,FARS (Field Army Replacement System),,,,hệ thống bổ sung của lục quân dã chiến,FALSE,,,img_1483.jpg,FALSE
1483,Military Dictionary,FARS (field artillery rocket system),,,,tổ hợp pháo phản lực của pháo binh dã chiến,FALSE,,,img_1483.jpg,FALSE
1483,Military Dictionary,FARt (field artillery rocket),,,,tên lửa không điều khiển của pháo binh dã chiến,FALSE,,,img_1483.jpg,FALSE
1483,Military Dictionary,FARt Bn (field artillery rocket battalion),,,,tiểu đoàn tên lửa không điều khiển của pháo binh dã chiến,FALSE,,,img_1483.jpg,FALSE
1483,Military Dictionary,FAS (free along side),,,,giao hàng tại bến tàu (trước khi gửi đi),FALSE,,,img_1483.jpg,FALSE
1483,Military Dictionary,FAS (frequency assignment subcommittee),,,,tiểu ban về phân phối tần số,FALSE,,,img_1483.jpg,FALSE
1483,Military Dictionary,FAS (fueling at sea),,,,sự tiếp dầu trên biển,FALSE,,,img_1483.jpg,FALSE
1483,Military Dictionary,FAS (functional account symbol),,,,ký hiệu chức năng thống kê,FALSE,,,img_1483.jpg,FALSE
1483,Military Dictionary,FASCAM (family of scatterable mines),,,,họ mìn rải phân tán (chống bộ binh),FALSE,,,img_1483.jpg,FALSE
1483,Military Dictionary,FASCOM (Field Army Support Command),,,,bộ tư lệnh bảo đảm vật chất - kỹ thuật lục quân dã chiến,FALSE,,,img_1483.jpg,FALSE
1483,Military Dictionary,FASP (field artillery support plan),,,,kế hoạch chi viện hoả lực của pháo binh dã chiến,FALSE,,,img_1483.jpg,FALSE
1483,Military Dictionary,FAST (Forward Area Support Team),,,,đội bảo đảm tác chiến khu vực phía trước,FALSE,,,img_1483.jpg,FALSE
1483,Military Dictionary,FAT (field-artillery tractor),,,,xe kéo pháo dã chiến,FALSE,,,img_1483.jpg,FALSE
1483,Military Dictionary,FATAB (field artillery target acquisition battalion),,,,tiểu đoàn chỉ thị mục tiêu của pháo binh dã chiến,FALSE,,,img_1483.jpg,FALSE
1483,Military Dictionary,FATAG (field artillery target acquisition group),,,,nhóm chỉ thị mục tiêu của pháo binh dã chiến,FALSE,,,img_1483.jpg,FALSE
1483,Military Dictionary,FATG (fixed air-to-ground),,,,(vũ khí) không đối đất trên máy bay,FALSE,,,img_1483.jpg,FALSE
1483,Military Dictionary,FATOC (Field Army Tactical Operations Center),,,,trung tâm chỉ huy tác chiến lục quân dã chiến,FALSE,,,img_1483.jpg,FALSE
1483,Military Dictionary,FAV (Fast Attack Vehicle) (US),,,,xe bọc thép tiến công nhanh (Mỹ),FALSE,,,img_1483.jpg,FALSE
1483,Military Dictionary,FAW (forward area weapons),,,,vũ khí quân dụng; tên lửa phòng không hạng nhẹ (một người phóng),FALSE,,,img_1483.jpg,FALSE
1483,Military Dictionary,FB; F/B (freight bill),,,,lệnh vận chuyển đường biển,FALSE,,,img_1483.jpg,FALSE
1483,Military Dictionary,FB (fighter-bomber),,,,máy bay tiêm kích ném bom,FALSE,,,img_1483.jpg,FALSE
1483,Military Dictionary,FBB (fast burn booster),,,,bộ tăng tốc (tên lửa) có độ cháy nhanh,FALSE,,,img_1483.jpg,FALSE
1483,Military Dictionary,FBCB2 (Force XXI Battle Command Brigade and Below),,,,bộ chỉ huy chiến đấu theo mô hình lực lượng thế kỷ 21 đối với cấp lữ đoàn và thấp hơn,FALSE,,,img_1483.jpg,FALSE
1484,Military Dictionary,FBE (folding boat equipment),,,,bộ thuyền xếp; thuyền xếp,FALSE,,,img_1484.jpg,FALSE
1484,Military Dictionary,FBHD (force beachhead line),,,,"ranh giới vị trí đầu cầu (của lực lượng đổ bộ), tuyến bàn đạp",FALSE,,,img_1484.jpg,FALSE
1484,Military Dictionary,FBI (Federal Bureau of Investigation),,,,cục điều tra liên bang (Mỹ),FALSE,,,img_1484.jpg,FALSE
1484,Military Dictionary,FBIS (Foreign Broadcast Information Service),,,,sự bảo đảm phát thông tin ra nước ngoài,FALSE,,,img_1484.jpg,FALSE
1484,Military Dictionary,FBL (final beachhead line),,,,"tuyến đổ bộ đường biển cuối, tiền duyên phòng ngự của căn cứ đầu cầu",FALSE,,,img_1484.jpg,FALSE
1484,Military Dictionary,FBL (fly-by-light),,,,(hệ thống) điều khiển bay bằng tín hiệu quang tầm,FALSE,,,img_1484.jpg,FALSE
1484,Military Dictionary,FBM (fleet ballistic missile),,,,tên lửa đạn đạo hạm đội,FALSE,,,img_1484.jpg,FALSE
1484,Military Dictionary,FBMS (fleet ballistic missile system),,,,tổ hợp tên lửa đạn đạo hạm đội; hệ thống tên lửa đạn đạo trên hạm đội,FALSE,,,img_1484.jpg,FALSE
1484,Military Dictionary,FBR (fireball radius),,,,bán kính cầu nổ hạt nhân,FALSE,,,img_1484.jpg,FALSE
1484,Military Dictionary,FBRL (final bomb release line),,,,tuyến ném bom cuối,FALSE,,,img_1484.jpg,FALSE
1484,Military Dictionary,FBRV (Future Beach Recovery Vehicle),,,,phương tiện sửa chữa khôi phục gần bờ trong tương lai,FALSE,,,img_1484.jpg,FALSE
1484,Military Dictionary,FBS (fly-by-speech),,,,(phương thức) điều khiển bay theo khẩu lệnh,FALSE,,,img_1484.jpg,FALSE
1484,Military Dictionary,FBW (fly-by-wire),,,,(hệ thống) điều khiển bay bằng tín hiệu điện,FALSE,,,img_1484.jpg,FALSE
1484,Military Dictionary,FC (field circular),,,,thông tư dã chiến,FALSE,,,img_1484.jpg,FALSE
1484,Military Dictionary,FC (Finance Corps),,,,ngành tài chính,FALSE,,,img_1484.jpg,FALSE
1484,Military Dictionary,FC (fire control),,,,"chỉ huy hỏa lực, điều khiển hoả lực",FALSE,,,img_1484.jpg,FALSE
1484,Military Dictionary,FC (floating causeway),,,,cầu tàu nổi di động,FALSE,,,img_1484.jpg,FALSE
1484,Military Dictionary,FC (floating craft),,,,"tàu nổi, tàu mặt nước",FALSE,,,img_1484.jpg,FALSE
1484,Military Dictionary,FC (force commander),,,,tư lệnh (trưởng) binh đoàn,FALSE,,,img_1484.jpg,FALSE
1484,Military Dictionary,FC and S (free of capture and seizure),,,,thoát khỏi bị bắt giữ,FALSE,,,img_1484.jpg,FALSE
1484,Military Dictionary,FCC (Federal Communications Commission),,,,uỷ ban thông tin liên lạc liên bang,FALSE,,,img_1484.jpg,FALSE
1484,Military Dictionary,FCC (fighter control center),,,,"trung tâm dẫn đường máy bay tiêm kích, trung tâm dẫn đường không quân tiêm kích, trung tâm kiểm soát bay của máy bay tiêm kích",FALSE,,,img_1484.jpg,FALSE
1484,Military Dictionary,FCC (fighter control computer),,,,máy tính dẫn đường máy bay tiêm kích,FALSE,,,img_1484.jpg,FALSE
1484,Military Dictionary,FCC (Fire Command Centre),,,,"trung tâm chỉ huy hoả lực, trung tâm điều khiển hoả lực",FALSE,,,img_1484.jpg,FALSE
1484,Military Dictionary,FCC (Fire-Control Computer),,,,máy tính chỉ huy hoả lực,FALSE,,,img_1484.jpg,FALSE
1484,Military Dictionary,FCCVS (Future Close-Combat Vehicle System) (US),,,,tổ hợp xe chiến đấu gần trong tương lai,FALSE,,,img_1484.jpg,FALSE
1484,Military Dictionary,FCDA (Federal Civil Defense Administration),,,,"cục phòng thủ dân sự liên bang, cơ quan phòng thủ dân sự liên bang",FALSE,,,img_1484.jpg,FALSE
1484,Military Dictionary,FCE (fire-control equipment),,,,thiết bị chỉ huy hoả lực,FALSE,,,img_1484.jpg,FALSE
1484,Military Dictionary,Fce (force),,,,"bộ đội, lực lượng; đội; binh đoàn; tập đoàn quân (không quân)",FALSE,,,img_1484.jpg,FALSE
1484,Military Dictionary,FCE (forward command element),,,,bộ phận chỉ huy phía trước,FALSE,,,img_1484.jpg,FALSE
1484,Military Dictionary,FCG (foreign clearance guide),,,,hướng dẫn cấp phép bay qua lãnh thổ nước ngoài,FALSE,,,img_1484.jpg,FALSE
1484,Military Dictionary,FCI (fire control instrument),,,,"thiết bị chỉ huy hoả lực, thiết bị điều khiển hoả lực",FALSE,,,img_1484.jpg,FALSE
1484,Military Dictionary,FCIP (field cable installation platoon),,,,trung đội lắp đặt các tuyến thông tin liên lạc dã chiến,FALSE,,,img_1484.jpg,FALSE
1484,Military Dictionary,FCL (final coordination line),,,,tuyến tổ chức hiệp đồng cuối cùng; tuyến điều chỉnh (đội hình) cuối cùng,FALSE,,,img_1484.jpg,FALSE
1484,Military Dictionary,FCL (fire coordination line),,,,tuyến hiệp đồng hoả lực,FALSE,,,img_1484.jpg,FALSE
1484,Military Dictionary,FCLV (Future Command and Liaison Vehicle),,,,xe chỉ huy và liên lạc hiệp đồng trong tương lai,FALSE,,,img_1484.jpg,FALSE
1484,Military Dictionary,FCO (Federal coordinating officer),,,,sĩ quan hiệp đồng liên bang,FALSE,,,img_1484.jpg,FALSE
1484,Military Dictionary,FCO (ferrying control officer),,,,sĩ quan chỉ huy vượt sông bằng phà; người chỉ huy phà vượt,FALSE,,,img_1484.jpg,FALSE
1484,Military Dictionary,FCO (field cashier office),,,,phòng tài chính dã chiến,FALSE,,,img_1484.jpg,FALSE
1485,Military Dictionary,FCO (fire control orders),,,,mệnh lệnh chỉ huy hỏa lực; các lệnh điều khiển hoả lực,FALSE,,,img_1485.jpg,FALSE
1485,Military Dictionary,FCP (fire-command post),,,,đài chỉ huy hỏa lực,FALSE,,,img_1485.jpg,FALSE
1485,Military Dictionary,FCP (fire control party),,,,đội quan sát và điều chỉnh bắn,FALSE,,,img_1485.jpg,FALSE
1485,Military Dictionary,FCRLS (Flight-Control Ready Light System),,,,hệ thống ánh sáng điều khiển các chuyến bay,FALSE,,,img_1485.jpg,FALSE
1485,Military Dictionary,FCS (fire control system),,,,hệ thống điều khiển hoả lực; hệ thống chỉ huy phóng tên lửa,FALSE,,,img_1485.jpg,FALSE
1485,Military Dictionary,FCS (Future Combat System),,,,hệ thống hoả lực trong tương lai,FALSE,,,img_1485.jpg,FALSE
1485,Military Dictionary,FCT (firepower control team),,,,đội chỉ huy hoả lực,FALSE,,,img_1485.jpg,FALSE
1485,Military Dictionary,"FCUSA (Finance Center, United States Army)",,,,trung tâm tài chính quân đội Mỹ; trung tâm tài chính lục quân Mỹ,FALSE,,,img_1485.jpg,FALSE
1485,Military Dictionary,fd (field),,,,chiến trường; sân bay; bãi mìn; khu vực (quan sát); xạ giới; địa hình; dã chiến; dã ngoại,FALSE,,,img_1485.jpg,FALSE
1485,Military Dictionary,FD (fire direction),,,,sự chỉ huy hỏa lực; sự điều khiển hoả lực,FALSE,,,img_1485.jpg,FALSE
1485,Military Dictionary,fd ldg (forced landing),,,,sự hạ cánh bắt buộc,FALSE,,,img_1485.jpg,FALSE
1485,Military Dictionary,FDA (Food and Drug Administration),,,,cơ quan lương thực và thuốc men,FALSE,,,img_1485.jpg,FALSE
1485,Military Dictionary,FDA (forward defensive area),,,,khu vực phòng ngự phía trước,FALSE,,,img_1485.jpg,FALSE
1485,Military Dictionary,FDBM (functional database manager),,,,nhân viên quản lý cơ sở dữ liệu chức năng,FALSE,,,img_1485.jpg,FALSE
1485,Military Dictionary,FDC (fire direction center),,,,trung tâm chỉ huy hỏa lực; trung tâm điều khiển hoả lực,FALSE,,,img_1485.jpg,FALSE
1485,Military Dictionary,FDC (fire distribution centre),,,,trung tâm (điều khiển) phân chia hoả lực,FALSE,,,img_1485.jpg,FALSE
1485,Military Dictionary,FDC (forward direction center),,,,trung tâm chỉ huy tiền phương; sở chỉ huy phía trước,FALSE,,,img_1485.jpg,FALSE
1485,Military Dictionary,FDCV (fire direction centre vehicle),,,,xe chỉ huy hoả lực,FALSE,,,img_1485.jpg,FALSE
1485,Military Dictionary,FDE (forward defense echelon),,,,"thê đội một của phòng ngự, thê đội phòng ngự phía trước",FALSE,,,img_1485.jpg,FALSE
1485,Military Dictionary,FDI (fault detection isolation),,,,sự cách ly để phát hiện sai sót,FALSE,,,img_1485.jpg,FALSE
1485,Military Dictionary,FDL (fast deployment logistics),,,,hậu cần triển khai nhanh,FALSE,,,img_1485.jpg,FALSE
1485,Military Dictionary,FDLP (flight deck landing practice),,,,sự tập hạ cánh trên boong tàu,FALSE,,,img_1485.jpg,FALSE
1485,Military Dictionary,FDM (field maintenance),,,,sự bảo dưỡng và sửa chữa dã chiến; bảo dưỡng kỹ thuật và sửa chữa trong điều kiện dã chiến,FALSE,,,img_1485.jpg,FALSE
1485,Military Dictionary,FDO (fire direction officer),,,,sĩ quan chỉ huy hỏa lực; sĩ quan chỉ huy bắn,FALSE,,,img_1485.jpg,FALSE
1485,Military Dictionary,FDO (flexible deterrent option),,,,sự lựa chọn răn đe linh hoạt,FALSE,,,img_1485.jpg,FALSE
1485,Military Dictionary,FDO (flight deck officer),,,,sĩ quan chỉ huy bay trên boong tàu,FALSE,,,img_1485.jpg,FALSE
1485,Military Dictionary,FDP (foreign duty pay),,,,tiền phụ cấp cho quân nhân phục vụ ở nước ngoài,FALSE,,,img_1485.jpg,FALSE
1485,Military Dictionary,FDP (forward director post),,,,trạm dẫn đường không quân tiền phương,FALSE,,,img_1485.jpg,FALSE
1485,Military Dictionary,FDR (flight data recorder),,,,máy ghi dữ liệu bay,FALSE,,,img_1485.jpg,FALSE
1485,Military Dictionary,FDR/FA (flight data recorder/fault analyzer),,,,người phân tích sai sót và băng ghi dữ liệu bay,FALSE,,,img_1485.jpg,FALSE
1485,Military Dictionary,FDS (fault detection system),,,,hệ thống phát hiện sự cố (vũ khí trang bị),FALSE,,,img_1485.jpg,FALSE
1485,Military Dictionary,FDS (field dressing station),,,,trạm băng bó lại dã chiến,FALSE,,,img_1485.jpg,FALSE
1485,Military Dictionary,FDS (fighter-director ship),,,,tàu dẫn đường máy bay chiến đấu,FALSE,,,img_1485.jpg,FALSE
1485,Military Dictionary,FDS (flight director system),,,,"hệ thống điều khiển bay, hệ thống chỉ huy bay",FALSE,,,img_1485.jpg,FALSE
1485,Military Dictionary,FDSS (fault detection subsystem),,,,phân hệ phát hiện sai sót,FALSE,,,img_1485.jpg,FALSE
1485,Military Dictionary,FDSSS (flight deck status and signaling system),,,,hệ thống kiểm soát tình hình và tín hiệu bay trên boong tàu,FALSE,,,img_1485.jpg,FALSE
1485,Military Dictionary,FDSWS (Future Direct Support Weapon System),,,,tổ hợp vũ khí chi viện hoả lực trực tiếp trong tương lai,FALSE,,,img_1485.jpg,FALSE
1485,Military Dictionary,FDX (full duplex),,,,song công hoàn toàn (kênh thông tin có thể giữ và truyền hai tín hiệu thông tin cùng một lúc),FALSE,,,img_1485.jpg,FALSE
1486,Military Dictionary,FE (field engineering),,,,công tác công binh,FALSE,,,img_1486.jpg,FALSE
1486,Military Dictionary,FEAF (Far East Air Force),,,,lực lượng không quân ở Viễn Đông,FALSE,,,img_1486.jpg,FALSE
1486,Military Dictionary,FEBA (forward edge of the battle area),,,,tiền duyên (trận địa) phòng ngự; khu phòng ngự phía trước,FALSE,,,img_1486.jpg,FALSE
1486,Military Dictionary,FEC (forward error correction),,,,sự hiệu chỉnh sai số phía trước,FALSE,,,img_1486.jpg,FALSE
1486,Military Dictionary,FECOM (far east command),,,,bộ tư lệnh Viễn Đông,FALSE,,,img_1486.jpg,FALSE
1486,Military Dictionary,Fed (federal),,,,(thuộc) liên bang,FALSE,,,img_1486.jpg,FALSE
1486,Military Dictionary,FEK (frequency exchange keying),,,,mở khoá trao đổi tần số,FALSE,,,img_1486.jpg,FALSE
1486,Military Dictionary,FEL (free electron laser),,,,lade electron tự do,FALSE,,,img_1486.jpg,FALSE
1486,Military Dictionary,FEMA (Federal Emergency Management Agency),,,,cơ quan quản lý tình trạng khẩn cấp liên bang,FALSE,,,img_1486.jpg,FALSE
1486,Military Dictionary,FEP (Firepower Enhancement Programme),,,,chương trình nghiên cứu nâng cao sức mạnh hoả lực,FALSE,,,img_1486.jpg,FALSE
1486,Military Dictionary,FEP (fleet satellite (FLTSAT) extremely high frequency (EHF) package),,,,bộ tần số siêu cao liên lạc vệ tinh hạm đội,FALSE,,,img_1486.jpg,FALSE
1486,Military Dictionary,FET (Future Engineer Tank),,,,xe tăng công binh trong tương lai,FALSE,,,img_1486.jpg,FALSE
1486,Military Dictionary,FEU (forty-foot equivalent unit),,,,đơn vị đo lường tương đương 40 fut,FALSE,,,img_1486.jpg,FALSE
1486,Military Dictionary,FEW (fighter escort wing),,,,phi đoàn không quân tiêm kích hộ tống,FALSE,,,img_1486.jpg,FALSE
1486,Military Dictionary,FEWS (follow-on early warning system),,,,hệ thống cảnh báo sớm tiếp theo,FALSE,,,img_1486.jpg,FALSE
1486,Military Dictionary,FEX (firing exercise),,,,bắn tập,FALSE,,,img_1486.jpg,FALSE
1486,Military Dictionary,FEZ (fighter engagement zone),,,,vùng giao chiến của máy bay tiêm kích,FALSE,,,img_1486.jpg,FALSE
1486,Military Dictionary,Ff (fatigue correction factor),,,,hệ số hiệu chỉnh sức bền (kim loại),FALSE,,,img_1486.jpg,FALSE
1486,Military Dictionary,FF (field of fire),,,,"khu vực trong tầm súng, khu vực trong tầm hỏa lực",FALSE,,,img_1486.jpg,FALSE
1486,Military Dictionary,FF (frigate),,,,tàu khu trục nhỏ; khinh hạm,FALSE,,,img_1486.jpg,FALSE
1486,Military Dictionary,FF (frontier force),,,,lực lượng biên phòng,FALSE,,,img_1486.jpg,FALSE
1486,Military Dictionary,FF (navy fast frigate),,,,tàu khu trục nhỏ tiến công nhanh của hải quân,FALSE,,,img_1486.jpg,FALSE
1486,Military Dictionary,FFA (free-fire area),,,,khu vực bắn tự do; khu vực hoả lực không hạn chế,FALSE,,,img_1486.jpg,FALSE
1486,Military Dictionary,FFAR (folding-fin (or free-flight) aircraft rocket),,,,rốcket cánh xếp (hoặc không điều khiển) dùng trên máy bay,FALSE,,,img_1486.jpg,FALSE
1486,Military Dictionary,ffar (folding-fin-aircraft rocket),,,,rốcket cánh xếp dùng trên máy bay,FALSE,,,img_1486.jpg,FALSE
1486,Military Dictionary,Ffar (forward-fighting aircraft rocket),,,,"rốcket bắn phía trước của máy bay, rốcket hàng không tiến công phía trước",FALSE,,,img_1486.jpg,FALSE
1486,Military Dictionary,FFAR (free-flight aircraft rocket),,,,tên lửa không điều khiển trên máy bay,FALSE,,,img_1486.jpg,FALSE
1486,Military Dictionary,FFCC (force fires coordination center),,,,trung tâm hiệp đồng hoả lực binh đoàn,FALSE,,,img_1486.jpg,FALSE
1486,Military Dictionary,FFD (friendly forward disposition),,,,sự bố trí phía trước của quân bạn,FALSE,,,img_1486.jpg,FALSE
1486,Military Dictionary,FFE (fire for effect),,,,bắn hiệu quả,FALSE,,,img_1486.jpg,FALSE
1486,Military Dictionary,FFE (flame field expedients),,,,dụng cụ đánh lửa tự tạo ngoài dã ngoại,FALSE,,,img_1486.jpg,FALSE
1486,Military Dictionary,FFG (frigate with area SAM),,,,tàu khu trục nhỏ trang bị tên lửa hạm đối không khu vực,FALSE,,,img_1486.jpg,FALSE
1486,Military Dictionary,FFG (guided missile frigate),,,,tàu khu trục nhỏ mang tên lửa có điều khiển,FALSE,,,img_1486.jpg,FALSE
1486,Military Dictionary,FFH (fast frequency hopping),,,,sự di chuyển tần số nhanh,FALSE,,,img_1486.jpg,FALSE
1486,Military Dictionary,FFH (frigate with helicopter),,,,tàu khu trục trang bị máy bay trực thăng,FALSE,,,img_1486.jpg,FALSE
1486,Military Dictionary,FFH-net (fast-frequency-hopping net),,,,mạng di chuyển tần số nhanh,FALSE,,,img_1486.jpg,FALSE
1486,Military Dictionary,FFHT-net (fast-frequency-hopping training net),,,,mạng huấn luyện di chuyển tần số nhanh,FALSE,,,img_1486.jpg,FALSE
1486,Military Dictionary,FFIR (friendly force information requirements),,,,các yêu cầu thông tin về lực lượng quân bạn,FALSE,,,img_1486.jpg,FALSE
1486,Military Dictionary,FFOS (forward flying observation system),,,,tổ hợp trinh sát tiền duyên đặt trên máy bay; máy bay trinh sát tiền duyên,FALSE,,,img_1486.jpg,FALSE
1486,Military Dictionary,FFPB (free-fall practice bomb),,,,bom huấn luyện không điều khiển,FALSE,,,img_1486.jpg,FALSE
1486,Military Dictionary,FFR (fitted for radio),,,,cải tiến dùng cho thiết bị vô tuyến,FALSE,,,img_1486.jpg,FALSE
1487,Military Dictionary,FG (field gun),,,,pháo dã chiến,FALSE,,,img_1487.jpg,FALSE
1487,Military Dictionary,FG (fighter group),,,,cụm máy bay tiêm kích; nhóm máy bay tiêm kích; tốp máy bay tiêm kích,FALSE,,,img_1487.jpg,FALSE
1487,Military Dictionary,"FGA (fighter, ground attack)",,,,"máy bay tiêm kích tiến công mặt đất, máy bay tiêm - cường kích",FALSE,,,img_1487.jpg,FALSE
1487,Military Dictionary,FGCP (flight guidance control panel),,,,bảng điều khiển dẫn đường bay,FALSE,,,img_1487.jpg,FALSE
1487,Military Dictionary,FGMDSS (Future Global Maritime Distress and Safety System),,,,hệ thống cứu nguy và an toàn trên biển toàn cầu tương lai,FALSE,,,img_1487.jpg,FALSE
1487,Military Dictionary,FGN (foreign),,,,"ngoại quốc, nước ngoài",FALSE,,,img_1487.jpg,FALSE
1487,Military Dictionary,Fgoff (flying officer),,,,sĩ quan bay (phân biệt với sĩ quan mặt đất thuộc không quân),FALSE,,,img_1487.jpg,FALSE
1487,Military Dictionary,FH (field hospital),,,,viện quân y dã chiến,FALSE,,,img_1487.jpg,FALSE
1487,Military Dictionary,FH (field howitzer),,,,lựu pháo dã chiến,FALSE,,,img_1487.jpg,FALSE
1487,Military Dictionary,FH (fleet hospital),,,,viện quân y trên hạm; tàu quân y,FALSE,,,img_1487.jpg,FALSE
1487,Military Dictionary,F-hour (effective time of announcement by the Secretary of Defense to the Military Departments of a decision to mobilize Reserve units),,,,thời gian tuyên bố có hiệu lực của bộ trưởng bộ quốc phòng cho các quân binh chủng về quyết định động viên các đơn vị dự bị,FALSE,,,img_1487.jpg,FALSE
1487,Military Dictionary,FHQ (field headquarters),,,,ban tham mưu dã chiến; bộ chỉ huy dã chiến,FALSE,,,img_1487.jpg,FALSE
1487,Military Dictionary,FI (fighter interceptor),,,,máy bay tiêm kích đánh chặn,FALSE,,,img_1487.jpg,FALSE
1487,Military Dictionary,FIA (Federal Intelligence Agency) (Mỹ),,,,cục tình báo liên bang,FALSE,,,img_1487.jpg,FALSE
1487,Military Dictionary,FIA (functional interoperability architecture),,,,sự thiết kế phối hợp vận hành chức năng,FALSE,,,img_1487.jpg,FALSE
1487,Military Dictionary,FIC (flight information center),,,,trung tâm thông tin bay,FALSE,,,img_1487.jpg,FALSE
1487,Military Dictionary,FIC (force indicator code),,,,mã chỉ thị lực lượng,FALSE,,,img_1487.jpg,FALSE
1487,Military Dictionary,FID (foreign internal defense),,,,sự phòng thủ nội bộ của lực lượng ở nước ngoài,FALSE,,,img_1487.jpg,FALSE
1487,Military Dictionary,FIDAF (foreign internal defense augmentation force),,,,quân tăng cường phòng thủ nội bộ của lực lượng ở nước ngoài,FALSE,,,img_1487.jpg,FALSE
1487,Military Dictionary,FIE (fly-in echelon),,,,bay theo đội hình (nhiều) thê đội,FALSE,,,img_1487.jpg,FALSE
1487,Military Dictionary,FIFO (first-in-first-out),,,,đến đầu đi đầu; đến trước đi trước; nhập trước xuất trước (hàng trong kho),FALSE,,,img_1487.jpg,FALSE
1487,Military Dictionary,FIFV (Future Infantry Fighting Vehicle) (US),,,,xe chiến đấu bộ binh trong tương lai (Mỹ),FALSE,,,img_1487.jpg,FALSE
1487,Military Dictionary,FILCEN (filter center),,,,trung tâm xử lý dữ kiện; trung tâm thu thập và xử lý báo cáo về tình hình trên không,FALSE,,,img_1487.jpg,FALSE
1487,Military Dictionary,FIN (finance),,,,tài chính,FALSE,,,img_1487.jpg,FALSE
1487,Military Dictionary,Fin Dept (finance department),,,,cục tài chính,FALSE,,,img_1487.jpg,FALSE
1487,Military Dictionary,FinalCL (final coordination line),,,,tuyến tổ chức hiệp đồng cuối cùng; tuyến tổ chức hiệp đồng lần cuối; tuyến điều chỉnh cuối cùng,FALSE,,,img_1487.jpg,FALSE
1487,Military Dictionary,FIR (flight information region),,,,"vùng thông tin bay, vùng thông báo bay",FALSE,,,img_1487.jpg,FALSE
1487,Military Dictionary,FIRCAP (foreign intelligence requirements capabilities and priorities),,,,những khả năng và ưu tiên nhu cầu tình báo nước ngoài,FALSE,,,img_1487.jpg,FALSE
1487,Military Dictionary,FIS (flight information service),,,,bảo đảm phục vụ thông báo bay,FALSE,,,img_1487.jpg,FALSE
1487,Military Dictionary,FIS (flight information system),,,,"hệ thống thông tin bay, hệ thống thông báo bay",FALSE,,,img_1487.jpg,FALSE
1487,Military Dictionary,FIS (foreign intelligence service),,,,bảo đảm tình báo ở nước ngoài,FALSE,,,img_1487.jpg,FALSE
1487,Military Dictionary,FIS (Fuze Interface System),,,,hệ thống giao diện ngòi nổ,FALSE,,,img_1487.jpg,FALSE
1487,Military Dictionary,FISC (fleet and industrial supply center),,,,trung tâm hạm đội và cung ứng công nghiệp,FALSE,,,img_1487.jpg,FALSE
1487,Military Dictionary,FISINT (foreign instrumentation signals Intelligence),,,,tình báo kỹ thuật thông tin liên lạc nước ngoài,FALSE,,,img_1487.jpg,FALSE
1487,Military Dictionary,FISS (foreign intelligence security service),,,,bảo đảm an ninh tình báo nước ngoài,FALSE,,,img_1487.jpg,FALSE
1487,Military Dictionary,FIST (fire support team),,,,đội chi viện hoả lực,FALSE,,,img_1487.jpg,FALSE
1487,Military Dictionary,FIST (fleet imagery support terminal),,,,đầu mối bảo đảm thông tin ảnh của hạm đội,FALSE,,,img_1487.jpg,FALSE
1487,Military Dictionary,FISTV (fire support team vehicle) (Mỹ),,,,xe (bọc thép) chi viện hoả lực,FALSE,,,img_1487.jpg,FALSE
1488,Military Dictionary,FITOW (Further Improved TOW) (US),,,,"đạn chống tăng phóng bằng ống, bám quang học và điều khiển bằng dây cải tiến hoàn thiện hơn",FALSE,,,img_1488.jpg,FALSE
1488,Military Dictionary,FIWC (fleet information warfare center),,,,trung tâm chiến tranh thông tin của hạm đội,FALSE,,,img_1488.jpg,FALSE
1488,Military Dictionary,FIXe (navigational fix error),,,,"sai số định vị hành trình (của máy bay, tàu thuỷ)",FALSE,,,img_1488.jpg,FALSE
1488,Military Dictionary,FL (front line),,,,"tuyến mặt trận, trận tuyến, tiền duyên",FALSE,,,img_1488.jpg,FALSE
1488,Military Dictionary,fl prf (flameproof),,,,chịu lửa,FALSE,,,img_1488.jpg,FALSE
1488,Military Dictionary,"FLAGE (flexible, agile, guided experiment)",,,,"thử nghiệm độ tin cậy về điều khiển, thích ứng, linh hoạt của phương tiện đánh chặn",FALSE,,,img_1488.jpg,FALSE
1488,Military Dictionary,FLAR (forward-looking airborne radar),,,,rađa quan sát phía trước (đặt) trên máy bay,FALSE,,,img_1488.jpg,FALSE
1488,Military Dictionary,fld (field),,,,chiến trường; bãi mìn; sân bay; khu vực (quan sát); xạ giới; địa hình; dã chiến; dã ngoại,FALSE,,,img_1488.jpg,FALSE
1488,Military Dictionary,fld ftn (field fortification),,,,sự gia cố địa hình; công sự dã chiến được củng cố,FALSE,,,img_1488.jpg,FALSE
1488,Military Dictionary,fld svc (field service),,,,phục vụ dã chiến,FALSE,,,img_1488.jpg,FALSE
1488,Military Dictionary,FLDO (field officer),,,,"sĩ quan cấp cao, sĩ quan cấp tá",FALSE,,,img_1488.jpg,FALSE
1488,Military Dictionary,FLEA (fragible low energy ammunition),,,,đạn (dược) năng lượng thấp tự huỷ,FALSE,,,img_1488.jpg,FALSE
1488,Military Dictionary,FLET (forward line of enemy troops),,,,tiền duyên phòng ngự của quân địch,FALSE,,,img_1488.jpg,FALSE
1488,Military Dictionary,flex (flexible),,,,linh hoạt,FALSE,,,img_1488.jpg,FALSE
1488,Military Dictionary,FLIP (flight information publication),,,,xuất bản phẩm thông tin phục vụ bay,FALSE,,,img_1488.jpg,FALSE
1488,Military Dictionary,FLIP (flight instruction procedures),,,,thủ tục hướng dẫn bay,FALSE,,,img_1488.jpg,FALSE
1488,Military Dictionary,FLIR equipment (forward looking infrared equipment),,,,thiết bị hồng ngoại quan sát phía trước,FALSE,,,img_1488.jpg,FALSE
1488,Military Dictionary,FLIR (forward-looking infrared radar),,,,rađa hồng ngoại quan sát mục tiêu phía trước,FALSE,,,img_1488.jpg,FALSE
1488,Military Dictionary,FLIR (forward-looking infrared),,,,phương thức quan sát phía trước bằng hồng ngoại; (phương thức) hồng ngoại tiên tiến,FALSE,,,img_1488.jpg,FALSE
1488,Military Dictionary,FLO/FLO (float-on/float-off),,,,loanh quanh luẩn quẩn; trôi đến trôi đi,FALSE,,,img_1488.jpg,FALSE
1488,Military Dictionary,FLOLS (fresnel lens optical landing system),,,,"hệ thống hạ cánh bằng thấu kính quang học ""fresnel""",FALSE,,,img_1488.jpg,FALSE
1488,Military Dictionary,flot (flotilla),,,,phân hạm đội,FALSE,,,img_1488.jpg,FALSE
1488,Military Dictionary,FLOT (forward line of own troops),,,,khu vực phía trước của quân ta; tuyến trước của quân nhà,FALSE,,,img_1488.jpg,FALSE
1488,Military Dictionary,FLOX (fluorine-liquid oxygen),,,,hỗn hợp ôxyzen của flo và ôxy,FALSE,,,img_1488.jpg,FALSE
1488,Military Dictionary,FLP (force level planning),,,,quy hoạch quy mô lực lượng,FALSE,,,img_1488.jpg,FALSE
1488,Military Dictionary,FLRNG (flash ranging),,,,trinh sát quang học; sự đo ánh sáng; đánh chặn của phương tiện hoả lực theo ánh lửa phát bắn,FALSE,,,img_1488.jpg,FALSE
1488,Military Dictionary,FLS (forward logistic site),,,,vị trí bố trí hậu cần phía trước,FALSE,,,img_1488.jpg,FALSE
1488,Military Dictionary,FLSC (flexible linear shaped charge),,,,liều nổ tạo hình định hướng linh hoạt,FALSE,,,img_1488.jpg,FALSE
1488,Military Dictionary,flt (flight),,,,"(thuộc) bay; chuyến bay; phi đội, phi hành",FALSE,,,img_1488.jpg,FALSE
1488,Military Dictionary,Flt Comd (flight commander),,,,phi đội trưởng,FALSE,,,img_1488.jpg,FALSE
1488,Military Dictionary,flt con sur (flightcontrol surface),,,,bề mặt kiểm soát bay,FALSE,,,img_1488.jpg,FALSE
1488,Military Dictionary,FLTCINC (fleet commander in chief),,,,tư lệnh (trưởng) hạm đội,FALSE,,,img_1488.jpg,FALSE
1488,Military Dictionary,fltg (floating),,,,nổi,FALSE,,,img_1488.jpg,FALSE
1488,Military Dictionary,fltl (flight line),,,,đường bay,FALSE,,,img_1488.jpg,FALSE
1488,Military Dictionary,FLTSAT (fleet satellite),,,,vệ tinh của hạm đội,FALSE,,,img_1488.jpg,FALSE
1488,Military Dictionary,FLTSATCOM (fleet satellite communications),,,,thông tin liên lạc vệ tinh của hạm đội,FALSE,,,img_1488.jpg,FALSE
1488,Military Dictionary,FM (fathom),,,,"sải (bằng 1,82m)",FALSE,,,img_1488.jpg,FALSE
1488,Military Dictionary,FM (field manual),,,,điều lệnh chiến đấu; điều lệnh dã chiến (lục quân Mỹ); cẩm nang dã ngoại,FALSE,,,img_1488.jpg,FALSE
1488,Military Dictionary,FM (field marshal),,,,"thống soái, thống chế, thống lĩnh; nguyên soái",FALSE,,,img_1488.jpg,FALSE
1488,Military Dictionary,FM (financial management),,,,quản lý tài chính,FALSE,,,img_1488.jpg,FALSE
1489,Military Dictionary,FM (flare multiunit),,,,bộ đạn chiếu sáng nhiều đơn vị,FALSE,,,img_1489.jpg,FALSE
1489,Military Dictionary,FM (force module),,,,môđun lực lượng,FALSE,,,img_1489.jpg,FALSE
1489,Military Dictionary,FM (frequency modulation),,,,"điều biến tần số, điều tần",FALSE,,,img_1489.jpg,FALSE
1489,Military Dictionary,FM (functional manager),,,,người quản lý chức năng,FALSE,,,img_1489.jpg,FALSE
1489,Military Dictionary,FMA (foreign military assistance),,,,sự viện trợ quân sự (cho) nước ngoài,FALSE,,,img_1489.jpg,FALSE
1489,Military Dictionary,FMAS (foreign media analysis subsystem),,,,phân hệ phân tích phương tiện truyền thông đại chúng nước ngoài,FALSE,,,img_1489.jpg,FALSE
1489,Military Dictionary,FMC (force movement characteristics),,,,thuộc tính cơ động của quân đội,FALSE,,,img_1489.jpg,FALSE
1489,Military Dictionary,FMC (full mission-capable),,,,khả năng hoàn thành hết nhiệm vụ,FALSE,,,img_1489.jpg,FALSE
1489,Military Dictionary,FMCC (force movement control center) (USMC),,,,trung tâm kiểm soát cơ động lực lượng của (binh chủng) thủy quân lục chiến,FALSE,,,img_1489.jpg,FALSE
1489,Military Dictionary,FMCH (fleet multichannel),,,,tổng đài đa kênh của hạm đội,FALSE,,,img_1489.jpg,FALSE
1489,Military Dictionary,FMCR (Fleet Marine Corps Reserve),,,,lực lượng dự bị thuỷ quân lục chiến hạm đội,FALSE,,,img_1489.jpg,FALSE
1489,Military Dictionary,FMCS (flight management computer system),,,,hệ thống máy tính quản lý (chuyến) bay,FALSE,,,img_1489.jpg,FALSE
1489,Military Dictionary,FMCT (Fissile Material Cut-off Treaty),,,,hiệp ước cắt giảm nguyên liệu hạt nhân nguyên tử,FALSE,,,img_1489.jpg,FALSE
1489,Military Dictionary,FMF (Fleet Marine Force),,,,"lực lượng lính thuỷ đánh bộ của hạm đội, lực lượng thuỷ quân lục chiến của hạm đội",FALSE,,,img_1489.jpg,FALSE
1489,Military Dictionary,"FMFLant (Fleet Marine Force, Atlantic)",,,,"lực lượng lính thuỷ đánh bộ của hạm đội Đại Tây Dương, lực lượng thuỷ quân lục chiến của hạm đội Đại Tây Dương",FALSE,,,img_1489.jpg,FALSE
1489,Military Dictionary,FMFP (foreign military financing program),,,,chương trình tài chính quân sự nước ngoài,FALSE,,,img_1489.jpg,FALSE
1489,Military Dictionary,"FMFPac (Fleet Marine Force, Pacific)",,,,"lực lượng thuỷ quân lục chiến hạm đội Thái Bình Dương, lực lượng lính thuỷ đánh bộ hạm đội Thái Bình Dương",FALSE,,,img_1489.jpg,FALSE
1489,Military Dictionary,FMID (force module identifier),,,,người nhận dạng môđun lực lượng,FALSE,,,img_1489.jpg,FALSE
1489,Military Dictionary,FMO (frequency management office),,,,cơ quan quản lý tần số,FALSE,,,img_1489.jpg,FALSE
1489,Military Dictionary,FMP (force module package),,,,tập hợp môđun lực lượng đặc biệt,FALSE,,,img_1489.jpg,FALSE
1489,Military Dictionary,FMS (fire marking system),,,,hệ thống tạo giả hoả lực địch (diễn tập),FALSE,,,img_1489.jpg,FALSE
1489,Military Dictionary,FMS (flight management system),,,,hệ thống quản lý bay,FALSE,,,img_1489.jpg,FALSE
1489,Military Dictionary,FMS (force module subsystem),,,,"tiểu hệ môđun lực lượng, phân hệ môđun lực lượng",FALSE,,,img_1489.jpg,FALSE
1489,Military Dictionary,FMS (foreign military sales),,,,sự bán hàng quân sự ra nước ngoài; sự viện trợ quân sự có hoàn lại cho nước ngoài,FALSE,,,img_1489.jpg,FALSE
1489,Military Dictionary,FMSC (frequency management sub-committee),,,,tiểu ban quản lý tần số,FALSE,,,img_1489.jpg,FALSE
1489,Military Dictionary,FMT-net (frequency management training net),,,,mạng huấn luyện quản lý tần số,FALSE,,,img_1489.jpg,FALSE
1489,Military Dictionary,FMTV (Family of Medium Tactical Vehicles),,,,họ xe bọc thép chiến thuật hạng trung,FALSE,,,img_1489.jpg,FALSE
1489,Military Dictionary,FNOC (Fleet Numerical Oceanographic Command),,,,phiên hiệu bộ tư lệnh hạm đội đại dương,FALSE,,,img_1489.jpg,FALSE
1489,Military Dictionary,FNS (foreign nation support),,,,sự chi viện cho nước ngoài,FALSE,,,img_1489.jpg,FALSE
1489,Military Dictionary,FO (fiber optic),,,,sợi cáp quang học,FALSE,,,img_1489.jpg,FALSE
1489,Military Dictionary,FO (field officer),,,,sĩ quan cấp cao,FALSE,,,img_1489.jpg,FALSE
1489,Military Dictionary,FO (field order),,,,mệnh lệnh chiến đấu,FALSE,,,img_1489.jpg,FALSE
1489,Military Dictionary,FO (finance officer),,,,sĩ quan tài chính; chủ nhiệm ngành tài chính,FALSE,,,img_1489.jpg,FALSE
1489,Military Dictionary,FO (for orders),,,,"thừa lệnh, tuân lệnh; chấp hành mệnh lệnh",FALSE,,,img_1489.jpg,FALSE
1489,Military Dictionary,FO (forward observer),,,,quan sát viên phía trước; trinh sát viên pháo binh; trinh sát viên không quân (chỉ thị mục tiêu cho pháo),FALSE,,,img_1489.jpg,FALSE
1489,Military Dictionary,FO (fuel oil),,,,dầu ma dút,FALSE,,,img_1489.jpg,FALSE
1489,Military Dictionary,FOAS (fleet operational analysis staff),,,,ban (tham mưu) phân tích tác chiến hạm đội,FALSE,,,img_1489.jpg,FALSE
1489,Military Dictionary,FOB (forward operating base),,,,căn cứ hoạt động phía trước; căn cứ của các đơn vị tác chiến phía trước,FALSE,,,img_1489.jpg,FALSE
1490,Military Dictionary,FOB (forward operations base),,,,căn cứ tác chiến phía trước,FALSE,,,img_1490.jpg,FALSE
1490,Military Dictionary,FOBS (fractional orbital ballistic),,,,đường đạn quỹ đạo phân đoạn,FALSE,,,img_1490.jpg,FALSE
1490,Military Dictionary,FOBS (fractional orbital bombardment system),,,,hệ thống ném bom quỹ đạo phân đoạn,FALSE,,,img_1490.jpg,FALSE
1490,Military Dictionary,FOBTSU (forward observer target survey unit),,,,thiết bị quan trắc mục tiêu của đài quan sát phía trước,FALSE,,,img_1490.jpg,FALSE
1490,Military Dictionary,FOC (flight operations center),,,,"trung tâm điều khiển bay, trung tâm chỉ huy bay",FALSE,,,img_1490.jpg,FALSE
1490,Military Dictionary,FOC (free of charge),,,,không có hàng,FALSE,,,img_1490.jpg,FALSE
1490,Military Dictionary,FOC (full operational capability),,,,khả năng tác chiến toàn bộ,FALSE,,,img_1490.jpg,FALSE
1490,Military Dictionary,FOD (field officer of the day),,,,sĩ quan trực đơn vị,FALSE,,,img_1490.jpg,FALSE
1490,Military Dictionary,FOD (field operations division),,,,sư đoàn tác chiến cơ động,FALSE,,,img_1490.jpg,FALSE
1490,Military Dictionary,FOD (foreign object damage),,,,phá huỷ mục tiêu nước ngoài,FALSE,,,img_1490.jpg,FALSE
1490,Military Dictionary,FOFA (follow-on-forces attack),,,,đòn tiến công bằng lực lượng tiếp sau; tiến công bằng lực lượng thê đội hai,FALSE,,,img_1490.jpg,FALSE
1490,Military Dictionary,FOFW (fiber optic field wire),,,,dây cáp quang dã chiến,FALSE,,,img_1490.jpg,FALSE
1490,Military Dictionary,FOG (Fibre Optic Gyro),,,,con quay hồi chuyển (có điều khiển) bằng cáp quang,FALSE,,,img_1490.jpg,FALSE
1490,Military Dictionary,FOG-M (fibre optic guided missile),,,,tên lửa dẫn bằng cáp quang,FALSE,,,img_1490.jpg,FALSE
1490,Military Dictionary,FOI (field operations intelligence),,,,tình báo chiến thuật; tin tức tình báo chiến thuật; sự trinh sát chiến thuật,FALSE,,,img_1490.jpg,FALSE
1490,Military Dictionary,FOIA (Freedom of Information Act),,,,luật tự do thông tin,FALSE,,,img_1490.jpg,FALSE
1490,Military Dictionary,FOIU (fiber optic interface unit),,,,khối giao diện cáp quang,FALSE,,,img_1490.jpg,FALSE
1490,Military Dictionary,FOL (fiber optic link),,,,đường truyền bằng cáp quang,FALSE,,,img_1490.jpg,FALSE
1490,Military Dictionary,fol (follow),,,,tiếp theo; tiếp sau; đi kèm (máy bay),FALSE,,,img_1490.jpg,FALSE
1490,Military Dictionary,FOL (forward operating location),,,,vị trí bố trí phía trước; trận địa phía trước,FALSE,,,img_1490.jpg,FALSE
1490,Military Dictionary,Folf (field of fire),,,,xạ giới; hướng bắn; rẻ quạt hoả lực,FALSE,,,img_1490.jpg,FALSE
1490,Military Dictionary,FOLNOAVAL (following items not available),,,,trang bị đi kèm không thuộc quyền (điều khiển),FALSE,,,img_1490.jpg,FALSE
1490,Military Dictionary,FOM (Fibre Optic Missile),,,,tên lửa có điều khiển bằng cáp quang,FALSE,,,img_1490.jpg,FALSE
1490,Military Dictionary,FOO (forward observation officer),,,,sĩ quan trinh sát pháo binh; sĩ quan trinh sát không quân (hiệu chỉnh bắn); người chỉ huy đài quan sát phía trước,FALSE,,,img_1490.jpg,FALSE
1490,Military Dictionary,FOPS (falling objects research),,,,cơ cấu chống vật rơi (nóc xe tăng),FALSE,,,img_1490.jpg,FALSE
1490,Military Dictionary,Foq (free on quay),,,,sự giao hàng tại bến,FALSE,,,img_1490.jpg,FALSE
1490,Military Dictionary,FOR (flying objects research),,,,nghiên cứu vật thể bay,FALSE,,,img_1490.jpg,FALSE
1490,Military Dictionary,FOR (free on rail),,,,sự giao hàng tại ga,FALSE,,,img_1490.jpg,FALSE
1490,Military Dictionary,FORSCOM (United States Army Forces Command),,,,bộ tư lệnh lực lượng lục quân Mỹ,FALSE,,,img_1490.jpg,FALSE
1490,Military Dictionary,FORSTAT (force status and identity report),,,,báo cáo tình hình và đặc điểm lực lượng,FALSE,,,img_1490.jpg,FALSE
1490,Military Dictionary,FORTIS (forward observation and reconnaissance thermal imaging system),,,,tổ hợp trinh sát và hiệu chỉnh hoả lực bằng ảnh nhiệt,FALSE,,,img_1490.jpg,FALSE
1490,Military Dictionary,FORTSK (for task force),,,,dùng cho lực lượng đặc nhiệm,FALSE,,,img_1490.jpg,FALSE
1490,Military Dictionary,FOS (EXSHIP) (free overside),,,,giao hàng qua mạn tàu,FALSE,,,img_1490.jpg,FALSE
1490,Military Dictionary,FOST (fuel oil setting tank),,,,thùng gạn dầu cặn,FALSE,,,img_1490.jpg,FALSE
1490,Military Dictionary,FOT (free on train),,,,sự giao hàng lên xe,FALSE,,,img_1490.jpg,FALSE
1490,Military Dictionary,FOUO (for official use only),,,,dùng cho sử dụng chính thức,FALSE,,,img_1490.jpg,FALSE
1490,Military Dictionary,FOURATAF (Fourth Allied Tactical Air Force),,,,bộ tư lệnh không quân chiến thuật số 4 của liên quân NATO,FALSE,,,img_1490.jpg,FALSE
1490,Military Dictionary,"FOUSA (Finance Officer, United States Army)",,,,cục trưởng cục tài chính lục quân Mỹ,FALSE,,,img_1490.jpg,FALSE
1490,Military Dictionary,FOV (field of view),,,,"tầm nhìn, tầm quan sát; phạm vi quan sát",FALSE,,,img_1490.jpg,FALSE
1491,Military Dictionary,FOW (family of weapons),,,,họ vũ khí; hệ vũ khí,FALSE,,,img_1491.jpg,FALSE
1491,Military Dictionary,FOW (free on wagon),,,,sự giao hàng lên toa xe,FALSE,,,img_1491.jpg,FALSE
1491,Military Dictionary,FP (firing point),,,,vị trí bắn; vị trí hoả lực,FALSE,,,img_1491.jpg,FALSE
1491,Military Dictionary,FP (force protection),,,,sự bảo toàn lực lượng,FALSE,,,img_1491.jpg,FALSE
1491,Military Dictionary,FP (frequency panel),,,,panen tần số,FALSE,,,img_1491.jpg,FALSE
1491,Military Dictionary,FPA (focal plane array),,,,mạng phẳng hội tụ (anten rađa),FALSE,,,img_1491.jpg,FALSE
1491,Military Dictionary,FPA (foreign policy advisor),,,,cố vấn chính sách đối ngoại,FALSE,,,img_1491.jpg,FALSE
1491,Military Dictionary,FPB (fast patrol boat),,,,"tàu (nhỏ) cao tốc tuần tra, tốc hạm tuần tiễu",FALSE,,,img_1491.jpg,FALSE
1491,Military Dictionary,FPC (field press censorship),,,,sự kiểm duyệt thông tấn dã chiến,FALSE,,,img_1491.jpg,FALSE
1491,Military Dictionary,FPD (foreign post differential),,,,sự khác biệt về chức vụ nước ngoài,FALSE,,,img_1491.jpg,FALSE
1491,Military Dictionary,FPF (final protective fire),,,,màn hoả lực bảo vệ cuối cùng; hàng rào hoả lực (trước khu tiền duyên),FALSE,,,img_1491.jpg,FALSE
1491,Military Dictionary,FPL (final protective line),,,,tuyến hoả lực chặn dày đặc; tuyến xa của dải hoả lực chặn dày đặc,FALSE,,,img_1491.jpg,FALSE
1491,Military Dictionary,FPM (Federal personnel manual),,,,cẩm nang nhân sự liên bang,FALSE,,,img_1491.jpg,FALSE
1491,Military Dictionary,FPO (fleet post office),,,,phòng quân bưu hải quân,FALSE,,,img_1491.jpg,FALSE
1491,Military Dictionary,fprf (fireproof),,,,chịu lửa,FALSE,,,img_1491.jpg,FALSE
1491,Military Dictionary,fps (feet per second),,,,fit/giây (đơn vị tốc độ),FALSE,,,img_1491.jpg,FALSE
1491,Military Dictionary,FPTS (forward propagation by tropospheric scatter),,,,sự truyền lan về phía trước bằng khuếch tán trên tầng đối lưu (sóng vô tuyến hoặc sóng xung kích),FALSE,,,img_1491.jpg,FALSE
1491,Military Dictionary,fqcy (frequency),,,,tần số,FALSE,,,img_1491.jpg,FALSE
1491,Military Dictionary,FQIS (fuel quantity indicating system),,,,hệ thống chỉ báo lượng nhiên liệu,FALSE,,,img_1491.jpg,FALSE
1491,Military Dictionary,FR (final report),,,,báo cáo cuối cùng,FALSE,,,img_1491.jpg,FALSE
1491,Military Dictionary,FR (frame),,,,khung tàu,FALSE,,,img_1491.jpg,FALSE
1491,Military Dictionary,FR (France),,,,Pháp,FALSE,,,img_1491.jpg,FALSE
1491,Military Dictionary,FR (frequency response),,,,phản ứng bằng tần số,FALSE,,,img_1491.jpg,FALSE
1491,Military Dictionary,FRA (Federal Railroad Administration) (DOT),,,,cơ quan đường sắt liên bang (bộ giao thông vận tải),FALSE,,,img_1491.jpg,FALSE
1491,Military Dictionary,frag (fragment),,,,mảnh; vỡ thành những mảnh nhỏ,FALSE,,,img_1491.jpg,FALSE
1491,Military Dictionary,FRAG (fragmentation),,,,"sự nổ phá mảnh, sự tạo mảnh; sự văng mảnh",FALSE,,,img_1491.jpg,FALSE
1491,Military Dictionary,frag; FRAG (fragmentation code),,,,mã riêng,FALSE,,,img_1491.jpg,FALSE
1491,Military Dictionary,FRAGO (fragmentory order),,,,mệnh lệnh riêng,FALSE,,,img_1491.jpg,FALSE
1491,Military Dictionary,FRAS (free-rocket anti-submarine),,,,"rôcket chống ngầm, tên lửa không điều khiển chống ngầm",FALSE,,,img_1491.jpg,FALSE
1491,Military Dictionary,FRC (Flight Research Center),,,,trung tâm nghiên cứu kỹ thuật bay (của NASA),FALSE,,,img_1491.jpg,FALSE
1491,Military Dictionary,FRD (formerly restricted data),,,,dữ liệu hạn chế sử dụng trước đó,FALSE,,,img_1491.jpg,FALSE
1491,Military Dictionary,frd (friendly),,,,"quân bạn, quân nhà (diễn tập)",FALSE,,,img_1491.jpg,FALSE
1491,Military Dictionary,Freq (frequency),,,,tần số,FALSE,,,img_1491.jpg,FALSE
1491,Military Dictionary,freq m (frequency meter),,,,máy đo tần số,FALSE,,,img_1491.jpg,FALSE
1491,Military Dictionary,FRES (fire resistant),,,,chống lửa,FALSE,,,img_1491.jpg,FALSE
1491,Military Dictionary,FRES (Future Rapid Effect System),,,,hệ thống vũ khí hiệu ứng nhanh tương lai,FALSE,,,img_1491.jpg,FALSE
1491,Military Dictionary,FRMAC (Federal Radiological Monitoring and Assessment Center) (DOE),,,,trung tâm giám sát và đánh giá phóng xạ liên bang (bộ năng lượng),FALSE,,,img_1491.jpg,FALSE
1491,Military Dictionary,FRN (force requirement number),,,,số quân theo nhu cầu,FALSE,,,img_1491.jpg,FALSE
1491,Military Dictionary,FROG (free rocket over ground),,,,tên lửa mồi bẫy (phóng từ hạm tàu lên không),FALSE,,,img_1491.jpg,FALSE
1491,Military Dictionary,FRP (Federal response plan) (USG),,,,kế hoạch phản ứng liên bang (chính phủ Mỹ),FALSE,,,img_1491.jpg,FALSE
1491,Military Dictionary,FRP (flight release point),,,,tram bố trí máy bay,FALSE,,,img_1491.jpg,FALSE
1491,Military Dictionary,frpf (fireproof),,,,chịu lửa,FALSE,,,img_1491.jpg,FALSE
1491,Military Dictionary,FRRS (frequency resource record system),,,,hệ thống ghi nguồn tần số,FALSE,,,img_1491.jpg,FALSE
1491,Military Dictionary,FRW (forward-sweep wing),,,,cánh (dạng) mũi tên ngược (máy bay),FALSE,,,img_1491.jpg,FALSE
1491,Military Dictionary,frwk (framework),,,,khung (sườn),FALSE,,,img_1491.jpg,FALSE
1491,Military Dictionary,frwy (freeway),,,,xa lộ; đường cao tốc,FALSE,,,img_1491.jpg,FALSE
1492,Military Dictionary,FS (field standard),,,,định mức (dùng trong) chiến đấu,FALSE,,,img_1492.jpg,FALSE
1492,Military Dictionary,FS (fighter squadron),,,,"phi đội không quân tiêm kích, phi đội máy bay tiêm kích",FALSE,,,img_1492.jpg,FALSE
1492,Military Dictionary,FS (film strip),,,,đoạn phim,FALSE,,,img_1492.jpg,FALSE
1492,Military Dictionary,FS (fire support),,,,sự chi viện hoả lực; sự chi viện pháo binh cho lực lượng đổ bộ,FALSE,,,img_1492.jpg,FALSE
1492,Military Dictionary,FS (firing section for missile system),,,,bộ phận điểm hoả tên lửa,FALSE,,,img_1492.jpg,FALSE
1492,Military Dictionary,FS (flare single-unit),,,,đạn pháo sáng đơn,FALSE,,,img_1492.jpg,FALSE
1492,Military Dictionary,FS (flight safety),,,,an toàn bay,FALSE,,,img_1492.jpg,FALSE
1492,Military Dictionary,fs (search radius safety factor),,,,hệ số bán kính lùng sục an toàn,FALSE,,,img_1492.jpg,FALSE
1492,Military Dictionary,FS&TC (Foreign Science and Technology Center) (US Army),,,,trung tâm khoa học và công nghệ nước ngoài (quân đội Mỹ),FALSE,,,img_1492.jpg,FALSE
1492,Military Dictionary,FSA (Federal Security Agency),,,,cơ quan an ninh liên bang (Mỹ),FALSE,,,img_1492.jpg,FALSE
1492,Military Dictionary,FSA (fire support area),,,,khu vực chi viện hoả lực; dải chi viện hóa lực,FALSE,,,img_1492.jpg,FALSE
1492,Military Dictionary,FSAGA (first sortie after ground alert),,,,đợt xuất kích đầu tiên sau báo động (tại sân bay),FALSE,,,img_1492.jpg,FALSE
1492,Military Dictionary,FSB (fire support base),,,,căn cứ chi viện hoả lực,FALSE,,,img_1492.jpg,FALSE
1492,Military Dictionary,FSB (floating supply base),,,,"trạm cung ứng nổi, căn cứ tiếp tế nổi",FALSE,,,img_1492.jpg,FALSE
1492,Military Dictionary,FSB (forward staging base),,,,căn cứ trung gian triển khai phía trước,FALSE,,,img_1492.jpg,FALSE
1492,Military Dictionary,FSB (forward support battalion),,,,tiểu đoàn bảo đảm phía trước,FALSE,,,img_1492.jpg,FALSE
1492,Military Dictionary,FSC (fire support coordination),,,,sự hiệp đồng chi viện hoả lực,FALSE,,,img_1492.jpg,FALSE
1492,Military Dictionary,FSC (fire support coordinator),,,,sĩ quan hiệp đồng chi viện hoả lực,FALSE,,,img_1492.jpg,FALSE
1492,Military Dictionary,FSCC (fire support coordination center),,,,"trung tâm phối hợp chi viện hoả lực, trung tâm hiệp đồng chi viện hoả lực",FALSE,,,img_1492.jpg,FALSE
1492,Military Dictionary,FSCL (fire support coordination line),,,,tuyến hiệp đồng chi viện hoả lực,FALSE,,,img_1492.jpg,FALSE
1492,Military Dictionary,FSCM (fire support control measures),,,,các biện pháp kiểm soát hoả lực chi viện,FALSE,,,img_1492.jpg,FALSE
1492,Military Dictionary,FSCM (fire support coordinating measure),,,,biện pháp hiệp đồng chi viện hoả lực,FALSE,,,img_1492.jpg,FALSE
1492,Military Dictionary,FSCOORD (fire support coordinator),,,,sĩ quan hiệp đồng chi viện hoả lực,FALSE,,,img_1492.jpg,FALSE
1492,Military Dictionary,FSCP (flap and slat control processor),,,,bộ điều khiển cánh tà và cánh chớp (máy bay),FALSE,,,img_1492.jpg,FALSE
1492,Military Dictionary,FSCS (fire support coordination section),,,,bộ phận hiệp đồng chi viện hoả lực,FALSE,,,img_1492.jpg,FALSE
1492,Military Dictionary,FSCV (fire support combat vehicle),,,,xe chiến đấu chi viện hoả lực,FALSE,,,img_1492.jpg,FALSE
1492,Military Dictionary,FSD (fuel supply depot),,,,"kho cung cấp nhiên liệu, kho tiếp tế nhiên liệu",FALSE,,,img_1492.jpg,FALSE
1492,Military Dictionary,FSD (full-scale development),,,,sự hiệu chỉnh nguyên cỡ,FALSE,,,img_1492.jpg,FALSE
1492,Military Dictionary,FSE (field support equipment),,,,trang thiết bị (bổ sung) bảo đảm chiến đấu trong điều kiện dã chiến,FALSE,,,img_1492.jpg,FALSE
1492,Military Dictionary,FSE (fire support element),,,,phân đội chi viện hoả lực; thành phần chi viện hoả lực,FALSE,,,img_1492.jpg,FALSE
1492,Military Dictionary,FSEM (fire support execution matrix),,,,ma trận thực hành chi viện hoả lực,FALSE,,,img_1492.jpg,FALSE
1492,Military Dictionary,FSG (field support group),,,,cụm bảo đảm chiến đấu,FALSE,,,img_1492.jpg,FALSE
1492,Military Dictionary,FSK (frequency shift key),,,,phím chuyển tần số,FALSE,,,img_1492.jpg,FALSE
1492,Military Dictionary,FSM (Field Service Manual),,,,điều lệnh dã chiến; cẩm nang dã chiến,FALSE,,,img_1492.jpg,FALSE
1492,Military Dictionary,FSMC (forward support medical company),,,,đại đội bảo đảm quân y tiền phương,FALSE,,,img_1492.jpg,FALSE
1492,Military Dictionary,FSN (foreign service national),,,,công dân phục vụ ở nước ngoài,FALSE,,,img_1492.jpg,FALSE
1492,Military Dictionary,FSO (fire support officer),,,,người chỉ huy chi viện hoả lực,FALSE,,,img_1492.jpg,FALSE
1492,Military Dictionary,FSO (flight safety officer),,,,sĩ quan an toàn bay,FALSE,,,img_1492.jpg,FALSE
1492,Military Dictionary,FSO (foreign service officer),,,,sĩ quan phục vụ ở nước ngoài,FALSE,,,img_1492.jpg,FALSE
1492,Military Dictionary,FSO (fuel supply office),,,,phòng cung cấp nhiên liệu,FALSE,,,img_1492.jpg,FALSE
1492,Military Dictionary,FSR (Field Service Regulations),,,,điều lệnh dã chiến,FALSE,,,img_1492.jpg,FALSE
1492,Military Dictionary,FSR (frequency scan radar),,,,rađa lắc tần số,FALSE,,,img_1492.jpg,FALSE
1492,Military Dictionary,FSS (fast sealift ships),,,,tàu vận tải biển tốc hành,FALSE,,,img_1492.jpg,FALSE
1493,Military Dictionary,FSS (fire support section),,,,bộ phận chi viện hoả lực; phân đội chi viện hoả lực,FALSE,,,img_1493.jpg,FALSE
1493,Military Dictionary,FSS (fire support ship),,,,tàu chi viện hoả lực,FALSE,,,img_1493.jpg,FALSE
1493,Military Dictionary,FSS (fire support station),,,,trận địa chi viện hoả lực,FALSE,,,img_1493.jpg,FALSE
1493,Military Dictionary,FSS (flight service station),,,,trạm bảo đảm phục vụ bay,FALSE,,,img_1493.jpg,FALSE
1493,Military Dictionary,FSSG (force service support group) (USMC),,,,cụm bảo đảm phục vụ lực lượng (thủy quân lục chiến Mỹ),FALSE,,,img_1493.jpg,FALSE
1493,Military Dictionary,FSST (forward space support to theater),,,,bảo đảm không gian phía trước cho chiến trường,FALSE,,,img_1493.jpg,FALSE
1493,Military Dictionary,FST (fleet surgical team),,,,đội phẫu thuật của hạm đội,FALSE,,,img_1493.jpg,FALSE
1493,Military Dictionary,FST (Future Soviet Tank/Follow-on Soviet Tank),,,,xe tăng Xô Viết thế hệ tiếp theo và xe tăng Xô Viết thế hệ tương lai,FALSE,,,img_1493.jpg,FALSE
1493,Military Dictionary,FSU (field storage unit),,,,kho đạn dược dã chiến (bố trí phân tán),FALSE,,,img_1493.jpg,FALSE
1493,Military Dictionary,FSU (fleet support unit),,,,đơn vị bảo đảm (của) hạm đội,FALSE,,,img_1493.jpg,FALSE
1493,Military Dictionary,FSU (forward support unit),,,,đơn vị bảo đảm phía trước,FALSE,,,img_1493.jpg,FALSE
1493,Military Dictionary,FSV (fire support vehicle),,,,"phương tiện chi viện hoả lực, xe yểm trợ hoả lực",FALSE,,,img_1493.jpg,FALSE
1493,Military Dictionary,FSV (Future Scout Vehicle) (US),,,,phương tiện trinh sát trong tương lai (Mỹ),FALSE,,,img_1493.jpg,FALSE
1493,Military Dictionary,FSW (feet of seawater),,,,độ sâu tính bằng fit,FALSE,,,img_1493.jpg,FALSE
1493,Military Dictionary,FSW (forward-swept wing),,,,cánh cụp về phía trước,FALSE,,,img_1493.jpg,FALSE
1493,Military Dictionary,FT (firing table),,,,bảng bắn; bệ hoả khí (trong công sự); bệ súng máy; bàn phóng,FALSE,,,img_1493.jpg,FALSE
1493,Military Dictionary,FT (firing temperature),,,,nhiệt độ bốc cháy,FALSE,,,img_1493.jpg,FALSE
1493,Military Dictionary,FT (flame thrower),,,,súng phun lửa,FALSE,,,img_1493.jpg,FALSE
1493,Military Dictionary,FT (flame tight),,,,không bắt lửa,FALSE,,,img_1493.jpg,FALSE
1493,Military Dictionary,FTA (fragible training ammunition),,,,đạn (dược) huấn luyện tự huỷ,FALSE,,,img_1493.jpg,FALSE
1493,Military Dictionary,FTAF (Flying Training Air Force),,,,lực lượng không quân huấn luyện bay,FALSE,,,img_1493.jpg,FALSE
1493,Military Dictionary,FTE (field training exercise),,,,sự huấn luyện dã ngoại; diễn tập,FALSE,,,img_1493.jpg,FALSE
1493,Military Dictionary,FTF (field tactical force),,,,lực lượng chiến thuật,FALSE,,,img_1493.jpg,FALSE
1493,Military Dictionary,FTMA (Future Tank Main Armament),,,,vũ khí chủ yếu trên tăng tương lai,FALSE,,,img_1493.jpg,FALSE
1493,Military Dictionary,ftn (fortifications),,,,"công sự phòng ngự, công sự; thiết bị công trình; kỹ thuật tác thành",FALSE,,,img_1493.jpg,FALSE
1493,Military Dictionary,FTNS (field trains),,,,đoàn xe phụ chiến của trung đoàn,FALSE,,,img_1493.jpg,FALSE
1493,Military Dictionary,FtoF (face-to-face),,,,"mặt đối mặt, trực diện",FALSE,,,img_1493.jpg,FALSE
1493,Military Dictionary,FTP (fly-to-point),,,,điểm bay tới,FALSE,,,img_1493.jpg,FALSE
1493,Military Dictionary,FTR; FTr; ftr (fighter (aircraft)),,,,máy bay tiêm kích,FALSE,,,img_1493.jpg,FALSE
1493,Military Dictionary,FTR (filter fixed target rejection filter),,,,bộ lọc khử tiếng vọng từ các mục tiêu,FALSE,,,img_1493.jpg,FALSE
1493,Military Dictionary,FTRAC (full-tracked vehicle),,,,xe xích,FALSE,,,img_1493.jpg,FALSE
1493,Military Dictionary,ftr-bmr (fighter-bomber),,,,máy bay tiêm kích - (ném) bom,FALSE,,,img_1493.jpg,FALSE
1493,Military Dictionary,FTRG (fleet tactical readiness group),,,,cụm sẵn sàng chiến đấu của hạm đội,FALSE,,,img_1493.jpg,FALSE
1493,Military Dictionary,FTS (Federal telecommunications system),,,,hệ thống thông tin liên lạc liên bang,FALSE,,,img_1493.jpg,FALSE
1493,Military Dictionary,FTS (flexible turret system),,,,(bệ) tháp pháo linh hoạt,FALSE,,,img_1493.jpg,FALSE
1493,Military Dictionary,FTS (Future Tank Study),,,,nghiên cứu phát triển xe tăng tương lai,FALSE,,,img_1493.jpg,FALSE
1493,Military Dictionary,FTU (field training unit),,,,đơn vị huấn luyện chiến đấu; đơn vị huấn luyện dã ngoại,FALSE,,,img_1493.jpg,FALSE
1493,Military Dictionary,FTU (freight terminal unit),,,,đơn vị vận chuyển hàng hoá đầu cuối,FALSE,,,img_1493.jpg,FALSE
1493,Military Dictionary,FTX (field training exercise),,,,sự huấn luyện dã ngoại; diễn tập,FALSE,,,img_1493.jpg,FALSE
1493,Military Dictionary,FU (fire unit),,,,phân đội hoả lực,FALSE,,,img_1493.jpg,FALSE
1493,Military Dictionary,FU (firing unit),,,,"bộ điểm hoả; khối điểm hoả; thiết bị điểm hoả, máy điểm hoả",FALSE,,,img_1493.jpg,FALSE
1493,Military Dictionary,FUE (Fist Unit Equipped),,,,đơn vị đầu tiên được trang bị,FALSE,,,img_1493.jpg,FALSE
1493,Military Dictionary,FUL (forming-up line),,,,vị trí xuất phát tiến công; tuyến xuất phát tiến công,FALSE,,,img_1493.jpg,FALSE
1493,Military Dictionary,FUP (forming-up place),,,,vị trí xuất phát tiến công; khu vực xuất phát vượt sông,FALSE,,,img_1493.jpg,FALSE
1493,Military Dictionary,FUPOSAT (follow-up on supply action taken),,,,biện pháp theo dõi các đơn vị tiếp tế,FALSE,,,img_1493.jpg,FALSE
1494,Military Dictionary,furn (furnish),,,,trang bị,FALSE,,,img_1494.jpg,FALSE
1494,Military Dictionary,fus (fuselage),,,,thân máy bay,FALSE,,,img_1494.jpg,FALSE
1494,Military Dictionary,Fv (aircraft speed correction factor),,,,hệ số hiệu chỉnh vận tốc máy bay,FALSE,,,img_1494.jpg,FALSE
1494,Military Dictionary,FV (field vehicle),,,,xe dã chiến,FALSE,,,img_1494.jpg,FALSE
1494,Military Dictionary,FV (fighting vehicle),,,,xe chiến đấu bọc thép,FALSE,,,img_1494.jpg,FALSE
1494,Military Dictionary,FV (fishing vessel),,,,tàu đánh cá,FALSE,,,img_1494.jpg,FALSE
1494,Military Dictionary,FV/GCE (fighting vehicle gun control equipment),,,,thiết bị điều khiển pháo trên xe chiến đấu bọc thép,FALSE,,,img_1494.jpg,FALSE
1494,Military Dictionary,FVDD (Fighting Vehicle Development Division),,,,cục nghiên cứu và phát triển xe chiến đấu bọc thép,FALSE,,,img_1494.jpg,FALSE
1494,Military Dictionary,FVRDE (Fighting Vehicle Research and Development Establishment) (UK),,,,tổ chức nghiên cứu phát triển xe chiến đấu bọc thép (Anh),FALSE,,,img_1494.jpg,FALSE
1494,Military Dictionary,FVS (Fighting Vehicle System) (US),,,,hệ thống xe chiến đấu bọc thép (Mỹ),FALSE,,,img_1494.jpg,FALSE
1494,Military Dictionary,FVT (Force Validation Tool),,,,công cụ thẩm tra và phê duyệt lực lượng,FALSE,,,img_1494.jpg,FALSE
1494,Military Dictionary,FW acft (fixed wing aircraft),,,,máy bay có cánh cố định,FALSE,,,img_1494.jpg,FALSE
1494,Military Dictionary,FW (fighter wing),,,,"phi đoàn máy bay tiêm kích, phi đoàn không quân tiêm kích",FALSE,,,img_1494.jpg,FALSE
1494,Military Dictionary,FW (fixed-wing),,,,có cánh cố định (máy bay),FALSE,,,img_1494.jpg,FALSE
1494,Military Dictionary,FW (fresh water),,,,nước ngọt,FALSE,,,img_1494.jpg,FALSE
1494,Military Dictionary,FWA (Future Weapons Agency),,,,cơ quan nghiên cứu vũ khí tương lai,FALSE,,,img_1494.jpg,FALSE
1494,Military Dictionary,FWAM (full width attack mine),,,,mìn định hướng (diện) rộng,FALSE,,,img_1494.jpg,FALSE
1494,Military Dictionary,FWAS (flight warning and analysis system),,,,hệ thống cảnh báo và phân tích bảo đảm bay,FALSE,,,img_1494.jpg,FALSE
1494,Military Dictionary,FWCL (field wire command link),,,,tuyến thông tin liên lạc chỉ huy hữu tuyến; mạng thông tin liên lạc hữu tuyến của chỉ huy,FALSE,,,img_1494.jpg,FALSE
1494,Military Dictionary,fwd (forward),,,,"tiền tuyến, phía trước; tiền duyên; tiền phương",FALSE,,,img_1494.jpg,FALSE
1494,Military Dictionary,fwd (fresh water damage),,,,sự hư hại nước ngọt,FALSE,,,img_1494.jpg,FALSE
1494,Military Dictionary,Fwd Ech (forward echelon),,,,"thê đội tiên phong, thê đội một",FALSE,,,img_1494.jpg,FALSE
1494,Military Dictionary,fwd def ech (forward defense echelon),,,,thê đội phòng ngự phía trước; thê đội một của đội hình phòng ngự,FALSE,,,img_1494.jpg,FALSE
1494,Military Dictionary,fwd spt (forward support),,,,"sự chi viện phía trước, sự bảo đảm phía trước",FALSE,,,img_1494.jpg,FALSE
1494,Military Dictionary,FWDA (friendly weapon danger area),,,,khu vực nguy hiểm do vũ khí của quân bạn,FALSE,,,img_1494.jpg,FALSE
1494,Military Dictionary,FWDBL (forward bomb line),,,,"tuyến ném bom phía trước, tuyến ném bom đầu tiên",FALSE,,,img_1494.jpg,FALSE
1494,Military Dictionary,FWF (former warring factions),,,,các phe nhóm tham chiến cũ,FALSE,,,img_1494.jpg,FALSE
1494,Military Dictionary,fxd (fixed),,,,(thuộc) cố định; (thuộc) không di chuyển được,FALSE,,,img_1494.jpg,FALSE
1494,Military Dictionary,FY (fiscal year),,,,năm tài chính,FALSE,,,img_1494.jpg,FALSE
1494,Military Dictionary,FYDP (Future Years Defense Program),,,,chương trình quốc phòng cho các năm sắp tới,FALSE,,,img_1494.jpg,FALSE
1494,Military Dictionary,FZ (free zone),,,,vùng tự do oanh kích (vùng trút bom đạn còn trên máy bay trước khi về căn cứ),FALSE,,,img_1494.jpg,FALSE
1495,Military Dictionary,G (garrison),,,,đơn vị đồn trú; quân đồn trú (tại một thành phố hay một nơi nào đó),FALSE,,,img_1495.jpg,FALSE
1495,Military Dictionary,G (general staff),,,,bộ tổng tham mưu,FALSE,,,img_1495.jpg,FALSE
1495,Military Dictionary,g (gravity),,,,"trọng lực, sự kéo",FALSE,,,img_1495.jpg,FALSE
1495,Military Dictionary,G (gun),,,,"súng; đại bác, pháo",FALSE,,,img_1495.jpg,FALSE
1495,Military Dictionary,G (gunner),,,,(k.hiệu) pháo thủ,FALSE,,,img_1495.jpg,FALSE
1495,Military Dictionary,G/A (general average),,,,hư hại chung,FALSE,,,img_1495.jpg,FALSE
1495,Military Dictionary,G/A; g/a (ground-to-air),,,,đất đối không,FALSE,,,img_1495.jpg,FALSE
1495,Military Dictionary,g/a/g (ground-air-ground),,,,đất - không - đất,FALSE,,,img_1495.jpg,FALSE
1495,Military Dictionary,G/S (general support),,,,sự chi viện chung; sự bảo đảm chung,FALSE,,,img_1495.jpg,FALSE
1495,Military Dictionary,G/VLLD (ground/vehicle laser locator designator),,,,máy định vị bằng lade (trên) mặt đất; máy định vị bằng lade trên xe,FALSE,,,img_1495.jpg,FALSE
1495,Military Dictionary,G1,,,,ban quân lực phòng tham mưu binh đoàn; trưởng ban quân lực phòng tham mưu binh đoàn,FALSE,,,img_1495.jpg,FALSE
1495,Military Dictionary,"G1 (assistant chief of staff, personnel)",,,,trợ lý tham mưu trưởng về quân lực; phó tham mưu trưởng về quân lực,FALSE,,,img_1495.jpg,FALSE
1495,Military Dictionary,G1 (staff officer for personnel),,,,"sĩ quan quân lực bộ tham mưu (từ lữ đoàn lính thuỷ đánh bộ, sư đoàn lục quân trở lên)",FALSE,,,img_1495.jpg,FALSE
1495,Military Dictionary,G-1 (Army or Marine Corps component manpower or personnel staff officer),,,,sĩ quan tham mưu về quân lực hoặc nhân lực của lục quân hoặc thủy quân lục chiến hợp thành,FALSE,,,img_1495.jpg,FALSE
1495,Military Dictionary,G1 est (personnel officer's estimate),,,,sự đánh giá (tình hình) của chủ nhiệm quân lực,FALSE,,,img_1495.jpg,FALSE
1495,Military Dictionary,G2,,,,ban trinh sát phòng tham mưu binh đoàn; trưởng ban trinh sát phòng tham mưu binh đoàn; (kh. ngữ) sự nhanh trí; tính sáng tạo; phân tích tình hình,FALSE,,,img_1495.jpg,FALSE
1495,Military Dictionary,"G2 (assistant chief of staff, intelligence)",,,,trợ lý tham mưu trưởng về trinh sát; phó tham mưu trưởng về trinh sát,FALSE,,,img_1495.jpg,FALSE
1495,Military Dictionary,G2 (staff officer for intelligence),,,,"sĩ quan tình báo (từ lữ đoàn lính thuỷ đánh bộ, sư đoàn lục quân trở lên)",FALSE,,,img_1495.jpg,FALSE
1495,Military Dictionary,G-2 (Army or Marine Corps component intelligence staff officer),,,,sĩ quan tham mưu trinh sát của lục quân hoặc thủy quân lục chiến hợp thành,FALSE,,,img_1495.jpg,FALSE
1495,Military Dictionary,G2 est (intelligence officer's estimate),,,,đánh giá tình hình của chủ nhiệm trinh sát,FALSE,,,img_1495.jpg,FALSE
1495,Military Dictionary,G3,,,,ban tác chiến phòng tham mưu binh đoàn; trưởng ban tác chiến phòng tham mưu binh đoàn; phòng tham mưu binh đoàn,FALSE,,,img_1495.jpg,FALSE
1495,Military Dictionary,"G3 (assistant chief of staff, operations)",,,,"trợ lý tham mưu trưởng về tác chiến, phó tham mưu trưởng về tác chiến",FALSE,,,img_1495.jpg,FALSE
1495,Military Dictionary,G3 (operations and training section),,,,ban tác chiến và huấn luyện,FALSE,,,img_1495.jpg,FALSE
1495,Military Dictionary,G3 (staff officer for operations),,,,"sĩ quan tác chiến bộ tham mưu (từ lữ đoàn lính thuỷ đánh bộ, sư đoàn lục quân trở lên)",FALSE,,,img_1495.jpg,FALSE
1495,Military Dictionary,G-3 (Army or Marine Corps component operations staff officer),,,,sĩ quan tham mưu tác chiến lục quân hoặc thủy quân lục chiến hợp thành,FALSE,,,img_1495.jpg,FALSE
1496,Military Dictionary,G3 est (operations officer's estimate),,,,đánh giá tình hình của trưởng ban tác chiến,FALSE,,,img_1496.jpg,FALSE
1496,Military Dictionary,G4,,,,ban hậu cần phòng tham mưu binh đoàn; trưởng ban hậu cần phòng tham mưu binh đoàn,FALSE,,,img_1496.jpg,FALSE
1496,Military Dictionary,"G4 (assistant chief of staff, logistics)",,,,trợ lý tham mưu trưởng về hậu cần - kỹ thuật; phó tham mưu trưởng về hậu cần - kỹ thuật,FALSE,,,img_1496.jpg,FALSE
1496,Military Dictionary,G4 (staff officer for logistics),,,,"sĩ quan hậu cần bộ tham mưu (từ lữ đoàn lính thuỷ đánh bộ, sư đoàn lục quân trở lên)",FALSE,,,img_1496.jpg,FALSE
1496,Military Dictionary,G-4 (Army or Marine Corps component logistics staff officer),,,,sĩ quan tham mưu hậu cần - kỹ thuật của lục quân hoặc thủy quân lục chiến hợp thành,FALSE,,,img_1496.jpg,FALSE
1496,Military Dictionary,G4 est (logistics officer's estimate),,,,đánh giá tình hình của chủ nhiệm hậu cần,FALSE,,,img_1496.jpg,FALSE
1496,Military Dictionary,G5,,,,ban hành chính quân sự phòng tham mưu binh đoàn; trưởng ban hành chính quân sự phòng tham mưu binh đoàn,FALSE,,,img_1496.jpg,FALSE
1496,Military Dictionary,"G5 (assistant chief of staff, civil affairs)",,,,trợ lý tham mưu trưởng về hành chính dân sự; phó tham mưu trưởng về hành chính dân sự,FALSE,,,img_1496.jpg,FALSE
1496,Military Dictionary,G5 (civil affairs section),,,,ban hành chính dân sự,FALSE,,,img_1496.jpg,FALSE
1496,Military Dictionary,G5 (staff officer for planning),,,,"sĩ quan kế hoạch bộ tham mưu (từ lữ đoàn lính thuỷ đánh bộ, sư đoàn lục quân trở lên)",FALSE,,,img_1496.jpg,FALSE
1496,Military Dictionary,G5 est (civil affairs officer's estimate),,,,sự đánh giá tình hình của trưởng ban dân vận,FALSE,,,img_1496.jpg,FALSE
1496,Military Dictionary,G6,,,,ban tuyên truyền và chiến tranh tâm lý phòng tham mưu binh đoàn; trưởng ban tuyên truyền và chiến tranh tâm lý phòng tham mưu binh đoàn,FALSE,,,img_1496.jpg,FALSE
1496,Military Dictionary,"G6 (staff officer for command, control, and computer systems)",,,,"sĩ quan phụ trách hệ thống chỉ huy, điều khiển, thông tin liên lạc và máy tính bộ tham mưu (từ lữ đoàn lính thuỷ đánh bộ, sư đoàn lục quân trở lên)",FALSE,,,img_1496.jpg,FALSE
1496,Military Dictionary,GA (Chinese Integrated Group Army),,,,cụm tập đoàn quân hợp thành của Trung Quốc; cụm dã chiến quân Trung Quốc,FALSE,,,img_1496.jpg,FALSE
1496,Military Dictionary,GA (garrison artillery),,,,pháo binh đồn trú,FALSE,,,img_1496.jpg,FALSE
1496,Military Dictionary,GA (General of the Air Force),,,,nguyên soái không quân,FALSE,,,img_1496.jpg,FALSE
1496,Military Dictionary,GA (General of the Army),,,,nguyên soái lục quân,FALSE,,,img_1496.jpg,FALSE
1496,Military Dictionary,ga (ground to air),,,,đất đối không,FALSE,,,img_1496.jpg,FALSE
1496,Military Dictionary,GA (Tabun),,,,(k.hiệu) chất độc thần kinh Tabun,FALSE,,,img_1496.jpg,FALSE
1496,Military Dictionary,GAA (general agency agreement),,,,thoả thuận chung giữa các cơ quan (bộ),FALSE,,,img_1496.jpg,FALSE
1496,Military Dictionary,GACC (ground attack control capability),,,,khả năng kiểm soát tiến công mặt đất,FALSE,,,img_1496.jpg,FALSE
1496,Military Dictionary,GADR (guided air defense rocket),,,,tên lửa phòng không có điều khiển,FALSE,,,img_1496.jpg,FALSE
1496,Military Dictionary,GAG (ground-air-ground),,,,(phương thức) đất - không - đất,FALSE,,,img_1496.jpg,FALSE
1496,Military Dictionary,gal (gallon),,,,"galon (1 galon Anh = 4,54 lít; 1 galon Mỹ = 3,78 lít)",FALSE,,,img_1496.jpg,FALSE
1496,Military Dictionary,GAM (ground-to-air missile),,,,tên lửa đất đối không; tên lửa phòng không có điều khiển,FALSE,,,img_1496.jpg,FALSE
1496,Military Dictionary,GAM; gam (guided aircraft missile),,,,tên lửa hàng không có điều khiển; tên lửa có điều khiển (lắp) trên máy bay,FALSE,,,img_1496.jpg,FALSE
1496,Military Dictionary,GAMSS (global air mobility support system),,,,hệ thống bảo đảm cơ động đường không toàn cầu,FALSE,,,img_1496.jpg,FALSE
1496,Military Dictionary,GAO (General Accounting Office),,,,cơ quan tài chính tổng hợp; văn phòng tổng kế toán; (Mỹ) cục kế toán,FALSE,,,img_1496.jpg,FALSE
1496,Military Dictionary,GAP (Gun Aiming Post),,,,đài quan sát pháo binh,FALSE,,,img_1496.jpg,FALSE
1496,Military Dictionary,Gapa (ground-to-airpilotless aircraft),,,,máy bay không người lái phóng từ mặt đất,FALSE,,,img_1496.jpg,FALSE
1496,Military Dictionary,gar (garrison),,,,đơn vị đồn trú; quân đồn trú,FALSE,,,img_1496.jpg,FALSE
1496,Military Dictionary,GAR (generic airborne radar),,,,rađa trên máy bay có đặc tính chung,FALSE,,,img_1496.jpg,FALSE
1496,Military Dictionary,GAR (guided aircraft rocket),,,,"tên lửa không có điều khiển, tên lửa (trên) máy bay",FALSE,,,img_1496.jpg,FALSE
1496,Military Dictionary,GAR; gar (guided aircraft rocket),,,,tên lửa hàng không có điều khiển; rốckét có điều khiển (lắp) trên máy bay,FALSE,,,img_1496.jpg,FALSE
1496,Military Dictionary,GAS; gas (gasoline),,,,xăng,FALSE,,,img_1496.jpg,FALSE
1496,Military Dictionary,GAS (general automotive support),,,,sự bảo đảm chung bằng ô tô vận tải,FALSE,,,img_1496.jpg,FALSE
1497,Military Dictionary,gas eng (gasoline engine),,,,động cơ xăng,FALSE,,,img_1497.jpg,FALSE
1497,Military Dictionary,"GATB (guidance, appointionment, and targeting board)",,,,"hội đồng chỉ đạo, phân công và xác định mục tiêu",FALSE,,,img_1497.jpg,FALSE
1497,Military Dictionary,GAU (gun aircraft unit),,,,tổ hợp súng pháo (trên) máy bay,FALSE,,,img_1497.jpg,FALSE
1497,Military Dictionary,GB (brigadier general),,,,tướng (cấp) lữ đoàn,FALSE,,,img_1497.jpg,FALSE
1497,Military Dictionary,gb (glide bomb),,,,bom liệng,FALSE,,,img_1497.jpg,FALSE
1497,Military Dictionary,GB (Sarin),,,,(k.hiệu) chất độc thần kinh Sarin,FALSE,,,img_1497.jpg,FALSE
1497,Military Dictionary,GB/L (government bill of loading),,,,vận đơn,FALSE,,,img_1497.jpg,FALSE
1497,Military Dictionary,GBL (ground-based laser),,,,thiết bị lade mặt đất,FALSE,,,img_1497.jpg,FALSE
1497,Military Dictionary,GBMD (global ballistic missile defence),,,,phòng chống tên lửa đạn đạo toàn cầu,FALSE,,,img_1497.jpg,FALSE
1497,Military Dictionary,gbomb (glide bomb),,,,bom liệng,FALSE,,,img_1497.jpg,FALSE
1497,Military Dictionary,G-bomb (gravitational bomb),,,,bom trọng trường,FALSE,,,img_1497.jpg,FALSE
1497,Military Dictionary,GBR (ground-based radar),,,,trạm rađa mặt đất,FALSE,,,img_1497.jpg,FALSE
1497,Military Dictionary,GBS (Global Broadcast Service),,,,ngành phát thanh truyền hình toàn cầu,FALSE,,,img_1497.jpg,FALSE
1497,Military Dictionary,GBS (Global Broadcast System),,,,hệ thống phát thanh truyền hình toàn cầu,FALSE,,,img_1497.jpg,FALSE
1497,Military Dictionary,GBU (glide bomb unit),,,,"bom liệng, bom GBU",FALSE,,,img_1497.jpg,FALSE
1497,Military Dictionary,GC (Geneva Convention),,,,công ước Giơnevơ,FALSE,,,img_1497.jpg,FALSE
1497,Military Dictionary,GC (guided missile cruiser),,,,tuần dương hạm trang bị tên lửa có điều khiển,FALSE,,,img_1497.jpg,FALSE
1497,Military Dictionary,"GC3A (global command, control, and communications assessment)",,,,"đánh giá chỉ huy, kiểm soát và thông tin liên lạc toàn cầu",FALSE,,,img_1497.jpg,FALSE
1497,Military Dictionary,"GC4A (global command, control, communications, and computer assessment)",,,,"đánh giá chỉ huy, kiểm soát, thông tin liên lạc và máy tính toàn cầu",FALSE,,,img_1497.jpg,FALSE
1497,Military Dictionary,GCA (ground control approach),,,,(rađa) điều khiển tiếp cận hạ cánh,FALSE,,,img_1497.jpg,FALSE
1497,Military Dictionary,GCA (ground controlled approach),,,,sự tiếp cận mục tiêu điều khiển từ mặt đất; sự tiếp cận hạ cánh điều khiển từ mặt đất (bằng rađa),FALSE,,,img_1497.jpg,FALSE
1497,Military Dictionary,GCCS (Global Command and Control System),,,,hệ thống chỉ huy và kiểm soát toàn cầu,FALSE,,,img_1497.jpg,FALSE
1497,Military Dictionary,GCE (ground combat element) (MAGTF),,,,thành phần chiến đấu trên bộ (thuộc lực lượng đặc nhiệm không - bộ thủy quân lục chiến),FALSE,,,img_1497.jpg,FALSE
1497,Military Dictionary,GCE (gun control equipment),,,,thiết bị điều khiển pháo,FALSE,,,img_1497.jpg,FALSE
1497,Military Dictionary,GCHQ (government communications headquarters),,,,trụ sở bộ chỉ huy thông tin liên lạc (của) chính phủ,FALSE,,,img_1497.jpg,FALSE
1497,Military Dictionary,GCI; gci (ground-controlled interception),,,,"sự đánh chặn điều khiển từ mặt đất, sự đánh chặn chỉ huy từ mặt đất",FALSE,,,img_1497.jpg,FALSE
1497,Military Dictionary,GCL (ground-controlled landing),,,,sự hạ cánh điều khiển từ mặt đất,FALSE,,,img_1497.jpg,FALSE
1497,Military Dictionary,GCM (general court-martial),,,,toà án quân sự tối cao,FALSE,,,img_1497.jpg,FALSE
1497,Military Dictionary,GCMDL (Good Conduct Medal),,,,"huân chương ""vì phong cách và phục vụ mẫu mực""",FALSE,,,img_1497.jpg,FALSE
1497,Military Dictionary,GCR (ground-controlled radar),,,,rađa điều khiển (từ) mặt đất,FALSE,,,img_1497.jpg,FALSE
1497,Military Dictionary,GCS (ground control station),,,,trạm điều khiển (từ) mặt đất,FALSE,,,img_1497.jpg,FALSE
1497,Military Dictionary,GCS (guidance & control section),,,,phân đội dẫn đường và điều khiển,FALSE,,,img_1497.jpg,FALSE
1497,Military Dictionary,GCSS (Global Combat Support System),,,,"hệ thống chi viện chiến đấu toàn cầu, hệ thống bảo đảm chiến đấu toàn cầu",FALSE,,,img_1497.jpg,FALSE
1497,Military Dictionary,GCT (Grande Cadence de Tir) (high rate of fire) (Pháp),,,,tốc độ bắn cao,FALSE,,,img_1497.jpg,FALSE
1497,Military Dictionary,GCW (Gross Combat Weight),,,,"trọng lượng chiến đấu toàn bộ, tổng trọng lượng chiến đấu",FALSE,,,img_1497.jpg,FALSE
1497,Military Dictionary,gd (guard),,,,vệ binh; cảnh vệ; lính gác,FALSE,,,img_1497.jpg,FALSE
1497,Military Dictionary,GD (Soman),,,,(k.hiệu) chất độc thần kinh Sôman,FALSE,,,img_1497.jpg,FALSE
1497,Military Dictionary,GD (general depot),,,,"tổng kho, kho trung tâm",FALSE,,,img_1497.jpg,FALSE
1497,Military Dictionary,GDA; gda (gun defended area),,,,khu vực nằm trong tầm chi viện hoả lực của vũ khí; khu vực nằm trong tầm yểm trợ hoả lực pháo binh,FALSE,,,img_1497.jpg,FALSE
1497,Military Dictionary,Gdhs; Gdhse; gdhse (guardhouse),,,,phòng vệ binh,FALSE,,,img_1497.jpg,FALSE
1498,Military Dictionary,GDIP (General Defense Intelligence Program),,,,chương trình tình báo quốc phòng tổng quát,FALSE,,,img_1498.jpg,FALSE
1498,Military Dictionary,GDIPP (General Defense Intelligence Proposed Program),,,,chương trình đề xuất về tình báo quốc phòng tổng quát,FALSE,,,img_1498.jpg,FALSE
1498,Military Dictionary,GDP (General Defense Plan) (SACEUR),,,,kế hoạch phòng thủ chung của cộng đồng châu Âu,FALSE,,,img_1498.jpg,FALSE
1498,Military Dictionary,GDS (gun display system),,,,hệ thống hiển thị phần tử bắn cho pháo,FALSE,,,img_1498.jpg,FALSE
1498,Military Dictionary,GDSS (Global Decision Support System),,,,hệ thống bảo đảm hạ quyết tâm tác chiến toàn cầu,FALSE,,,img_1498.jpg,FALSE
1498,Military Dictionary,GDU (gun display unit),,,,bộ hiển thị phần tử bắn cho pháo,FALSE,,,img_1498.jpg,FALSE
1498,Military Dictionary,GE (general engineering),,,,ngành công trình quân sự chung,FALSE,,,img_1498.jpg,FALSE
1498,Military Dictionary,GE (German Federal Republic) (sử),,,,cộng hòa liên bang Đức,FALSE,,,img_1498.jpg,FALSE
1498,Military Dictionary,GE (ground equipment),,,,thiết bị mặt đất,FALSE,,,img_1498.jpg,FALSE
1498,Military Dictionary,GEMSS (ground-emplaced mine-scattering system),,,,hệ thống rải mìn (xuống) mặt đất,FALSE,,,img_1498.jpg,FALSE
1498,Military Dictionary,Gen (general),,,,đại tướng,FALSE,,,img_1498.jpg,FALSE
1498,Military Dictionary,Gen Serv (general service),,,,sự bảo đảm chung,FALSE,,,img_1498.jpg,FALSE
1498,Military Dictionary,gen spt plat (general support platoon),,,,trung đội chi viện chung; trung đội bảo đảm chung,FALSE,,,img_1498.jpg,FALSE
1498,Military Dictionary,GEN II (second generation),,,,(vũ khí) thế hệ hai,FALSE,,,img_1498.jpg,FALSE
1498,Military Dictionary,Genser (general service),,,,công vụ,FALSE,,,img_1498.jpg,FALSE
1498,Military Dictionary,GENTEXT (general text),,,,văn bản chung,FALSE,,,img_1498.jpg,FALSE
1498,Military Dictionary,GEO (geosynchronous earth orbit),,,,quỹ đạo địa tĩnh,FALSE,,,img_1498.jpg,FALSE
1498,Military Dictionary,GEOCODE (geographic code),,,,mã địa danh,FALSE,,,img_1498.jpg,FALSE
1498,Military Dictionary,GEOFILE (geolocation code file),,,,hồ sơ mã vị trí địa lý,FALSE,,,img_1498.jpg,FALSE
1498,Military Dictionary,GEOFILE (standard specified geographic location file),,,,hồ sơ vị trí địa lý tiêu chuẩn đặc biệt,FALSE,,,img_1498.jpg,FALSE
1498,Military Dictionary,GEOLOC (geographic location),,,,vị trí địa lý,FALSE,,,img_1498.jpg,FALSE
1498,Military Dictionary,GEOLOC (geographic location code),,,,mã vị trí địa lý,FALSE,,,img_1498.jpg,FALSE
1498,Military Dictionary,GEOREF (geographical reference),,,,sự định hướng theo toạ độ địa lý,FALSE,,,img_1498.jpg,FALSE
1498,Military Dictionary,GEOREF (world geographic reference system),,,,hệ thống tham chiếu địa lý thế giới,FALSE,,,img_1498.jpg,FALSE
1498,Military Dictionary,GES (ground earth station),,,,trạm vệ tinh mặt đất,FALSE,,,img_1498.jpg,FALSE
1498,Military Dictionary,GETOL (ground effect take-off and landing),,,,cất hạ cánh bằng đệm không khí; cất hạ cánh có hiệu ứng mặt đất,FALSE,,,img_1498.jpg,FALSE
1498,Military Dictionary,GF (ground forces),,,,lục quân,FALSE,,,img_1498.jpg,FALSE
1498,Military Dictionary,GF (gun fire),,,,hoả lực pháo binh,FALSE,,,img_1498.jpg,FALSE
1498,Military Dictionary,GF,,,,(k.hiệu) chất độc thần kinh,FALSE,,,img_1498.jpg,FALSE
1498,Military Dictionary,GFA (gun fire area),,,,"vùng hoả lực pháo binh, khu vực hoả lực pháo binh",FALSE,,,img_1498.jpg,FALSE
1498,Military Dictionary,GFCS (gun fire control system),,,,"hệ thống điều khiển hoả lực pháo binh, hệ thống chỉ huy hoả lực pháo binh",FALSE,,,img_1498.jpg,FALSE
1498,Military Dictionary,GFDC (group fire distribution center),,,,trạm điều khiển hoả lực pháo binh dã chiến; trung tâm chỉ huy hoả lực pháo binh dã chiến,FALSE,,,img_1498.jpg,FALSE
1498,Military Dictionary,GFE (government-furnished equipment),,,,thiết bị do chính phủ trang bị,FALSE,,,img_1498.jpg,FALSE
1498,Military Dictionary,GFI (government-furnished information),,,,thông tin do chính phủ cung cấp,FALSE,,,img_1498.jpg,FALSE
1498,Military Dictionary,GFM (government-furnished material),,,,vật chất do chính phủ trang bị,FALSE,,,img_1498.jpg,FALSE
1498,Military Dictionary,GFMPL (Graphics Fleet Mission Program Library),,,,thư viện chương trình đồ thị về nhiệm vụ của hạm đội,FALSE,,,img_1498.jpg,FALSE
1498,Military Dictionary,GFOAR (global family of operation plans assessment report),,,,(nhóm) văn kiện báo cáo đánh giá hệ thống các kế hoạch tác chiến toàn cầu,FALSE,,,img_1498.jpg,FALSE
1498,Military Dictionary,GFRP (glassfibre-reinforced plastics),,,,chất (nhựa) dẻo gia cố sợi thuỷ tinh,FALSE,,,img_1498.jpg,FALSE
1498,Military Dictionary,GFU (group framing unit),,,,thiết bị tạo nhóm,FALSE,,,img_1498.jpg,FALSE
1498,Military Dictionary,g-g (ground-to-ground),,,,đất đối đất,FALSE,,,img_1498.jpg,FALSE
1499,Military Dictionary,GGE (ground guidance equipment),,,,thiết bị dẫn đường mặt đất,FALSE,,,img_1499.jpg,FALSE
1499,Military Dictionary,GGM; ggm (ground-to-ground missile),,,,"tên lửa có điều khiển loại đất đối đất, tên lửa đất đối đất",FALSE,,,img_1499.jpg,FALSE
1499,Military Dictionary,GGR (Ground Gunnery Range),,,,trường bắn pháo mặt đất,FALSE,,,img_1499.jpg,FALSE
1499,Military Dictionary,ggts (gravity-gradient test satellite),,,,vệ tinh thử nghiệm gradien trọng lực,FALSE,,,img_1499.jpg,FALSE
1499,Military Dictionary,GH (general hospital),,,,viện quân y đa khoa,FALSE,,,img_1499.jpg,FALSE
1499,Military Dictionary,GH (gun-howitzer),,,,pháo lựu,FALSE,,,img_1499.jpg,FALSE
1499,Military Dictionary,GHQ (general headquarters),,,,tổng hành dinh; bộ tổng chỉ huy; bộ thống soái; đại bản doanh,FALSE,,,img_1499.jpg,FALSE
1499,Military Dictionary,GHQ Res Arty (general headquarters reserve artillery),,,,(vị trí) bộ chỉ huy pháo binh dự bị,FALSE,,,img_1499.jpg,FALSE
1499,Military Dictionary,GHQAF (general headquarters air force),,,,không quân của bộ tổng tham mưu; lực lượng không quân đại bản doanh,FALSE,,,img_1499.jpg,FALSE
1499,Military Dictionary,GHz (gigahertz),,,,(đơn vị tần số bằng 1 tỷ Hz),FALSE,,,img_1499.jpg,FALSE
1499,Military Dictionary,GI (government's issue),,,,hàng cấp phát của chính phủ; (lóng) lính Mỹ,FALSE,,,img_1499.jpg,FALSE
1499,Military Dictionary,GIAC (graphic input aggregate control),,,,kiểm soát tổng hợp việc nhập dữ liệu địa lý,FALSE,,,img_1499.jpg,FALSE
1499,Military Dictionary,GII (global information infrastructure),,,,cơ sở hạ tầng tin học toàn cầu,FALSE,,,img_1499.jpg,FALSE
1499,Military Dictionary,GIM (ground influence mine),,,,mìn địa chấn,FALSE,,,img_1499.jpg,FALSE
1499,Military Dictionary,"GIMRADA (Geodesy, Intelligence, and Mapping Research and Development Agency)",,,,"cục nghiên cứu phát triển trắc địa, tình báo và bản đồ địa hình quân sự",FALSE,,,img_1499.jpg,FALSE
1499,Military Dictionary,GIS (geographic information system),,,,hệ thống thông tin địa lí,FALSE,,,img_1499.jpg,FALSE
1499,Military Dictionary,GL (grenade launcher),,,,súng phóng lựu (kiểu súng trường),FALSE,,,img_1499.jpg,FALSE
1499,Military Dictionary,GL (gun layer),,,,"pháo thủ ngắm bắn, pháo thủ số 2",FALSE,,,img_1499.jpg,FALSE
1499,Military Dictionary,GL/Z (glider landing zone),,,,vùng tàu lượn hạ cánh,FALSE,,,img_1499.jpg,FALSE
1499,Military Dictionary,GLC (gun lay computer),,,,"máy tính phần tử ngắm cho pháo, máy ngắm xạ toán",FALSE,,,img_1499.jpg,FALSE
1499,Military Dictionary,GLC (missile ground-launched cruise missile),,,,tên lửa hành trình phóng từ mặt đất,FALSE,,,img_1499.jpg,FALSE
1499,Military Dictionary,GLCM (ground-launched cruise missile),,,,tên lửa hành trình phóng từ mặt đất,FALSE,,,img_1499.jpg,FALSE
1499,Military Dictionary,Gli (glider),,,,"tàu liệng, tàu lượn",FALSE,,,img_1499.jpg,FALSE
1499,Military Dictionary,GLINT (gated laser intensifier),,,,bộ khuếch đại lade định hướng,FALSE,,,img_1499.jpg,FALSE
1499,Military Dictionary,GLLD (Ground Laser Locator Designator) (US),,,,máy dò thiết bị định vị mục tiêu bằng lade trên mặt đất (Mỹ),FALSE,,,img_1499.jpg,FALSE
1499,Military Dictionary,GLO (ground liaison officer),,,,sĩ quan liên lạc của lực lượng mặt đất; sĩ quan liên lạc lục quân,FALSE,,,img_1499.jpg,FALSE
1499,Military Dictionary,GM (guided missile),,,,tên lửa có điều khiển,FALSE,,,img_1499.jpg,FALSE
1499,Military Dictionary,GMA (guided missile ammunition),,,,đạn dược dùng cho tên lửa có điều khiển,FALSE,,,img_1499.jpg,FALSE
1499,Military Dictionary,GMAIC (Guided Missile and Aerospace Intelligence Committee),,,,uỷ ban tình báo về tên lửa có điều khiển và không gian vũ trụ,FALSE,,,img_1499.jpg,FALSE
1499,Military Dictionary,GMCM (guided missile countermeasures),,,,các biện pháp chống tên lửa có điều khiển; phương tiện đối phó tên lửa có điều khiển,FALSE,,,img_1499.jpg,FALSE
1499,Military Dictionary,GMCP (guided missile control party),,,,đội dẫn đường tên lửa có điều khiển,FALSE,,,img_1499.jpg,FALSE
1499,Military Dictionary,GMD (group mux and/or demux),,,,nén và/hoặc giải nén nhóm dữ liệu,FALSE,,,img_1499.jpg,FALSE
1499,Military Dictionary,GMDSS (Global Maritime Distress and Safety System),,,,hệ thống báo nguy và an toàn đường biển toàn cầu,FALSE,,,img_1499.jpg,FALSE
1499,Military Dictionary,GMF (ground mobile forces),,,,các lực lượng cơ động mặt đất,FALSE,,,img_1499.jpg,FALSE
1499,Military Dictionary,GMG (grenade machine gun),,,,súng phóng lựu liên thanh,FALSE,,,img_1499.jpg,FALSE
1499,Military Dictionary,GMG; GMGRU (guided missile group),,,,nhóm tên lửa có điều khiển,FALSE,,,img_1499.jpg,FALSE
1499,Military Dictionary,GMI (general military intelligence),,,,tình báo quân sự chung,FALSE,,,img_1499.jpg,FALSE
1499,Military Dictionary,GMLRS (Guided Multiple Launch Rocket System),,,,hệ thống giàn phóng tên lửa có điều khiển,FALSE,,,img_1499.jpg,FALSE
1500,Military Dictionary,GMLS (guided missile launch system),,,,hệ thống phóng tên lửa có điều khiển,FALSE,,,img_1500.jpg,FALSE
1500,Military Dictionary,GMR (graduated mobilization response),,,,phản ứng động viên từng phần,FALSE,,,img_1500.jpg,FALSE
1500,Military Dictionary,GMR (ground mapping radar),,,,trạm rada đồ bản địa hình,FALSE,,,img_1500.jpg,FALSE
1500,Military Dictionary,GMR (ground mobile radar),,,,rada di động mặt đất,FALSE,,,img_1500.jpg,FALSE
1500,Military Dictionary,GMRD (Guided Missile Range Division),,,,đội trường bắn tên lửa có điều khiển,FALSE,,,img_1500.jpg,FALSE
1500,Military Dictionary,GMRD (Guided Missile Research Division),,,,cục nghiên cứu tên lửa có điều khiển,FALSE,,,img_1500.jpg,FALSE
1500,Military Dictionary,GMS (general military science),,,,trình độ quân sự chung (khi huấn luyện dân sự); khoa học quân sự chung,FALSE,,,img_1500.jpg,FALSE
1500,Military Dictionary,GMS (guided missile school),,,,trường sĩ quan tên lửa có điều khiển,FALSE,,,img_1500.jpg,FALSE
1500,Military Dictionary,GMS (guided missile screen),,,,sự bảo vệ của tàu tên lửa có điều khiển,FALSE,,,img_1500.jpg,FALSE
1500,Military Dictionary,GMS (Gun Management System),,,,hệ thống quản lý pháo binh,FALSE,,,img_1500.jpg,FALSE
1500,Military Dictionary,GMT (Greenwich mean time),,,,giờ quốc tế,FALSE,,,img_1500.jpg,FALSE
1500,Military Dictionary,GMTI (ground moving target indicator),,,,thiết bị chỉ thị mục tiêu di động mặt đất,FALSE,,,img_1500.jpg,FALSE
1500,Military Dictionary,gmts (guided missile test set),,,,tổ hợp thiết bị thử nghiệm tên lửa có điều khiển,FALSE,,,img_1500.jpg,FALSE
1500,Military Dictionary,GMU (guided missile unit),,,,đơn vị tên lửa có điều khiển; phân đội tên lửa có điều khiển,FALSE,,,img_1500.jpg,FALSE
1500,Military Dictionary,GMVLS (guided-missile vertical launching system),,,,hệ thống phóng tên lửa có điều khiển thẳng đứng,FALSE,,,img_1500.jpg,FALSE
1500,Military Dictionary,GMWS (guided-missile weapon system),,,,tổ hợp vũ khí tên lửa có điều khiển,FALSE,,,img_1500.jpg,FALSE
1500,Military Dictionary,gnd (ground),,,,"mặt đất; trên đất liền, trên bộ",FALSE,,,img_1500.jpg,FALSE
1500,Military Dictionary,gnd cbt (ground combat),,,,"chiến đấu mặt đất, chiến đấu trên bộ",FALSE,,,img_1500.jpg,FALSE
1500,Military Dictionary,gnd recon (ground reconnaissance),,,,sự trinh sát mặt đất,FALSE,,,img_1500.jpg,FALSE
1500,Military Dictionary,gnd suvl sec (ground surveillance section),,,,bộ phận quan sát mặt đất,FALSE,,,img_1500.jpg,FALSE
1500,Military Dictionary,gnd survl inst (ground surveillance instrument),,,,các phương tiện quan sát mặt đất,FALSE,,,img_1500.jpg,FALSE
1500,Military Dictionary,gnd tac plan (ground tactical plan),,,,kế hoạch tác chiến mặt đất,FALSE,,,img_1500.jpg,FALSE
1500,Military Dictionary,gnd veh (ground vehicle),,,,xe chạy trên địa hình,FALSE,,,img_1500.jpg,FALSE
1500,Military Dictionary,gnr (gunner),,,,"pháo thủ, chiến sĩ pháo binh, thành viên của khẩu đội pháo; pháo thủ ngắm bắn; xạ thủ súng máy; xạ thủ pháo cối; trắc thủ dẫn tên lửa; xạ thủ (không quân)",FALSE,,,img_1500.jpg,FALSE
1500,Military Dictionary,GNR (gunnery),,,,xưởng vũ khí,FALSE,,,img_1500.jpg,FALSE
1500,Military Dictionary,GNS (global navigation system),,,,hệ thống dẫn đường toàn cầu,FALSE,,,img_1500.jpg,FALSE
1500,Military Dictionary,GO (general officer),,,,sĩ quan cấp tướng; tướng lĩnh,FALSE,,,img_1500.jpg,FALSE
1500,Military Dictionary,GO (general order),,,,mệnh lệnh đội ngũ,FALSE,,,img_1500.jpg,FALSE
1500,Military Dictionary,GOC (general officer commanding),,,,tư lệnh (trưởng) binh đoàn; tư lệnh (trưởng),FALSE,,,img_1500.jpg,FALSE
1500,Military Dictionary,GOC-in-C (general officer commanding-in-chief),,,,tổng tư lệnh,FALSE,,,img_1500.jpg,FALSE
1500,Military Dictionary,"GOCO (Government-owned, contractor-operated)",,,,tài sản chính phủ sở hữu do nhà thầu khai thác,FALSE,,,img_1500.jpg,FALSE
1500,Military Dictionary,"GOCRA (General Officer Commanding, Royal Artillery) (Anh)",,,,tư lệnh (trưởng) pháo binh; chỉ huy trưởng pháo binh,FALSE,,,img_1500.jpg,FALSE
1500,Military Dictionary,"GOCRM (General Officer Commanding, Royal Marines)",,,,tư lệnh (trưởng) lính thủy đánh bộ,FALSE,,,img_1500.jpg,FALSE
1500,Military Dictionary,GOE (ground operating equipment),,,,thiết bị vận hành trên bộ,FALSE,,,img_1500.jpg,FALSE
1500,Military Dictionary,GOES (geostationary operational environmental satellite),,,,vệ tinh môi trường vận hành theo quỹ đạo địa tĩnh,FALSE,,,img_1500.jpg,FALSE
1500,Military Dictionary,"GOGO (Government-owned, Government-operated)",,,,tài sản chính phủ sở hữu do cơ quan chính phủ khai thác,FALSE,,,img_1500.jpg,FALSE
1500,Military Dictionary,GONS (guns orientation & navigation system),,,,tổ hợp định hướng và dẫn đường của pháo,FALSE,,,img_1500.jpg,FALSE
1500,Military Dictionary,GOP (general outpost),,,,lực lượng cảnh giới chung phía trước,FALSE,,,img_1500.jpg,FALSE
1500,Military Dictionary,GOP (ground observer post),,,,trạm quan sát mặt đất,FALSE,,,img_1500.jpg,FALSE
1501,Military Dictionary,GOPL (general outpost line),,,,tuyến cảnh giới chung; vị trí cảnh giới chung,FALSE,,,img_1501.jpg,FALSE
1501,Military Dictionary,GOS (grade of service),,,,cấp bảo đảm,FALSE,,,img_1501.jpg,FALSE
1501,Military Dictionary,GOSG (general officer steering group),,,,nhóm sĩ quan chỉ đạo chung,FALSE,,,img_1501.jpg,FALSE
1501,Military Dictionary,GOTS (government off-the-shelf),,,,(hàng) của chính phủ cấp có sẵn trong kho,FALSE,,,img_1501.jpg,FALSE
1501,Military Dictionary,Govt (government),,,,chính phủ; hành chính quân sự,FALSE,,,img_1501.jpg,FALSE
1501,Military Dictionary,GP (General Purpose),,,,"đa năng, vạn năng; công dụng chung; thông dụng",FALSE,,,img_1501.jpg,FALSE
1501,Military Dictionary,gp (group),,,,"nhóm, cụm; chia nhóm; nhóm không quân; liên đoàn; tập đoàn quân",FALSE,,,img_1501.jpg,FALSE
1501,Military Dictionary,GP (guided projectile),,,,đạn (pháo) có điều khiển,FALSE,,,img_1501.jpg,FALSE
1501,Military Dictionary,GP (gun position),,,,trận địa pháo; vị trí hoả lực pháo binh,FALSE,,,img_1501.jpg,FALSE
1501,Military Dictionary,GPD (gallons per day),,,,galông/ngày,FALSE,,,img_1501.jpg,FALSE
1501,Military Dictionary,GPEE (general purpose encryption equipment),,,,thiết bị mật mã chức năng chung,FALSE,,,img_1501.jpg,FALSE
1501,Military Dictionary,GPI (ground position indicator),,,,thiết bị định vị theo vật chuẩn địa hình,FALSE,,,img_1501.jpg,FALSE
1501,Military Dictionary,GPMDM (group modem),,,,môdem nhóm,FALSE,,,img_1501.jpg,FALSE
1501,Military Dictionary,GPMG; GPmg (General Purpose Machine Gun),,,,"súng đại liên vạn năng, súng đại liên đa năng, súng đại liên công dụng chung, súng đại liên thông dụng",FALSE,,,img_1501.jpg,FALSE
1501,Military Dictionary,GPO (gun position officer),,,,chỉ huy trưởng trận địa hoả lực pháo binh; đại đội trưởng đại đội pháo binh,FALSE,,,img_1501.jpg,FALSE
1501,Military Dictionary,GPS (geographical positioning system),,,,hệ thống định vị địa lý,FALSE,,,img_1501.jpg,FALSE
1501,Military Dictionary,GPS (global positioning system),,,,hệ thống định vị toàn cầu,FALSE,,,img_1501.jpg,FALSE
1501,Military Dictionary,GPS (gunner's primary sight),,,,cơ cấu ngắm chính của pháo thủ,FALSE,,,img_1501.jpg,FALSE
1501,Military Dictionary,GPSS (Gunner's Primary Sight Subsystem),,,,cơ cấu ngắm bổ trợ của pháo thủ,FALSE,,,img_1501.jpg,FALSE
1501,Military Dictionary,GPU (ground power unit) (not part of aircraft),,,,bộ nguồn điện mặt đất (không có trong cấu tạo máy bay),FALSE,,,img_1501.jpg,FALSE
1501,Military Dictionary,GPU (gun pod unit),,,,giá treo súng pháo (máy bay),FALSE,,,img_1501.jpg,FALSE
1501,Military Dictionary,GPVEH (general purpose vehicle),,,,"xe thường dùng, xe thông dụng",FALSE,,,img_1501.jpg,FALSE
1501,Military Dictionary,GPWS (ground-proximity warning system),,,,(kq) hệ thống cảnh báo trạng thái cận đất,FALSE,,,img_1501.jpg,FALSE
1501,Military Dictionary,GQ (general quarters),,,,(k.hiệu) báo động chiến đấu; trạng thái sẵn sàng chiến đấu,FALSE,,,img_1501.jpg,FALSE
1501,Military Dictionary,GR (general reconnaissance),,,,trinh sát chung,FALSE,,,img_1501.jpg,FALSE
1501,Military Dictionary,GR (general reserve),,,,lực lượng tổng dự bị,FALSE,,,img_1501.jpg,FALSE
1501,Military Dictionary,Gr; gr (grade),,,,cấp bậc; hạng,FALSE,,,img_1501.jpg,FALSE
1501,Military Dictionary,GR (graduated response),,,,phản ứng từng phần (tuỳ theo tính chất tiến công của địch),FALSE,,,img_1501.jpg,FALSE
1501,Military Dictionary,GR (ground-attack reconnaissance),,,,trinh sát tiến công mặt đất (không quân),FALSE,,,img_1501.jpg,FALSE
1501,Military Dictionary,gr (gunner),,,,pháo thủ,FALSE,,,img_1501.jpg,FALSE
1501,Military Dictionary,GR (gunnery range),,,,trường bắn pháo binh,FALSE,,,img_1501.jpg,FALSE
1501,Military Dictionary,GRBM; grbm (global range ballistic missile),,,,"tên lửa đạn đạo xuyên lục địa, tên lửa đạn đạo vượt đại châu",FALSE,,,img_1501.jpg,FALSE
1501,Military Dictionary,GRCA (ground reference coverage area),,,,"khu vực phủ dữ liệu tham chiếu mặt đất, khu vực phủ dữ liệu dẫn hướng theo (vật chuẩn) địa hình",FALSE,,,img_1501.jpg,FALSE
1501,Military Dictionary,grd (ground),,,,"mặt đất; trên mặt đất, trên bộ; địa hình",FALSE,,,img_1501.jpg,FALSE
1501,Military Dictionary,GRFO (gun range finder operator),,,,trắc thủ đo cự ly cho pháo; pháo thủ thao tác máy định tầm cho pháo,FALSE,,,img_1501.jpg,FALSE
1501,Military Dictionary,GRREG (graves registration),,,,sự đăng ký mộ chí,FALSE,,,img_1501.jpg,FALSE
1501,Military Dictionary,GRS (graves registration service),,,,ngành đăng ký mộ chí,FALSE,,,img_1501.jpg,FALSE
1501,Military Dictionary,GRSC (ground radio servicing centre),,,,trung tâm bảo đảm (kỹ thuật) thông tin liên lạc vô tuyến mặt đất,FALSE,,,img_1501.jpg,FALSE
1501,Military Dictionary,grt (gross registered tonnage),,,,tổng trọng tải đã đăng ký,FALSE,,,img_1501.jpg,FALSE
1501,Military Dictionary,GS (general staff),,,,"bộ phận tổng hợp của bộ tham mưu; bộ tham mưu binh chủng hợp thành, bộ tổng tham mưu",FALSE,,,img_1501.jpg,FALSE
1502,Military Dictionary,GS (general support),,,,sự bảo đảm chung; sự chi viện chung (của toàn binh đoàn),FALSE,,,img_1502.jpg,FALSE
1502,Military Dictionary,"GS (glide slope, of ILS)",,,,(kq) đường định vị lượt hạ cánh của hệ thống ILS (chương trình hạ cánh bằng thiết bị),FALSE,,,img_1502.jpg,FALSE
1502,Military Dictionary,GS plat (general support platoon),,,,"trung đội chi viện chung, trung đội bảo đảm chung",FALSE,,,img_1502.jpg,FALSE
1502,Military Dictionary,GSA (general support artillery),,,,pháo binh chi viện chung,FALSE,,,img_1502.jpg,FALSE
1502,Military Dictionary,GSC (general staff corps),,,,cơ quan bộ tổng tham mưu,FALSE,,,img_1502.jpg,FALSE
1502,Military Dictionary,GSD (general supply depot),,,,tổng kho cung ứng,FALSE,,,img_1502.jpg,FALSE
1502,Military Dictionary,GSDFJ (Ground Self Defense Force Japan),,,,lực lượng phòng vệ mặt đất Nhật Bản,FALSE,,,img_1502.jpg,FALSE
1502,Military Dictionary,GSE (ground support equipment),,,,thiết bị bảo đảm mặt đất,FALSE,,,img_1502.jpg,FALSE
1502,Military Dictionary,GSG (genneral support group),,,,nhóm chi viện chung; nhóm bảo đảm chung,FALSE,,,img_1502.jpg,FALSE
1502,Military Dictionary,GSGT (gunnery sergeant),,,,trung sĩ pháo thủ,FALSE,,,img_1502.jpg,FALSE
1502,Military Dictionary,GSI (glide slope indicator),,,,đồng hồ chỉ thị độ nghiêng đường lượn,FALSE,,,img_1502.jpg,FALSE
1502,Military Dictionary,GSM (ground station module),,,,môđun trạm mặt đất,FALSE,,,img_1502.jpg,FALSE
1502,Military Dictionary,GSO (general services officer),,,,sĩ quan bảo đảm hậu cần chung,FALSE,,,img_1502.jpg,FALSE
1502,Military Dictionary,GSR (General Staff Requirement) (US),,,,yêu cầu của bộ tổng tham mưu (Mỹ),FALSE,,,img_1502.jpg,FALSE
1502,Military Dictionary,GSR; GS-R (general support-reinforcing),,,,sự tăng cường - chi viện chung,FALSE,,,img_1502.jpg,FALSE
1502,Military Dictionary,GSR (ground surveillance radar),,,,rađa quan sát mặt đất,FALSE,,,img_1502.jpg,FALSE
1502,Military Dictionary,GSRS (General Support Rocket System),,,,hệ thống tên lửa chi viện chung,FALSE,,,img_1502.jpg,FALSE
1502,Military Dictionary,GSS (general support system),,,,hệ thống bảo đảm chung; hệ thống chi viện chung,FALSE,,,img_1502.jpg,FALSE
1502,Military Dictionary,GSSA (general supply support area),,,,khu vực bảo đảm hậu cần chung,FALSE,,,img_1502.jpg,FALSE
1502,Military Dictionary,GSSC (Global Satellite Communications Support Center),,,,trung tâm bảo đảm thông tin liên lạc vệ tinh toàn cầu,FALSE,,,img_1502.jpg,FALSE
1502,Military Dictionary,GSSF (Ground Special Security Forces),,,,lực lượng đặc biệt bảo đảm an ninh mặt đất,FALSE,,,img_1502.jpg,FALSE
1502,Military Dictionary,GST (General Staff Target),,,,mục tiêu của bộ tổng tham mưu,FALSE,,,img_1502.jpg,FALSE
1502,Military Dictionary,G-suit (antigravity suit),,,,áo kháng áp (mặc khi bay với tốc độ vượt âm),FALSE,,,img_1502.jpg,FALSE
1502,Military Dictionary,"GSUSA (General Staff, United States Army)",,,,bộ tổng tham mưu quân đội Mỹ; bộ tổng tham mưu lục quân Mỹ,FALSE,,,img_1502.jpg,FALSE
1502,Military Dictionary,GSV radar (ground to surface vessel radar),,,,rada mặt đất phát hiện tàu mặt nước,FALSE,,,img_1502.jpg,FALSE
1502,Military Dictionary,GSWT (general staff with troops),,,,sĩ quan phòng tổng hợp bộ tham mưu binh đoàn,FALSE,,,img_1502.jpg,FALSE
1502,Military Dictionary,GT (gun tank),,,,(k.hiệu) pháo tăng,FALSE,,,img_1502.jpg,FALSE
1502,Military Dictionary,GTA (graphic training aid),,,,sơ đồ huấn luyện; biểu đồ huấn luyện,FALSE,,,img_1502.jpg,FALSE
1502,Military Dictionary,GTCS (Gun Test and Control System),,,,hệ thống kiểm chuẩn và điều khiển pháo,FALSE,,,img_1502.jpg,FALSE
1502,Military Dictionary,GTI (German Tank Improvement),,,,sự cải tiến nâng cấp xe tăng Đức,FALSE,,,img_1502.jpg,FALSE
1502,Military Dictionary,GTL (gun-target line),,,,đường pháo mục,FALSE,,,img_1502.jpg,FALSE
1502,Military Dictionary,GTM (global transportation management),,,,sự điều hành vận tải toàn cầu,FALSE,,,img_1502.jpg,FALSE
1502,Military Dictionary,GTN (global transportation Network),,,,mạng giao thông vận tải toàn cầu,FALSE,,,img_1502.jpg,FALSE
1502,Military Dictionary,GTOW (gross take-off weight),,,,trọng lượng toàn bộ khi cất cánh,FALSE,,,img_1502.jpg,FALSE
1502,Military Dictionary,GTS (gas-turbine starter),,,,"bộ khởi động bằng tua bin khí, động cơ khởi động bằng tua bin khí",FALSE,,,img_1502.jpg,FALSE
1502,Military Dictionary,GU (guidance unit),,,,tổ hợp dẫn đường; khối có thiết bị dẫn đường,FALSE,,,img_1502.jpg,FALSE
1502,Military Dictionary,GUARD (US National Guard and Air Guard),,,,cảnh vệ quốc gia và cảnh vệ đường không Mỹ,FALSE,,,img_1502.jpg,FALSE
1502,Military Dictionary,GUARDS (General Unified Ammunition Reporting Data System),,,,hệ thống số liệu báo cáo đạn dược thống nhất chung,FALSE,,,img_1502.jpg,FALSE
1502,Military Dictionary,GUP (gas under pressure),,,,khí nén,FALSE,,,img_1502.jpg,FALSE
1502,Military Dictionary,GUPP (greater underwater propulsion program),,,,chương trình phát triển động cơ ngầm lớn nhất dưới nước,FALSE,,,img_1502.jpg,FALSE
