source_page,dictionary_name,word,phonetic,part_of_speech_raw,part_of_speech_code,meaning_vi,is_subentry,example_en,example_vi,image_path,reviewed
1413,Military Dictionary,CBMR (capabilities-based munitions requirements),,,,các yêu cầu về đạn dược dựa trên cơ sở khả năng chiến đấu,FALSE,,,img_1413.jpg,FALSE
1413,Military Dictionary,CBMU (construction battalion maintenance unit),,,,đơn vị bảo dưỡng thuộc tiểu đoàn công binh công trình,FALSE,,,img_1413.jpg,FALSE
1413,Military Dictionary,CBN; cbn (carbine),,,,súng cạcbin,FALSE,,,img_1413.jpg,FALSE
1413,Military Dictionary,"CBN (chemical, biological, nuclear)",,,,"(thuộc) hoá học, sinh học và hạt nhân",FALSE,,,img_1413.jpg,FALSE
1413,Military Dictionary,CBPO (Consolidated Base Personnel Office),,,,phòng quân lực hợp nhất của căn cứ,FALSE,,,img_1413.jpg,FALSE
1413,Military Dictionary,CBPS (chemical biological protective shelter),,,,hầm chống vũ khí hoá học và sinh học,FALSE,,,img_1413.jpg,FALSE
1413,Military Dictionary,CBPS (chemically & biologically protective shelter),,,,hầm phòng tránh vũ khí hóa học và sinh học,FALSE,,,img_1413.jpg,FALSE
1413,Military Dictionary,"CBR (California bearing ratio, measure of ability of airfield surface (paved or not) to support aircraft)",,,,hệ số mặt đỡ của bang Caliphonia (tiêu chuẩn để xác định khả năng bề mặt sân bay để đỗ máy bay),FALSE,,,img_1413.jpg,FALSE
1413,Military Dictionary,"CBR (chemical, biological, radiological warfare)",,,,"tác chiến hóa học, sinh học và phóng xạ",FALSE,,,img_1413.jpg,FALSE
1413,Military Dictionary,"CBR (chemical, biological and radiological)",,,,"(thuộc) hoá học, sinh học và phóng xạ",FALSE,,,img_1413.jpg,FALSE
1413,Military Dictionary,CBR (common bomb rack),,,,giá bom chung,FALSE,,,img_1413.jpg,FALSE
1413,Military Dictionary,"CBR weapons (chemical, biological and radioactive weapons)",,,,"vũ khí hoá học, sinh học và phóng xạ",FALSE,,,img_1413.jpg,FALSE
1413,Military Dictionary,"CBRC (chemical, bacteriological and radiological center)",,,,"trung tâm trinh sát vũ khí hoá học, vi trùng và phóng xạ",FALSE,,,img_1413.jpg,FALSE
1413,Military Dictionary,"CBRE (chemical, bacteriological and radiological element)",,,,"phân đội trinh sát vũ khí hoá học, vi trùng và phóng xạ",FALSE,,,img_1413.jpg,FALSE
1413,Military Dictionary,"CBRM (Commando Brigade, Royal Marines)",,,,(Anh) lữ đoàn biệt kích đổ bộ thuỷ quân lục chiến,FALSE,,,img_1413.jpg,FALSE
1413,Military Dictionary,CBRN (Caribbean Basin Radar Network),,,,mạng rada vùng lòng chảo Caribê,FALSE,,,img_1413.jpg,FALSE
1413,Military Dictionary,"CBRN (chemical, biological, radiological, or nuclear)",,,,"thuộc về hóa học, sinh học, phóng xạ hoặc hạt nhân",FALSE,,,img_1413.jpg,FALSE
1413,Military Dictionary,CBS (corps battle simulation),,,,sự mô phỏng chiến đấu (cấp) quân đoàn,FALSE,,,img_1413.jpg,FALSE
1413,Military Dictionary,cbt (combat),,,,"trận chiến đấu, trận đánh; (thuộc) chiến đấu",FALSE,,,img_1413.jpg,FALSE
1413,Military Dictionary,CBT (combating terrorism),,,,chiến đấu chống chủ nghĩa khủng bố,FALSE,,,img_1413.jpg,FALSE
1413,Military Dictionary,cbt bn (combat battalion),,,,tiểu đoàn chiến đấu,FALSE,,,img_1413.jpg,FALSE
1413,Military Dictionary,cbt elm (combat element),,,,"phân đội chiến đấu, thành phần chiến đấu",FALSE,,,img_1413.jpg,FALSE
1413,Military Dictionary,cbt engr (combat engineer),,,,công binh chiến đấu,FALSE,,,img_1413.jpg,FALSE
1413,Military Dictionary,cbt mvr (combat maneuver),,,,cơ động chiến đấu; thủ đoạn cơ động chiến đấu,FALSE,,,img_1413.jpg,FALSE
1413,Military Dictionary,cbt op (combat operation),,,,hành động chiến đấu; thao tác chiến đấu,FALSE,,,img_1413.jpg,FALSE
1413,Military Dictionary,cbt scty (combat security),,,,cảnh giới chiến đấu,FALSE,,,img_1413.jpg,FALSE
1413,Military Dictionary,cbt spt (combat support),,,,chi viện chiến đấu; bảo đảm chiến đấu,FALSE,,,img_1413.jpg,FALSE
1413,Military Dictionary,cbt spt elm (combat support element),,,,phân đội chi viện chiến đấu; thành phần bảo đảm chiến đấu,FALSE,,,img_1413.jpg,FALSE
1413,Military Dictionary,cbt svc spt (combat service support),,,,sự bảo đảm phục vụ chiến đấu,FALSE,,,img_1413.jpg,FALSE
1413,Military Dictionary,cbt tk (combat tank),,,,xe tăng chiến đấu,FALSE,,,img_1413.jpg,FALSE
1413,Military Dictionary,cbt veh (combat vehicle),,,,xe chiến đấu,FALSE,,,img_1413.jpg,FALSE
1413,Military Dictionary,CBTI (combat intelligence),,,,"trinh sát chiến đấu; trinh sát chiến thuật; dữ liệu trinh sát chiến thuật, số liệu trinh sát chiến thuật",FALSE,,,img_1413.jpg,FALSE
1413,Military Dictionary,cbtO (combat order),,,,mệnh lệnh chiến đấu,FALSE,,,img_1413.jpg,FALSE
1413,Military Dictionary,cbtry (counterbattery),,,,phản pháo,FALSE,,,img_1413.jpg,FALSE
1413,Military Dictionary,CBTZ (combat zone),,,,khu vực chiến đấu; dải chiến đấu,FALSE,,,img_1413.jpg,FALSE
1413,Military Dictionary,CBU (conference bridge unit),,,,đơn vị cầu đường hỗn hợp,FALSE,,,img_1413.jpg,FALSE
1413,Military Dictionary,CBU (construction battalion unit),,,,đơn vị công binh công trình cấp tiểu đoàn,FALSE,,,img_1413.jpg,FALSE
1413,Military Dictionary,CBU (cluster bomb unit),,,,"khoang chứa bom (trên máy bay); bom chùm; bom mẹ; bom catxét, bom CBU",FALSE,,,img_1413.jpg,FALSE
1413,Military Dictionary,CBW (chemical and biological warfare),,,,chiến tranh hóa học và sinh học; tác chiến hoá học và sinh học,FALSE,,,img_1413.jpg,FALSE
1414,Military Dictionary,CC (close combat),,,,"cận chiến, đánh gần",FALSE,,,img_1414.jpg,FALSE
1414,Military Dictionary,CC (Coastal Command),,,,bộ tư lệnh bờ biển; bộ tư lệnh không quân bờ biển,FALSE,,,img_1414.jpg,FALSE
1414,Military Dictionary,CC (combat command),,,,bộ tư lệnh chiến đấu; sự chỉ huy chiến đấu,FALSE,,,img_1414.jpg,FALSE
1414,Military Dictionary,CC (command center),,,,trung tâm chỉ huy,FALSE,,,img_1414.jpg,FALSE
1414,Military Dictionary,CC (command ship),,,,tàu chỉ huy,FALSE,,,img_1414.jpg,FALSE
1414,Military Dictionary,CC (communications center),,,,"tổng đài thông tin liên lạc, trung tâm thông tin liên lạc",FALSE,,,img_1414.jpg,FALSE
1414,Military Dictionary,CC (component command) (NATO),,,,bộ tư lệnh lực lượng thành phần của liên quân (NATO),FALSE,,,img_1414.jpg,FALSE
1414,Military Dictionary,CC (confined to camp),,,,cấm trại,FALSE,,,img_1414.jpg,FALSE
1414,Military Dictionary,CC (control center),,,,"trung tâm điều khiển, trung tâm kiểm soát",FALSE,,,img_1414.jpg,FALSE
1414,Military Dictionary,CC (cruiser),,,,tàu tuần dương,FALSE,,,img_1414.jpg,FALSE
1414,Military Dictionary,CCA (carrier-controlled approach),,,,đường tiếp cận hạ cánh do tàu sân bay kiểm soát; điều khiển tiếp cận mục tiêu từ tàu sân bay,FALSE,,,img_1414.jpg,FALSE
1414,Military Dictionary,CCA (container control activity),,,,cơ quan kiểm soát côngtenơ,FALSE,,,img_1414.jpg,FALSE
1414,Military Dictionary,CCA (contamination control area),,,,khu vực khắc phục hậu quả nhiễm độc,FALSE,,,img_1414.jpg,FALSE
1414,Military Dictionary,CCA (contingency capabilities assessment),,,,sự đánh giá khả năng đối phó trong tình huống khẩn cấp,FALSE,,,img_1414.jpg,FALSE
1414,Military Dictionary,CCA (contract construction agent) (Department of Defense),,,,đại lý hợp đồng xây dựng (bộ quốc phòng Mỹ),FALSE,,,img_1414.jpg,FALSE
1414,Military Dictionary,CCAS (carrier controlled approach system),,,,hệ thống điều khiển tiếp cận hạ cánh từ tàu sân bay; hệ thống điều khiển tiếp cận mục tiêu từ tàu sân bay,FALSE,,,img_1414.jpg,FALSE
1414,Military Dictionary,CCB (Configuration Control Board),,,,hội đồng kiểm soát cấu hình,FALSE,,,img_1414.jpg,FALSE
1414,Military Dictionary,CCC (combat control centre),,,,trung tâm chỉ huy chiến đấu,FALSE,,,img_1414.jpg,FALSE
1414,Military Dictionary,CCC (combustable cartridge case),,,,vỏ đạn tự hủy,FALSE,,,img_1414.jpg,FALSE
1414,Military Dictionary,CCC (crisis coordination center),,,,trung tâm phối hợp xử trí tình huống khủng hoảng,FALSE,,,img_1414.jpg,FALSE
1414,Military Dictionary,CCCC (cross-channel co-ordination centre),,,,trung tâm điều phối xuyên kênh,FALSE,,,img_1414.jpg,FALSE
1414,Military Dictionary,CCCES (combat control concept evaluation system),,,,hệ thống đánh giá quan niệm chỉ huy chiến đấu,FALSE,,,img_1414.jpg,FALSE
1414,Military Dictionary,"CCD (camouflage, concealment, and deception)",,,,"nguỵ trang, che giấu và nghi binh lừa dịch",FALSE,,,img_1414.jpg,FALSE
1414,Military Dictionary,CCD (Charge Coupled Device),,,,bộ ghép nối điện tích,FALSE,,,img_1414.jpg,FALSE
1414,Military Dictionary,CCD (Conference of the Committee on Disarmament),,,,hội nghị của ủy ban về giải trừ quân bị,FALSE,,,img_1414.jpg,FALSE
1414,Military Dictionary,CCE (container control element),,,,bộ phận kiểm tra côngtenơ,FALSE,,,img_1414.jpg,FALSE
1414,Military Dictionary,CCEB (Combined Communications-Electronics Board),,,,hội đồng thông tin liên lạc - điện tử liên quân,FALSE,,,img_1414.jpg,FALSE
1414,Military Dictionary,CCF (collection coordination facility),,,,phương tiện bảo đảm phối hợp thu thập dữ liệu,FALSE,,,img_1414.jpg,FALSE
1414,Military Dictionary,CCG (Crisis coordination group),,,,nhóm phối hợp xử trí tình huống khủng hoảng,FALSE,,,img_1414.jpg,FALSE
1414,Military Dictionary,"CCGD (commander, Coast Guard district)",,,,tư lệnh (trưởng) khu cảnh giới bờ biển,FALSE,,,img_1414.jpg,FALSE
1414,Military Dictionary,CCH (close combat helicopter),,,,máy bay trực thăng đánh gần,FALSE,,,img_1414.jpg,FALSE
1414,Military Dictionary,CCIB (command center integration branch),,,,ban hợp nhất trung tâm chỉ huy,FALSE,,,img_1414.jpg,FALSE
1414,Military Dictionary,CCIC (Canadian Council for International Cooperation),,,,hội đồng hợp tác quốc tế Canada,FALSE,,,img_1414.jpg,FALSE
1414,Military Dictionary,CCIR (commander's critical information requirements),,,,các nhu cầu thông tin thiết yếu của người chỉ huy,FALSE,,,img_1414.jpg,FALSE
1414,Military Dictionary,CCIR (International Radio Consultative Committee),,,,ủy ban tư vấn vô tuyến điện quốc tế,FALSE,,,img_1414.jpg,FALSE
1414,Military Dictionary,CCIS (command control information system),,,,hệ thống thông tin chỉ huy và điều khiển,FALSE,,,img_1414.jpg,FALSE
1414,Military Dictionary,CCIS (common channel interswitch signaling),,,,sự phát tín hiệu trên kênh liên lạc nội bộ chung,FALSE,,,img_1414.jpg,FALSE
1415,Military Dictionary,CCIU (CEF control interface unit),,,,đơn vị kiểm soát giao diện giữa các hệ thống,FALSE,,,img_1415.jpg,FALSE
1415,Military Dictionary,"CCJTF (commander, combined joint task force)",,,,tư lệnh lực lượng đặc nhiệm hợp thành của liên quân,FALSE,,,img_1415.jpg,FALSE
1415,Military Dictionary,CCL (communications/computer link),,,,mối liên kết thông tin liên lạc/máy tính,FALSE,,,img_1415.jpg,FALSE
1415,Military Dictionary,C-CLAW (close combat laser weapon),,,,vũ khí lade đánh gần,FALSE,,,img_1415.jpg,FALSE
1415,Military Dictionary,CCM (conventional cruise missile),,,,tên lửa hành trình (mang đầu đạn) thông thường,FALSE,,,img_1415.jpg,FALSE
1415,Military Dictionary,CCM (counter countermeasures),,,,biện pháp chống phản tác chiến điện tử; phương tiện chống đối phó điện tử,FALSE,,,img_1415.jpg,FALSE
1415,Military Dictionary,CCN (command control net),,,,mạng thông tin liên lạc chỉ huy,FALSE,,,img_1415.jpg,FALSE
1415,Military Dictionary,CCO (central control officer),,,,"sĩ quan chỉ huy thống nhất các đợt đổ bộ, sĩ quan điều khiển (các đợt đổ bộ) từ trung tâm",FALSE,,,img_1415.jpg,FALSE
1415,Military Dictionary,CCO (central control officer),,,,sĩ quan điều phối cấp cao (các đợt đổ bộ),FALSE,,,img_1415.jpg,FALSE
1415,Military Dictionary,CCO (close combat optics),,,,khí tài quang học (dùng cho) đánh gần,FALSE,,,img_1415.jpg,FALSE
1415,Military Dictionary,CCO (combat cargo officer),,,,sĩ quan phụ trách vận chuyển hàng chiến đấu,FALSE,,,img_1415.jpg,FALSE
1415,Military Dictionary,CCP (casualty collecting point),,,,"trạm tập trung thương bệnh binh, trạm thu thập thương vong",FALSE,,,img_1415.jpg,FALSE
1415,Military Dictionary,CCP (casualty collection point),,,,"trạm thu thập thương binh, tử sĩ",FALSE,,,img_1415.jpg,FALSE
1415,Military Dictionary,CCP (coherent countermeasures processor),,,,"bộ xử lý dữ liệu đối phó tương thích, thiết bị xử lý dữ liệu chống tác chiến điện tử tương thích",FALSE,,,img_1415.jpg,FALSE
1415,Military Dictionary,CCP (combat command post),,,,đài chỉ huy chiến đấu,FALSE,,,img_1415.jpg,FALSE
1415,Military Dictionary,CCP (communications check point),,,,trạm kiểm soát hoạt động của phương tiện thông tin liên lạc; trạm kiểm soát giao thông liên lạc,FALSE,,,img_1415.jpg,FALSE
1415,Military Dictionary,CCP (consolidated cryptologic program),,,,chương trình mã hoá hợp nhất,FALSE,,,img_1415.jpg,FALSE
1415,Military Dictionary,CCP (consolidation and containerization point),,,,điểm gia cố và đóng côngtenơ hàng hoá,FALSE,,,img_1415.jpg,FALSE
1415,Military Dictionary,CCPDS (command center processing and display system),,,,hệ thống xử lý và hiển thị dữ liệu của trung tâm chỉ huy,FALSE,,,img_1415.jpg,FALSE
1415,Military Dictionary,"CCRA (Commander, Corps, Royal Artillery)",,,,"(Anh) người chỉ huy pháo binh quân đoàn, chỉ huy trưởng pháo binh quân đoàn",FALSE,,,img_1415.jpg,FALSE
1415,Military Dictionary,"CCRE (Commander, Corps, Royal Engineers)",,,,"(Anh) người chỉ huy công binh quân đoàn, chỉ huy trưởng công binh quân đoàn",FALSE,,,img_1415.jpg,FALSE
1415,Military Dictionary,CCS (casualty clearing station),,,,trạm chuyển thương,FALSE,,,img_1415.jpg,FALSE
1415,Military Dictionary,CCS (central command system),,,,hệ thống chỉ huy tập trung thống nhất,FALSE,,,img_1415.jpg,FALSE
1415,Military Dictionary,CCS (central control ship),,,,tàu trung tâm chỉ huy,FALSE,,,img_1415.jpg,FALSE
1415,Military Dictionary,CCS (combat control system),,,,hệ thống chỉ huy chiến đấu,FALSE,,,img_1415.jpg,FALSE
1415,Military Dictionary,CCS (Combined Chiefs of Staff),,,,"bộ tham mưu liên quân (Anh - Mỹ), hội đồng tham mưu liên quân",FALSE,,,img_1415.jpg,FALSE
1415,Military Dictionary,CCS (command & control system),,,,hệ thống chỉ huy và kiểm soát hệ thống C2,FALSE,,,img_1415.jpg,FALSE
1415,Military Dictionary,CCS (conformal countermeasures system),,,,"hệ thống trinh sát điện tử và chống tác chiến điện tử tương hợp, tổ hợp phương tiện chống tác chiến điện tử tương hợp",FALSE,,,img_1415.jpg,FALSE
1415,Military Dictionary,CCS (container control site),,,,địa điểm kiểm soát côngtenơ,FALSE,,,img_1415.jpg,FALSE
1415,Military Dictionary,CCS (control & communications subsystem),,,,phân hệ chỉ huy và thông tin liên lạc,FALSE,,,img_1415.jpg,FALSE
1415,Military Dictionary,CCSA (containership cargo stowage adapter),,,,thiết bị tiếp hợp sắp xếp hàng hoá côngtenơ,FALSE,,,img_1415.jpg,FALSE
1415,Military Dictionary,CCSD (command communications service designator),,,,người chỉ định bảo đảm thông tin liên lạc phục vụ chỉ huy,FALSE,,,img_1415.jpg,FALSE
1415,Military Dictionary,CCSD (control communications service designator),,,,số hiệu bảo đảm thông tin liên lạc chỉ huy,FALSE,,,img_1415.jpg,FALSE
1416,Military Dictionary,CCT (collaborative contingency targeting),,,,việc xác định mục tiêu đối phó với tình huống khẩn cấp,FALSE,,,img_1416.jpg,FALSE
1416,Military Dictionary,CCT (combat control team),,,,đội đánh dấu và chuẩn bị khu vực đổ bộ,FALSE,,,img_1416.jpg,FALSE
1416,Military Dictionary,CCT (combat crew trainer),,,,thiết bị huấn luyện đội bay chiến đấu; thiết bị huấn luyện kíp xe tăng; thiết bị huấn luyện khẩu đội pháo tự hành,FALSE,,,img_1416.jpg,FALSE
1416,Military Dictionary,CCTI (Chairman of the Joint Chiefs of Staff commended training issue),,,,vấn đề huấn luyện được chủ tịch hội đồng tham mưu trưởng liên quân chấp nhận,FALSE,,,img_1416.jpg,FALSE
1416,Military Dictionary,CCTV (closed-circuit television),,,,truyền hình qua mạch kín,FALSE,,,img_1416.jpg,FALSE
1416,Military Dictionary,CCU (Central Control Unit),,,,bộ điều khiển trung tâm,FALSE,,,img_1416.jpg,FALSE
1416,Military Dictionary,CCU (channel control unit),,,,bộ điều khiển kênh,FALSE,,,img_1416.jpg,FALSE
1416,Military Dictionary,CCU (chart comparison unit),,,,khí cụ dẫn hướng bằng bản đồ,FALSE,,,img_1416.jpg,FALSE
1416,Military Dictionary,CCU (cockpit control unit),,,,khối điều khiển buồng lái,FALSE,,,img_1416.jpg,FALSE
1416,Military Dictionary,CCU (combat control unit),,,,khối chỉ huy chiến đấu,FALSE,,,img_1416.jpg,FALSE
1416,Military Dictionary,CCV (Close Combat Vehicle),,,,phương tiện cơ động chiến đấu gần; xe đánh gần,FALSE,,,img_1416.jpg,FALSE
1416,Military Dictionary,CCV (Command and Control Vehicle) (US),,,,xe kiểm soát và chỉ huy; tàu kiểm soát và chỉ huy; máy bay kiểm soát và chỉ huy,FALSE,,,img_1416.jpg,FALSE
1416,Military Dictionary,CCV (control configured vehicle),,,,thiết bị điều khiển hình dạng máy bay,FALSE,,,img_1416.jpg,FALSE
1416,Military Dictionary,CCV-L (Close Combat Vehicle-Light),,,,phương tiện cơ động chiến đấu gần hạng nhẹ; xe đánh gần hạng nhẹ,FALSE,,,img_1416.jpg,FALSE
1416,Military Dictionary,CCW (continuous carrier wave),,,,đợt sóng đổ bộ liên tục từ tàu chở quân,FALSE,,,img_1416.jpg,FALSE
1416,Military Dictionary,CCW (controller & communications workstation),,,,trạm kiểm soát và thông tin liên lạc,FALSE,,,img_1416.jpg,FALSE
1416,Military Dictionary,CCW (1980 United Nations Convention on Conventional Weapons),,,,công ước Liên hiệp quốc năm 1980 về vũ khí thông thường,FALSE,,,img_1416.jpg,FALSE
1416,Military Dictionary,CD (C-day),,,,ngày C (ngày bắt đầu triển khai tác chiến),FALSE,,,img_1416.jpg,FALSE
1416,Military Dictionary,CD (civil defense),,,,phòng thủ dân sự,FALSE,,,img_1416.jpg,FALSE
1416,Military Dictionary,Cd (command),,,,"sự chỉ huy; sự điều khiển; binh đội, đơn vị; bộ phận; binh đoàn; quân khu; lệnh, mệnh lệnh",FALSE,,,img_1416.jpg,FALSE
1416,Military Dictionary,CD (confidential document),,,,tài liệu mật,FALSE,,,img_1416.jpg,FALSE
1416,Military Dictionary,CD; C/D (countdown),,,,sự đếm ngược thời gian chuẩn bị phóng tên lửa; tổ hợp các thao tác trước khi phóng,FALSE,,,img_1416.jpg,FALSE
1416,Military Dictionary,C-day (unnamed day on which a deployment operation begins),,,,ngày quy ước bắt đầu hoạt động triển khai tác chiến,FALSE,,,img_1416.jpg,FALSE
1416,Military Dictionary,CDC (Canadian Dental Corps),,,,ngành nha khoa quân đội Canada,FALSE,,,img_1416.jpg,FALSE
1416,Military Dictionary,CDC (Centers for Disease Control and Prevention),,,,trung tâm kiểm soát và ngăn ngừa bệnh dịch,FALSE,,,img_1416.jpg,FALSE
1416,Military Dictionary,CDC (Civil Defense Committee),,,,uỷ ban phòng thủ dân sự,FALSE,,,img_1416.jpg,FALSE
1416,Military Dictionary,CDE (chemical defence establishment),,,,(Anh) trung tâm nghiên cứu của binh chủng hóa học; tổ chức phòng hóa,FALSE,,,img_1416.jpg,FALSE
1416,Military Dictionary,CDEC (combat development experimentation center),,,,trung tâm tổng kết kinh nghiệm chiến đấu,FALSE,,,img_1416.jpg,FALSE
1416,Military Dictionary,CDF (combined distribution frame),,,,khung phân phối hỗn hợp,FALSE,,,img_1416.jpg,FALSE
1416,Military Dictionary,CDI (chief of defence intelligence),,,,cục trưởng cục tình báo quốc phòng,FALSE,,,img_1416.jpg,FALSE
1416,Military Dictionary,CDI (course deviation indicator),,,,bộ chỉ thị độ dạt lộ trình,FALSE,,,img_1416.jpg,FALSE
1416,Military Dictionary,CDIP (continuously displayed impact point),,,,điểm chạm hiển thị liên tục,FALSE,,,img_1416.jpg,FALSE
1416,Military Dictionary,CDLMS (common data link management system),,,,hệ thống điều hành liên kết dữ liệu chung,FALSE,,,img_1416.jpg,FALSE
1416,Military Dictionary,CDM (cable driver modem),,,,môđem tải bằng cáp,FALSE,,,img_1416.jpg,FALSE
1416,Military Dictionary,CDM (Coastal Defence Missile),,,,tên lửa phòng thủ bờ biển,FALSE,,,img_1416.jpg,FALSE
1416,Military Dictionary,CDMGB (cable driver modem group buffer),,,,bộ nhớ trung gian nhóm môđem tải bằng cáp,FALSE,,,img_1416.jpg,FALSE
1417,Military Dictionary,Cdn (Canadian),,,,người Canada; lính Canada,FALSE,,,img_1417.jpg,FALSE
1417,Military Dictionary,CDN (compressed dial number),,,,đĩa số nén,FALSE,,,img_1417.jpg,FALSE
1417,Military Dictionary,Cdo (command),,,,"bộ tư lệnh, bộ chỉ huy",FALSE,,,img_1417.jpg,FALSE
1417,Military Dictionary,CDO (command duty officer),,,,sĩ quan trực chỉ huy,FALSE,,,img_1417.jpg,FALSE
1417,Military Dictionary,Cdo (commando(s)),,,,(Anh) lực lượng biệt kích của thủy quân lục chiến; lính biệt kích; hạ sĩ quan biệt kích; sĩ quan biệt kích,FALSE,,,img_1417.jpg,FALSE
1417,Military Dictionary,CDOC (counterdrug operations center),,,,trung tâm chỉ huy tác chiến chống ma tuý,FALSE,,,img_1417.jpg,FALSE
1417,Military Dictionary,CDOPS (counterdrug operations),,,,chiến dịch chống ma túy; các hoạt động chống ma tuý,FALSE,,,img_1417.jpg,FALSE
1417,Military Dictionary,CDP (chief of defence procurement),,,,chủ nhiệm mua sắm quốc phòng,FALSE,,,img_1417.jpg,FALSE
1417,Military Dictionary,CDP (company distributing point),,,,trạm phân phối của đại đội; trạm cấp phát cấp đại đội,FALSE,,,img_1417.jpg,FALSE
1417,Military Dictionary,CDP (countermeasures dispenser pod),,,,"thùng rải phương tiện đối phó tác chiến điện tử (nhiễu, mồi bẫy...)",FALSE,,,img_1417.jpg,FALSE
1417,Military Dictionary,CDP (landing craft air cushion departure point),,,,vị trí xuất phát của tàu đổ bộ chạy trên đệm không khí,FALSE,,,img_1417.jpg,FALSE
1417,Military Dictionary,Cdr (commander),,,,tư lệnh; (người) chỉ huy; trung tá (hải quân),FALSE,,,img_1417.jpg,FALSE
1417,Military Dictionary,CDR; Cdr (continuous data recording),,,,sự ghi dữ liệu liên tục,FALSE,,,img_1417.jpg,FALSE
1417,Military Dictionary,Cdre (commodore),,,,đề đốc (hải quân) (tương đương chuẩn tướng),FALSE,,,img_1417.jpg,FALSE
1417,Military Dictionary,"CDRESC (commander, electronic security command)",,,,tư lệnh (trưởng) bộ tư lệnh an ninh điện tử,FALSE,,,img_1417.jpg,FALSE
1417,Military Dictionary,"CDREUDAC (Commander, European Command Defense Analysis Center (ELINT) or European Data Analysis Center)",,,,chỉ huy trưởng trung tâm phân tích quốc phòng của bộ tư lệnh châu Âu (ELINT) hoặc trung tâm phân tích dữ liệu châu Âu,FALSE,,,img_1417.jpg,FALSE
1417,Military Dictionary,"CDRFORSCOM (Commander, Forces Command)",,,,tư lệnh (trưởng) bộ tư lệnh lực lượng,FALSE,,,img_1417.jpg,FALSE
1417,Military Dictionary,CDRG (Catastrophic Disaster Response Group) (FEMA),,,,"nhóm đối phó với thiên tai, thảm hoạ (cơ quan quản lý tình huống khẩn cấp liên bang Mỹ)",FALSE,,,img_1417.jpg,FALSE
1417,Military Dictionary,CDRL (contract data requirements list),,,,danh mục các nhu cầu dữ liệu hợp đồng,FALSE,,,img_1417.jpg,FALSE
1417,Military Dictionary,"CDRMTMC (Commander, Military Traffic Management Command)",,,,tư lệnh trưởng bộ chỉ huy quản lý giao thông vận tải quân sự,FALSE,,,img_1417.jpg,FALSE
1417,Military Dictionary,CD-ROM (compact disc read-only memory),,,,đĩa CD-ROM,FALSE,,,img_1417.jpg,FALSE
1417,Military Dictionary,"CDRUSAINSCOM (Commander, United States Army Intelligence and Security Command)",,,,tư lệnh bộ tư lệnh tình báo và an ninh lục quân Mỹ,FALSE,,,img_1417.jpg,FALSE
1417,Military Dictionary,"CDRUSELEMNORAD (Commander, United States Element, North American Aerospace Defense Command)",,,,tư lệnh (trưởng) thành phần lực lượng Mỹ trong bộ tư lệnh phòng thủ vũ trụ Bắc Mỹ,FALSE,,,img_1417.jpg,FALSE
1417,Military Dictionary,CDS (Chief of Defense Staff),,,,(Anh) tham mưu trưởng lực lượng phòng thủ; (Canada) tổng tham mưu trưởng bộ quốc phòng,FALSE,,,img_1417.jpg,FALSE
1417,Military Dictionary,CDS (civil direction of shipping),,,,lệnh vận tải biển dân sự,FALSE,,,img_1417.jpg,FALSE
1417,Military Dictionary,CDS (combat direction system),,,,hệ thống chỉ lệnh chiến đấu,FALSE,,,img_1417.jpg,FALSE
1417,Military Dictionary,CDS (container delivery system),,,,hệ thống phân phát côngtenơ,FALSE,,,img_1417.jpg,FALSE
1417,Military Dictionary,CDU (Command Display Unit),,,,bộ hiển thị mệnh lệnh,FALSE,,,img_1417.jpg,FALSE
1417,Military Dictionary,CDU (commander display unit),,,,bộ hiển thị (cho) trưởng xe,FALSE,,,img_1417.jpg,FALSE
1417,Military Dictionary,CDU (Computer Display Unit),,,,bộ hiển thị của máy tính,FALSE,,,img_1417.jpg,FALSE
1417,Military Dictionary,CDV (civil defence volunteers),,,,lực lượng phòng vệ dân sự tình nguyện,FALSE,,,img_1417.jpg,FALSE
1417,Military Dictionary,CE (Canadian Engineers),,,,bộ đội công binh Canada; binh chủng công binh Canada,FALSE,,,img_1417.jpg,FALSE
1417,Military Dictionary,CE (Chemical Energy),,,,năng lượng hoá học,FALSE,,,img_1417.jpg,FALSE
1418,Military Dictionary,CE (combat element),,,,"thành phần chiến đấu, lực lượng chiến đấu; binh đội và các đơn vị chiến đấu (của binh đoàn)",FALSE,,,img_1418.jpg,FALSE
1418,Military Dictionary,CE (command element) (MAGTF),,,,bộ phận chỉ huy (lực lượng đặc nhiệm không - bộ của thuỷ quân lục chiến),FALSE,,,img_1418.jpg,FALSE
1418,Military Dictionary,C-E; CE (communications-electronics),,,,(thuộc) thông tin liên lạc - điện tử,FALSE,,,img_1418.jpg,FALSE
1418,Military Dictionary,CE (Corps of Engineers),,,,binh chủng công binh; quân đoàn công binh lục quân Mỹ,FALSE,,,img_1418.jpg,FALSE
1418,Military Dictionary,CE (counterespionage),,,,phản gián,FALSE,,,img_1418.jpg,FALSE
1418,Military Dictionary,CE (guided missile cruiser) (k.hiệu),,,,tàu tuần dương trang bị tên lửa có điều khiển,FALSE,,,img_1418.jpg,FALSE
1418,Military Dictionary,CEAC (Committee for European Airspace Coordination),,,,uỷ ban phối hợp sử dụng vận tải đường không của liên quân NATO,FALSE,,,img_1418.jpg,FALSE
1418,Military Dictionary,CEB (combat engineer battalion),,,,tiểu đoàn công binh chiến đấu,FALSE,,,img_1418.jpg,FALSE
1418,Military Dictionary,CEB (combined effects bomblet),,,,bom con tác dụng hỗn hợp,FALSE,,,img_1418.jpg,FALSE
1418,Military Dictionary,CEBMCO (Corps of Engineers Ballistic Missile Command),,,,bộ chỉ huy tên lửa đạn đạo của quân đoàn công binh; bộ tư lệnh tên lửa đạn đạo của binh chủng công binh,FALSE,,,img_1418.jpg,FALSE
1418,Military Dictionary,CEC (Civil engineering corps),,,,ngành công trình dân sự,FALSE,,,img_1418.jpg,FALSE
1418,Military Dictionary,CEC (co-operative engagement capability),,,,khả năng phối hợp tham chiến,FALSE,,,img_1418.jpg,FALSE
1418,Military Dictionary,CECOM (communications - electronics command),,,,"bộ tư lệnh thông tin liên lạc - điện tử, bộ chỉ huy thông tin liên lạc - điện tử",FALSE,,,img_1418.jpg,FALSE
1418,Military Dictionary,CED (communications and electronics doctrine),,,,"những nguyên tắc cơ bản sử dụng phương tiện thông tin liên lạc và thiết bị điện tử, học thuyết sử dụng phương tiện thông tin liên lạc và thiết bị điện tử",FALSE,,,img_1418.jpg,FALSE
1418,Military Dictionary,CEDREP (communications-electronics deployment report),,,,báo cáo triển khai thông tin liên lạc - điện tử,FALSE,,,img_1418.jpg,FALSE
1418,Military Dictionary,CEE (captured enemy equipment),,,,trang thiết bị thu được của đối phương,FALSE,,,img_1418.jpg,FALSE
1418,Military Dictionary,CEE (combat explacement excavator),,,,máy đào công sự dã chiến,FALSE,,,img_1418.jpg,FALSE
1418,Military Dictionary,CEF (common equipment facility),,,,phương tiện thiết bị chung,FALSE,,,img_1418.jpg,FALSE
1418,Military Dictionary,CEG (common equipment group),,,,nhóm thiết bị chung,FALSE,,,img_1418.jpg,FALSE
1418,Military Dictionary,CEM (cemetery),,,,nghĩa địa,FALSE,,,img_1418.jpg,FALSE
1418,Military Dictionary,CEM (combined effects munitions),,,,"đạn dược có hiệu quả hỗn hợp, đạn dược có tác dụng hỗn hợp",FALSE,,,img_1418.jpg,FALSE
1418,Military Dictionary,CEMC (communications-electronics management center),,,,trung tâm quản lý thông tin liên lạc - điện tử,FALSE,,,img_1418.jpg,FALSE
1418,Military Dictionary,Cen (center),,,,trung tâm,FALSE,,,img_1418.jpg,FALSE
1418,Military Dictionary,CENTAG (Central Army Group),,,,cụm tập đoàn quân trung tâm,FALSE,,,img_1418.jpg,FALSE
1418,Military Dictionary,CENTCOM (central command),,,,bộ tư lệnh trung tâm; bộ chỉ huy trung tâm,FALSE,,,img_1418.jpg,FALSE
1418,Military Dictionary,CENTO (Central Treaty Organization),,,,tổ chức (các nước) hiệp ước trung tâm,FALSE,,,img_1418.jpg,FALSE
1418,Military Dictionary,CEOD (chemical explosive ordnance disposal),,,,tiêu hủy bom đạn hóa học,FALSE,,,img_1418.jpg,FALSE
1418,Military Dictionary,CEOI (communications-electronics operating instructions),,,,những chỉ dẫn tiến hành thông tin liên lạc - điện tử,FALSE,,,img_1418.jpg,FALSE
1418,Military Dictionary,CEP (circular error probability),,,,"sai số xác suất theo đường tròn (50% số điểm chạm có thể nằm trong hoặc ngoài đường tròn khi ném bom, bắn tên lửa hoặc pháo kích); xác suất sai số tuần hoàn của tổ hợp vũ khí",FALSE,,,img_1418.jpg,FALSE
1418,Military Dictionary,CEP (circular error probable),,,,"sai số xác suất theo đường tròn, xác suất sai số tuần hoàn của tổ hợp vũ khí",FALSE,,,img_1418.jpg,FALSE
1418,Military Dictionary,CEPOD (communications-electronics post-deployment report),,,,báo cáo sau khi triển khai thông tin liên lạc - điện tử,FALSE,,,img_1418.jpg,FALSE
1418,Military Dictionary,Cert. (Certificate),,,,chứng chỉ,FALSE,,,img_1418.jpg,FALSE
1418,Military Dictionary,CERT (certify(icate)),,,,"chứng nhận, chứng chỉ",FALSE,,,img_1418.jpg,FALSE
1418,Military Dictionary,CERT (computer emergency response team),,,,đội đối phó với tình huống khẩn cấp máy tính,FALSE,,,img_1418.jpg,FALSE
1419,Military Dictionary,CERTSUB (certain submarine),,,,tàu ngầm chưa xác định được,FALSE,,,img_1419.jpg,FALSE
1419,Military Dictionary,CES (combat effects simulator),,,,thiết bị mô phỏng hiệu quả chiến đấu,FALSE,,,img_1419.jpg,FALSE
1419,Military Dictionary,CESE (communications equipment support element),,,,phân đội bảo đảm thiết bị thông tin liên lạc; bộ phận bảo đảm thiết bị thông tin liên lạc,FALSE,,,img_1419.jpg,FALSE
1419,Military Dictionary,CESG (communications electronics security group),,,,"đội bảo đảm bí mật hoạt động của phương tiện thông tin liên lạc điện tử, nhóm bảo mật thiết bị điện tử thông tin liên lạc",FALSE,,,img_1419.jpg,FALSE
1419,Military Dictionary,CET (Combat Engineer Tractor),,,,xe kéo công binh,FALSE,,,img_1419.jpg,FALSE
1419,Military Dictionary,CETC (Corps of Engineers Technical Committee),,,,uỷ ban kỹ thuật của công binh,FALSE,,,img_1419.jpg,FALSE
1419,Military Dictionary,CEV (combat engineer vehicle),,,,xe công binh chiến đấu,FALSE,,,img_1419.jpg,FALSE
1419,Military Dictionary,CEW (continental early warning),,,,cảnh báo sớm phần lục địa (Bắc Mỹ),FALSE,,,img_1419.jpg,FALSE
1419,Military Dictionary,CEWI (combat electronic warfare intelligence battalion),,,,"tiểu đoàn trinh sát kỹ thuật vô tuyến, tiểu đoàn trinh sát tác chiến điện tử chiến thuật",FALSE,,,img_1419.jpg,FALSE
1419,Military Dictionary,CEWS (communications electronic warfare system),,,,hệ thống tác chiến điện tử thông tin liên lạc,FALSE,,,img_1419.jpg,FALSE
1419,Military Dictionary,CF (cease firing),,,,"đình chiến, ngừng bắn",FALSE,,,img_1419.jpg,FALSE
1419,Military Dictionary,CF (controlled framentation),,,,"sự nổ vỡ mảnh có điều khiển, sự vãng mảnh định hướng",FALSE,,,img_1419.jpg,FALSE
1419,Military Dictionary,cf (counterfire),,,,phản pháo,FALSE,,,img_1419.jpg,FALSE
1419,Military Dictionary,CF (drift error confidence factor),,,,hệ số độ tin cậy theo sai số độ giạt,FALSE,,,img_1419.jpg,FALSE
1419,Military Dictionary,CFA (Committee on Food Aid Policies and programmes) (UN),,,,uỷ ban về các chính sách và chương trình hỗ trợ lương thực (Liên hiệp quốc),FALSE,,,img_1419.jpg,FALSE
1419,Military Dictionary,CFA (covering force area),,,,dải bảo đảm,FALSE,,,img_1419.jpg,FALSE
1419,Military Dictionary,CFACC (combined force air component commander),,,,tư lệnh (trưởng) thành phần không quân trong lực lượng liên quân,FALSE,,,img_1419.jpg,FALSE
1419,Military Dictionary,"CFC (Combined Forces Command, Korea)",,,,bộ tư lệnh lực lượng hợp thành của liên quân NATO ở Hàn Quốc,FALSE,,,img_1419.jpg,FALSE
1419,Military Dictionary,CFE (conventional armed Forces in Europe Treaty),,,,các lực lượng vũ trang thông thường trong hiệp ước châu Âu,FALSE,,,img_1419.jpg,FALSE
1419,Military Dictionary,CFL (coordinated fire line),,,,tuyến hiệp đồng hỏa lực,FALSE,,,img_1419.jpg,FALSE
1419,Military Dictionary,CFL (Contingency Planning Facilities List),,,,danh mục các phương tiện bảo đảm lập kế hoạch tình huống khẩn cấp,FALSE,,,img_1419.jpg,FALSE
1419,Military Dictionary,CFL (coordinated fire line),,,,tuyến hiệp đồng hoả lực,FALSE,,,img_1419.jpg,FALSE
1419,Military Dictionary,CFM (confirm),,,,"xác nhận; phê chuẩn; củng cố, làm vững chắc",FALSE,,,img_1419.jpg,FALSE
1419,Military Dictionary,CFO (cargo fuel oil),,,,dầu hoả chở trên tàu,FALSE,,,img_1419.jpg,FALSE
1419,Military Dictionary,CFPSO (counterintelligence force protection source operations),,,,tác nghiệp nguồn tin (để) bảo vệ lực lượng phản tình báo,FALSE,,,img_1419.jpg,FALSE
1419,Military Dictionary,CFR (Motor) (committee for fuel research) (motor),,,,uỷ ban nghiên cứu nhiên liệu (động cơ),FALSE,,,img_1419.jpg,FALSE
1419,Military Dictionary,CFRP (carbonfibre-reinforced plastics),,,,chất dẻo được tăng cường sợi cácbon,FALSE,,,img_1419.jpg,FALSE
1419,Military Dictionary,CFV (cavalry fighting vehicle),,,,xe trinh sát chiến đấu,FALSE,,,img_1419.jpg,FALSE
1419,Military Dictionary,CG (centre of gravity),,,,trọng tâm,FALSE,,,img_1419.jpg,FALSE
1419,Military Dictionary,CG (chemical warfare choking agent),,,,"chất độc hơi ngạt, chất độc hoá học gây ngạt",FALSE,,,img_1419.jpg,FALSE
1419,Military Dictionary,CG (Coast Guard),,,,"sự bảo vệ vùng duyên hải, sự bảo vệ bờ biển; đội biên phòng biển, đội cảnh giới bờ biển",FALSE,,,img_1419.jpg,FALSE
1419,Military Dictionary,CG (Commanding General),,,,"tướng chỉ huy, người chỉ huy (quân hàm cấp tướng)",FALSE,,,img_1419.jpg,FALSE
1419,Military Dictionary,CGAS (Coast Guard Air Station),,,,căn cứ không quân của lực lượng cảnh giới bờ biển,FALSE,,,img_1419.jpg,FALSE
1419,Military Dictionary,CGAUX (Coast Guard Auxiliary),,,,tàu trợ chiến của lực lượng cảnh giới bờ biển,FALSE,,,img_1419.jpg,FALSE
1419,Military Dictionary,CGC (Coast Guard Cutter),,,,tàu chống buôn lậu của lực lượng cảnh giới bờ biển,FALSE,,,img_1419.jpg,FALSE
1419,Military Dictionary,CGCAP (Coast Guard capabilities plan),,,,phương án tác chiến của lực lượng cảnh giới bờ biển,FALSE,,,img_1419.jpg,FALSE
1420,Military Dictionary,CGCSS (commander & gunner crew station simulator),,,,thiết bị mô phỏng buồng lái dùng cho trưởng xe và pháo thủ,FALSE,,,img_1420.jpg,FALSE
1420,Military Dictionary,"CGFMFLANT (Commanding General, Fleet Marine Forces, Atlantic)",,,,tướng chỉ huy (trưởng) lực lượng thuỷ quân lục chiến hạm đội Đại Tây Dương,FALSE,,,img_1420.jpg,FALSE
1420,Military Dictionary,"CGFMFPAC (Commanding General, Fleet Marine Forces, Pacific)",,,,tướng chỉ huy (trưởng) lực lượng thuỷ quân lục chiến hạm đội Thái Bình Dương,FALSE,,,img_1420.jpg,FALSE
1420,Military Dictionary,CGH (guided missile/helicopter cruiser),,,,tàu tuần dương trang bị tên lửa có điều khiển và máy bay trực thăng,FALSE,,,img_1420.jpg,FALSE
1420,Military Dictionary,CGH SAM (cruiser with helicopters),,,,tàu tuần dương có trang bị tên lửa phòng không và máy bay trực thăng,FALSE,,,img_1420.jpg,FALSE
1420,Military Dictionary,CGLSMP (Coast Guard logistic support and mobilization plan),,,,kế hoạch bảo đảm hậu cần và động viên của lực lượng cảnh giới bờ biển,FALSE,,,img_1420.jpg,FALSE
1420,Military Dictionary,CGM (Conspicuous Gallantry Medal),,,,huy chương dũng cảm,FALSE,,,img_1420.jpg,FALSE
1420,Military Dictionary,CGN (guided missile cruiser),,,,tàu tuần dương trang bị tên lửa có điều khiển,FALSE,,,img_1420.jpg,FALSE
1420,Military Dictionary,CGN (nuclear-powered guided missile cruiser),,,,tuần dương hạm trang bị tên lửa có điều khiển chạy bằng năng lượng hạt nhân,FALSE,,,img_1420.jpg,FALSE
1420,Military Dictionary,CGO (Chief Gas Officer),,,,chủ nhiệm ngành chất độc hóa học,FALSE,,,img_1420.jpg,FALSE
1420,Military Dictionary,CGS (chief of the general staff),,,,tổng tham mưu trưởng,FALSE,,,img_1420.jpg,FALSE
1420,Military Dictionary,CGS (command ground station),,,,tổng trạm mặt đất (truyền tin vệ tinh),FALSE,,,img_1420.jpg,FALSE
1420,Military Dictionary,CGS (common ground station),,,,(Anh) căn cứ không quân mặt đất sử dụng chung,FALSE,,,img_1420.jpg,FALSE
1420,Military Dictionary,CGS (continental United States ground station),,,,trạm mặt đất tại phần lục địa Mỹ,FALSE,,,img_1420.jpg,FALSE
1420,Military Dictionary,CGS (Crew Gunnery Simulator),,,,thiết bị mô phỏng hỏa lực khẩu đội,FALSE,,,img_1420.jpg,FALSE
1420,Military Dictionary,CGSC (Command and General Staff College),,,,trường sĩ quan chỉ huy - tham mưu,FALSE,,,img_1420.jpg,FALSE
1420,Military Dictionary,CH (channel),,,,kênh,FALSE,,,img_1420.jpg,FALSE
1420,Military Dictionary,Ch (chaplain),,,,cha tuyên úy,FALSE,,,img_1420.jpg,FALSE
1420,Military Dictionary,CH (contingency hospital),,,,viện quân y bảo đảm trong tình huống khẩn cấp,FALSE,,,img_1420.jpg,FALSE
1420,Military Dictionary,CHAALS (communications high accuracy airborne location system),,,,hệ thống định vị (trạm) thông tin liên lạc chính xác cao từ trên máy bay,FALSE,,,img_1420.jpg,FALSE
1420,Military Dictionary,CHACOM (chain of command),,,,hệ thống chỉ huy,FALSE,,,img_1420.jpg,FALSE
1420,Military Dictionary,CHAIR (control handling aid for increase range),,,,phương tiện xử lí điều khiển để tăng tầm,FALSE,,,img_1420.jpg,FALSE
1420,Military Dictionary,CHAMPUS (Civilian Health and Medical Program for the Uniformed Services),,,,chương trình sức khỏe và y tế dân sự phục vụ cho các lực lượng vũ trang,FALSE,,,img_1420.jpg,FALSE
1420,Military Dictionary,CHANCOM (Channel Command),,,,bộ tư lệnh lực lượng liên quân NATO ở vùng vịnh Măngsơ,FALSE,,,img_1420.jpg,FALSE
1420,Military Dictionary,Chap (chaplain),,,,liên lạc viên; lính liên lạc; chiến sĩ liên lạc,FALSE,,,img_1420.jpg,FALSE
1420,Military Dictionary,CHAP (chapter),,,,chương,FALSE,,,img_1420.jpg,FALSE
1420,Military Dictionary,CHAR (characteristics),,,,thuộc tính; đặc tính; tính năng chiến - kỹ thuật,FALSE,,,img_1420.jpg,FALSE
1420,Military Dictionary,CHARM (Challenger Chieftain armament),,,,vũ khí của xe tăng Chalengiơ - Chipthơn,FALSE,,,img_1420.jpg,FALSE
1420,Military Dictionary,CHASE (chemical agents sensor),,,,thiết bị cảm biến chất độc hóa học,FALSE,,,img_1420.jpg,FALSE
1420,Military Dictionary,CHB (cargo handling battalion),,,,tiểu đoàn bốc xếp hàng hóa,FALSE,,,img_1420.jpg,FALSE
1420,Military Dictionary,CHC (Chaplains Corps),,,,ngành tuyên uý quân sự,FALSE,,,img_1420.jpg,FALSE
1420,Military Dictionary,"CHCSS (Chief, Central Security Service)",,,,cục trưởng cục an ninh trung ương,FALSE,,,img_1420.jpg,FALSE
1420,Military Dictionary,CHE (cargo-handling equipment),,,,thiết bị xử lý hàng hoá vận tải đường biển,FALSE,,,img_1420.jpg,FALSE
1420,Military Dictionary,CHE (container-handling equipment),,,,thiết bị kiểm soát côngtenơ,FALSE,,,img_1420.jpg,FALSE
1420,Military Dictionary,chem (chemical),,,,(thuộc) hoá học,FALSE,,,img_1420.jpg,FALSE
1420,Military Dictionary,Chem. war (chemical warfare),,,,chiến tranh hoá học; tác chiến hoá học,FALSE,,,img_1420.jpg,FALSE
1421,Military Dictionary,CHOD (Asia-pacific Chief of Defense Conference),,,,hội nghị bộ trưởng bộ quốc phòng các nước châu Á - Thái Bình Dương,FALSE,,,img_1421.jpg,FALSE
1421,Military Dictionary,CHOP (change of operational control),,,,sự chuyển thuộc quyền chỉ huy chiến dịch mới,FALSE,,,img_1421.jpg,FALSE
1421,Military Dictionary,CHP (combined heat & power),,,,nhiệt và năng lượng kết hợp,FALSE,,,img_1421.jpg,FALSE
1421,Military Dictionary,CHPPM (US Army Center for Health Promotion and Preventive Medicine) (Mỹ),,,,trung tâm về nâng cao sức khỏe và thuốc phòng bệnh của lục quân,FALSE,,,img_1421.jpg,FALSE
1421,Military Dictionary,CHQ (corps headquarters),,,,sở chỉ huy quân đoàn; bộ chỉ huy quân đoàn,FALSE,,,img_1421.jpg,FALSE
1421,Military Dictionary,CHRIS (chemical hazard response Information system),,,,hệ thống thông tin đối phó với tình huống nguy hiểm về hoá học,FALSE,,,img_1421.jpg,FALSE
1421,Military Dictionary,CHS (combat health support),,,,sự bảo đảm quân y chiến đấu; sự bảo đảm sức khoẻ quân nhân trong chiến đấu,FALSE,,,img_1421.jpg,FALSE
1421,Military Dictionary,CHSTR (characteristics of transportation resources),,,,tính năng của các nguồn lực vận tải,FALSE,,,img_1421.jpg,FALSE
1421,Military Dictionary,CHSTREP (characteristics of transportation resources report),,,,báo cáo về tính năng của các nguồn lực vận tải,FALSE,,,img_1421.jpg,FALSE
1421,Military Dictionary,CI (chief instructor),,,,huấn luyện viên trưởng; giáo viên trưởng,FALSE,,,img_1421.jpg,FALSE
1421,Military Dictionary,CI (civilian internee),,,,tù nhân; thường dân bị giam giữ,FALSE,,,img_1421.jpg,FALSE
1421,Military Dictionary,CI (control indicator),,,,bộ chỉ thị điều khiển,FALSE,,,img_1421.jpg,FALSE
1421,Military Dictionary,CI (counterintelligence),,,,phản tình báo; cơ quan phản gián,FALSE,,,img_1421.jpg,FALSE
1421,Military Dictionary,CIA (Central Intelligence Agency),,,,cục tình báo trung ương (Mỹ),FALSE,,,img_1421.jpg,FALSE
1421,Military Dictionary,CIAP (central intelligence architecture plan),,,,kế hoạch thiết kế tình báo trung ương,FALSE,,,img_1421.jpg,FALSE
1421,Military Dictionary,"CIAP (command, control, communications, computers, intelligence surveillance, reconnaissance (C4ISR) integrated architecture program)",,,,"chương trình thiết kế hợp nhất chỉ huy, kiểm soát, thông tin liên lạc, máy tính, tình báo, quan sát, trinh sát (C4ISR)",FALSE,,,img_1421.jpg,FALSE
1421,Military Dictionary,CIAP (command intelligence architecture plan),,,,kế hoạch thiết kế tình báo chỉ huy,FALSE,,,img_1421.jpg,FALSE
1421,Military Dictionary,CIAP (command intelligence architecture program),,,,chương trình thiết kế tình báo chỉ huy,FALSE,,,img_1421.jpg,FALSE
1421,Military Dictionary,CIAS (counterintelligence analysis section),,,,bộ phận phân tích hoạt động phản tình báo,FALSE,,,img_1421.jpg,FALSE
1421,Military Dictionary,CIAT (counterintelligence analysis team),,,,đội phân tích hoạt động phản tình báo,FALSE,,,img_1421.jpg,FALSE
1421,Military Dictionary,CIB (Combat Infantryman Badge),,,,huy hiệu chiến đấu của lính bộ binh,FALSE,,,img_1421.jpg,FALSE
1421,Military Dictionary,CIB (combined information bureau),,,,phòng thông tin hợp thành,FALSE,,,img_1421.jpg,FALSE
1421,Military Dictionary,CIB (controlled image base),,,,căn cứ hình ảnh được kiểm soát,FALSE,,,img_1421.jpg,FALSE
1421,Military Dictionary,CIC (combat information center),,,,trung tâm thông tin chiến đấu,FALSE,,,img_1421.jpg,FALSE
1421,Military Dictionary,CIC (combat information centre),,,,trung tâm thông tin (cấp) chiến thuật,FALSE,,,img_1421.jpg,FALSE
1421,Military Dictionary,CIC (combat intelligence center) (Marine Force),,,,trung tâm tình báo chiến đấu (thuỷ quân lục chiến),FALSE,,,img_1421.jpg,FALSE
1421,Military Dictionary,CIC (combined intelligence center),,,,trung tâm tình báo (binh chủng) hợp thành,FALSE,,,img_1421.jpg,FALSE
1421,Military Dictionary,CIC (commander-in-chief),,,,tổng tư lệnh; tư lệnh (quân khu),FALSE,,,img_1421.jpg,FALSE
1421,Military Dictionary,CIC (communications interface controller),,,,sĩ quan kiểm soát giao diện thông tin liên lạc,FALSE,,,img_1421.jpg,FALSE
1421,Military Dictionary,CIC (content indicator code),,,,mã chỉ thị nội dung,FALSE,,,img_1421.jpg,FALSE
1421,Military Dictionary,CIC (counterintelligence center),,,,trung tâm phản tình báo; trung tâm phản gián,FALSE,,,img_1421.jpg,FALSE
1421,Military Dictionary,CIC (Counterintelligence Corps),,,,ngành phản gián; cục phản gián,FALSE,,,img_1421.jpg,FALSE
1421,Military Dictionary,CIC (Criminal Investigation Corps) (Mỹ),,,,cục điều tra tội ác (lục quân),FALSE,,,img_1421.jpg,FALSE
1421,Military Dictionary,CID (combat identification),,,,sự nhận dạng chiến đấu,FALSE,,,img_1421.jpg,FALSE
1422,Military Dictionary,CID (combat intelligence division),,,,phòng tình báo chiến đấu,FALSE,,,img_1422.jpg,FALSE
1422,Military Dictionary,CID (Committee of Imperial Defense),,,,uỷ ban phòng vệ đế chế,FALSE,,,img_1422.jpg,FALSE
1422,Military Dictionary,CID (criminal investigation division),,,,phòng điều tra tội phạm,FALSE,,,img_1422.jpg,FALSE
1422,Military Dictionary,CIDB (common intelligence data base),,,,cơ sở dữ liệu tình báo chung,FALSE,,,img_1422.jpg,FALSE
1422,Military Dictionary,CIDC (criminal investigation division commander),,,,trưởng phòng điều tra tội phạm,FALSE,,,img_1422.jpg,FALSE
1422,Military Dictionary,CIDIS (combat information display system),,,,hệ thống hiển thị thông tin (cấp) chiến thuật,FALSE,,,img_1422.jpg,FALSE
1422,Military Dictionary,CIEG/CIEL (common information exchange glossary and language),,,,bảng chú giải thuật ngữ và ngôn ngữ trao đổi thông tin chung,FALSE,,,img_1422.jpg,FALSE
1422,Military Dictionary,"CIF (cost, insurance, freight)",,,,đơn giá bao gồm cả bảo hiểm và cước vận tải,FALSE,,,img_1422.jpg,FALSE
1422,Military Dictionary,CIFV (Composite Infantry Fighting Vehicle),,,,xe chiến đấu bộ binh vỏ compôzit,FALSE,,,img_1422.jpg,FALSE
1422,Military Dictionary,CIG (communications interface group),,,,nhóm giao diện thông tin liên lạc,FALSE,,,img_1422.jpg,FALSE
1422,Military Dictionary,CIHO (counterintelligence/human intelligence officer),,,,sĩ quan phản gián/tình báo con người,FALSE,,,img_1422.jpg,FALSE
1422,Military Dictionary,CIJ (close-in jamming),,,,sự gây nhiễu phạm vi gần,FALSE,,,img_1422.jpg,FALSE
1422,Military Dictionary,CIL (critical item list),,,,"danh mục các mặt hàng thiết yếu, danh mục nhu yếu phẩm",FALSE,,,img_1422.jpg,FALSE
1422,Military Dictionary,CILO (counterintelligence liaison officer),,,,sĩ quan liên lạc phản gián,FALSE,,,img_1422.jpg,FALSE
1422,Military Dictionary,CIMIC (civil-military cooperation),,,,sự hợp tác quân - dân sự (trong hoạt động gìn giữ hoà bình),FALSE,,,img_1422.jpg,FALSE
1422,Military Dictionary,CINC (combatant commander),,,,người chỉ huy chiến đấu,FALSE,,,img_1422.jpg,FALSE
1422,Military Dictionary,CINC (commander of a combatant command),,,,tư lệnh (trưởng) của một bộ tư lệnh chiến đấu,FALSE,,,img_1422.jpg,FALSE
1422,Military Dictionary,CINC; CinC (commander-in-chief),,,,"tổng tư lệnh; tư lệnh (quân khu, quân chủng, hạm đội, mặt trận)",FALSE,,,img_1422.jpg,FALSE
1422,Military Dictionary,"CINCAAFCE (Commander-in-Chief, Allied Air Forces, Central Europe)",,,,tổng tư lệnh các lực lượng không quân liên quân NATO ở khu vực Trung Âu,FALSE,,,img_1422.jpg,FALSE
1422,Military Dictionary,"CINCAFLANT (Commander-in-Chief, United States Air Forces, Atlantic)",,,,tổng tư lệnh các lực lượng không quân Mỹ ở Đại Tây Dương,FALSE,,,img_1422.jpg,FALSE
1422,Military Dictionary,"CINCAFMED (Commander-in-Chief, Allied Forces, Mediterranean)",,,,tổng tư lệnh lực lượng liên quân NATO ở khu vực Địa Trung Hải,FALSE,,,img_1422.jpg,FALSE
1422,Military Dictionary,"CINCAFSTRIKE (Commander-in-Chief, United States Air Forces, Strike)",,,,tổng tư lệnh lực lượng không quân xung kích Mỹ,FALSE,,,img_1422.jpg,FALSE
1422,Military Dictionary,"CINCAIRCENT (Commander-in-Chief, Allied Air Forces, Central Europe)",,,,tổng tư lệnh các lực lượng không quân liên quân NATO ở khu vực Trung Âu,FALSE,,,img_1422.jpg,FALSE
1422,Military Dictionary,"CINCAL (Commander-in-Chief, Alaska)",,,,tổng tư lệnh quân đội Mỹ ở Alátxca,FALSE,,,img_1422.jpg,FALSE
1422,Military Dictionary,"CINCARLANT (Commander-in-Chief, United States Army Forces, Atlantic)",,,,tổng tư lệnh lục quân Mỹ ở Đại Tây Dương,FALSE,,,img_1422.jpg,FALSE
1422,Military Dictionary,"CINCARSTRIKE (Commander-in-Chief, United States Army Forces, Strike)",,,,tổng tư lệnh lực lượng lục quân xung kích Mỹ,FALSE,,,img_1422.jpg,FALSE
1422,Military Dictionary,"CINCEASTLANT (Commander-in-Chief, Eastern Atlantic Area)",,,,tổng tư lệnh lực lượng liên quân NATO khu vực Đông Đại Tây Dương,FALSE,,,img_1422.jpg,FALSE
1422,Military Dictionary,"CINCENT (Commander-in-Chief, Allied Forces, Central Europe)",,,,tổng tư lệnh lực lượng liên quân NATO ở khu vực Trung Âu,FALSE,,,img_1422.jpg,FALSE
1422,Military Dictionary,"CINCEUR (Commander-in-Chief, Europe)",,,,tổng tư lệnh quân đội Mỹ ở châu Âu,FALSE,,,img_1422.jpg,FALSE
1422,Military Dictionary,"CINCHAN (Allied Commander-in-Chief, Channel)",,,,tổng tư lệnh liên quân NATO ở vùng vịnh Măngsơ,FALSE,,,img_1422.jpg,FALSE
1422,Military Dictionary,"CINCHOME (Commander-in-Chief, Home Station) (Anh)",,,,tư lệnh (trưởng) trạm hải quân mẫu quốc,FALSE,,,img_1422.jpg,FALSE
1423,Military Dictionary,"CINCLANDCENT (Commander-in-Chief, Allied Land Forces, Central Europe)",,,,tổng tư lệnh các lực lượng lục quân của liên quân NATO ở khu vực Trung Âu,FALSE,,,img_1423.jpg,FALSE
1423,Military Dictionary,"CINCLANT (Commander-in-Chief, Atlantic Fleet)",,,,tư lệnh (trưởng) hạm đội Đại Tây Dương,FALSE,,,img_1423.jpg,FALSE
1423,Military Dictionary,"CINCMAIRCHAN (Allied Maritime Air Commander-in-Chief, Channel)",,,,tổng tư lệnh lực lượng không quân của hải quân NATO ở vùng vịnh Măngsơ,FALSE,,,img_1423.jpg,FALSE
1423,Military Dictionary,"CINCMED (Commander-in-Chief, British Naval Forces in Mediterranean)",,,,tư lệnh (trưởng) lực lượng hải quân vương quốc Anh ở Địa Trung Hải,FALSE,,,img_1423.jpg,FALSE
1423,Military Dictionary,"CINCNORAD (Commander-in-Chief, North American Air Defense Command)",,,,tư lệnh (trưởng) bộ tư lệnh phòng không Bắc Mỹ,FALSE,,,img_1423.jpg,FALSE
1423,Military Dictionary,"CINCNORTH (Commander-in-Chief, Allied Forces, Northern Europe)",,,,tổng tư lệnh lực lượng liên quân NATO ở khu vực Bắc Âu,FALSE,,,img_1423.jpg,FALSE
1423,Military Dictionary,"CINCONAD (Commander-in-Chief, Continental Air Defense Command)",,,,tư lệnh trưởng bộ tư lệnh phòng không phần lục địa nước Mỹ,FALSE,,,img_1423.jpg,FALSE
1423,Military Dictionary,"CINCPAC (Commander-in-Chief, Pacific)",,,,tư lệnh trưởng quân đội Mỹ ở khu vực Thái Bình Dương,FALSE,,,img_1423.jpg,FALSE
1423,Military Dictionary,"CincPoa (Commander-in-Chief, Pacific Ocean Area)",,,,tổng tư lệnh lực lượng vùng biển Thái Bình Dương,FALSE,,,img_1423.jpg,FALSE
1423,Military Dictionary,"CINCSA (Commander-in-Chief, South Atlantic)",,,,tổng tư lệnh lực lượng liên quân NATO ở khu vực Nam Đại Tây Dương,FALSE,,,img_1423.jpg,FALSE
1423,Military Dictionary,"CINCSAC (Commander-in-Chief, Strategic Air Command)",,,,tư lệnh (trưởng) bộ tư lệnh không quân chiến lược,FALSE,,,img_1423.jpg,FALSE
1423,Military Dictionary,"CINCSOUTH (Commander-in-Chief, Allied Forces, Southern Europe)",,,,tổng tư lệnh lực lượng liên quân NATO ở khu vực Nam Âu,FALSE,,,img_1423.jpg,FALSE
1423,Military Dictionary,"CINCSPECOMME (Commander-in-Chief, Specified Command, Middle East)",,,,tư lệnh (trưởng) bộ tư lệnh đặc biệt của quân đội Mỹ ở Trung Cận Đông,FALSE,,,img_1423.jpg,FALSE
1423,Military Dictionary,"CINCSTRIKE (Commander-in-Chief, United States Strike Command)",,,,tư lệnh (trưởng) bộ tư lệnh đột kích Mỹ,FALSE,,,img_1423.jpg,FALSE
1423,Military Dictionary,"CINCUNC (Commander-in-Chief, United Nations Command)",,,,tư lệnh (trưởng) lực lượng Liên hiệp quốc,FALSE,,,img_1423.jpg,FALSE
1423,Military Dictionary,"CINCUSAFE (Commander-in-Chief, United States Air Forces, Europe)",,,,tư lệnh (trưởng) không quân Mỹ ở châu Âu,FALSE,,,img_1423.jpg,FALSE
1423,Military Dictionary,"CINCUSAREUR (Commander-in-Chief, United States Army, Europe)",,,,tư lệnh (trưởng) lục quân Mỹ ở châu Âu,FALSE,,,img_1423.jpg,FALSE
1423,Military Dictionary,"CINCUSARPAC (Commander-in-Chief, United States Army, Pacific)",,,,tư lệnh (trưởng) lục quân Mỹ ở vùng Thái Bình Dương,FALSE,,,img_1423.jpg,FALSE
1423,Military Dictionary,"CINCUSEUCOM (Commander-in-Chief, United States European Command)",,,,tổng tư lệnh lực lượng vũ trang Mỹ ở châu Âu,FALSE,,,img_1423.jpg,FALSE
1423,Military Dictionary,"CINCWESTLANT (Commander-in-Chief, Western Atlantic Area)",,,,tổng tư lệnh lực lượng liên quân NATO ở khu vực tây Đại Tây Dương,FALSE,,,img_1423.jpg,FALSE
1423,Military Dictionary,CINFO (Chief of Information),,,,chỉ huy trưởng ngành thông tin; chủ nhiệm ngành thông tin,FALSE,,,img_1423.jpg,FALSE
1423,Military Dictionary,cinsgcy (counterinsurgency),,,,"hoạt động chống du kích, hoạt động cảnh sát",FALSE,,,img_1423.jpg,FALSE
1423,Military Dictionary,"CINTC (Chief, Intelligence Corps)",,,,chỉ huy trưởng ngành trinh sát; chủ nhiệm ngành trinh sát,FALSE,,,img_1423.jpg,FALSE
1423,Military Dictionary,CIO (Central Imagery Office) (Mỹ),,,,phòng tư liệu ảnh trung ương,FALSE,,,img_1423.jpg,FALSE
1423,Military Dictionary,CIP (communications interface processor),,,,nhân viên xử lý giao diện thông tin liên lạc,FALSE,,,img_1423.jpg,FALSE
1423,Military Dictionary,CIPSU (communications interface processor pseudo line),,,,sĩ quan xử lý tuyến giao diện thông tin liên lạc giả,FALSE,,,img_1423.jpg,FALSE
1423,Military Dictionary,cir (circular),,,,"bản thông tư, bản thông tri; vòng tròn, hình vòng; tuần hoàn",FALSE,,,img_1423.jpg,FALSE
1423,Military Dictionary,CIR (continuing intelligence requirement),,,,nhu cầu về tin tức tình báo liên tục,FALSE,,,img_1423.jpg,FALSE
1424,Military Dictionary,CIRVIS (communications instructions for reporting vital intelligence sightings),,,,các chỉ thị về thông tin liên lạc báo cáo những phát hiện tình báo trọng yếu,FALSE,,,img_1424.jpg,FALSE
1424,Military Dictionary,CIS (close-in support),,,,chi viện (hỏa lực) trực tiếp,FALSE,,,img_1424.jpg,FALSE
1424,Military Dictionary,CIS (combat identification system),,,,hệ thống nhận biết địch - ta (cấp) chiến thuật,FALSE,,,img_1424.jpg,FALSE
1424,Military Dictionary,CIS (command information system),,,,"hệ thống thông tin (phục vụ) chỉ huy, hệ thống thu thập thông tin bảo đảm chỉ huy",FALSE,,,img_1424.jpg,FALSE
1424,Military Dictionary,CIS (command intelligence system),,,,hệ thống tình báo (phục vụ) chỉ huy,FALSE,,,img_1424.jpg,FALSE
1424,Military Dictionary,CIS (common item support),,,,sự bảo đảm đồ tiếp tế chung; sự bảo đảm hàng tiếp tế thông thường,FALSE,,,img_1424.jpg,FALSE
1424,Military Dictionary,CIS (Commonwealth of Independent States),,,,khối cộng đồng các quốc gia độc lập,FALSE,,,img_1424.jpg,FALSE
1424,Military Dictionary,CIS (communication & information system),,,,tổ hợp truyền tin và thông tin,FALSE,,,img_1424.jpg,FALSE
1424,Military Dictionary,CIS (communications interface shelter),,,,nơi cất giấu giao diện thông tin liên lạc,FALSE,,,img_1424.jpg,FALSE
1424,Military Dictionary,CISO (counterintelligence support officer),,,,sĩ quan phục vụ ngành phản gián,FALSE,,,img_1424.jpg,FALSE
1424,Military Dictionary,cit (citation),,,,"sự biểu dương, sự tuyên dương",FALSE,,,img_1424.jpg,FALSE
1424,Military Dictionary,CITV (commander's independent thermal viewer) (Mỹ),,,,khí tài quan sát hồng ngoại riêng của trưởng xe,FALSE,,,img_1424.jpg,FALSE
1424,Military Dictionary,CIU (control interface unit),,,,khối giao diện điều khiển,FALSE,,,img_1424.jpg,FALSE
1424,Military Dictionary,CIV; civ (civilian),,,,"(thuộc) dân sự, (thuộc) thường dân; (thuộc) dân dụng",FALSE,,,img_1424.jpg,FALSE
1424,Military Dictionary,CIWG (communications interoperability working group),,,,nhóm làm việc phối hợp vận hành thông tin liên lạc,FALSE,,,img_1424.jpg,FALSE
1424,Military Dictionary,CIWS (close-in weapon system),,,,hệ thống vũ khí đánh gần; hệ thống vũ khí phòng thủ tên lửa giai đoạn cuối (đánh trả các tên lửa chống tàu ở giai đoạn cuối đường bay),FALSE,,,img_1424.jpg,FALSE
1424,Military Dictionary,"CJATF (commander, joint amphibious task force)",,,,chỉ huy trưởng lực lượng đặc nhiệm xe lội nước liên quân,FALSE,,,img_1424.jpg,FALSE
1424,Military Dictionary,"CJCS (Chairman, Joint Chiefs of Staff)",,,,chủ tịch hội đồng tham mưu trưởng liên quân,FALSE,,,img_1424.jpg,FALSE
1424,Military Dictionary,CJCSAN (Chairman of the Joint Chiefs of Staff Alerting Network),,,,mạng lưới báo động của chủ tịch hội đồng tham mưu trưởng liên quân,FALSE,,,img_1424.jpg,FALSE
1424,Military Dictionary,CJCSI (Chairman of the Joint Chiefs of Staff instruction),,,,chỉ lệnh của chủ tịch hội đồng tham mưu trưởng liên quân,FALSE,,,img_1424.jpg,FALSE
1424,Military Dictionary,CJCSM (Chairman of the Joint Chiefs of Staff Manual),,,,cẩm nang của chủ tịch hội đồng tham mưu trưởng liên quân,FALSE,,,img_1424.jpg,FALSE
1424,Military Dictionary,CJDA (critical joint duty assignment),,,,sự giao nhiệm vụ trọng trách của liên quân,FALSE,,,img_1424.jpg,FALSE
1424,Military Dictionary,CJMAO (Central Joint Mortuary Affairs Office),,,,văn phòng trung ương liên quân về các vấn đề tử vong,FALSE,,,img_1424.jpg,FALSE
1424,Military Dictionary,"CJMAO (Chief, joint mortuary affairs office)",,,,trưởng phòng liên quân về các vấn đề tử vong,FALSE,,,img_1424.jpg,FALSE
1424,Military Dictionary,CJS (Canadian Joint Staff),,,,bộ tham mưu hỗn hợp Canada,FALSE,,,img_1424.jpg,FALSE
1424,Military Dictionary,CJTF (combined joint task force) (NATO),,,,lực lượng đặc nhiệm hợp thành của liên quân (NATO),FALSE,,,img_1424.jpg,FALSE
1424,Military Dictionary,"CJTF (commander, joint task force)",,,,tư lệnh (trưởng) lực lượng đặc nhiệm liên quân,FALSE,,,img_1424.jpg,FALSE
1424,Military Dictionary,CK (Cape Kennedy),,,,trường bắn thử nghiệm tên lửa Capơ Kennơdy,FALSE,,,img_1424.jpg,FALSE
1424,Military Dictionary,CKMTA (Cape Kennedy Missile Test Area),,,,vùng thử tên lửa ở Capơ Kennơdy,FALSE,,,img_1424.jpg,FALSE
1424,Military Dictionary,ckt (circuit),,,,tuyến (liên lạc); mạch; mạng (lưới); sơ đồ,FALSE,,,img_1424.jpg,FALSE
1424,Military Dictionary,CL; C/L (carload),,,,toa tàu (đơn vị trọng lượng); lô hàng trên toa tàu,FALSE,,,img_1424.jpg,FALSE
1424,Military Dictionary,CL (center line),,,,trung tuyến (của một chiếc tàu); trục di chuyển,FALSE,,,img_1424.jpg,FALSE
1424,Military Dictionary,CL (close-in),,,,tiếp cận,FALSE,,,img_1424.jpg,FALSE
1424,Military Dictionary,CL (light cruiser),,,,tàu tuần dương hạng nhẹ,FALSE,,,img_1424.jpg,FALSE
1424,Military Dictionary,CLA (landing craft air cushion launch area),,,,khu vực phóng tàu đổ bộ chạy trên đệm không khí,FALSE,,,img_1424.jpg,FALSE
1425,Military Dictionary,CLAA (anti-aircraft light cruiser),,,,tàu tuần dương phòng không hạng nhẹ,FALSE,,,img_1425.jpg,FALSE
1425,Military Dictionary,CLAM (chemical low-altitude missile),,,,tên lửa hóa học tầm thấp,FALSE,,,img_1425.jpg,FALSE
1425,Military Dictionary,CLAMS (clear lane marking system) (Mỹ),,,,hệ thống móc tiêu cửa mở qua bãi mìn,FALSE,,,img_1425.jpg,FALSE
1425,Military Dictionary,clas (classified),,,,"mật (tài liệu, hồ sơ)",FALSE,,,img_1425.jpg,FALSE
1425,Military Dictionary,CLAS (classify(ication)),,,,mật; sự phân loại độ mật; sự thẩm định khả năng thích hợp với yêu cầu quân sự,FALSE,,,img_1425.jpg,FALSE
1425,Military Dictionary,CLAS (computerized laser sight system),,,,tổ hợp máy ngắm lade (có) máy tính hỗ trợ,FALSE,,,img_1425.jpg,FALSE
1425,Military Dictionary,CLASS (coherent laser radar airborne shear sensor),,,,xenxơ chuyển vị rada tương thích lade (đặt) trên máy bay,FALSE,,,img_1425.jpg,FALSE
1425,Military Dictionary,CLAW (close combat light armor weapon system) (Mỹ),,,,tổ hợp vũ khí đánh gần đặt trên xe bọc thép hạng nhẹ,FALSE,,,img_1425.jpg,FALSE
1425,Military Dictionary,CLAW (close light assault weapon),,,,vũ khí đánh gần hạng nhẹ,FALSE,,,img_1425.jpg,FALSE
1425,Military Dictionary,CLAWS (Close Combat Light Armor Weapon System) (US),,,,hệ thống vũ khí đánh gần trên xe bọc thép hạng nhẹ (Mỹ),FALSE,,,img_1425.jpg,FALSE
1425,Military Dictionary,CLC (charge linear cutting),,,,lượng nổ cắt (vỏ) giáp,FALSE,,,img_1425.jpg,FALSE
1425,Military Dictionary,CLD (communications logistics depot),,,,trạm bảo đảm hậu cần - kỹ thuật thông tin liên lạc,FALSE,,,img_1425.jpg,FALSE
1425,Military Dictionary,CLEA (civilian law enforcement agency),,,,cơ quan thực thi luật pháp dân sự,FALSE,,,img_1425.jpg,FALSE
1425,Military Dictionary,CLEWP (clear lane explosive widening path charge),,,,lượng nổ mở cửa mở,FALSE,,,img_1425.jpg,FALSE
1425,Military Dictionary,CLF (combat logistics force),,,,lực lượng hậu cần chiến đấu,FALSE,,,img_1425.jpg,FALSE
1425,Military Dictionary,"CLF (commander, landing force)",,,,chỉ huy trưởng lực lượng đổ bộ,FALSE,,,img_1425.jpg,FALSE
1425,Military Dictionary,CLG (light guided-missile cruiser),,,,tàu tuần dương hạng nhẹ trang bị tên lửa có điều khiển,FALSE,,,img_1425.jpg,FALSE
1425,Military Dictionary,CLGP (cannon-launched guided projectile),,,,đạn pháo có điều khiển,FALSE,,,img_1425.jpg,FALSE
1425,Military Dictionary,CL1 Sup (class 1 supplies),,,,hàng tiếp tế hạng 1 (lương thực hàng ngày),FALSE,,,img_1425.jpg,FALSE
1425,Military Dictionary,CLIPS (communications link interface planning system),,,,hệ thống lập kế hoạch giao diện liên kết thông tin liên lạc,FALSE,,,img_1425.jpg,FALSE
1425,Military Dictionary,clm (column),,,,"đoàn quân, đoàn xe; đội hình hàng dọc",FALSE,,,img_1425.jpg,FALSE
1425,Military Dictionary,clnc (clearance),,,,"sự dọn quang; sự rà quét mìn; khả năng vượt vật cản; (hq) sự rời bến; khe hở, khoảng trống; nghỉ phép; giải ngũ",FALSE,,,img_1425.jpg,FALSE
1425,Military Dictionary,CLO (chief liaison officer),,,,sĩ quan cao cấp thông tin liên lạc,FALSE,,,img_1425.jpg,FALSE
1425,Military Dictionary,CLO (clothing),,,,quân trang,FALSE,,,img_1425.jpg,FALSE
1425,Military Dictionary,CLOS (command to line-of-sight),,,,lập lệnh theo đường ngắm,FALSE,,,img_1425.jpg,FALSE
1425,Military Dictionary,CLPSB (CINC Logistic Procurement Support Board),,,,hội đồng hỗ trợ mua sắm hậu cần của tư lệnh trưởng,FALSE,,,img_1425.jpg,FALSE
1425,Military Dictionary,clr (clear),,,,"được phép, đã phê chuẩn",FALSE,,,img_1425.jpg,FALSE
1425,Military Dictionary,CLR; clr (clearing),,,,sự phát quang; sự dọn sạch; (hq) sự rời bến,FALSE,,,img_1425.jpg,FALSE
1425,Military Dictionary,Clr Co (clearing company),,,,đại đội phân loại (của tiểu đoàn quân y); đại đội tải thương,FALSE,,,img_1425.jpg,FALSE
1425,Military Dictionary,CLRS (central launch and recovery section),,,,bộ phận phóng và thu hồi trung tâm,FALSE,,,img_1425.jpg,FALSE
1425,Military Dictionary,CLS (capsule launch system),,,,hệ thống capxun phóng khoang kín (chở người),FALSE,,,img_1425.jpg,FALSE
1425,Military Dictionary,CLS (contractor logistic support),,,,sự bảo đảm hậu cần theo hình thức thầu khoán; sự bảo đảm hậu cần - kỹ thuật bằng nhà thầu,FALSE,,,img_1425.jpg,FALSE
1425,Military Dictionary,CIV POL (civilian police),,,,"cảnh sát dân sự, dân cảnh",FALSE,,,img_1425.jpg,FALSE
1425,Military Dictionary,CLZ (craft landing zone),,,,khu vực cập bờ của phương tiện đổ bộ,FALSE,,,img_1425.jpg,FALSE
1425,Military Dictionary,CLZ (cushion landing zone) (Anh),,,,khu vực đổ bộ có đệm giảm va,FALSE,,,img_1425.jpg,FALSE
1425,Military Dictionary,CM (Chairman's memorandum),,,,bản ghi nhớ của chủ tịch hội đồng tham mưu trưởng liên quân,FALSE,,,img_1425.jpg,FALSE
1425,Military Dictionary,CM (collection manager),,,,sĩ quan điều hành công tác thu thập,FALSE,,,img_1425.jpg,FALSE
1426,Military Dictionary,CM (configuration management),,,,sự quản lý cấu hình,FALSE,,,img_1426.jpg,FALSE
1426,Military Dictionary,CM (consequence management),,,,sự quản lý hậu quả,FALSE,,,img_1426.jpg,FALSE
1426,Military Dictionary,CM (control modem),,,,môđem kiểm soát,FALSE,,,img_1426.jpg,FALSE
1426,Military Dictionary,CM (countermine),,,,chống mìn; (hq) chống thuỷ lôi,FALSE,,,img_1426.jpg,FALSE
1426,Military Dictionary,CM (court martial),,,,toà án quân sự,FALSE,,,img_1426.jpg,FALSE
1426,Military Dictionary,CM (cruise missile),,,,tên lửa hành trình,FALSE,,,img_1426.jpg,FALSE
1426,Military Dictionary,CMA (collection management authority),,,,cơ quan quản lý thu thập; thẩm quyền điều hành thu thập,FALSE,,,img_1426.jpg,FALSE
1426,Military Dictionary,CMAG (cruise missile advanced guidance),,,,thiết bị điều khiển cải tiến dùng cho tên lửa hành trình,FALSE,,,img_1426.jpg,FALSE
1426,Military Dictionary,CMAH (commander of a combatant command's Mobile Alternate Headquarters),,,,sở chỉ huy dự bị cơ động của tư lệnh (trưởng) bộ chỉ huy chiến đấu,FALSE,,,img_1426.jpg,FALSE
1426,Military Dictionary,cmbt (combat),,,,trận chiến đấu; chiến đấu; chiến thuật,FALSE,,,img_1426.jpg,FALSE
1426,Military Dictionary,CMC (Commandant of the Marine Corps),,,,tư lệnh (trưởng) binh chủng thuỷ quân lục chiến; tư lệnh (trưởng) lực lượng lính thuỷ đánh bộ,FALSE,,,img_1426.jpg,FALSE
1426,Military Dictionary,CMC (cruise missile carrier),,,,phương tiện mang tên lửa hành trình,FALSE,,,img_1426.jpg,FALSE
1426,Military Dictionary,cmd (command),,,,"bộ tư lệnh, bộ chỉ huy; mệnh lệnh; binh đoàn; cụm quân",FALSE,,,img_1426.jpg,FALSE
1426,Military Dictionary,CMD (cruise missile defense),,,,phòng thủ tên lửa hành trình,FALSE,,,img_1426.jpg,FALSE
1426,Military Dictionary,CMD (countermeasures dispenser),,,,thiết bị thả vật phản xạ chống tác chiến điện tử,FALSE,,,img_1426.jpg,FALSE
1426,Military Dictionary,cmdr (commander),,,,"tư lệnh (trưởng), người chỉ huy, chỉ huy trưởng; (hq) trung tá",FALSE,,,img_1426.jpg,FALSE
1426,Military Dictionary,CMDS (countermeasures dispenser system),,,,hệ thống phóng rải phương tiện chống tác chiến điện tử,FALSE,,,img_1426.jpg,FALSE
1426,Military Dictionary,CME (counter-mine equipment),,,,thiết bị chống mìn; (hq) thiết bị chống thủy lôi,FALSE,,,img_1426.jpg,FALSE
1426,Military Dictionary,CMIK (cruise missile integration kit),,,,bộ tích hợp tên lửa hành trình,FALSE,,,img_1426.jpg,FALSE
1426,Military Dictionary,cml (chemical),,,,(thuộc) hoá học,FALSE,,,img_1426.jpg,FALSE
1426,Military Dictionary,CML AGT (chemical agent),,,,chất độc hóa học,FALSE,,,img_1426.jpg,FALSE
1426,Military Dictionary,Cml Bn (chemical battalion),,,,tiểu đoàn hoá học,FALSE,,,img_1426.jpg,FALSE
1426,Military Dictionary,"CML Co, SG (chemical company, smoke generator)",,,,"đại đội hoá học, xe phun khói",FALSE,,,img_1426.jpg,FALSE
1426,Military Dictionary,CMLC (Chemical Corps),,,,"binh chủng hoá học, ngành hoá học",FALSE,,,img_1426.jpg,FALSE
1426,Military Dictionary,CMLOPS (chemical operations),,,,sự sử dụng chất độc hoá học,FALSE,,,img_1426.jpg,FALSE
1426,Military Dictionary,CMO (chief military observer),,,,trưởng quan sát viên quân sự,FALSE,,,img_1426.jpg,FALSE
1426,Military Dictionary,CMO (civil-military operations),,,,các hoạt động quân - dân sự,FALSE,,,img_1426.jpg,FALSE
1426,Military Dictionary,CMO (collection management office),,,,văn phòng điều hành thu thập,FALSE,,,img_1426.jpg,FALSE
1426,Military Dictionary,CMO (confidential monthly order),,,,mệnh lệnh mật hàng tháng,FALSE,,,img_1426.jpg,FALSE
1426,Military Dictionary,CMO (configuration management office),,,,văn phòng quản lý cấu hình,FALSE,,,img_1426.jpg,FALSE
1426,Military Dictionary,CMO (court-martial order),,,,quyết định của toà án quân sự,FALSE,,,img_1426.jpg,FALSE
1426,Military Dictionary,CMOC (Cheyenne Mountain Operations Center),,,,"trung tâm tác chiến địa hình rừng núi ""Cheyenne""",FALSE,,,img_1426.jpg,FALSE
1426,Military Dictionary,CMOC (civil-military operations center),,,,trung tâm hoạt động quân - dân sự,FALSE,,,img_1426.jpg,FALSE
1426,Military Dictionary,CMP (communications message processor),,,,thiết bị xử lý tin điện thông tin liên lạc,FALSE,,,img_1426.jpg,FALSE
1426,Military Dictionary,CMP (Corps of Military Police),,,,"quân cảnh, hiến binh",FALSE,,,img_1426.jpg,FALSE
1426,Military Dictionary,CMP (countermeasures precursor),,,,dấu hiệu đối phó (của địch),FALSE,,,img_1426.jpg,FALSE
1426,Military Dictionary,CMPS (Combined Military Planning Staff),,,,nhóm lập kế hoạch quân sự liên quân,FALSE,,,img_1426.jpg,FALSE
1426,Military Dictionary,CMPT; cmpt (computer),,,,"máy vi tính, máy tính",FALSE,,,img_1426.jpg,FALSE
1426,Military Dictionary,CMRS (countermeasures receiver system),,,,tổ hợp máy thu chống tác chiến điện tử,FALSE,,,img_1426.jpg,FALSE
1427,Military Dictionary,CMS (cockpit management system),,,,hệ thống điều khiển buồng lái,FALSE,,,img_1427.jpg,FALSE
1427,Military Dictionary,CMS (combat management system),,,,hệ thống quản lí (cấp) chiến thuật,FALSE,,,img_1427.jpg,FALSE
1427,Military Dictionary,CMS (combat mission simulator) (kq),,,,thiết bị mô phỏng phi vụ chiến đấu; thiết bị mô phỏng nhiệm vụ chiến đấu,FALSE,,,img_1427.jpg,FALSE
1427,Military Dictionary,CMS (command management system),,,,hệ thống quản lý chỉ huy,FALSE,,,img_1427.jpg,FALSE
1427,Military Dictionary,CMS (community management staff),,,,cơ quan quản lý cộng đồng,FALSE,,,img_1427.jpg,FALSE
1427,Military Dictionary,CMS (community security materiel system),,,,hệ thống trang bị kỹ thuật (chiến đấu) bảo đảm an ninh cộng đồng,FALSE,,,img_1427.jpg,FALSE
1427,Military Dictionary,CMS (contingency mutual support),,,,sự chi viện tương hỗ trong tình trạng khẩn cấp,FALSE,,,img_1427.jpg,FALSE
1427,Military Dictionary,CMSGT (chief master sergeant),,,,trung sĩ trưởng hành chính,FALSE,,,img_1427.jpg,FALSE
1427,Military Dictionary,CMT (critical military target),,,,"mục tiêu quân sự trọng yếu, mục tiêu quân sự hiểm yếu",FALSE,,,img_1427.jpg,FALSE
1427,Military Dictionary,CMTC (Citizens Military Training Camp),,,,trại huấn luyện quân sự cho thường dân,FALSE,,,img_1427.jpg,FALSE
1427,Military Dictionary,CMTCU (Communication Message Traffic Control Unit),,,,đơn vị điều phối các kênh thông tin liên lạc,FALSE,,,img_1427.jpg,FALSE
1427,Military Dictionary,CMTU (cartridge magnetic tape unit),,,,đơn vị hộp băng từ,FALSE,,,img_1427.jpg,FALSE
1427,Military Dictionary,CMU (course measuring unit),,,,bộ đo lộ trình,FALSE,,,img_1427.jpg,FALSE
1427,Military Dictionary,CMX (crisis management exercise),,,,cuộc diễn tập kiểm soát tình trạng khủng hoảng,FALSE,,,img_1427.jpg,FALSE
1427,Military Dictionary,CN (counternarcotic),,,,chống ma túy,FALSE,,,img_1427.jpg,FALSE
1427,Military Dictionary,CNA (computer network attack),,,,(cuộc) tiến công vào mạng máy tính,FALSE,,,img_1427.jpg,FALSE
1427,Military Dictionary,CNASP (chairman's net assessment for strategic planning),,,,mạng lưới đánh giá (tình hình) của chủ tịch hội đồng tham mưu trưởng liên quân để lập kế hoạch chiến lược,FALSE,,,img_1427.jpg,FALSE
1427,Military Dictionary,CNB (Canadian Naval Board),,,,hội đồng hải quân Canada,FALSE,,,img_1427.jpg,FALSE
1427,Military Dictionary,CNCE (communications nodal control element),,,,bộ phận kiểm soát đầu mối thông tin liên lạc,FALSE,,,img_1427.jpg,FALSE
1427,Military Dictionary,CND (computer network defense),,,,bảo vệ mạng máy tính,FALSE,,,img_1427.jpg,FALSE
1427,Military Dictionary,"CNGB (Chief, National Guard Bureau)",,,,cục trưởng cục cảnh vệ quốc gia,FALSE,,,img_1427.jpg,FALSE
1427,Military Dictionary,CNI (Chief of Naval Intelligence),,,,cục trưởng cục tình báo hải quân; chỉ huy trưởng ngành trinh sát hải quân; chủ nhiệm trinh sát hải quân,FALSE,,,img_1427.jpg,FALSE
1427,Military Dictionary,CNO (Chief of Naval Operations),,,,chỉ huy trưởng chiến dịch hải quân; tổng tham mưu trưởng lực lượng hải quân Mỹ,FALSE,,,img_1427.jpg,FALSE
1427,Military Dictionary,"CNOG (Chairman, Nuclear Operations Group)",,,,chủ tịch cụm tác chiến hạt nhân,FALSE,,,img_1427.jpg,FALSE
1427,Military Dictionary,CNR (combat net radio),,,,máy vô tuyến mạng chiến thuật,FALSE,,,img_1427.jpg,FALSE
1427,Military Dictionary,"CNRF (Commander, Naval Reserve Forces)",,,,chỉ huy trưởng lực lượng dự bị hải quân,FALSE,,,img_1427.jpg,FALSE
1427,Military Dictionary,Cntr (container),,,,thùng; vỏ,FALSE,,,img_1427.jpg,FALSE
1427,Military Dictionary,CNTY (country),,,,nước (quốc gia),FALSE,,,img_1427.jpg,FALSE
1427,Military Dictionary,CNWDI (critical nuclear weapons design information),,,,thông tin thiết kế vũ khí hạt nhân thiết yếu,FALSE,,,img_1427.jpg,FALSE
1427,Military Dictionary,CO (combined operation),,,,chiến dịch (hiệp đồng) đổ bộ đường biển,FALSE,,,img_1427.jpg,FALSE
1427,Military Dictionary,CO (Commanding Officer),,,,"người chỉ huy (đơn vị, phân đội), sĩ quan chỉ huy",FALSE,,,img_1427.jpg,FALSE
1427,Military Dictionary,CO; coy (company),,,,đại đội,FALSE,,,img_1427.jpg,FALSE
1427,Military Dictionary,CO (conscientious objector),,,,người từ chối thi hành nghĩa vụ quân sự (vì lí do chính kiến hoặc tín ngưỡng),FALSE,,,img_1427.jpg,FALSE
1427,Military Dictionary,Co Off (company officer),,,,sĩ quan cấp đại đội,FALSE,,,img_1427.jpg,FALSE
1427,Military Dictionary,COA (course of action),,,,quá trình hoạt động tác chiến,FALSE,,,img_1427.jpg,FALSE
1427,Military Dictionary,COAS (Chief of the Army Staff),,,,tham mưu trưởng tập đoàn quân; tham mưu trưởng lục quân,FALSE,,,img_1427.jpg,FALSE
1427,Military Dictionary,COBOL (common business-oriented language),,,,ngôn ngữ theo định hướng nhiệm vụ chung,FALSE,,,img_1427.jpg,FALSE
1427,Military Dictionary,COC (Code of Conduct),,,,bộ quy tắc ứng xử (ở Biển Đông),FALSE,,,img_1427.jpg,FALSE
1427,Military Dictionary,COC (combat operations center),,,,"trung tâm chỉ huy tác chiến, trung tâm chỉ huy hoạt động tác chiến",FALSE,,,img_1427.jpg,FALSE
1428,Military Dictionary,COC (command operations centre),,,,trung tâm chỉ huy tác chiến; trung tâm chiến dịch,FALSE,,,img_1428.jpg,FALSE
1428,Military Dictionary,CoCarDiv (Commander of Carrier Division),,,,sư đoàn trưởng sư đoàn vận tải,FALSE,,,img_1428.jpg,FALSE
1428,Military Dictionary,COCOM (combatant command) (command authority),,,,bộ chỉ huy chiến đấu (cơ quan thẩm quyền chỉ huy),FALSE,,,img_1428.jpg,FALSE
1428,Military Dictionary,COD (carrier onboard delivery),,,,khả năng chuyên chở bằng máy bay trên tàu sân bay,FALSE,,,img_1428.jpg,FALSE
1428,Military Dictionary,COD (carrier on-board delivery) (aircraft),,,,máy bay chở hàng trên boong tàu sân bay,FALSE,,,img_1428.jpg,FALSE
1428,Military Dictionary,COD (combat operations division),,,,phòng tác chiến (cấp) chiến thuật,FALSE,,,img_1428.jpg,FALSE
1428,Military Dictionary,CODAD (combination of diesel and diesel),,,,bộ truyền động kết hợp hai động cơ điêzen,FALSE,,,img_1428.jpg,FALSE
1428,Military Dictionary,CODAG (combination of diesel and gas),,,,bộ truyền động kết hợp động cơ điêzen và tuabin khí,FALSE,,,img_1428.jpg,FALSE
1428,Military Dictionary,"CODAR (correlation, detection and ranging)",,,,phương pháp tương quan phát hiện và định tầm (để phát hiện tàu ngầm),FALSE,,,img_1428.jpg,FALSE
1428,Military Dictionary,CODLAG (combination of diesel-electric and gas),,,,bộ truyền động kết hợp động cơ điện - điêzen và động cơ tuabin khí,FALSE,,,img_1428.jpg,FALSE
1428,Military Dictionary,CODOG (combination of diesel or gas),,,,bộ truyền động kết hợp động cơ điêzen hoặc động cơ tuabin,FALSE,,,img_1428.jpg,FALSE
1428,Military Dictionary,COE (Army Corps of Engineers),,,,binh chủng công binh lục quân,FALSE,,,img_1428.jpg,FALSE
1428,Military Dictionary,COE (common operating environment),,,,môi trường tác chiến chung; các phương tiện kỹ thuật bảo đảm hoạt động tác chiến binh chủng hợp thành,FALSE,,,img_1428.jpg,FALSE
1428,Military Dictionary,Coe (cab over engine),,,,xe có buồng lái nhô ra trước,FALSE,,,img_1428.jpg,FALSE
1428,Military Dictionary,COFC (container on flatcar),,,,côngtenơ trên xe moóc trần,FALSE,,,img_1428.jpg,FALSE
1428,Military Dictionary,CofEngs (Chief of Engineers),,,,"chỉ huy trưởng ngành công binh, chủ nhiệm công binh",FALSE,,,img_1428.jpg,FALSE
1428,Military Dictionary,CofF (Chief of Finance),,,,"chỉ huy trưởng ngành tài chính, cục trưởng cục tài chính",FALSE,,,img_1428.jpg,FALSE
1428,Military Dictionary,COFORD (chief of ordnance),,,,chủ nhiệm đạn dược pháo binh,FALSE,,,img_1428.jpg,FALSE
1428,Military Dictionary,CofS (Chief of Staff),,,,tham mưu trưởng,FALSE,,,img_1428.jpg,FALSE
1428,Military Dictionary,"CofSA (Chief of Staff, United States Army)",,,,tham mưu trưởng quân đội Mỹ; tham mưu trưởng lục quân Mỹ,FALSE,,,img_1428.jpg,FALSE
1428,Military Dictionary,CofSptS (Chief of Support Services),,,,"chỉ huy trưởng về hậu cần, chủ nhiệm hậu cần",FALSE,,,img_1428.jpg,FALSE
1428,Military Dictionary,CofT (Chief of Transportation),,,,"chỉ huy trưởng về vận tải, chủ nhiệm ngành vận tải",FALSE,,,img_1428.jpg,FALSE
1428,Military Dictionary,COG (center of gravity),,,,tâm trọng trường; trọng tâm,FALSE,,,img_1428.jpg,FALSE
1428,Military Dictionary,COG (Course Over Ground),,,,đường vượt qua địa hình,FALSE,,,img_1428.jpg,FALSE
1428,Military Dictionary,COGAG (combination of gas and gas),,,,bộ truyền động kết hợp hai động cơ tuabin,FALSE,,,img_1428.jpg,FALSE
1428,Military Dictionary,COGARD (Coast Guard),,,,cảnh giới bờ biển; đội cảnh giới bờ biển,FALSE,,,img_1428.jpg,FALSE
1428,Military Dictionary,COGOR (combination of gas or gas),,,,bộ truyền động kết hợp động cơ tuabin khí công suất thấp hoặc công suất cao,FALSE,,,img_1428.jpg,FALSE
1428,Military Dictionary,CoHQ (company headquarters),,,,sở chỉ huy đại đội,FALSE,,,img_1428.jpg,FALSE
1428,Military Dictionary,COIN (counter-insurgency),,,,chống nổi dậy; chống bạo loạn,FALSE,,,img_1428.jpg,FALSE
1428,Military Dictionary,COIN (counterinsurgency warfare),,,,"tác chiến chống bạo loạn, tác chiến chống nổi dậy",FALSE,,,img_1428.jpg,FALSE
1428,Military Dictionary,COINS (computer-operated instrument system),,,,"hệ thống thiết bị được vận hành bằng máy tính, tổ hợp dụng cụ được vận hành bằng máy tính",FALSE,,,img_1428.jpg,FALSE
1428,Military Dictionary,Col (colonel),,,,đại tá,FALSE,,,img_1428.jpg,FALSE
1428,Military Dictionary,COLDS (cargo offload and discharge system),,,,hệ thống trút và dỡ hàng,FALSE,,,img_1428.jpg,FALSE
1428,Military Dictionary,Coll Pt (collecting point),,,,"điểm thu gom, điểm tập trung, địa điểm tập kết",FALSE,,,img_1428.jpg,FALSE
1428,Military Dictionary,COM (chief of mission),,,,trưởng phái đoàn,FALSE,,,img_1428.jpg,FALSE
1428,Military Dictionary,COM (collection operations management),,,,sự quản lý hoạt động thu thập,FALSE,,,img_1428.jpg,FALSE
1428,Military Dictionary,COM (commander),,,,tư lệnh (trưởng); chỉ huy trưởng,FALSE,,,img_1428.jpg,FALSE
1429,Military Dictionary,COM (Commodore),,,,đề đốc hải quân (tương đương chuẩn tướng),FALSE,,,img_1429.jpg,FALSE
1429,Military Dictionary,COM&ELSEC (communication and electronic security),,,,"sự bảo đảm bí mật hoạt động của phương tiện thông tin liên lạc và vô tuyến điện tử, an ninh thông tin liên lạc và vô tuyến điện tử",FALSE,,,img_1429.jpg,FALSE
1429,Military Dictionary,Com Gen (commanding general),,,,"tư lệnh (trưởng), tướng chỉ huy, người chỉ huy quân hàm cấp tướng",FALSE,,,img_1429.jpg,FALSE
1429,Military Dictionary,COM O (commissioned officer),,,,"sĩ quan, sĩ quan chỉ huy, sĩ quan ngạch chỉ huy",FALSE,,,img_1429.jpg,FALSE
1429,Military Dictionary,com Z (communication zone),,,,khu vực thông tin liên lạc,FALSE,,,img_1429.jpg,FALSE
1429,Military Dictionary,"COMACC (Commander, Air Combat Command)",,,,tư lệnh (trưởng) bộ tư lệnh không quân chiến đấu,FALSE,,,img_1429.jpg,FALSE
1429,Military Dictionary,"COMAFFOR (commander, Air Force forces)",,,,tư lệnh (trưởng) các lực lượng không quân,FALSE,,,img_1429.jpg,FALSE
1429,Military Dictionary,"COMAFSOC (Commander, Air Force Special Operations Command)",,,,tư lệnh (trưởng) bộ chỉ huy lực lượng tác chiến đặc biệt không quân,FALSE,,,img_1429.jpg,FALSE
1429,Military Dictionary,"COMAIRBALTAP (Commander, Air Forces, Baltic Approaches) (Command)",,,,tư lệnh (trưởng) không quân của liên quân NATO ở khu vực eo biển Bantích,FALSE,,,img_1429.jpg,FALSE
1429,Military Dictionary,"COMAIRCENT (Commander, Allied Air Forces, Central Europe)",,,,tư lệnh (trưởng) không quân của liên quân NATO ở khu vực Trung Âu,FALSE,,,img_1429.jpg,FALSE
1429,Military Dictionary,"COMAIRCENTLANT (Commander, Air Forces, Central Atlantic Subarea)",,,,tư lệnh (trưởng) không quân ở khu vực trung tâm Đại Tây Dương,FALSE,,,img_1429.jpg,FALSE
1429,Military Dictionary,"COMAIRLANT (Commander, Air Forces, Atlantic Fleet)",,,,tư lệnh (trưởng) không quân hạm đội Đại Tây Dương,FALSE,,,img_1429.jpg,FALSE
1429,Military Dictionary,"COMAIRNOREUR (Commander, Air Forces, Northern Europe)",,,,tư lệnh (trưởng) không quân liên quân NATO ở khu vực Bắc Âu,FALSE,,,img_1429.jpg,FALSE
1429,Military Dictionary,"COMAIRNORLANT (Commander, Allied Air Forces, Northern Atlantic Subarea)",,,,tư lệnh (trưởng) không quân liên quân NATO ở vùng Bắc Đại Tây Dương,FALSE,,,img_1429.jpg,FALSE
1429,Military Dictionary,"COMAIRNORTH (Commander, Allied Air Forces, Northern Europe)",,,,tư lệnh (trưởng) không quân liên quân NATO ở khu vực Bắc Âu,FALSE,,,img_1429.jpg,FALSE
1429,Military Dictionary,"COMAIRSOUTH (Commander, Allied Air Forces, Southern Europe)",,,,tư lệnh (trưởng) không quân liên quân NATO ở khu vực Nam Âu,FALSE,,,img_1429.jpg,FALSE
1429,Military Dictionary,COMALF (commander airlift forces),,,,tư lệnh (trưởng) các lực lượng vận tải đường không,FALSE,,,img_1429.jpg,FALSE
1429,Military Dictionary,"COMANTDEFCOM (Commander, United States Antilles Defense Command)",,,,tư lệnh (trưởng) bộ tư lệnh phòng thủ Mỹ ở quần đảo Antilet,FALSE,,,img_1429.jpg,FALSE
1429,Military Dictionary,"COMARFOR (commander, army forces)",,,,tư lệnh (trưởng) các lực lượng lục quân,FALSE,,,img_1429.jpg,FALSE
1429,Military Dictionary,"COMATAFSONOR (Commander, Allied Tactical Air Forces, Southern Norway)",,,,tư lệnh (trưởng) không quân chiến thuật liên quân NATO ở khu vực Nam Na Uy,FALSE,,,img_1429.jpg,FALSE
1429,Military Dictionary,comb (combat),,,,"cuộc chiến đấu, trận đánh; (thuộc) chiến đấu",FALSE,,,img_1429.jpg,FALSE
1429,Military Dictionary,comb (combination),,,,sự kết hợp; sự tổ hợp; sự hợp thành,FALSE,,,img_1429.jpg,FALSE
1429,Military Dictionary,comb (combined),,,,"hiệp đồng, hiệp đồng quân binh chủng; phối hợp, kết hợp; liên minh; liên quân (của nhiều nước)",FALSE,,,img_1429.jpg,FALSE
1429,Military Dictionary,comb (combustion),,,,sự nổ (động cơ); sự cháy,FALSE,,,img_1429.jpg,FALSE
1429,Military Dictionary,Comb Z (combat zone),,,,vùng tác chiến (từ tuyến mặt trận đến vùng giao thông),FALSE,,,img_1429.jpg,FALSE
1429,Military Dictionary,COMBAT-SIM (computerized battle simulation),,,,sự mô phỏng chiến đấu (có) máy tính hỗ trợ,FALSE,,,img_1429.jpg,FALSE
1429,Military Dictionary,"COMBISCLANT (Commander, Bay of Biscay Atlantic Subarea)",,,,tư lệnh (trưởng) vịnh Bitsơcây khu vực Đại Tây Dương,FALSE,,,img_1429.jpg,FALSE
1429,Military Dictionary,COMCAM (combat camera),,,,camêra chiến đấu,FALSE,,,img_1429.jpg,FALSE
1430,Military Dictionary,"COMCANLANT (Commander, Canadian Atlantic Subarea)",,,,tư lệnh (trưởng) vùng Canada ở Đại Tây Dương,FALSE,,,img_1430.jpg,FALSE
1430,Military Dictionary,"COMCARGRU (commander, carrier group)",,,,tư lệnh (trưởng) cụm tàu sân bay,FALSE,,,img_1430.jpg,FALSE
1430,Military Dictionary,COMCEN (communications center),,,,trung tâm thông tin liên lạc,FALSE,,,img_1430.jpg,FALSE
1430,Military Dictionary,"COMCENTAG (Commander, Central Army Group)",,,,tư lệnh (trưởng) cụm tập đoàn quân trung ương,FALSE,,,img_1430.jpg,FALSE
1430,Military Dictionary,"COMCENTLANT (Commander, Central Atlantic Subarea)",,,,tư lệnh (trưởng) vùng trung tâm Đại Tây Dương,FALSE,,,img_1430.jpg,FALSE
1430,Military Dictionary,COMCM (communication countermeasures and deception),,,,"các biện pháp chống hoạt động thông tin liên lạc vô tuyến địch và nghi binh vô tuyến, các biện pháp nghi binh và chống thông tin liên lạc vô tuyến địch",FALSE,,,img_1430.jpg,FALSE
1430,Military Dictionary,"COMCRUDESGRU (commander, cruiser destroyer group)",,,,chỉ huy trưởng cụm tàu khu trục tuần dương,FALSE,,,img_1430.jpg,FALSE
1430,Military Dictionary,comd (command),,,,"bộ tư lệnh, bộ chỉ huy; mệnh lệnh, chỉ thị; binh đoàn",FALSE,,,img_1430.jpg,FALSE
1430,Military Dictionary,Comd Car (command car),,,,xe chỉ huy,FALSE,,,img_1430.jpg,FALSE
1430,Military Dictionary,comd con (command control),,,,kiểm soát chỉ huy,FALSE,,,img_1430.jpg,FALSE
1430,Military Dictionary,comd ech (command echelon),,,,cấp chỉ huy; cơ quan chỉ huy; nhóm chỉ huy,FALSE,,,img_1430.jpg,FALSE
1430,Military Dictionary,comd op co (command operation company),,,,đại đội bảo đảm thông tin liên lạc chỉ huy,FALSE,,,img_1430.jpg,FALSE
1430,Military Dictionary,COMD VEH SEC (command vehicle section),,,,phân đội xe chỉ huy,FALSE,,,img_1430.jpg,FALSE
1430,Military Dictionary,"COMDCAEUR (Commander, Defense Communications Agency Europe)",,,,cục trưởng thông tin liên lạc quốc phòng châu Âu,FALSE,,,img_1430.jpg,FALSE
1430,Military Dictionary,COMDESRON (commander destroyer squadron),,,,chỉ huy trưởng hải đoàn tàu khu trục,FALSE,,,img_1430.jpg,FALSE
1430,Military Dictionary,Comdr; comdr (commander),,,,"người chỉ huy, chỉ huy trưởng, tư lệnh (trưởng)",FALSE,,,img_1430.jpg,FALSE
1430,Military Dictionary,"COMDT COGARD (Commandant, United States Coast Guard)",,,,tư lệnh (trưởng) lực lượng cảnh giới bờ biển Mỹ,FALSE,,,img_1430.jpg,FALSE
1430,Military Dictionary,Comdt (commandant),,,,"người chỉ huy; tư lệnh (trưởng) (bộ binh, hải quân, cảnh vệ bờ biển, vùng hải quân)",FALSE,,,img_1430.jpg,FALSE
1430,Military Dictionary,"COMDTINST (Commandant, United States Coast Guard instruction)",,,,chỉ lệnh của tư lệnh (trưởng) lực lượng cảnh giới bờ biển Mỹ,FALSE,,,img_1430.jpg,FALSE
1430,Military Dictionary,"COMEDCENT (Commander, Central Mediterranean)",,,,tư lệnh (trưởng) lực lượng liên quân NATO ở trung tâm Địa Trung Hải,FALSE,,,img_1430.jpg,FALSE
1430,Military Dictionary,"COMEDEAST (Commander, Eastern Mediterranean)",,,,tư lệnh lực lượng liên quân NATO ở Đông Địa Trung Hải,FALSE,,,img_1430.jpg,FALSE
1430,Military Dictionary,"COMEDNOREAST (Commander, Northeast Mediterranean)",,,,tư lệnh (trưởng) lực lượng liên quân NATO ở Đông Bắc Địa Trung Hải,FALSE,,,img_1430.jpg,FALSE
1430,Military Dictionary,"COMEDOC (Commander, Western Mediterranean)",,,,tư lệnh (trưởng) lực lượng liên quân NATO ở Tây Địa Trung Hải,FALSE,,,img_1430.jpg,FALSE
1430,Military Dictionary,"COMEDSOUEAST (Commander, Southeast Mediterranean)",,,,tư lệnh (trưởng) lực lượng liên quân NATO ở Đông Nam Địa Trung Hải,FALSE,,,img_1430.jpg,FALSE
1430,Military Dictionary,"COMFIVEATAF (Commander, Fifth Allied Tactical Air Force)",,,,tư lệnh (trưởng) không quân chiến thuật liên quân thứ năm,FALSE,,,img_1430.jpg,FALSE
1430,Military Dictionary,"COMFOURATAF (Commander, Fourth Allied Tactical Air Force)",,,,tư lệnh lực lượng không quân chiến thuật liên quân thứ tư,FALSE,,,img_1430.jpg,FALSE
1430,Military Dictionary,"COMGIBMED (Commander, Gibraltar Mediterranean)",,,,tư lệnh (trưởng) lực lượng liên quân NATO ở khu vực Gibranta và Địa Trung Hải,FALSE,,,img_1430.jpg,FALSE
1430,Military Dictionary,"COMICEDEFOR (Commander, United States Iceland Defense Force)",,,,tư lệnh (trưởng) lực lượng phòng thủ Mỹ ở Ailen,FALSE,,,img_1430.jpg,FALSE
1430,Military Dictionary,"COMIDEASTFOR (Commander, Middle East Forces)",,,,tư lệnh các lực lượng Mỹ ở Trung Đông,FALSE,,,img_1430.jpg,FALSE
1430,Military Dictionary,"COMINEWARCOM (Commander, Mine Warfare Command)",,,,tư lệnh (trưởng) bộ chỉ huy tác chiến mìn; tư lệnh (trưởng) bộ chỉ huy tác chiến thủy lôi,FALSE,,,img_1430.jpg,FALSE
1431,Military Dictionary,COMINT (communications intelligence),,,,trinh sát bằng các phương tiện thông tin liên lạc; tình báo bằng các phương tiện thông tin liên lạc,FALSE,,,img_1431.jpg,FALSE
1431,Military Dictionary,COMJAM (communications jamming),,,,hoạt động chống vô tuyến; sự gây nhiễu vô tuyến,FALSE,,,img_1431.jpg,FALSE
1431,Military Dictionary,"COMJCSE (Commander, Joint Communications Support Element)",,,,chỉ huy trưởng bộ phận hợp thành chi viện thông tin liên lạc liên quân,FALSE,,,img_1431.jpg,FALSE
1431,Military Dictionary,"COMJIC (Commander, Joint Intelligence Center)",,,,chỉ huy trưởng trung tâm tình báo liên quân,FALSE,,,img_1431.jpg,FALSE
1431,Military Dictionary,"COMJSOTF (commander, joint special operations task force)",,,,tư lệnh (trưởng) cụm chiến đấu (lâm thời) tác chiến đặc biệt liên quân,FALSE,,,img_1431.jpg,FALSE
1431,Military Dictionary,"COMJTF (commander, joint task force)",,,,chỉ huy trưởng lực lượng đặc nhiệm liên quân; tư lệnh (trưởng) cụm chiến đấu (lâm thời) liên quân,FALSE,,,img_1431.jpg,FALSE
1431,Military Dictionary,"COMLANDCENT (Commander, Allied Land Forces, Central Europe)",,,,tư lệnh (trưởng) lục quân liên quân NATO ở khu vực Trung Âu,FALSE,,,img_1431.jpg,FALSE
1431,Military Dictionary,"COMLANDFOR (commander, land forces)",,,,chỉ huy trưởng các lực lượng trên bộ,FALSE,,,img_1431.jpg,FALSE
1431,Military Dictionary,"COMLANDNORWAY (Commander, Allied Land Forces, Norway)",,,,tư lệnh (trưởng) lục quân liên quân NATO ở Na Uy,FALSE,,,img_1431.jpg,FALSE
1431,Military Dictionary,"COMLANDSOUTH (Commander, Allied Land Forces, Southern Europe)",,,,tư lệnh (trưởng) lục quân liên quân NATO ở khu vực Nam Âu,FALSE,,,img_1431.jpg,FALSE
1431,Military Dictionary,"COMLANDSOUTHEAST (Commander, Allied Land Forces, Southeastern Europe)",,,,tư lệnh (trưởng) lục quân liên quân NATO ở khu vực Đông Nam Âu,FALSE,,,img_1431.jpg,FALSE
1431,Military Dictionary,"COMLANTAREACOGARD (Commander, Coast Guard Atlantic Area)",,,,tư lệnh miền cảnh giới bờ biển Đại Tây Dương,FALSE,,,img_1431.jpg,FALSE
1431,Military Dictionary,COMLOGGRU (combat logistics group),,,,cụm hậu cần chiến đấu,FALSE,,,img_1431.jpg,FALSE
1431,Military Dictionary,COMLOGNET (communication logistical net),,,,mạng thông tin liên lạc hậu cần,FALSE,,,img_1431.jpg,FALSE
1431,Military Dictionary,COMM; comm (communications),,,,thông tin liên lạc; đường giao thông liên lạc,FALSE,,,img_1431.jpg,FALSE
1431,Military Dictionary,COMM EQUIP (communications equipment),,,,thiết bị thông tin liên lạc,FALSE,,,img_1431.jpg,FALSE
1431,Military Dictionary,Comm off (communications officer),,,,sĩ quan thông tin liên lạc,FALSE,,,img_1431.jpg,FALSE
1431,Military Dictionary,comm plat (communications platoon),,,,trung đội thông tin liên lạc,FALSE,,,img_1431.jpg,FALSE
1431,Military Dictionary,comm sys (communications system),,,,hệ thống thông tin liên lạc,FALSE,,,img_1431.jpg,FALSE
1431,Military Dictionary,"COMMAIREASTLANT (Commander, Maritime Air, Eastern Atlantic Area)",,,,tư lệnh (trưởng) không quân liên quân NATO ở khu vực Đông Đại Tây Dương,FALSE,,,img_1431.jpg,FALSE
1431,Military Dictionary,"COMMARFOR (commander, Marine Corps Forces)",,,,chỉ huy trưởng lực lượng thuỷ quân lục chiến,FALSE,,,img_1431.jpg,FALSE
1431,Military Dictionary,COMMCEN (communications center),,,,tổng đài thông tin liên lạc; trung tâm thông tin liên lạc; đầu mối thông tin liên lạc,FALSE,,,img_1431.jpg,FALSE
1431,Military Dictionary,"COMMDZ (Commander, Maritime Defense Zone)",,,,tư lệnh trưởng vùng phòng thủ đường biển,FALSE,,,img_1431.jpg,FALSE
1431,Military Dictionary,COMMEL (communications electronics),,,,phương tiện thông tin liên lạc vô tuyến điện tử,FALSE,,,img_1431.jpg,FALSE
1431,Military Dictionary,COMMO; commo (commodore),,,,phó đô đốc hải quân (tương đương chuẩn tướng),FALSE,,,img_1431.jpg,FALSE
1431,Military Dictionary,COMMS (Communications),,,,"phương tiện thông tin liên lạc, trang bị kỹ thuật thông tin liên lạc",FALSE,,,img_1431.jpg,FALSE
1431,Military Dictionary,Commy (commissary),,,,quân lương,FALSE,,,img_1431.jpg,FALSE
1431,Military Dictionary,COMMZ; CommZ (communication zone),,,,vùng giao thông liên lạc,FALSE,,,img_1431.jpg,FALSE
1431,Military Dictionary,COMNAV (Committee for European Airspace Coordination Working Group on communications and Navigation Aids),,,,nhóm công tác của uỷ ban phối hợp không gian vũ trụ châu Âu về trợ giúp thông tin liên lạc và dẫn đường,FALSE,,,img_1431.jpg,FALSE
1432,Military Dictionary,"COMNAVAIRLANT (Commander, Naval Air Force, Atlantic)",,,,tư lệnh (trưởng) lực lượng không quân của hải quân ở Đại Tây Dương,FALSE,,,img_1432.jpg,FALSE
1432,Military Dictionary,"COMNAVAIRPAC (Commander, Naval Air Force, Pacific)",,,,tư lệnh (trưởng) lực lượng không quân của hải quân ở Thái Bình Dương,FALSE,,,img_1432.jpg,FALSE
1432,Military Dictionary,"COMNAVAIRSYSCOM (Commander, Naval Air Systems Command)",,,,chỉ huy trưởng bộ chỉ huy nghiên cứu hệ thống không quân của hải quân; cục trưởng cục nghiên cứu hệ thống không quân của hải quân,FALSE,,,img_1432.jpg,FALSE
1432,Military Dictionary,"COMNAVCENT (Commander, Allied Naval Forces, Central Europe)",,,,tư lệnh (trưởng) hải quân liên quân NATO ở khu vực Trung Âu,FALSE,,,img_1432.jpg,FALSE
1432,Military Dictionary,"COMNAVCOMTELCOM (Commander, Naval Computer and Telecommunications Command)",,,,chỉ huy trưởng bộ chỉ huy máy tính và thông tin liên lạc viễn thông của hải quân,FALSE,,,img_1432.jpg,FALSE
1432,Military Dictionary,"COMNAVEU (Commander, United States Naval Forces in Europe)",,,,tư lệnh (trưởng) hải quân Mỹ ở châu Âu,FALSE,,,img_1432.jpg,FALSE
1432,Military Dictionary,"COMNAVFE (Commander, Naval Forces, Far East)",,,,tư lệnh (trưởng) hải quân ở khu vực Viễn Đông,FALSE,,,img_1432.jpg,FALSE
1432,Military Dictionary,"COMNAVFOR (commander, naval forces)",,,,tư lệnh (trưởng) lực lượng hải quân,FALSE,,,img_1432.jpg,FALSE
1432,Military Dictionary,"COMNAVGER (Commander, United States Naval Forces in Germany)",,,,tư lệnh (trưởng) hải quân Mỹ ở Đức,FALSE,,,img_1432.jpg,FALSE
1432,Military Dictionary,"COMNAVNORLANT (Commander, Allied Naval Forces, Northern Atlantic)",,,,tư lệnh (trưởng) hải quân liên quân NATO ở khu vực Bắc Đại Tây Dương,FALSE,,,img_1432.jpg,FALSE
1432,Military Dictionary,"COMNAVNORTH (Commander, Allied Naval Forces, Northern Europe)",,,,tư lệnh (trưởng) hải quân liên quân NATO ở khu vực Bắc Âu,FALSE,,,img_1432.jpg,FALSE
1432,Military Dictionary,"COMNAVSEASYSCOM (Commander, Naval Sea Systems Command)",,,,chỉ huy trưởng bộ chỉ huy nghiên cứu hệ thống hàng hải của hải quân; cục trưởng cục nghiên cứu hệ thống hàng hải của hải quân,FALSE,,,img_1432.jpg,FALSE
1432,Military Dictionary,"COMNAVSECGRP (Commander, United States Navy Security Group)",,,,chỉ huy trưởng cụm an ninh hải quân Mỹ,FALSE,,,img_1432.jpg,FALSE
1432,Military Dictionary,"COMNAVSOUTH (Commander, Allied Naval Forces, Southern Europe)",,,,tư lệnh (trưởng) hải quân liên quân NATO ở khu vực Nam Âu,FALSE,,,img_1432.jpg,FALSE
1432,Military Dictionary,"COMNAVSURFLANT (Commander, Naval Surface Force, Atlantic)",,,,tư lệnh lực lượng tàu nổi của hải quân ở Đại Tây Dương,FALSE,,,img_1432.jpg,FALSE
1432,Military Dictionary,"COMNAVSURFPAC (Commander, Naval Surface Force, Pacific)",,,,tư lệnh lực lượng tàu nổi của hải quân ở Thái Bình Dương,FALSE,,,img_1432.jpg,FALSE
1432,Military Dictionary,"COMNORASDEFLANT (Commander, North American Anti-Submarine Defense Force, Atlantic)",,,,tư lệnh (trưởng) lực lượng phòng thủ chống ngầm của Mỹ ở Đại Tây Dương,FALSE,,,img_1432.jpg,FALSE
1432,Military Dictionary,"COMNORLANT (Commander, Northern Atlantic Subarea)",,,,tư lệnh (trưởng) vùng Bắc Đại Tây Dương,FALSE,,,img_1432.jpg,FALSE
1432,Military Dictionary,"COMNORTHAG (Commander, Northern Army Group, Central Europe)",,,,tư lệnh trưởng cụm tập đoàn quân phía Bắc của NATO ở khu vực Trung Âu,FALSE,,,img_1432.jpg,FALSE
1432,Military Dictionary,ComO (commisioned officers),,,,"các sĩ quan, đội ngũ sĩ quan",FALSE,,,img_1432.jpg,FALSE
1432,Military Dictionary,ComO (communications officer),,,,"chủ nhiệm thông tin liên lạc; chỉ huy trưởng thông tin liên lạc (đơn vị, phân đội)",FALSE,,,img_1432.jpg,FALSE
1432,Military Dictionary,"COMOCEANLANT (Commander, Ocean Atlantic Subarea)",,,,tư lệnh (trưởng) vùng Đại Tây Dương,FALSE,,,img_1432.jpg,FALSE
1432,Military Dictionary,COMP; comp (component),,,,"thành phần hợp thành, bộ phận hợp thành",FALSE,,,img_1432.jpg,FALSE
1432,Military Dictionary,comp (composite),,,,"hợp lại, ghép lại; hỗn hợp; tổng hợp",FALSE,,,img_1432.jpg,FALSE
1432,Military Dictionary,Comp B (composition B),,,,thành phần (chất nổ) B,FALSE,,,img_1432.jpg,FALSE
1432,Military Dictionary,"COMPACAREACOGARD (Commander, Coast Guard Pacific Area)",,,,tư lệnh (trưởng) khu vực cảnh giới bờ biển Thái Bình Dương,FALSE,,,img_1432.jpg,FALSE
1433,Military Dictionary,"COMPASS (common operational modeling, planning, and simulation strategy)",,,,"chiến lược tạo mô hình, lập kế hoạch và mô phỏng tác chiến chung",FALSE,,,img_1433.jpg,FALSE
1433,Military Dictionary,COMPES (contingency operations mobility planning and execution system),,,,hệ thống lập kế hoạch và thực hành cơ động tác chiến khẩn cấp,FALSE,,,img_1433.jpg,FALSE
1433,Military Dictionary,COMPLAN (communications plan),,,,kế hoạch thông tin liên lạc,FALSE,,,img_1433.jpg,FALSE
1433,Military Dictionary,compt (comptroller),,,,sĩ quan tài chính,FALSE,,,img_1433.jpg,FALSE
1433,Military Dictionary,compusec (computer security),,,,an ninh máy tính; sự bảo đảm an toàn cho hoạt động của máy tính,FALSE,,,img_1433.jpg,FALSE
1433,Military Dictionary,COMSAT; Comsat (communication satellite),,,,vệ tinh thông tin liên lạc,FALSE,,,img_1433.jpg,FALSE
1433,Military Dictionary,"COMSC (Commander, Military Sealift Command)",,,,tư lệnh (trưởng) bộ tư lệnh vận tải đường biển,FALSE,,,img_1433.jpg,FALSE
1433,Military Dictionary,COMSEC (communications security),,,,an ninh thông tin liên lạc; sự bảo đảm bí mật các hoạt động của phương tiện thông tin liên lạc,FALSE,,,img_1433.jpg,FALSE
1433,Military Dictionary,COMSIM (communications simulator),,,,thiết bị mô phỏng hoạt động thông tin liên lạc,FALSE,,,img_1433.jpg,FALSE
1433,Military Dictionary,"COMSIXATAF (Commander, Sixth Allied Tactical Air Force)",,,,tư lệnh (trưởng) không quân chiến thuật liên quân thứ sáu,FALSE,,,img_1433.jpg,FALSE
1433,Military Dictionary,"COMSOCCENT (Commander, Special Operations Command, United States Central Command)",,,,chỉ huy trưởng đơn vị tác chiến đặc biệt thuộc bộ tư lệnh trung tâm của Mỹ,FALSE,,,img_1433.jpg,FALSE
1433,Military Dictionary,"COMSOCEUR (Commander, Special Operations Command, United States European Command)",,,,chỉ huy trưởng đơn vị tác chiến đặc biệt thuộc bộ tư lệnh Mỹ ở châu Âu,FALSE,,,img_1433.jpg,FALSE
1433,Military Dictionary,"COMSOCLANT (Commander Special Operations Command, United States Atlantic Command)",,,,chỉ huy trưởng đơn vị tác chiến đặc biệt thuộc bộ tư lệnh Mỹ ở Đại Tây Dương,FALSE,,,img_1433.jpg,FALSE
1433,Military Dictionary,"COMSOCPAC (Commander Special Operations Command, United States Pacific Command)",,,,chỉ huy trưởng đơn vị tác chiến đặc biệt thuộc bộ tư lệnh Mỹ ở Thái Bình Dương,FALSE,,,img_1433.jpg,FALSE
1433,Military Dictionary,"COMSOCSOUTH (Commander Special Operations Command, United States Southern Command)",,,,chỉ huy trưởng đơn vị tác chiến đặc biệt thuộc bộ tư lệnh phương nam của Mỹ,FALSE,,,img_1433.jpg,FALSE
1433,Military Dictionary,"COMSOF (commander, special operations forces)",,,,chỉ huy trưởng các lực lượng tác chiến đặc biệt,FALSE,,,img_1433.jpg,FALSE
1433,Military Dictionary,COMSTAT (communications status),,,,tình trạng thông tin liên lạc,FALSE,,,img_1433.jpg,FALSE
1433,Military Dictionary,"COMSTRIKFLTLANT (Commander, Striking Fleet, Atlantic)",,,,tư lệnh (trưởng) hạm đội đột kích của NATO ở Đại Tây Dương,FALSE,,,img_1433.jpg,FALSE
1433,Military Dictionary,"COMSTRIKFORSOUTH (Commander, Naval Striking and Support Forces, Southern Europe)",,,,tư lệnh (trưởng) lực lượng hải quân đột kích và chi viện của NATO ở khu vực Nam Âu,FALSE,,,img_1433.jpg,FALSE
1433,Military Dictionary,"COMSUBEASTLANT (Commander, Submarine Force, Eastern Atlantic Area)",,,,tư lệnh (trưởng) lực lượng tàu ngầm ở khu vực Đông Đại Tây Dương,FALSE,,,img_1433.jpg,FALSE
1433,Military Dictionary,"COMSUBFOR (Commander, Submarine Force)",,,,tư lệnh (trưởng) lực lượng tàu ngầm,FALSE,,,img_1433.jpg,FALSE
1433,Military Dictionary,"COMSUBLANT (Commander Submarine Force, United States Atlantic Fleet)",,,,chỉ huy trưởng lực lượng tàu ngầm thuộc hạm đội Đại Tây Dương của Mỹ,FALSE,,,img_1433.jpg,FALSE
1433,Military Dictionary,"COMSUBPAC (Commander Submarine Force, United States Pacific Fleet)",,,,chỉ huy trưởng lực lượng tàu ngầm thuộc hạm đội Thái Bình Dương của Mỹ,FALSE,,,img_1433.jpg,FALSE
1433,Military Dictionary,"COMSUPNAVFOR (commander, supporting naval forces)",,,,chỉ huy trưởng các lực lượng chi viện hải quân,FALSE,,,img_1433.jpg,FALSE
1434,Military Dictionary,comt (commit(ment)),,,,sự đưa vào chiến đấu; sự tham chiến,FALSE,,,img_1434.jpg,FALSE
1434,Military Dictionary,comt (commitment),,,,(đã) đưa vào chiến đấu; đã đưa vào sử dụng,FALSE,,,img_1434.jpg,FALSE
1434,Military Dictionary,COMTAC (tactical communications),,,,thông tin liên lạc (cấp) chiến thuật,FALSE,,,img_1434.jpg,FALSE
1434,Military Dictionary,"COMTASKFORNOR (Commander, Allied Task Forces, North Norway)",,,,tư lệnh (trưởng) lực lượng đặc nhiệm liên quân NATO ở Bắc Na Uy,FALSE,,,img_1434.jpg,FALSE
1434,Military Dictionary,"COMTWOATAF (Commander, Second Allied Tactical Air Force)",,,,tư lệnh (trưởng) không quân chiến thuật liên quân thứ hai,FALSE,,,img_1434.jpg,FALSE
1434,Military Dictionary,"COMUKADR (Commander, United Kingdom Air Defense, Region)",,,,tư lệnh (trưởng) phòng không khu vực của vương quốc Anh,FALSE,,,img_1434.jpg,FALSE
1434,Military Dictionary,"COMUSAFE (Commander in Chief, United States Air Force in Europe)",,,,tư lệnh trưởng lực lượng không quân Mỹ ở châu Âu,FALSE,,,img_1434.jpg,FALSE
1434,Military Dictionary,"COMUSARCENT (Commander, United States Army Forces, Central Command)",,,,tư lệnh (trưởng) các lực lượng lục quân thuộc bộ tư lệnh trung tâm của Mỹ,FALSE,,,img_1434.jpg,FALSE
1434,Military Dictionary,"COMUSARSO (Commander, United States Army Forces Southern Command)",,,,tư lệnh (trưởng) lục quân Mỹ ở phương Nam,FALSE,,,img_1434.jpg,FALSE
1434,Military Dictionary,"COMUSCENTAF (Commander, United States Air Force, Central Command)",,,,tư lệnh (trưởng) lực lượng không quân thuộc bộ tư lệnh trung tâm của Mỹ,FALSE,,,img_1434.jpg,FALSE
1434,Military Dictionary,"COMUSFORAZ (Commander, United States Forces, Azores)",,,,tư lệnh (trưởng) lực lượng vũ trang Mỹ ở quần đảo Azôret,FALSE,,,img_1434.jpg,FALSE
1434,Military Dictionary,"COMUSJ (Commander, United States Forces, Japan)",,,,tư lệnh (trưởng) các lực lượng Mỹ ở Nhật Bản,FALSE,,,img_1434.jpg,FALSE
1434,Military Dictionary,"COMUSJAPAN (Commander, United States Forces, Japan)",,,,tư lệnh (trưởng) lực lượng vũ trang Mỹ ở Nhật Bản,FALSE,,,img_1434.jpg,FALSE
1434,Military Dictionary,"COMUSK (Commander, United States Forces, Korea)",,,,tư lệnh (trưởng) các lực lượng Mỹ ở Hàn Quốc,FALSE,,,img_1434.jpg,FALSE
1434,Military Dictionary,"COMUSKOREA (Commander, United States Forces, Korea)",,,,tư lệnh (trưởng) lực lượng vũ trang Mỹ ở Hàn Quốc,FALSE,,,img_1434.jpg,FALSE
1434,Military Dictionary,"COMUSLANT (Commander, United States Atlantic Subarea)",,,,tư lệnh (trưởng) khu vực của quân đội Mỹ ở Đại Tây Dương,FALSE,,,img_1434.jpg,FALSE
1434,Military Dictionary,"COMUSMACTHAI (Commander, United States Military Assistance Command, Thailand)",,,,tư lệnh (trưởng) bộ tư lệnh viện trợ quân sự của Mỹ ở Thái Lan,FALSE,,,img_1434.jpg,FALSE
1434,Military Dictionary,"COMUSMACV (Commander, United States Military Assistance Command, Vietnam) (sử)",,,,tư lệnh (trưởng) bộ tư lệnh viện trợ quân sự của Mỹ ở miền Nam Việt Nam,FALSE,,,img_1434.jpg,FALSE
1434,Military Dictionary,"COMUSMARCENT (commander, United States Marine Forces, Central Command)",,,,tư lệnh (trưởng) lực lượng thuỷ quân lục chiến Mỹ thuộc bộ tư lệnh trung tâm,FALSE,,,img_1434.jpg,FALSE
1434,Military Dictionary,"COMUSMILGP (Commander, United States Military Group)",,,,chỉ huy trưởng nhóm quân đội Mỹ,FALSE,,,img_1434.jpg,FALSE
1434,Military Dictionary,"COMUSNAVCENT (Commander, United States Navy, Central Command)",,,,tư lệnh (trưởng) lực lượng hải quân thuộc bộ tư lệnh trung tâm của Mỹ,FALSE,,,img_1434.jpg,FALSE
1434,Military Dictionary,"COMUSTDC (Commander, United States Taiwan Defense Command)",,,,tư lệnh (trưởng) bộ tư lệnh phòng thủ của Mỹ ở Đài Loan,FALSE,,,img_1434.jpg,FALSE
1434,Military Dictionary,COMZ; ComZ (communications zone),,,,vùng giao thông liên lạc,FALSE,,,img_1434.jpg,FALSE
1434,Military Dictionary,CON; Con (control),,,,quyền chỉ huy; sự kiểm soát; sự điều khiển; dẫn đường; kiểm tra,FALSE,,,img_1434.jpg,FALSE
1434,Military Dictionary,Con Py; Con CP (contact party),,,,toán trinh sát phát hiện quân địch,FALSE,,,img_1434.jpg,FALSE
1434,Military Dictionary,CONAC (Continental Air Command),,,,bộ tư lệnh không quân lục địa,FALSE,,,img_1434.jpg,FALSE
1434,Military Dictionary,CONAD (Continental Air Defense Command),,,,bộ tư lệnh phòng không lục địa Mỹ,FALSE,,,img_1434.jpg,FALSE
1434,Military Dictionary,CONARC (Continental Army Command) (Mỹ),,,,bộ tư lệnh lục quân (phần) lục địa,FALSE,,,img_1434.jpg,FALSE
1434,Military Dictionary,CONAS (combination of nuclear and steam),,,,bộ truyền động kết hợp giữa năng lượng hạt nhân và hơi nước,FALSE,,,img_1434.jpg,FALSE
1435,Military Dictionary,CONAS (combined nuclear and steam),,,,động cơ hơi nước và hạt nhân kết hợp,FALSE,,,img_1435.jpg,FALSE
1435,Military Dictionary,CONC (concentration),,,,"sự tập trung, sự tập kết; (pb) pháo kích tập trung",FALSE,,,img_1435.jpg,FALSE
1435,Military Dictionary,COND (condition),,,,điều kiện; hoàn cảnh; tình thế; tình huống,FALSE,,,img_1435.jpg,FALSE
1435,Military Dictionary,CO-NEWS (communications naval electronic warfare system),,,,hệ thống thông tin liên lạc tác chiến điện tử hải quân,FALSE,,,img_1435.jpg,FALSE
1435,Military Dictionary,CONEXPLAN (contingency and exercise plan),,,,kế hoạch tình trạng khẩn cấp và diễn tập,FALSE,,,img_1435.jpg,FALSE
1435,Military Dictionary,CONF (conference),,,,hội nghị; sự hội ý công tác; buổi giao ban,FALSE,,,img_1435.jpg,FALSE
1435,Military Dictionary,CONOPS (concept of operations),,,,ý định tác chiến,FALSE,,,img_1435.jpg,FALSE
1435,Military Dictionary,CONPLAN (concept plan),,,,kế hoạch lập theo ý định tác chiến,FALSE,,,img_1435.jpg,FALSE
1435,Military Dictionary,CONPLAN (operation plan in concept format),,,,kế hoạch tác chiến dưới dạng ý định tác chiến,FALSE,,,img_1435.jpg,FALSE
1435,Military Dictionary,CONR (continental United States North American Aerospace Defense Command Region),,,,bộ tư lệnh vùng phòng thủ không gian vũ trụ Bắc Mỹ ở phần lục địa (Mỹ),FALSE,,,img_1435.jpg,FALSE
1435,Military Dictionary,conrod (connecting rod),,,,cần (thanh) liên kết,FALSE,,,img_1435.jpg,FALSE
1435,Military Dictionary,Cons (consist),,,,(bao) gồm,FALSE,,,img_1435.jpg,FALSE
1435,Military Dictionary,Cons Co (Construction Company),,,,"đại đội xây dựng, đại đội công trình",FALSE,,,img_1435.jpg,FALSE
1435,Military Dictionary,consol (consolidation),,,,sự củng cố,FALSE,,,img_1435.jpg,FALSE
1435,Military Dictionary,constr (construction),,,,cấu trúc; trang bị; sự xây dựng; công trình,FALSE,,,img_1435.jpg,FALSE
1435,Military Dictionary,Cont (continued),,,,"tiếp theo, tiếp tục",FALSE,,,img_1435.jpg,FALSE
1435,Military Dictionary,contam (contaminate),,,,sự nhiễm độc,FALSE,,,img_1435.jpg,FALSE
1435,Military Dictionary,Contl (controlled (by)),,,,điều khiển bởi ...,FALSE,,,img_1435.jpg,FALSE
1435,Military Dictionary,CONUS (Continental United States),,,,phần lục địa nước Mỹ,FALSE,,,img_1435.jpg,FALSE
1435,Military Dictionary,CONUSA (Continental United States Army),,,,lục quân ở phần lục địa nước Mỹ,FALSE,,,img_1435.jpg,FALSE
1435,Military Dictionary,conv (convalescent),,,,"an dưỡng, điều dưỡng",FALSE,,,img_1435.jpg,FALSE
1435,Military Dictionary,convt (Convert),,,,chuyển đổi,FALSE,,,img_1435.jpg,FALSE
1435,Military Dictionary,COOP (continuity of operations),,,,tính liên tục của hoạt động tác chiến; tính liên tục của chiến dịch,FALSE,,,img_1435.jpg,FALSE
1435,Military Dictionary,COOP (craft-of-opportunity mine detection technique),,,,kỹ thuật phát hiện thủy lôi bằng phương tiện sẵn có,FALSE,,,img_1435.jpg,FALSE
1435,Military Dictionary,COORD (coordinate),,,,"hiệp đồng, phối hợp chặt chẽ; xác định tọa độ",FALSE,,,img_1435.jpg,FALSE
1435,Military Dictionary,coord (coordination),,,,"sự phối hợp, sự hiệp đồng; toạ độ",FALSE,,,img_1435.jpg,FALSE
1435,Military Dictionary,coord instr (coordinating instructions),,,,các chỉ thị về hiệp đồng,FALSE,,,img_1435.jpg,FALSE
1435,Military Dictionary,coord pt (coordinating point),,,,địa điểm hiệp đồng; tuyến hiệp đồng tác chiến,FALSE,,,img_1435.jpg,FALSE
1435,Military Dictionary,COP (combat outpost),,,,đội cảnh giới tác chiến; cảnh giới chiến đấu,FALSE,,,img_1435.jpg,FALSE
1435,Military Dictionary,COP (common operation picture),,,,bối cảnh tác chiến chung,FALSE,,,img_1435.jpg,FALSE
1435,Military Dictionary,COPE (custodian of postal effects),,,,người theo dõi hiệu quả quân bưu,FALSE,,,img_1435.jpg,FALSE
1435,Military Dictionary,"COPG (chairman, operations planners group)",,,,chủ tịch nhóm lập kế hoạch tác chiến,FALSE,,,img_1435.jpg,FALSE
1435,Military Dictionary,COPL (combat outpost line),,,,tuyến cảnh giới chiến đấu; dải cảnh giới chiến đấu,FALSE,,,img_1435.jpg,FALSE
1435,Military Dictionary,COPS (communications operational planning system),,,,hệ thống lập kế hoạch tác chiến thông tin liên lạc,FALSE,,,img_1435.jpg,FALSE
1435,Military Dictionary,COR (combat operations report),,,,bản báo cáo chiến đấu; báo cáo chiến đấu,FALSE,,,img_1435.jpg,FALSE
1435,Military Dictionary,"CORC (Chief, Office of Reserve Components)",,,,cục trưởng cục lực lượng dự bị,FALSE,,,img_1435.jpg,FALSE
1435,Military Dictionary,CORE (contingency response program),,,,chương trình đối phó với tình trạng khẩn cấp,FALSE,,,img_1435.jpg,FALSE
1435,Military Dictionary,Corpl (corporal),,,,"cai, cai ngũ, ngũ trưởng; hạ sĩ",FALSE,,,img_1435.jpg,FALSE
1435,Military Dictionary,COS (Chief of Section),,,,trưởng xe,FALSE,,,img_1435.jpg,FALSE
1435,Military Dictionary,COS (chief of staff),,,,tham mưu trưởng,FALSE,,,img_1435.jpg,FALSE
1435,Military Dictionary,COS (chief of station),,,,trưởng trạm,FALSE,,,img_1435.jpg,FALSE
1435,Military Dictionary,COS (critical occupational speciality),,,,nghiệp vụ chuyên môn then chốt,FALSE,,,img_1435.jpg,FALSE
1435,Military Dictionary,COS (civilian occupational speciality),,,,ngành dân sự,FALSE,,,img_1435.jpg,FALSE
1435,Military Dictionary,COSA (corps service area),,,,khu vực hậu cần quân đoàn,FALSE,,,img_1435.jpg,FALSE
1436,Military Dictionary,COSCOM (corps support command),,,,bộ chỉ huy hậu cần quân đoàn,FALSE,,,img_1436.jpg,FALSE
1436,Military Dictionary,COSMIC (combat systems multi-format information centre),,,,trung tâm thông tin đa định dạng (cho) các hệ thống vũ khí chiến thuật,FALSE,,,img_1436.jpg,FALSE
1436,Military Dictionary,COSMIC (North Atlantic Treaty Organization (NATO) security category),,,,phạm trù an ninh theo tổ chức hiệp ước Bắc Đại Tây Dương (NATO),FALSE,,,img_1436.jpg,FALSE
1436,Military Dictionary,"COSMID (Chief of Staff, Middle East) (Anh)",,,,tham mưu trưởng bộ tư lệnh ở Trung Cận Đông,FALSE,,,img_1436.jpg,FALSE
1436,Military Dictionary,COSSAC (Chief of Staff to the Supreme Allied Commander),,,,tham mưu trưởng của tổng tư lệnh tối cao quân đồng minh,FALSE,,,img_1436.jpg,FALSE
1436,Military Dictionary,COSSEC (chief(s) of staff secretariat),,,,văn phòng tổng tham mưu trưởng,FALSE,,,img_1436.jpg,FALSE
1436,Military Dictionary,COSTAR (combat service to the Army),,,,sự bảo đảm phục vụ chiến đấu cho lục quân,FALSE,,,img_1436.jpg,FALSE
1436,Military Dictionary,COT (commanding officer of troops),,,,sĩ quan chỉ huy,FALSE,,,img_1436.jpg,FALSE
1436,Military Dictionary,COTAC (tank automatic fire),,,,hoả lực tự động trên xe tăng,FALSE,,,img_1436.jpg,FALSE
1436,Military Dictionary,Cotp (captain of the port),,,,người chỉ huy quân cảng (cấp thuyền trưởng),FALSE,,,img_1436.jpg,FALSE
1436,Military Dictionary,"COUNTER C3 (counter command, control, and communications)",,,,"(hệ thống) chống tác chiến chỉ huy, kiểm soát và thông tin liên lạc",FALSE,,,img_1436.jpg,FALSE
1436,Military Dictionary,"COUSMACV (Commander, United States Military Assistance Command, Vietnam) (sử)",,,,tư lệnh (trưởng) bộ tư lệnh viện trợ quân sự Mỹ tại miền Nam Việt Nam,FALSE,,,img_1436.jpg,FALSE
1436,Military Dictionary,COV (counter obstacle vehicle) (Mỹ),,,,"xe vượt vật cản, xe khắc phục vật chướng ngại",FALSE,,,img_1436.jpg,FALSE
1436,Military Dictionary,COVCOM (covert communications),,,,phương tiện thông tin liên lạc bí mật,FALSE,,,img_1436.jpg,FALSE
1436,Military Dictionary,"COY; Coy (company) (Canada, Anh)",,,,đại đội,FALSE,,,img_1436.jpg,FALSE
1436,Military Dictionary,CP (causeway pier),,,,bến cầu tàu,FALSE,,,img_1436.jpg,FALSE
1436,Military Dictionary,CP (check point),,,,điểm kiểm soát,FALSE,,,img_1436.jpg,FALSE
1436,Military Dictionary,CP (collection point),,,,địa điểm tập trung thương binh,FALSE,,,img_1436.jpg,FALSE
1436,Military Dictionary,CP (command post),,,,"trạm chỉ huy, đài chỉ huy",FALSE,,,img_1436.jpg,FALSE
1436,Military Dictionary,CP (concrete-piercing),,,,đạn xuyên phá bê tông,FALSE,,,img_1436.jpg,FALSE
1436,Military Dictionary,CP (contact point),,,,địa điểm tiếp xúc; điểm gặp địch; chiến trường,FALSE,,,img_1436.jpg,FALSE
1436,Military Dictionary,CP (control panel),,,,bảng điều khiển,FALSE,,,img_1436.jpg,FALSE
1436,Military Dictionary,CP (control post),,,,trạm kiểm soát; đài chỉ huy (hoả lực); trạm dẫn đường,FALSE,,,img_1436.jpg,FALSE
1436,Military Dictionary,cp (controllable pitch (propellers)) (kq),,,,sự ngóc lên xuống có điều khiển cánh quạt máy bay,FALSE,,,img_1436.jpg,FALSE
1436,Military Dictionary,CP (counterproliferation),,,,sự chống phổ biến vũ khí hạt nhân,FALSE,,,img_1436.jpg,FALSE
1436,Military Dictionary,CP&I (coastal patrol and interdiction),,,,tuần tiễu và ngăn chặn xâm nhập bờ biển,FALSE,,,img_1436.jpg,FALSE
1436,Military Dictionary,CPA (Chairman's program assessment),,,,sự đánh giá chương trình của chủ tịch hội đồng tham mưu trưởng liên quân,FALSE,,,img_1436.jpg,FALSE
1436,Military Dictionary,CPA (closest point approach),,,,sự tiếp cận ở điểm gần nhất,FALSE,,,img_1436.jpg,FALSE
1436,Military Dictionary,CPA (controlled penetration ammunition),,,,đạn xuyên có điều khiển,FALSE,,,img_1436.jpg,FALSE
1436,Military Dictionary,cpble (capable),,,,có khả năng,FALSE,,,img_1436.jpg,FALSE
1436,Military Dictionary,CPCN (command post communications network),,,,mạng thông tin liên lạc sở chỉ huy,FALSE,,,img_1436.jpg,FALSE
1436,Military Dictionary,CPD (combat plans division),,,,phòng kế hoạch tác chiến,FALSE,,,img_1436.jpg,FALSE
1436,Military Dictionary,CPFF (cost-plus-a-fixed fee),,,,vật giá cộng với số lãi nhất định,FALSE,,,img_1436.jpg,FALSE
1436,Military Dictionary,CPFL (contingency planning facilities list),,,,danh mục các phương tiện bảo đảm lập kế hoạch tình trạng khẩn cấp,FALSE,,,img_1436.jpg,FALSE
1436,Military Dictionary,CPG (central processor group),,,,nhóm xử lý trung tâm,FALSE,,,img_1436.jpg,FALSE
1436,Military Dictionary,CPG (Contingency Planning Guidance),,,,(văn bản) hướng dẫn lập kế hoạch đối phó trong tình trạng khẩn cấp,FALSE,,,img_1436.jpg,FALSE
1436,Military Dictionary,CPG (co-pilot/gunner),,,,phi công phụ kiêm xạ thủ,FALSE,,,img_1436.jpg,FALSE
1436,Military Dictionary,CPI (crash position indicator),,,,thiết bị chỉ thị vị trí máy bay rơi,FALSE,,,img_1436.jpg,FALSE
1437,Military Dictionary,Cpl (corporal),,,,"cai, cai trưởng, cai ngũ; hạ sĩ",FALSE,,,img_1437.jpg,FALSE
1437,Military Dictionary,CPM (civilian personnel manual),,,,cẩm nang nhân viên dân sự,FALSE,,,img_1437.jpg,FALSE
1437,Military Dictionary,Cpm (cycles per minute),,,,số chu kỳ trong mỗi phút,FALSE,,,img_1437.jpg,FALSE
1437,Military Dictionary,CPO (chief petty officer) (hq),,,,thượng sĩ,FALSE,,,img_1437.jpg,FALSE
1437,Military Dictionary,CPO (complete provisions only),,,,hoàn toàn để dự phòng,FALSE,,,img_1437.jpg,FALSE
1437,Military Dictionary,CP-OP (command post - observation post),,,,"trạm quan sát - chỉ huy, đài quan sát - chỉ huy",FALSE,,,img_1437.jpg,FALSE
1437,Military Dictionary,CPOP (command post/observation post),,,,trạm quan sát - chỉ huy; đài chỉ huy - quan sát,FALSE,,,img_1437.jpg,FALSE
1437,Military Dictionary,CPR (Chairman's program recommendation),,,,chương trình đề nghị của chủ tịch hội đồng tham mưu trưởng liên quân,FALSE,,,img_1437.jpg,FALSE
1437,Military Dictionary,CPR (common practice round),,,,đạn pháo thao tác thông thường,FALSE,,,img_1437.jpg,FALSE
1437,Military Dictionary,CPS (characters per second),,,,số ký tự trên một giây,FALSE,,,img_1437.jpg,FALSE
1437,Military Dictionary,CPS (collective protective shelter),,,,hầm bảo vệ tập thể,FALSE,,,img_1437.jpg,FALSE
1437,Military Dictionary,CPT; Cpt (captain),,,,"đại uý; thuyền trưởng; (hq, Mỹ, Anh) đại tá",FALSE,,,img_1437.jpg,FALSE
1437,Military Dictionary,cpt (counterpoint),,,,lưới đất (thiết bị điện tử),FALSE,,,img_1437.jpg,FALSE
1437,Military Dictionary,Cptr (capture),,,,bắt (tù binh),FALSE,,,img_1437.jpg,FALSE
1437,Military Dictionary,CPU (central processing unit),,,,bộ xử lý trung tâm,FALSE,,,img_1437.jpg,FALSE
1437,Military Dictionary,CPV (command post vehicle),,,,xe chỉ huy,FALSE,,,img_1437.jpg,FALSE
1437,Military Dictionary,CPX (command post exercise),,,,diễn tập sở chỉ huy; diễn tập chỉ huy - tham mưu,FALSE,,,img_1437.jpg,FALSE
1437,Military Dictionary,CQ (call to quarters),,,,lệnh gọi về doanh trại,FALSE,,,img_1437.jpg,FALSE
1437,Military Dictionary,CQ (charge of quarters),,,,nhiệm vụ vệ sinh doanh trại,FALSE,,,img_1437.jpg,FALSE
1437,Military Dictionary,CQB (close quarter battle),,,,"cận chiến, đánh gần",FALSE,,,img_1437.jpg,FALSE
1437,Military Dictionary,CQBW (close quarter battle weapon),,,,vũ khí đánh gần,FALSE,,,img_1437.jpg,FALSE
1437,Military Dictionary,CR (center of resistance),,,,"ổ kháng cự, ổ đề kháng",FALSE,,,img_1437.jpg,FALSE
1437,Military Dictionary,Cr (commander),,,,tư lệnh (trưởng); người chỉ huy,FALSE,,,img_1437.jpg,FALSE
1437,Military Dictionary,CR (commendation ribbon),,,,dải băng huy chương,FALSE,,,img_1437.jpg,FALSE
1437,Military Dictionary,CR (counter reconnaissance),,,,chống trinh sát,FALSE,,,img_1437.jpg,FALSE
1437,Military Dictionary,CR; cr (crossroads),,,,"chỗ giao nhau (ngã ba, ngã tư đường)",FALSE,,,img_1437.jpg,FALSE
1437,Military Dictionary,Cr (cruise),,,,"tàu tuần dương, tuần dương hạm",FALSE,,,img_1437.jpg,FALSE
1437,Military Dictionary,CRA (command relationships agreement),,,,sự thoả thuận về các mối quan hệ chỉ huy,FALSE,,,img_1437.jpg,FALSE
1437,Military Dictionary,"CRA (Commander, Royal Artillery) (Anh)",,,,"người chỉ huy pháo binh, chỉ huy trưởng pháo binh (sư đoàn)",FALSE,,,img_1437.jpg,FALSE
1437,Military Dictionary,CRA (coordinating review authority),,,,thẩm quyền hiệp đồng xét duyệt,FALSE,,,img_1437.jpg,FALSE
1437,Military Dictionary,CRAF (civil reserve air fleet),,,,phi đoàn không quân dân sự dự bị,FALSE,,,img_1437.jpg,FALSE
1437,Military Dictionary,CRAM (control random access memory),,,,bộ nhớ kiểm soát truy cập ngẫu nhiên,FALSE,,,img_1437.jpg,FALSE
1437,Military Dictionary,"CRAOC (Commander, Royal Army Ordnance Corps) (Anh)",,,,"chỉ huy trưởng ngành bảo đảm kỹ thuật pháo binh (sư đoàn), chủ nhiệm ngành đảm bảo kỹ thuật pháo binh (sư đoàn)",FALSE,,,img_1437.jpg,FALSE
1437,Military Dictionary,"CRASC (Commander, Royal Army Service Corps) (Anh)",,,,"chỉ huy trưởng ngành tiếp tế và vận tải (sư đoàn), chủ nhiệm ngành đảm bảo và vận tải (sư đoàn)",FALSE,,,img_1437.jpg,FALSE
1437,Military Dictionary,CRB (configuration review board),,,,hội đồng xét duyệt cấu hình,FALSE,,,img_1437.jpg,FALSE
1437,Military Dictionary,CRC (circuit routing chart),,,,sơ đồ đường mạch điện,FALSE,,,img_1437.jpg,FALSE
1437,Military Dictionary,CRC (control and reporting center),,,,trung tâm chỉ huy và thông báo bay,FALSE,,,img_1437.jpg,FALSE
1437,Military Dictionary,CRC (CONUS replacement center),,,,trung tâm thay quân dự bị tại phần lục địa nước Mỹ,FALSE,,,img_1437.jpg,FALSE
1437,Military Dictionary,CRC (COOP response cell),,,,bộ phận đáp ứng yêu cầu bảo đảm tính liên tục của chiến dịch,FALSE,,,img_1437.jpg,FALSE
1437,Military Dictionary,CRCU (crypto remote control unit),,,,khối kiểm soát mật mã từ xa,FALSE,,,img_1437.jpg,FALSE
1437,Military Dictionary,CRD (capstone requirements document),,,,văn kiện các nhu cầu cơ bản,FALSE,,,img_1437.jpg,FALSE
1437,Military Dictionary,CRD (chemical reconnaissance detachment),,,,đội trinh sát hoá học,FALSE,,,img_1437.jpg,FALSE
1438,Military Dictionary,CRD (Cinc's required date),,,,thời hạn theo yêu cầu của tổng tư lệnh,FALSE,,,img_1438.jpg,FALSE
1438,Military Dictionary,CRE (combat readiness evaluation),,,,sự đánh giá tình trạng sẵn sàng chiến đấu,FALSE,,,img_1438.jpg,FALSE
1438,Military Dictionary,"CRE (Commander, Royal Engineers) (Anh)",,,,"người chỉ huy công binh sư đoàn, chỉ huy trưởng công binh sư đoàn, chủ nhiệm công binh sư đoàn",FALSE,,,img_1438.jpg,FALSE
1438,Military Dictionary,CRE (control reporting element),,,,bộ phận kiểm soát báo cáo,FALSE,,,img_1438.jpg,FALSE
1438,Military Dictionary,CRECON (counter reconnaissance),,,,phản gián; đối phó với trinh sát của địch,FALSE,,,img_1438.jpg,FALSE
1438,Military Dictionary,"CREME (Commander, Royal Electrical and Mechanical Engineers) (Anh)",,,,"chỉ huy trưởng ngành sửa chữa và khôi phục (sư đoàn), chủ nhiệm ngành sửa chữa và khôi phục (sư đoàn)",FALSE,,,img_1438.jpg,FALSE
1438,Military Dictionary,CRF (channel reassignment function),,,,chức năng phân phối kênh,FALSE,,,img_1438.jpg,FALSE
1438,Military Dictionary,CRI (collective routing indicator),,,,bộ chỉ thị lộ trình tập thể,FALSE,,,img_1438.jpg,FALSE
1438,Military Dictionary,crif (cargo routing information file),,,,tệp thông tin lộ trình hàng hoá,FALSE,,,img_1438.jpg,FALSE
1438,Military Dictionary,CRITIC (critical information),,,,thông tin quan trọng,FALSE,,,img_1438.jpg,FALSE
1438,Military Dictionary,CRITIC (critical intelligence communication),,,,thông tin liên lạc tình báo quan trọng,FALSE,,,img_1438.jpg,FALSE
1438,Military Dictionary,CRITIC (critical message) (intelligence),,,,bức điện quan trọng (tình báo),FALSE,,,img_1438.jpg,FALSE
1438,Military Dictionary,CRITICOMM (critical intelligence communications system),,,,hệ thống phương tiện thông tin liên lạc tình báo chủ yếu,FALSE,,,img_1438.jpg,FALSE
1438,Military Dictionary,CRM (collection requirements management),,,,quản lý các nhu cầu thu thập,FALSE,,,img_1438.jpg,FALSE
1438,Military Dictionary,crm (counter ratameter),,,,đồng hồ đo tốc độ,FALSE,,,img_1438.jpg,FALSE
1438,Military Dictionary,CRM (counterradar missile),,,,"tên lửa chống rada, tên lửa chống rada phát hiện",FALSE,,,img_1438.jpg,FALSE
1438,Military Dictionary,CRM (crew resource management),,,,quản lý nguồn lực kíp lái,FALSE,,,img_1438.jpg,FALSE
1438,Military Dictionary,CRMP (Corps of Royal Military Police) (Anh),,,,"quân cảnh, hiến binh",FALSE,,,img_1438.jpg,FALSE
1438,Military Dictionary,CRO (cosmic ray observatory),,,,đài quan sát tia vũ trụ,FALSE,,,img_1438.jpg,FALSE
1438,Military Dictionary,CROWCASS (Criminals of War Commission),,,,uỷ ban điều tra tội ác chiến tranh,FALSE,,,img_1438.jpg,FALSE
1438,Military Dictionary,CRP (control & reporting post) (kq),,,,đài kiểm soát và thông báo bay; trạm kiểm soát và báo cáo,FALSE,,,img_1438.jpg,FALSE
1438,Military Dictionary,CRRC (combat rubber raiding craft),,,,"xuồng đổ bộ biệt kích bằng cao su, xuồng cao su biệt kích",FALSE,,,img_1438.jpg,FALSE
1438,Military Dictionary,CRRES (combined release & radiation effects satellite),,,,vệ tinh phát hiện dấu vết và bức xạ (của tên lửa phóng),FALSE,,,img_1438.jpg,FALSE
1438,Military Dictionary,CRS (Chairman's readiness system),,,,hệ thống sẵn sàng chiến đấu của chủ tịch hội đồng tham mưu trưởng liên quân,FALSE,,,img_1438.jpg,FALSE
1438,Military Dictionary,CRS (coastal radio station),,,,đài vô tuyến trên bờ biển,FALSE,,,img_1438.jpg,FALSE
1438,Military Dictionary,CRS (container recovery system),,,,hệ thống thu hồi côngtenơ,FALSE,,,img_1438.jpg,FALSE
1438,Military Dictionary,CRSP (centralized receiving and shipping point),,,,địa điểm nhận và vận tải (hàng hoá) tập trung,FALSE,,,img_1438.jpg,FALSE
1438,Military Dictionary,CRT (Cathode ray tube),,,,đèn (điện tử) tia catốt,FALSE,,,img_1438.jpg,FALSE
1438,Military Dictionary,CRTS (casualty receiving and treatment ship),,,,tàu tiếp nhận và điều trị thương vong,FALSE,,,img_1438.jpg,FALSE
1438,Military Dictionary,CRU (control radio unit),,,,bộ điều khiển vô tuyến,FALSE,,,img_1438.jpg,FALSE
1438,Military Dictionary,CR-UAV (close-range unmanned aerial vehicle),,,,máy bay không người lái tầm gần,FALSE,,,img_1438.jpg,FALSE
1438,Military Dictionary,"CruDeLant (Cruiser-Destroyer Force, Atlantic Fleet)",,,,lực lượng tuần dương hạm được trang bị ngư lôi của hạm đội Bắc Băng Dương,FALSE,,,img_1438.jpg,FALSE
1438,Military Dictionary,"CruDesPac (Cruiser-Destroyer Force, Pacific Fleet)",,,,lực lượng tuần dương hạm được trang bị ngư lôi của hạm đội Thái Bình Dương,FALSE,,,img_1438.jpg,FALSE
1438,Military Dictionary,CRYPTO (cryptographic),,,,(thuộc) mật mã; mã hóa,FALSE,,,img_1438.jpg,FALSE
1438,Military Dictionary,crypto equip (cryptographic equipment),,,,thiết bị mật mã,FALSE,,,img_1438.jpg,FALSE
1438,Military Dictionary,crypto sec (cryptographic section),,,,bộ phận mật mã; phân đội mật mã,FALSE,,,img_1438.jpg,FALSE
1439,Military Dictionary,CS (call sign),,,,tín hiệu gọi,FALSE,,,img_1439.jpg,FALSE
1439,Military Dictionary,CS (Chaplain Service) (Air Force),,,,ngành tuyên uý (không quân),FALSE,,,img_1439.jpg,FALSE
1439,Military Dictionary,CS (chief of section),,,,chỉ huy trưởng phân đội,FALSE,,,img_1439.jpg,FALSE
1439,Military Dictionary,CS (close support),,,,"sự chi viện trực tiếp, sự yểm trợ trực tiếp",FALSE,,,img_1439.jpg,FALSE
1439,Military Dictionary,CS (circuit switch),,,,công tắc ngắt mạch,FALSE,,,img_1439.jpg,FALSE
1439,Military Dictionary,CS (coastal station),,,,trạm vô tuyến bờ biển,FALSE,,,img_1439.jpg,FALSE
1439,Military Dictionary,CS (combat support),,,,sự chi viện và bảo đảm chiến đấu,FALSE,,,img_1439.jpg,FALSE
1439,Military Dictionary,CS (Communications Subsystem),,,,phân hệ thông tin liên lạc,FALSE,,,img_1439.jpg,FALSE
1439,Military Dictionary,CS (controlled space),,,,không gian được kiểm soát,FALSE,,,img_1439.jpg,FALSE
1439,Military Dictionary,CS (creeping line single-unit),,,,tuyến luồn sâu của đơn vị đơn lẻ,FALSE,,,img_1439.jpg,FALSE
1439,Military Dictionary,CS (critical source),,,,nguồn chủ yếu,FALSE,,,img_1439.jpg,FALSE
1439,Military Dictionary,CS (current series),,,,loại thông dụng,FALSE,,,img_1439.jpg,FALSE
1439,Military Dictionary,"CSA (Chief of Staff, United States Army)",,,,tham mưu trưởng lục quân Mỹ,FALSE,,,img_1439.jpg,FALSE
1439,Military Dictionary,CSA (container stuffing activity),,,,cơ quan đóng hàng vào côngtenơ,FALSE,,,img_1439.jpg,FALSE
1439,Military Dictionary,CSAAS (combat support agency assessment system),,,,hệ thống đánh giá của cục bảo đảm chiến đấu,FALSE,,,img_1439.jpg,FALSE
1439,Military Dictionary,CSADR (combat support agency director's report),,,,(bản) báo cáo của cục trưởng cục bảo đảm chiến đấu,FALSE,,,img_1439.jpg,FALSE
1439,Military Dictionary,"CSAF (Chief of Staff, United States Air Force)",,,,tham mưu trưởng không quân Mỹ,FALSE,,,img_1439.jpg,FALSE
1439,Military Dictionary,CSAM (computer security for acquisition managers),,,,an ninh máy tính đối với những sĩ quan quản lý mua sắm (quân sự),FALSE,,,img_1439.jpg,FALSE
1439,Military Dictionary,CSAR (combat search and rescue),,,,tìm kiếm và giải cứu trong chiến đấu,FALSE,,,img_1439.jpg,FALSE
1439,Military Dictionary,CSAR3; csar3 (combat support agency responsiveness and readiness report),,,,báo cáo về khả năng ứng phó và sẵn sàng chiến đấu của cục bảo đảm chiến đấu,FALSE,,,img_1439.jpg,FALSE
1439,Military Dictionary,CSARTE (combat search and rescue task element),,,,phân đội đặc nhiệm tìm kiếm và giải cứu trong chiến đấu,FALSE,,,img_1439.jpg,FALSE
1439,Military Dictionary,CSARTF (combat search and rescue task force),,,,lực lượng đặc nhiệm tìm kiếm và giải cứu trong chiến đấu,FALSE,,,img_1439.jpg,FALSE
1439,Military Dictionary,CSAS (Command and stability augmentation system) (part of AFCS),,,,hệ thống điều khiển và tăng cường độ ổn định (một bộ phận của hệ thống kiểm soát bay tự động),FALSE,,,img_1439.jpg,FALSE
1439,Military Dictionary,CSAWS (close support artillery weapon system),,,,"hệ thống pháo binh chi viện trực tiếp, tổ hợp pháo binh yểm trợ trực tiếp",FALSE,,,img_1439.jpg,FALSE
1439,Military Dictionary,CSB (Combat Support Boat),,,,tàu (pháo) chi viện hoả lực; xuồng bảo đảm chiến đấu,FALSE,,,img_1439.jpg,FALSE
1439,Military Dictionary,CSBM (Confidence and Security Building Measures),,,,các biện pháp xây dựng lòng tin và bảo đảm an ninh,FALSE,,,img_1439.jpg,FALSE
1439,Military Dictionary,CSC (cartridge storage case),,,,"thùng đạn, hòm đạn",FALSE,,,img_1439.jpg,FALSE
1439,Military Dictionary,CSC (combat support company),,,,đại đội chi viện chiến đấu; đại đội yểm trợ hoả lực,FALSE,,,img_1439.jpg,FALSE
1439,Military Dictionary,CSC (commander in chief's (CINC's) Strategic Concept),,,,ý định chiến lược của tổng tư lệnh,FALSE,,,img_1439.jpg,FALSE
1439,Military Dictionary,CSC (communications systems control),,,,(thiết bị) điều khiển hệ thống thông tin liên lạc,FALSE,,,img_1439.jpg,FALSE
1439,Military Dictionary,CSC (community support center),,,,trung tâm chi viện cộng đồng; trung tâm hỗ trợ và bảo đảm cho các gia đình quân nhân,FALSE,,,img_1439.jpg,FALSE
1439,Military Dictionary,CSC (Conspicuous Service Cross),,,,huy chương chiến công chữ thập,FALSE,,,img_1439.jpg,FALSE
1439,Military Dictionary,CSC (creeping line single-unit coordinated),,,,tuyến hiệp đồng luồn sâu của đơn vị nhỏ lẻ,FALSE,,,img_1439.jpg,FALSE
1439,Military Dictionary,CSC (International Convention for Safe Containers),,,,công ước quốc tế về côngtenơ an toàn,FALSE,,,img_1439.jpg,FALSE
1439,Military Dictionary,CSCAP; cscap (Council for Security Cooperation in Asia-pacific),,,,hội đồng hợp tác an ninh châu Á - Thái Bình Dương,FALSE,,,img_1439.jpg,FALSE
1439,Military Dictionary,CSCC (coastal sea control commander),,,,chỉ huy trưởng lực lượng kiểm soát vùng biển gần bờ,FALSE,,,img_1439.jpg,FALSE
1440,Military Dictionary,CSCE (communications systems control element),,,,bộ điều khiển hệ thống thông tin liên lạc,FALSE,,,img_1440.jpg,FALSE
1440,Military Dictionary,CSCE (Conference on Security and Cooperation in Europe),,,,hội nghị an ninh và hợp tác châu Âu,FALSE,,,img_1440.jpg,FALSE
1440,Military Dictionary,CSD (constant-speed drive),,,,dẫn động với tốc độ không đổi,FALSE,,,img_1440.jpg,FALSE
1440,Military Dictionary,CSDT (control for submarine discharge torpedo),,,,(thiết bị) điều khiển ngư lôi phóng từ tàu ngầm,FALSE,,,img_1440.jpg,FALSE
1440,Military Dictionary,CSEL (combat survivor evader locator),,,,sĩ quan xác định vị trí ẩn náu của quân nhân thoát hiểm trong chiến đấu,FALSE,,,img_1440.jpg,FALSE
1440,Military Dictionary,CSEP (Chairman of the Joint Chiefs of Staff-sponsored exercise program),,,,kế hoạch tập trận do chủ tịch hội đồng tham mưu trưởng liên quân chỉ đạo (soạn thảo),FALSE,,,img_1440.jpg,FALSE
1440,Military Dictionary,CSF (Combined Service Forces),,,,lực lượng bảo đảm phối hợp; các lực lượng bảo đảm hiệp đồng; lực lượng quân chủng hợp thành,FALSE,,,img_1440.jpg,FALSE
1440,Military Dictionary,CSG (Chairman's Staff Group),,,,nhóm tham mưu của chủ tịch hội đồng tham mưu trưởng liên quân,FALSE,,,img_1440.jpg,FALSE
1440,Military Dictionary,CSG (coordinating subgroup),,,,tiểu ban hiệp đồng,FALSE,,,img_1440.jpg,FALSE
1440,Military Dictionary,CSG (corps support group),,,,cụm hậu cần quân đoàn,FALSE,,,img_1440.jpg,FALSE
1440,Military Dictionary,CSG (Cryptologic Services Group) (NSA),,,,nhóm bảo đảm mật mã,FALSE,,,img_1440.jpg,FALSE
1440,Military Dictionary,CSgt (colour sergeant),,,,trung sĩ mang quân kỳ (đơn vị),FALSE,,,img_1440.jpg,FALSE
1440,Military Dictionary,CSH (combat support helicopter),,,,máy bay trực thăng chi viện chiến đấu,FALSE,,,img_1440.jpg,FALSE
1440,Military Dictionary,CSH (combat support hospital),,,,quân y viện bảo đảm chiến đấu,FALSE,,,img_1440.jpg,FALSE
1440,Military Dictionary,CSI (critical safety item),,,,vật dụng tiếp tế bảo đảm an toàn chủ yếu,FALSE,,,img_1440.jpg,FALSE
1440,Military Dictionary,CSI (critical sustainability item),,,,hàng tiếp tế bảo đảm duy trì sức chiến đấu chủ yếu,FALSE,,,img_1440.jpg,FALSE
1440,Military Dictionary,CSICS (combatant ship integrated communications system),,,,hệ thống thông tin liên lạc hợp nhất (đặt) trên tàu chiến,FALSE,,,img_1440.jpg,FALSE
1440,Military Dictionary,CSIGO (chief signal officer),,,,"chỉ huy trưởng thông tin liên lạc, chủ nhiệm thông tin liên lạc, người chỉ huy thông tin liên lạc",FALSE,,,img_1440.jpg,FALSE
1440,Military Dictionary,CSL (combat stores list),,,,danh sách các kho dự trữ chiến đấu,FALSE,,,img_1440.jpg,FALSE
1440,Military Dictionary,CSL (light cargo ship),,,,tàu vận tải hạng nhẹ,FALSE,,,img_1440.jpg,FALSE
1440,Military Dictionary,CSLT (control for surface-launched torpedoes),,,,thiết bị điều khiển ngư lôi phóng từ tàu nổi,FALSE,,,img_1440.jpg,FALSE
1440,Military Dictionary,CSM (Chief of Staff Memorandum),,,,chỉ thị của tham mưu trưởng,FALSE,,,img_1440.jpg,FALSE
1440,Military Dictionary,CSM (close support missile),,,,tên lửa chi viện trực tiếp,FALSE,,,img_1440.jpg,FALSE
1440,Military Dictionary,CSM (combat support module),,,,môđun chi viện chiến đấu,FALSE,,,img_1440.jpg,FALSE
1440,Military Dictionary,CSM; csm (command sergeant major),,,,trung sĩ chỉ huy trưởng; (Mỹ) thượng sĩ nhất chỉ huy,FALSE,,,img_1440.jpg,FALSE
1440,Military Dictionary,CSMA/CD (carrier sense multiple access/collision detection network),,,,mạng phát hiện tiếp cận/ va chạm (bằng) đa xenxơ của tàu sân bay,FALSE,,,img_1440.jpg,FALSE
1440,Military Dictionary,CSMS (corps support missile system),,,,hệ thống tên lửa chi viện (cấp) quân đoàn,FALSE,,,img_1440.jpg,FALSE
1440,Military Dictionary,CSMU (crash survivable memory unit),,,,bộ nhớ bền sự cố,FALSE,,,img_1440.jpg,FALSE
1440,Military Dictionary,"CSNP (causeway section, nonpowered)",,,,bộ phận cầu tàu không sử dụng năng lượng,FALSE,,,img_1440.jpg,FALSE
1440,Military Dictionary,"CSNP(BE) (causeway section, nonpowered) (beach end)",,,,bộ phận cầu tàu không sử dụng năng lượng (đoạn phía bờ),FALSE,,,img_1440.jpg,FALSE
1440,Military Dictionary,"CSNP(I) (causeway section, nonpowered) (intermediate)",,,,bộ phận cầu tàu không sử dụng năng lượng (đoạn giữa),FALSE,,,img_1440.jpg,FALSE
1440,Military Dictionary,"CSNP(SE) (causeway section, nonpowered) (sea end)",,,,bộ phận cầu tàu không sử dụng năng lượng (đoạn phía biển),FALSE,,,img_1440.jpg,FALSE
1440,Military Dictionary,CSO (communications support organization),,,,tổ chức bảo đảm phương tiện thông tin liên lạc,FALSE,,,img_1440.jpg,FALSE
1440,Military Dictionary,CSOA (combined special operations area),,,,khu vực tác chiến đặc biệt binh chủng hợp thành; khu vực tác chiến đặc biệt của liên quân,FALSE,,,img_1440.jpg,FALSE
1441,Military Dictionary,csob (command systems operations branch),,,,ngành tác chiến của các hệ thống chỉ huy,FALSE,,,img_1441.jpg,FALSE
1441,Military Dictionary,CSOD (command systems operation division),,,,bộ phận tác chiến của các hệ thống chỉ huy,FALSE,,,img_1441.jpg,FALSE
1441,Military Dictionary,"CSP (causeway section, powered)",,,,bộ phận cầu tàu có sử dụng năng lượng,FALSE,,,img_1441.jpg,FALSE
1441,Military Dictionary,CSP (commence search point),,,,điểm bắt đầu tìm kiếm,FALSE,,,img_1441.jpg,FALSE
1441,Military Dictionary,CSP (contracting support plan),,,,kế hoạch bảo đảm theo hợp đồng,FALSE,,,img_1441.jpg,FALSE
1441,Military Dictionary,CSP (crisis staffing procedures) (JCS),,,,quy trình sắp xếp nhân sự cơ quan trong tình huống khủng hoảng của các tham mưu trưởng liên quân,FALSE,,,img_1441.jpg,FALSE
1441,Military Dictionary,CSP (cryptologic support package),,,,bộ công cụ hỗ trợ mật mã,FALSE,,,img_1441.jpg,FALSE
1441,Military Dictionary,CSPAR (commander in chief's (Cinc's) preparedness assessment report),,,,bản báo cáo đánh giá trạng thái chuẩn bị sẵn sàng chiến đấu của tư lệnh (trưởng),FALSE,,,img_1441.jpg,FALSE
1441,Military Dictionary,CSR (commander in chief's (CINC's) summary report),,,,bản báo cáo tổng hợp của tư lệnh (trưởng),FALSE,,,img_1441.jpg,FALSE
1441,Military Dictionary,CSRA (combat system requirement analysis),,,,sự phân tích nhu cầu của hệ thống chiến đấu,FALSE,,,img_1441.jpg,FALSE
1441,Military Dictionary,CSRF (common source route file),,,,hồ sơ nguồn lộ trình chung,FALSE,,,img_1441.jpg,FALSE
1441,Military Dictionary,CSRL (common strategic rotary launcher),,,,bệ phóng xoay tên lửa chiến lược thông dụng (dùng cho các loại tên lửa phóng từ trên không),FALSE,,,img_1441.jpg,FALSE
1441,Military Dictionary,CSS (central security service),,,,ngành an ninh trung ương,FALSE,,,img_1441.jpg,FALSE
1441,Military Dictionary,CSS (combat service support),,,,sự bảo đảm hậu cần chiến đấu,FALSE,,,img_1441.jpg,FALSE
1441,Military Dictionary,CSS (communications subsystem),,,,tiểu hệ thống tin liên lạc; phân hệ thống tin liên lạc,FALSE,,,img_1441.jpg,FALSE
1441,Military Dictionary,CSS (computer sighting system),,,,hệ thống ngắm bắn (có) máy tính hỗ trợ,FALSE,,,img_1441.jpg,FALSE
1441,Military Dictionary,CSS (coordinator surface search),,,,"sĩ quan hiệp đồng tìm kiếm trên mặt đất, mặt nước",FALSE,,,img_1441.jpg,FALSE
1441,Military Dictionary,CSSA (combat service support area),,,,khu vực bảo đảm hậu cần chiến đấu,FALSE,,,img_1441.jpg,FALSE
1441,Military Dictionary,CSSC (coded switch set controller),,,,kiểm soát viên bộ công tắc mã hoá,FALSE,,,img_1441.jpg,FALSE
1441,Military Dictionary,CSSCS (combat service support control system),,,,hệ thống chỉ huy bảo đảm hậu cần chiến đấu,FALSE,,,img_1441.jpg,FALSE
1441,Military Dictionary,CSSE (combat service support element) (MAGTF),,,,bộ phận bảo đảm phục vụ chiến đấu của lực lượng đặc nhiệm không - bộ thuộc thuỷ quân lục chiến,FALSE,,,img_1441.jpg,FALSE
1441,Military Dictionary,CSSS (Combat Service Support System),,,,hệ thống bảo đảm hậu cần chiến đấu; hệ thống chỉ huy hậu cần,FALSE,,,img_1441.jpg,FALSE
1441,Military Dictionary,CSSU (combat service support unit),,,,đơn vị bảo đảm hậu cần chiến đấu,FALSE,,,img_1441.jpg,FALSE
1441,Military Dictionary,CST (chief of supply and transport),,,,"người chỉ huy tiếp tế và vận chuyển, chỉ huy trưởng tiếp tế và vận chuyển, chủ nhiệm ngành tiếp tế và vận chuyển",FALSE,,,img_1441.jpg,FALSE
1441,Military Dictionary,CST (company support team),,,,đội chi viện cấp đại đội; đội bảo đảm cấp đại đội,FALSE,,,img_1441.jpg,FALSE
1441,Military Dictionary,CST (conventional stability talks),,,,đàm phán về ổn định vũ khí thông thường,FALSE,,,img_1441.jpg,FALSE
1441,Military Dictionary,CSU (command sensor unit),,,,"bộ xenxơ, bộ cảm biến",FALSE,,,img_1441.jpg,FALSE
1441,Military Dictionary,CSU (communications switching unit),,,,tổng đài thông tin liên lạc,FALSE,,,img_1441.jpg,FALSE
1441,Military Dictionary,CSU (control selection unit),,,,bộ lựa chọn (phương thức) điều khiển,FALSE,,,img_1441.jpg,FALSE
1441,Military Dictionary,"CSUSA (Chief of Staff, United States Army)",,,,tham mưu trưởng lục quân Mỹ,FALSE,,,img_1441.jpg,FALSE
1441,Military Dictionary,"CSUSAF (Chief of Staff, United States Air Force)",,,,tham mưu trưởng không quân Mỹ,FALSE,,,img_1441.jpg,FALSE
1441,Military Dictionary,CSV (close-range surveillance system),,,,hệ thống giám sát tầm gần,FALSE,,,img_1441.jpg,FALSE
1441,Military Dictionary,CSW (compartment stowage worksheet),,,,bản sơ đồ bố trí hàng hoá lưu giữ trên khoang,FALSE,,,img_1441.jpg,FALSE
1441,Military Dictionary,Csw (conventional stand-off weapon),,,,vũ khí thông thường ngoài tầm (hỏa lực phòng thủ),FALSE,,,img_1441.jpg,FALSE
1442,Military Dictionary,CSWG (communications system working group),,,,nhóm điều hành hệ thống thông tin liên lạc,FALSE,,,img_1442.jpg,FALSE
1442,Military Dictionary,CSWS (corps support weapon system),,,,tổ hợp vũ khí chi viện (cấp) quân đoàn,FALSE,,,img_1442.jpg,FALSE
1442,Military Dictionary,CT (combat team),,,,đội chiến đấu; nhóm chiến đấu; toán chiến đấu,FALSE,,,img_1442.jpg,FALSE
1442,Military Dictionary,CT (communication trench),,,,"đường giao thông hào, hào giao thông",FALSE,,,img_1442.jpg,FALSE
1442,Military Dictionary,CT (communications terminal),,,,trạm thông tin liên lạc đầu cuối,FALSE,,,img_1442.jpg,FALSE
1442,Military Dictionary,CT (control telemetry),,,,đo lường viễn thông phục vụ kiểm soát,FALSE,,,img_1442.jpg,FALSE
1442,Military Dictionary,CT (counterterrorism),,,,chống khủng bố,FALSE,,,img_1442.jpg,FALSE
1442,Military Dictionary,CTA (case telescoped ammunition),,,,đạn ống lồng,FALSE,,,img_1442.jpg,FALSE
1442,Military Dictionary,CTA (common table of allowance),,,,bảng phụ cấp chung,FALSE,,,img_1442.jpg,FALSE
1442,Military Dictionary,CTAPS (Contingency Theater Air Control System Automated planning System),,,,hệ thống tự động hoá lập kế hoạch thuộc hệ thống điều khiển không quân chiến thuật trong tình trạng khẩn cấp,FALSE,,,img_1442.jpg,FALSE
1442,Military Dictionary,CTBT (Comprehensive Test Ban Treaty),,,,hiệp ước cấm thử vũ khí hạt nhân toàn diện,FALSE,,,img_1442.jpg,FALSE
1442,Military Dictionary,CTBTO (CTBT Organization),,,,tổ chức hiệp ước cấm thử vũ khí hạt nhân toàn diện,FALSE,,,img_1442.jpg,FALSE
1442,Military Dictionary,CTC (combat training center),,,,trung tâm huấn luyện chiến đấu,FALSE,,,img_1442.jpg,FALSE
1442,Military Dictionary,CTC (counterterrorist center),,,,trung tâm chống (chủ nghĩa) khủng bố,FALSE,,,img_1442.jpg,FALSE
1442,Military Dictionary,CTD (colour tactical display),,,,"màn hiển thị chiến thuật, màn hình thể hiện tình huống chiến thuật",FALSE,,,img_1442.jpg,FALSE
1442,Military Dictionary,CTF (combined task force),,,,lực lượng đặc nhiệm hợp thành; cụm chiến dịch (lâm thời) binh chủng hợp thành,FALSE,,,img_1442.jpg,FALSE
1442,Military Dictionary,ctg (cartridge),,,,viên đạn (súng bộ binh),FALSE,,,img_1442.jpg,FALSE
1442,Military Dictionary,"CTG (combined task group) (Ca, UK)",,,,"cụm lực lượng đặc nhiệm liên quân (Canada, Anh)",FALSE,,,img_1442.jpg,FALSE
1442,Military Dictionary,"CTG (commander, task group) (US)",,,,tư lệnh (trưởng) cụm lực lượng đặc nhiệm (Mỹ),FALSE,,,img_1442.jpg,FALSE
1442,Military Dictionary,CTID (communications transmission identifier),,,,bộ chỉ thị nhận dạng phát tín hiệu thông tin liên lạc,FALSE,,,img_1442.jpg,FALSE
1442,Military Dictionary,ctl (control),,,,kiểm soát; điều khiển; chỉ huy,FALSE,,,img_1442.jpg,FALSE
1442,Military Dictionary,ctms (countermeasures),,,,các biện pháp chống tác chiến điện tử; phương tiện đối phó tác chiến điện tử; trinh sát vô tuyến và chống (hoạt động) vô tuyến của địch,FALSE,,,img_1442.jpg,FALSE
1442,Military Dictionary,Ctn (carton),,,,hộp các tông,FALSE,,,img_1442.jpg,FALSE
1442,Military Dictionary,CtO (catering officer),,,,người chỉ huy tiếp tế lương thực,FALSE,,,img_1442.jpg,FALSE
1442,Military Dictionary,CTOC (corps tactical operations center),,,,trung tâm chỉ huy tác chiến của quân đoàn,FALSE,,,img_1442.jpg,FALSE
1442,Military Dictionary,CTOL aircraft (conventional take-off and landing aircraft),,,,máy bay cất hạ cánh thông thường,FALSE,,,img_1442.jpg,FALSE
1442,Military Dictionary,CTP (common tactical picture),,,,tình hình chiến đấu chung,FALSE,,,img_1442.jpg,FALSE
1442,Military Dictionary,CTR (controlled thermonuclear reaction),,,,phản ứng nhiệt hạch có điều khiển,FALSE,,,img_1442.jpg,FALSE
1442,Military Dictionary,CTR (Controlled Thermonuclear Reactor),,,,lò phản ứng nhiệt hạt nhân có điều khiển,FALSE,,,img_1442.jpg,FALSE
1442,Military Dictionary,CTR (cooperative threat reduction),,,,hoạt động phối hợp làm giảm nguy cơ đe doạ,FALSE,,,img_1442.jpg,FALSE
1442,Military Dictionary,ctratk (counterattack),,,,"phản công, phản kích",FALSE,,,img_1442.jpg,FALSE
1442,Military Dictionary,CTRIF (Combating Terrorism Readiness Initiative Fund),,,,quỹ sáng kiến sẵn sàng chiến đấu chống khủng bố,FALSE,,,img_1442.jpg,FALSE
1442,Military Dictionary,CTS (communications training system),,,,hệ thống huấn luyện kỹ thuật truyền tin thông tin liên lạc,FALSE,,,img_1442.jpg,FALSE
1442,Military Dictionary,ctss (Central targeting support staff),,,,bộ tham mưu trung tâm yểm trợ tiến hành cuộc chiến đấu thông thường,FALSE,,,img_1442.jpg,FALSE
1442,Military Dictionary,CTT (combat tactics trainer),,,,thiết bị huấn luyện chiến thuật chiến đấu,FALSE,,,img_1442.jpg,FALSE
1442,Military Dictionary,CTT (command tactical trainer),,,,thiết bị huấn luyện chỉ huy (cấp) chiến thuật,FALSE,,,img_1442.jpg,FALSE
1442,Military Dictionary,CTU (combat training unit),,,,đơn vị huấn luyện chiến đấu; phân đội huấn luyện chiến đấu,FALSE,,,img_1442.jpg,FALSE
1442,Military Dictionary,CU (close-up),,,,cận cảnh,FALSE,,,img_1442.jpg,FALSE
