source_page,dictionary_name,word,phonetic,part_of_speech_raw,part_of_speech_code,meaning_vi,is_subentry,example_en,example_vi,image_path,reviewed
1623,Military Dictionary,"PFC/I/O (fast patrol craft, coastal/inshore/offshore)",,,,"xuồng tuần tiễu tốc hành bờ biển, ven bờ và ngoài khơi",FALSE,,,img_1623.jpg,FALSE
1623,Military Dictionary,PFCS (primary flight computer system),,,,hệ thống máy tính (điều khiển) chuyến bay chủ yếu,FALSE,,,img_1623.jpg,FALSE
1623,Military Dictionary,PFD (personal flotation device),,,,dụng cụ vượt sông cá nhân,FALSE,,,img_1623.jpg,FALSE
1623,Military Dictionary,PFD (proximity fuze disconnector),,,,bộ cắt ngòi (nổ) cận đích,FALSE,,,img_1623.jpg,FALSE
1623,Military Dictionary,PFDB (planning factors database),,,,cơ sở dữ liệu các yếu tố lập kế hoạch (tác chiến),FALSE,,,img_1623.jpg,FALSE
1623,Military Dictionary,PFDR (path finder),,,,đơn vị tiền trạm; thiết bị (rada) dẫn đường,FALSE,,,img_1623.jpg,FALSE
1623,Military Dictionary,PFHE (prefragmentation high explosive),,,,nổ phá tạo mảnh sẵn (đạn),FALSE,,,img_1623.jpg,FALSE
1623,Military Dictionary,PFIAB (President's Foreign Intelligence Advisory Board),,,,hội đồng cố vấn về tình báo nước ngoài của tổng thống,FALSE,,,img_1623.jpg,FALSE
1623,Military Dictionary,PFID (positive friendly identification),,,,dấu hiệu nhận biết chủ động đối với quân bạn,FALSE,,,img_1623.jpg,FALSE
1623,Military Dictionary,PFM (fast patrol craft SSM),,,,"tàu tuần tiễu cao tốc trang bị tên lửa hạm đối mặt (đất, biển)",FALSE,,,img_1623.jpg,FALSE
1623,Military Dictionary,"PFT (fast patrol craft, torpedo)",,,,tàu tuần tiễu cao tốc trang bị ngư lôi,FALSE,,,img_1623.jpg,FALSE
1623,Military Dictionary,PG (patrol gunboat),,,,tàu pháo tuần tiễu,FALSE,,,img_1623.jpg,FALSE
1623,Military Dictionary,PG (Paymaster General),,,,cục trưởng cục tài chính,FALSE,,,img_1623.jpg,FALSE
1623,Military Dictionary,PG (permanent grade),,,,quân hàm chính thức,FALSE,,,img_1623.jpg,FALSE
1623,Military Dictionary,PG (proving ground),,,,trường bắn (thử nghiệm),FALSE,,,img_1623.jpg,FALSE
1623,Military Dictionary,PGC (Proving Ground Command),,,,bộ chỉ huy trường bắn thử nghiệm,FALSE,,,img_1623.jpg,FALSE
1623,Military Dictionary,PGM (patrol guided-missile boat),,,,tàu tên lửa có điều khiển tuần tiễu,FALSE,,,img_1623.jpg,FALSE
1623,Military Dictionary,PGM (precision-guided munitions),,,,đạn dược có điều khiển chính xác,FALSE,,,img_1623.jpg,FALSE
1623,Military Dictionary,PGMM (precision guided mortar munition),,,,đạn cối điều khiển chính xác,FALSE,,,img_1623.jpg,FALSE
1623,Military Dictionary,pgnd (propaganda),,,,sự tuyên truyền; tuyên truyền,FALSE,,,img_1623.jpg,FALSE
1623,Military Dictionary,PGRV (precision-guided reentry vehicle),,,,khoang chiến đấu trở về khí quyển có điều khiển chính xác,FALSE,,,img_1623.jpg,FALSE
1623,Military Dictionary,ph (phase),,,,pha,FALSE,,,img_1623.jpg,FALSE
1623,Military Dictionary,PH (probability of hit),,,,xác suất trúng đích,FALSE,,,img_1623.jpg,FALSE
1623,Military Dictionary,PH (Purple Heart),,,,"huy chương ""Trái tim Purple"" (trao cho quân nhân bị thương trong chiến đấu)",FALSE,,,img_1623.jpg,FALSE
1623,Military Dictionary,PhC (Pharmacy Corps),,,,ngành dược quân đội,FALSE,,,img_1623.jpg,FALSE
1623,Military Dictionary,PHI (position and homing indicator),,,,đồng hồ chỉ báo vị trí và dẫn đường,FALSE,,,img_1623.jpg,FALSE
1623,Military Dictionary,Phib (amphibious),,,,(thuộc) đổ bộ đường biển; (thuộc) thuỷ phi cơ; (thuộc) xe lội nước,FALSE,,,img_1623.jpg,FALSE
1623,Military Dictionary,PHIBCB (amphibious construction battalion),,,,tiểu đoàn xây dựng công trình lội nước,FALSE,,,img_1623.jpg,FALSE
1623,Military Dictionary,PHIBGRU (amphibious group),,,,cụm lội nước đổ bộ,FALSE,,,img_1623.jpg,FALSE
1623,Military Dictionary,PHIBOP (amphibious operation),,,,chiến dịch lội nước đổ bộ,FALSE,,,img_1623.jpg,FALSE
1623,Military Dictionary,PHIBRON (amphibious squadron),,,,chiến đoàn xe lội nước; hải đoàn lội nước đổ bộ,FALSE,,,img_1623.jpg,FALSE
1623,Military Dictionary,PHM (patrol hydrofoil missile),,,,tên lửa mang đầu đạn hạt nhân phóng từ tàu tuần tiễu cánh ngầm,FALSE,,,img_1623.jpg,FALSE
1623,Military Dictionary,PHM (patrol hydrofoil missile (boat)),,,,tàu tên lửa tuần tiễu cánh ngầm,FALSE,,,img_1623.jpg,FALSE
1623,Military Dictionary,"PHM/T (hydrofoil, SSM/torpedo)",,,,tàu cao tốc cánh ngầm trang bị tên lửa biển đối biển và ngư lôi,FALSE,,,img_1623.jpg,FALSE
1623,Military Dictionary,PHOTINT (photographic intelligence),,,,tình báo ảnh; tin tức tình báo ảnh,FALSE,,,img_1623.jpg,FALSE
1623,Military Dictionary,photo (photograph),,,,ảnh,FALSE,,,img_1623.jpg,FALSE
1623,Military Dictionary,PHQ (Peacetime Headquarters),,,,sở chỉ huy thời bình,FALSE,,,img_1623.jpg,FALSE
1623,Military Dictionary,PHQ (Port Headquarters),,,,sở chỉ huy bến cảng,FALSE,,,img_1623.jpg,FALSE
1623,Military Dictionary,PI (photointelligence),,,,trinh sát ảnh hàng không; sự chụp ảnh từ trên không; dữ liệu trinh sát ảnh hàng không,FALSE,,,img_1623.jpg,FALSE
1623,Military Dictionary,PI (photointerpretation),,,,sự giải mã ảnh hàng không,FALSE,,,img_1623.jpg,FALSE
1623,Military Dictionary,PI (point of impact),,,,điểm chạm,FALSE,,,img_1623.jpg,FALSE
1623,Military Dictionary,PI (position indicator),,,,"thiết bị định vị, bộ chỉ báo vị trí",FALSE,,,img_1623.jpg,FALSE
1624,Military Dictionary,PI (Probability of incapacitation),,,,"xác suất mất khả năng chiến đấu, xác suất (bị) loại khỏi vòng chiến đấu",FALSE,,,img_1624.jpg,FALSE
1624,Military Dictionary,PI (procedural item),,,,điều khoản về thủ tục thực hiện,FALSE,,,img_1624.jpg,FALSE
1624,Military Dictionary,PI (program of instruction),,,,chương trình huấn luyện; chương trình luyện tập,FALSE,,,img_1624.jpg,FALSE
1624,Military Dictionary,PIAT (projector infantry antitank),,,,"(Anh) súng chống tăng ""piot""",FALSE,,,img_1624.jpg,FALSE
1624,Military Dictionary,PIBD (point initiating base detonated),,,,kích nổ điểm ngòi đáy (đạn),FALSE,,,img_1624.jpg,FALSE
1624,Military Dictionary,PIC (parent indicator code),,,,mã chỉ thị mẹ,FALSE,,,img_1624.jpg,FALSE
1624,Military Dictionary,PIC (Person identification code),,,,mã nhận biết cá nhân,FALSE,,,img_1624.jpg,FALSE
1624,Military Dictionary,PIC (pilot in command),,,,phi công chỉ huy; cơ trưởng,FALSE,,,img_1624.jpg,FALSE
1624,Military Dictionary,PID (plan identification number),,,,số hiệu nhận biết kế hoạch,FALSE,,,img_1624.jpg,FALSE
1624,Military Dictionary,PID (public information division),,,,cơ quan thông tấn,FALSE,,,img_1624.jpg,FALSE
1624,Military Dictionary,PIDD (planned inactivation or discontinued date),,,,ngày ngừng hoạt động (tác chiến) theo kế hoạch,FALSE,,,img_1624.jpg,FALSE
1624,Military Dictionary,PIE (pyrotechnically initiated explosive),,,,"chất nổ kích nổ (bằng phương tiện) hỏa thuật (nụ xòe, dây cháy chậm)",FALSE,,,img_1624.jpg,FALSE
1624,Military Dictionary,PIF (problem identification flag),,,,cờ báo hiệu gặp khó khăn,FALSE,,,img_1624.jpg,FALSE
1624,Military Dictionary,PII (pre-incident indicators),,,,những dấu hiệu báo trước sự cố,FALSE,,,img_1624.jpg,FALSE
1624,Military Dictionary,PILO (public information liaison officer),,,,sĩ quan thông tấn,FALSE,,,img_1624.jpg,FALSE
1624,Military Dictionary,PIM (pretrained individual manpower),,,,năng lực cá nhân trước khi được huấn luyện,FALSE,,,img_1624.jpg,FALSE
1624,Military Dictionary,PIN (personal identification number),,,,số hiệu quân nhân,FALSE,,,img_1624.jpg,FALSE
1624,Military Dictionary,pin. (position indicator),,,,"thiết bị định vị, bộ chỉ báo vị trí",FALSE,,,img_1624.jpg,FALSE
1624,Military Dictionary,PINS (precise integrated navigation system),,,,hệ thống dẫn đường hợp nhất chính xác,FALSE,,,img_1624.jpg,FALSE
1624,Military Dictionary,PIO (press information officer),,,,sĩ quan thông tin báo chí,FALSE,,,img_1624.jpg,FALSE
1624,Military Dictionary,PIO (public information officer),,,,sĩ quan thông tấn,FALSE,,,img_1624.jpg,FALSE
1624,Military Dictionary,pion (pioneer),,,,lính công binh; (thuộc) công binh,FALSE,,,img_1624.jpg,FALSE
1624,Military Dictionary,PIPS (plans integration partitioning system),,,,hệ thống phân tách các kế hoạch hợp nhất,FALSE,,,img_1624.jpg,FALSE
1624,Military Dictionary,PIR (priority intelligence requirements),,,,các nhu cầu hoạt động tình báo ưu tiên,FALSE,,,img_1624.jpg,FALSE
1624,Military Dictionary,PIT OFF (pilot officer),,,,(Anh) thiếu úy không quân,FALSE,,,img_1624.jpg,FALSE
1624,Military Dictionary,PITS (passive identification & targeting system),,,,hệ thống nhận biết và ngắm mục tiêu thụ động,FALSE,,,img_1624.jpg,FALSE
1624,Military Dictionary,"PJBD (Permanent Joint Board on Defense, Canada-United States)",,,,hội đồng phòng thủ Mỹ - Canada hợp nhất thường xuyên,FALSE,,,img_1624.jpg,FALSE
1624,Military Dictionary,Pk (probability of kill),,,,xác suất tiêu diệt,FALSE,,,img_1624.jpg,FALSE
1624,Military Dictionary,PK (peacekeeping),,,,gìn giữ hoà bình,FALSE,,,img_1624.jpg,FALSE
1624,Military Dictionary,PK (Pulemet Kalashnikova (general-purpose machine gun)),,,,"súng đại liên đa dụng, súng đại liên Kalatnhicốp",FALSE,,,img_1624.jpg,FALSE
1624,Military Dictionary,PKF (Peacekeeping Force),,,,lực lượng gìn giữ hoà bình,FALSE,,,img_1624.jpg,FALSE
1624,Military Dictionary,Pkg (package),,,,kiện hàng; sự đóng thùng; dụng cụ tự vận hành; thiết bị đóng gói tháo gỡ được; đơn vị phiên chế theo nhiệm vụ đặc biệt; phân đội phiên chế theo nhiệm vụ chuyên môn,FALSE,,,img_1624.jpg,FALSE
1624,Military Dictionary,"PKG-POL (packaged petroleum, oils, and lubricants)",,,,"xăng, dầu và mỡ đóng thùng",FALSE,,,img_1624.jpg,FALSE
1624,Military Dictionary,PKO (peacekeeping operations),,,,hoạt động gìn giữ hoà bình,FALSE,,,img_1624.jpg,FALSE
1624,Military Dictionary,PKO (Protivokosmicheskaya oborona (space defense force)),,,,lực lượng phòng thủ vũ trụ,FALSE,,,img_1624.jpg,FALSE
1624,Military Dictionary,PKP (predicted kill point),,,,điểm tiêu diệt dự đoán,FALSE,,,img_1624.jpg,FALSE
1624,Military Dictionary,PKP (purple K powder),,,,bột chất độc hoá học (màu tím) K,FALSE,,,img_1624.jpg,FALSE
1624,Military Dictionary,PL; pl (phase line),,,,tuyến điều chỉnh hành quân,FALSE,,,img_1624.jpg,FALSE
1624,Military Dictionary,pl (pipeline),,,,đường ống dẫn,FALSE,,,img_1624.jpg,FALSE
1624,Military Dictionary,PL (platoon),,,,trung đội,FALSE,,,img_1624.jpg,FALSE
1625,Military Dictionary,PLA (People Liberation Army),,,,(China) quân giải phóng nhân dân (Trung Quốc),FALSE,,,img_1625.jpg,FALSE
1625,Military Dictionary,PLA (plain language address),,,,địa chỉ rõ (phân biệt với hòm thư),FALSE,,,img_1625.jpg,FALSE
1625,Military Dictionary,PLAN (operational plan),,,,kế hoạch tác chiến,FALSE,,,img_1625.jpg,FALSE
1625,Military Dictionary,PLANAT (NATO Regional Planning Group and NATO Regional Planning Subgroup),,,,nhóm lập kế hoạch khu vực và tiểu nhóm lập kế hoạch khu vực của liên quân NATO,FALSE,,,img_1625.jpg,FALSE
1625,Military Dictionary,PLANDO (plans and operations),,,,sự lập kế hoạch và tác chiến,FALSE,,,img_1625.jpg,FALSE
1625,Military Dictionary,PLARS (position location and reporting system),,,,(Mỹ) hệ thống định vị và thông báo,FALSE,,,img_1625.jpg,FALSE
1625,Military Dictionary,PLAT (pilot's landing aid television),,,,máy vô tuyến truyền hình hỗ trợ hạ cánh của phi công,FALSE,,,img_1625.jpg,FALSE
1625,Military Dictionary,plat (platoon),,,,trung đội,FALSE,,,img_1625.jpg,FALSE
1625,Military Dictionary,Plat Ldr (platoon leader),,,,trung đội trưởng,FALSE,,,img_1625.jpg,FALSE
1625,Military Dictionary,Plat Sgt (platoon sergeant),,,,trung sĩ trung đội; phó trung đội trưởng,FALSE,,,img_1625.jpg,FALSE
1625,Military Dictionary,PLB (personal locator beacon),,,,tín hiệu định vị cá nhân,FALSE,,,img_1625.jpg,FALSE
1625,Military Dictionary,PLC (Programmable Logic Control),,,,sự điều khiển lôgic có thể lập trình,FALSE,,,img_1625.jpg,FALSE
1625,Military Dictionary,PLD (payload),,,,tải trọng có ích,FALSE,,,img_1625.jpg,FALSE
1625,Military Dictionary,PLD (probable line of deployment),,,,tuyến có thể triển khai (sang đội hình chiến đấu),FALSE,,,img_1625.jpg,FALSE
1625,Military Dictionary,PLGR (precise lightweight global positioning system (GPS) receiver),,,,máy thu của hệ thống định vị toàn cầu gọn nhẹ chính xác,FALSE,,,img_1625.jpg,FALSE
1625,Military Dictionary,PLN (flight plan),,,,chương trình bay,FALSE,,,img_1625.jpg,FALSE
1625,Military Dictionary,PLRS (position location-reporting system),,,,hệ thống chỉ báo vị trí (trận địa); (Mỹ) hệ thống định vị và thông báo,FALSE,,,img_1625.jpg,FALSE
1625,Military Dictionary,PLS (palletized load system),,,,(Mỹ) hệ thống tải hàng trên giá mang; hệ thống nâng xếp hàng hoá bằng tấm nâng,FALSE,,,img_1625.jpg,FALSE
1625,Military Dictionary,PLS (personal locator system),,,,hệ thống định vị cá nhân,FALSE,,,img_1625.jpg,FALSE
1625,Military Dictionary,PLS (pillars of logistic support),,,,lực lượng trụ cột bảo đảm hậu cần,FALSE,,,img_1625.jpg,FALSE
1625,Military Dictionary,PLSS (precision location strike system),,,,"hệ thống xác định vị trí và tiến công chính xác vào rada của đối phương, hệ thống công kích định vị chính xác",FALSE,,,img_1625.jpg,FALSE
1625,Military Dictionary,PLT; plt (pilot),,,,"phi công, hoa tiêu",FALSE,,,img_1625.jpg,FALSE
1625,Military Dictionary,PLT (platoon),,,,trung đội,FALSE,,,img_1625.jpg,FALSE
1625,Military Dictionary,PLT (procurement lead time),,,,thời gian chuẩn bị sẵn,FALSE,,,img_1625.jpg,FALSE
1625,Military Dictionary,PM (parallel track multiunit),,,,đa đơn vị theo dõi mục tiêu di động song song,FALSE,,,img_1625.jpg,FALSE
1625,Military Dictionary,PM (paymaster),,,,thủ quỹ,FALSE,,,img_1625.jpg,FALSE
1625,Military Dictionary,PM; pm (preventive maintenance),,,,bảo dưỡng theo kế hoạch dự phòng,FALSE,,,img_1625.jpg,FALSE
1625,Military Dictionary,PM (preventive medicine),,,,thuốc phòng bệnh,FALSE,,,img_1625.jpg,FALSE
1625,Military Dictionary,PM (program manager),,,,người quản lý chương trình,FALSE,,,img_1625.jpg,FALSE
1625,Military Dictionary,PM (provost marshal),,,,"chỉ huy trưởng lực lượng quân cảnh, chỉ huy trưởng quân cảnh",FALSE,,,img_1625.jpg,FALSE
1625,Military Dictionary,PMC (partial mission-capable),,,,có khả năng hoàn thành một phần nhiệm vụ,FALSE,,,img_1625.jpg,FALSE
1625,Military Dictionary,"PMCM (partial mission-capable, maintenance)",,,,có khả năng hoàn thành một phần nhiệm vụ cần bảo dưỡng,FALSE,,,img_1625.jpg,FALSE
1625,Military Dictionary,"PMCS (partial mission-capable, supply)",,,,có khả năng hoàn thành một phần nhiệm vụ cần cung cấp hậu cần,FALSE,,,img_1625.jpg,FALSE
1625,Military Dictionary,PMD (program management directive),,,,chỉ thị về quản lý chương trình,FALSE,,,img_1625.jpg,FALSE
1625,Military Dictionary,PME (peacetime military engagement),,,,can dự quân sự thời bình,FALSE,,,img_1625.jpg,FALSE
1625,Military Dictionary,PME (professional military education),,,,đào tạo nghiệp vụ quân sự,FALSE,,,img_1625.jpg,FALSE
1625,Military Dictionary,PMI (patient movement item),,,,dụng cụ vận chuyển thương bệnh binh,FALSE,,,img_1625.jpg,FALSE
1625,Military Dictionary,PMIS (psychological operations (PSYOP) management information subsystem),,,,tiểu hệ thống thông tin quản lý hoạt động chiến tranh tâm lý,FALSE,,,img_1625.jpg,FALSE
1625,Military Dictionary,PMO (principal medical officer),,,,(Anh) chủ nhiệm quân y đơn vị,FALSE,,,img_1625.jpg,FALSE
1625,Military Dictionary,PMO (Program Management Office),,,,(US) văn phòng quản lý chương trình (Mỹ),FALSE,,,img_1625.jpg,FALSE
1626,Military Dictionary,PMOS (primary military occupational specialty),,,,chuyên nghiệp quân sự cơ bản,FALSE,,,img_1626.jpg,FALSE
1626,Military Dictionary,PMR (parallel track multiunit return),,,,bộ phận phản hồi của đa đơn vị theo dõi mục tiêu di động song song,FALSE,,,img_1626.jpg,FALSE
1626,Military Dictionary,PMR (patient movement request),,,,yêu cầu vận chuyển thương bệnh binh,FALSE,,,img_1626.jpg,FALSE
1626,Military Dictionary,PMRC (patient movement requirements center),,,,trung tâm giải quyết các nhu cầu vận chuyển thương bệnh binh,FALSE,,,img_1626.jpg,FALSE
1626,Military Dictionary,PMS (portable meteorological subsystem),,,,phân hệ quan trắc khí tượng xách tay,FALSE,,,img_1626.jpg,FALSE
1626,Military Dictionary,PMTS (passive multi-target tracking system),,,,hệ thống bám (sát) nhiều mục tiêu thụ động,FALSE,,,img_1626.jpg,FALSE
1626,Military Dictionary,PMWS (pedestal-mounted weapons system),,,,tổ hợp vũ khí lắp trên trụ đứng,FALSE,,,img_1626.jpg,FALSE
1626,Military Dictionary,PN (pseudonoise),,,,"sự nghi binh bằng tiếng ồn, giả ồn (nghi binh vô tuyến điện)",FALSE,,,img_1626.jpg,FALSE
1626,Military Dictionary,PNID (precedence network in dialing),,,,mạng quay số ưu tiên,FALSE,,,img_1626.jpg,FALSE
1626,Military Dictionary,pnr (pioneer),,,,lính công binh; (thuộc) công binh,FALSE,,,img_1626.jpg,FALSE
1626,Military Dictionary,PNS (Pacific Navigation System),,,,hệ thống dẫn đường ở Thái Bình Dương,FALSE,,,img_1626.jpg,FALSE
1626,Military Dictionary,PNT (point),,,,điểm (hệ thống thập phân),FALSE,,,img_1626.jpg,FALSE
1626,Military Dictionary,PNVS (pilot night vision system),,,,"hệ thống nhìn đêm của phi công, hệ thống quan sát ban đêm của phi công",FALSE,,,img_1626.jpg,FALSE
1626,Military Dictionary,PO (peace operations),,,,các hoạt động hoà bình,FALSE,,,img_1626.jpg,FALSE
1626,Military Dictionary,PO (petty officer),,,,chuẩn uý; (hq) trung sĩ hải quân,FALSE,,,img_1626.jpg,FALSE
1626,Military Dictionary,PO (Portugal),,,,Bồ Đào Nha,FALSE,,,img_1626.jpg,FALSE
1626,Military Dictionary,PO (post office),,,,quân bưu; phòng quân bưu,FALSE,,,img_1626.jpg,FALSE
1626,Military Dictionary,POA (Pacific Ocean Area),,,,khu vực Thái Bình Dương; vùng Thái Bình Dương,FALSE,,,img_1626.jpg,FALSE
1626,Military Dictionary,POADS (psychological operations automated data system),,,,hệ thống dữ liệu chiến tranh tâm lý tự động,FALSE,,,img_1626.jpg,FALSE
1626,Military Dictionary,POAE (port of aerial embarkation),,,,sân bay bốc xếp hàng hóa,FALSE,,,img_1626.jpg,FALSE
1626,Military Dictionary,POAI (primary other aircraft inventory),,,,bản kê khai ban đầu các loại máy bay khác,FALSE,,,img_1626.jpg,FALSE
1626,Military Dictionary,POAT (psychological operations assessment team),,,,đội đánh giá hiệu quả chiến tranh tâm lý,FALSE,,,img_1626.jpg,FALSE
1626,Military Dictionary,POB (psychological operations battalion),,,,tiểu đoàn tâm lý chiến,FALSE,,,img_1626.jpg,FALSE
1626,Military Dictionary,POC (point of contact),,,,"điểm tiếp xúc, điểm chạm địch; vị trí tiếp giáp với địch; chiến trường",FALSE,,,img_1626.jpg,FALSE
1626,Military Dictionary,Poc (port of call),,,,bến ghé,FALSE,,,img_1626.jpg,FALSE
1626,Military Dictionary,POD (plan of the day),,,,kế hoạch trong ngày,FALSE,,,img_1626.jpg,FALSE
1626,Military Dictionary,POD (port of debarkation),,,,cảng bốc dỡ hàng hóa xuống tàu,FALSE,,,img_1626.jpg,FALSE
1626,Military Dictionary,POD (probability of detection),,,,xác suất phát hiện,FALSE,,,img_1626.jpg,FALSE
1626,Military Dictionary,POE (port of embarkation),,,,cảng bốc xếp hàng hóa lên tàu,FALSE,,,img_1626.jpg,FALSE
1626,Military Dictionary,POE (port of entry),,,,cảng nhập,FALSE,,,img_1626.jpg,FALSE
1626,Military Dictionary,POG (port operations group),,,,nhóm vận hành cảng,FALSE,,,img_1626.jpg,FALSE
1626,Military Dictionary,POG (psychological operations group),,,,nhóm hoạt động tâm lý chiến,FALSE,,,img_1626.jpg,FALSE
1626,Military Dictionary,POI (program of instruction),,,,chương trình huấn luyện; chương trình luyện tập,FALSE,,,img_1626.jpg,FALSE
1626,Military Dictionary,POINT (decimal point),,,,điểm theo hệ thập phân,FALSE,,,img_1626.jpg,FALSE
1626,Military Dictionary,"POL (petroleum, oil, and lubricants)",,,,nhiên liệu và dầu mỡ,FALSE,,,img_1626.jpg,FALSE
1626,Military Dictionary,POLAD (political advisor),,,,"cố vấn chính trị, cố vấn các vấn đề chính trị",FALSE,,,img_1626.jpg,FALSE
1626,Military Dictionary,POLCAP (bulk petroleum capabilities report),,,,báo cáo khả năng nhiên liệu dự trữ,FALSE,,,img_1626.jpg,FALSE
1626,Military Dictionary,POLMIL (political-military),,,,(thuộc) quân sự - chính trị,FALSE,,,img_1626.jpg,FALSE
1626,Military Dictionary,POLO (Pacific Command Operations Liaison Office),,,,(Mỹ) phòng thông tin liên lạc hiệp đồng của bộ tư lệnh Thái Bình Dương,FALSE,,,img_1626.jpg,FALSE
1626,Military Dictionary,POM (preparation for oversea movement),,,,sự chuẩn bị (của đơn vị) chuyển ra nước ngoài,FALSE,,,img_1626.jpg,FALSE
1626,Military Dictionary,POM (program objective memorandum),,,,bản ghi nhớ mục tiêu chương trình,FALSE,,,img_1626.jpg,FALSE
1627,Military Dictionary,POMCUS (pre-positioning of materiel configured to unit sets),,,,sự triển khai trước của thiết bị kỹ thuật (chiến đấu) được bố trí thành các bộ đơn vị,FALSE,,,img_1627.jpg,FALSE
1627,Military Dictionary,POMING (portable mine neutralisation system),,,,"tổ hợp phá mìn mang vác, tổ hợp phá mìn đi cùng",FALSE,,,img_1627.jpg,FALSE
1627,Military Dictionary,"POMSO (Plans, Operations, and Military Support Office)",,,,"(NG) phòng kế hoạch, tác chiến và chi viện quân sự (của lực lượng cảnh vệ quốc gia)",FALSE,,,img_1627.jpg,FALSE
1627,Military Dictionary,pon (ponton),,,,cầu phao; (thuộc) cầu phao,FALSE,,,img_1627.jpg,FALSE
1627,Military Dictionary,POP (performance oriented packaging),,,,sự đóng gói (hàng quân sự) theo định hướng nhiệm vụ,FALSE,,,img_1627.jpg,FALSE
1627,Military Dictionary,POR (periodic operations report),,,,"sự báo cáo chiến dịch định kỳ, sự báo cáo tình hình tác chiến định kỳ",FALSE,,,img_1627.jpg,FALSE
1627,Military Dictionary,POR (preparation for oversea movement of individual replacements),,,,sự chuẩn bị thay quân cá nhân ở nước ngoài (theo trình tự thay phiên),FALSE,,,img_1627.jpg,FALSE
1627,Military Dictionary,POR (proposed Operational requirement),,,,nhu cầu chiến dịch được đề xuất,FALSE,,,img_1627.jpg,FALSE
1627,Military Dictionary,PORTS (portable remote telecommunications system),,,,tổ hợp thông tin liên lạc viễn thông xách tay,FALSE,,,img_1627.jpg,FALSE
1627,Military Dictionary,POS (period of service),,,,giai đoạn phục vụ; thời hạn phục vụ,FALSE,,,img_1627.jpg,FALSE
1627,Military Dictionary,POS (port of support),,,,"cảng chi viện, cảng bảo đảm",FALSE,,,img_1627.jpg,FALSE
1627,Military Dictionary,POS (position),,,,vị trí; trận địa; vị trí triển khai; vị trí bố trí; chức vụ,FALSE,,,img_1627.jpg,FALSE
1627,Military Dictionary,POS (primary operating stocks),,,,các kho vận hành ban đầu,FALSE,,,img_1627.jpg,FALSE
1627,Military Dictionary,POS (probability of success),,,,xác suất thành công,FALSE,,,img_1627.jpg,FALSE
1627,Military Dictionary,posn (position),,,,vị trí; trận địa; tuyến; vị trí triển khai; vị trí bố trí; chức vụ,FALSE,,,img_1627.jpg,FALSE
1627,Military Dictionary,POSSUB (possible submarine),,,,một tàu ngầm có thể,FALSE,,,img_1627.jpg,FALSE
1627,Military Dictionary,POSSUM (Polar Orbiting Satellite System),,,,hệ thống vệ tinh quỹ đạo cực,FALSE,,,img_1627.jpg,FALSE
1627,Military Dictionary,POSTMOB (post mobilization),,,,sau động viên,FALSE,,,img_1627.jpg,FALSE
1627,Military Dictionary,POTF (psychological operations task force),,,,lực lượng chiến tranh tâm lý; các đơn vị và phân đội tâm lý chiến,FALSE,,,img_1627.jpg,FALSE
1627,Military Dictionary,POTG (psychological operations task group),,,,nhóm hoạt động tâm lý chiến,FALSE,,,img_1627.jpg,FALSE
1627,Military Dictionary,POTUS (President of the United States),,,,tổng thống Hoa Kỳ; tổng thống Mỹ,FALSE,,,img_1627.jpg,FALSE
1627,Military Dictionary,POV (privately owned vehicle),,,,xe cộ của tư nhân,FALSE,,,img_1627.jpg,FALSE
1627,Military Dictionary,POW; Pow (prisoner of war),,,,"tù binh, tù binh chiến tranh",FALSE,,,img_1627.jpg,FALSE
1627,Military Dictionary,p-p (peak-to-peak),,,,từ điểm cao này sang điểm cao kia; chiến thuật đổ quân bằng máy bay trực thăng; chiến thuật nhảy cóc,FALSE,,,img_1627.jpg,FALSE
1627,Military Dictionary,PPA (personnel information system (PERSINS) personnel activity),,,,hoạt động nhân sự trong hệ thống thông tin quân lực,FALSE,,,img_1627.jpg,FALSE
1627,Military Dictionary,PPA (pre-planned attack),,,,cuộc tiến công theo kế hoạch; tiến công theo kế hoạch,FALSE,,,img_1627.jpg,FALSE
1627,Military Dictionary,PPAG (proposed public affairs guidance),,,,sự chỉ dẫn đề xuất các hoạt động dân vận,FALSE,,,img_1627.jpg,FALSE
1627,Military Dictionary,"PPBS (Planning, Programming, and Budgeting System)",,,,"hệ thống lập kế hoạch, lập trình và tính toán ngân sách",FALSE,,,img_1627.jpg,FALSE
1627,Military Dictionary,PPD (program planning document),,,,văn kiện lập kế hoạch chương trình,FALSE,,,img_1627.jpg,FALSE
1627,Military Dictionary,PPDB (point positioning database),,,,cơ sở dữ liệu định vị vị trí triển khai,FALSE,,,img_1627.jpg,FALSE
1627,Military Dictionary,PPE (personal protective equipment),,,,thiết bị bảo vệ cá nhân,FALSE,,,img_1627.jpg,FALSE
1627,Military Dictionary,PPI (plan position indicator),,,,"bộ chỉ thị mặt bằng, bộ chỉ thị thăng bằng ngang; máy định vị các vật thể phản xạ rada trên mặt phẳng",FALSE,,,img_1627.jpg,FALSE
1627,Military Dictionary,Pplan (programming plan),,,,kế hoạch lập trình,FALSE,,,img_1627.jpg,FALSE
1627,Military Dictionary,ppm (parts per million),,,,phần triệu,FALSE,,,img_1627.jpg,FALSE
1627,Military Dictionary,PPM (periodic preventive maintenance service),,,,sự bảo dưỡng kỹ thuật dự phòng định kỳ,FALSE,,,img_1627.jpg,FALSE
1627,Military Dictionary,PPS (periods per second),,,,chu kỳ trên giây; số chu kỳ trong một giây,FALSE,,,img_1627.jpg,FALSE
1628,Military Dictionary,PPS (precise positioning service),,,,ngành định vị chính xác (bằng vệ tinh GPS),FALSE,,,img_1628.jpg,FALSE
1628,Military Dictionary,PPS (precision positioning service),,,,ngành định vị chính xác,FALSE,,,img_1628.jpg,FALSE
1628,Military Dictionary,PPSR (periodic personnel strength report),,,,sự báo cáo quân số định kỳ,FALSE,,,img_1628.jpg,FALSE
1628,Military Dictionary,PPW (personal protection weapon),,,,vũ khí tự vệ cá nhân,FALSE,,,img_1628.jpg,FALSE
1628,Military Dictionary,PPWR (prepositioned war reserve),,,,"lượng dự trữ hiện có ở các địa điểm có thể có chiến sự, lượng dự trữ hiện có ở khu vực tác chiến dự kiến",FALSE,,,img_1628.jpg,FALSE
1628,Military Dictionary,PR (patrol report),,,,sự báo cáo của đội tuần tiễu,FALSE,,,img_1628.jpg,FALSE
1628,Military Dictionary,PR (personnel recovery),,,,(phương tiện) tiêu tẩy cá nhân; sự khôi phục quân số,FALSE,,,img_1628.jpg,FALSE
1628,Military Dictionary,PR (photographic reconnaissance),,,,sự trinh sát bằng ảnh chụp,FALSE,,,img_1628.jpg,FALSE
1628,Military Dictionary,PR; P/R (photoreconnaissance),,,,bức ảnh trinh sát đường không; sự chụp ảnh hàng không,FALSE,,,img_1628.jpg,FALSE
1628,Military Dictionary,PR (primary radar),,,,rada sơ cấp,FALSE,,,img_1628.jpg,FALSE
1628,Military Dictionary,PR (primary zone),,,,khu vực ban đầu,FALSE,,,img_1628.jpg,FALSE
1628,Military Dictionary,PR (procurement regulations),,,,bản hướng dẫn chuẩn bị trước,FALSE,,,img_1628.jpg,FALSE
1628,Military Dictionary,PR (program review),,,,sự phê chuẩn chương trình,FALSE,,,img_1628.jpg,FALSE
1628,Military Dictionary,PRA (practice),,,,"(đạn) tập, đạn huấn luyện",FALSE,,,img_1628.jpg,FALSE
1628,Military Dictionary,PRA-T (practice tracer),,,,(đạn) huấn luyện - vạch đường,FALSE,,,img_1628.jpg,FALSE
1628,Military Dictionary,PRC (permanent regular commission),,,,quân hàm sĩ quan chính thức,FALSE,,,img_1628.jpg,FALSE
1628,Military Dictionary,PRC (populace and resources control),,,,sự kiểm tra dân chúng và nắm các nguồn lực,FALSE,,,img_1628.jpg,FALSE
1628,Military Dictionary,PRCA (Presidential Reserve Callup Authority),,,,quyền gọi quân dự bị nhập ngũ của tổng thống,FALSE,,,img_1628.jpg,FALSE
1628,Military Dictionary,PRCHST; prchst (parachutist),,,,lính dù; quân nhảy dù,FALSE,,,img_1628.jpg,FALSE
1628,Military Dictionary,prcht (parachute),,,,dù; (thuộc) dù; nhảy dù; đổ bộ đường không,FALSE,,,img_1628.jpg,FALSE
1628,Military Dictionary,PRD (personnel readiness division),,,,cục bảo đảm quân số sẵn sàng chiến đấu,FALSE,,,img_1628.jpg,FALSE
1628,Military Dictionary,PRD (Presidential review directive),,,,lệnh phê chuẩn của tổng thống,FALSE,,,img_1628.jpg,FALSE
1628,Military Dictionary,preaslt (preassault),,,,"trước xung phong, trước tiến công",FALSE,,,img_1628.jpg,FALSE
1628,Military Dictionary,PRECOM (preliminary communications search),,,,sự tìm kiếm thông tin liên lạc sơ bộ,FALSE,,,img_1628.jpg,FALSE
1628,Military Dictionary,PREMOB (pre-mobilization),,,,trước động viên,FALSE,,,img_1628.jpg,FALSE
1628,Military Dictionary,prep (preparation),,,,"trận oanh kích dọn đường; pháo kích chuẩn bị, hoả lực pháo binh chuẩn bị",FALSE,,,img_1628.jpg,FALSE
1628,Military Dictionary,"PREPO (pre-positioned force, equipment, or supplies)",,,,"lực lượng, thiết bị hoặc các nguồn cung cấp triển khai trước",FALSE,,,img_1628.jpg,FALSE
1628,Military Dictionary,PREPO (pre-positioning),,,,sự triển khai trước,FALSE,,,img_1628.jpg,FALSE
1628,Military Dictionary,prev (previous),,,,trước; chuẩn bị trước,FALSE,,,img_1628.jpg,FALSE
1628,Military Dictionary,PRF (personnel resources file),,,,hồ sơ các nguồn quân lực,FALSE,,,img_1628.jpg,FALSE
1628,Military Dictionary,PRF (pulse repetition frequency),,,,tần số mô phỏng xung,FALSE,,,img_1628.jpg,FALSE
1628,Military Dictionary,PRG (program review group),,,,nhóm xét duyệt chương trình,FALSE,,,img_1628.jpg,FALSE
1628,Military Dictionary,PRGR (proving ground),,,,trường bắn (thử),FALSE,,,img_1628.jpg,FALSE
1628,Military Dictionary,PRI (preliminary rifle instruction),,,,khoá nhập môn huấn luyện bắn,FALSE,,,img_1628.jpg,FALSE
1628,Military Dictionary,PRI (priority),,,,ưu tiên,FALSE,,,img_1628.jpg,FALSE
1628,Military Dictionary,Pri (private),,,,lính; binh nhì,FALSE,,,img_1628.jpg,FALSE
1628,Military Dictionary,PRI (progressive routing indicator),,,,bộ chỉ thị lộ trình tiến tiến,FALSE,,,img_1628.jpg,FALSE
1628,Military Dictionary,PRI (projector retical image),,,,(thiết bị) phóng ảnh (có) vạch khắc ngắm,FALSE,,,img_1628.jpg,FALSE
1628,Military Dictionary,PRIFLY (primary flight control),,,,sự kiểm soát bay sơ cấp,FALSE,,,img_1628.jpg,FALSE
1628,Military Dictionary,Prime BEEF (Prime Base Engineer Emergency Forces),,,,các lực lượng công binh xử trí tình trạng khẩn cấp của căn cứ cơ bản,FALSE,,,img_1628.jpg,FALSE
1628,Military Dictionary,prin (principal),,,,"chính, chủ yếu, cơ bản",FALSE,,,img_1628.jpg,FALSE
1628,Military Dictionary,pris (prisoner),,,,tù binh; tù nhân; người bị bắt,FALSE,,,img_1628.jpg,FALSE
1628,Military Dictionary,Prk (park),,,,"khu, bãi",FALSE,,,img_1628.jpg,FALSE
1628,Military Dictionary,PRM (personal radiation monitor),,,,thiết bị định lượng phóng xạ cá nhân,FALSE,,,img_1628.jpg,FALSE
1629,Military Dictionary,PRM (Presidential review memorandum),,,,bản ghi nhớ xét duyệt của tổng thống,FALSE,,,img_1629.jpg,FALSE
1629,Military Dictionary,PRMFL (permanent file),,,,hồ sơ vĩnh cửu,FALSE,,,img_1629.jpg,FALSE
1629,Military Dictionary,PRN (pseudorandom noise),,,,tiếng ồn ngẫu nhiên giả,FALSE,,,img_1629.jpg,FALSE
1629,Military Dictionary,PRO (protivoraketnyy oborony (anti-missile defense force)),,,,lực lượng phòng thủ chống tên lửa,FALSE,,,img_1629.jpg,FALSE
1629,Military Dictionary,PRO (public relations officer),,,,sĩ quan ngành thông tấn,FALSE,,,img_1629.jpg,FALSE
1629,Military Dictionary,PROBSUB (probable submarine),,,,một tàu ngầm có thể,FALSE,,,img_1629.jpg,FALSE
1629,Military Dictionary,PROC (processor),,,,người soạn thảo; máy xử lý,FALSE,,,img_1629.jpg,FALSE
1629,Military Dictionary,Proc Dist (procurement district),,,,phân khu mua sắm và dự trữ vũ khí trang bị,FALSE,,,img_1629.jpg,FALSE
1629,Military Dictionary,PROFIS (professional officer filler information system),,,,hệ thống thông tin biên chế sĩ quan chuyên nghiệp,FALSE,,,img_1629.jpg,FALSE
1629,Military Dictionary,PROG (program),,,,chương trình,FALSE,,,img_1629.jpg,FALSE
1629,Military Dictionary,PROJ; proj (projectile),,,,"đầu đạn; quả đạn; đạn, đạn con; mìn",FALSE,,,img_1629.jpg,FALSE
1629,Military Dictionary,PROM (programmable read-only memory),,,,bộ nhớ lập trình để đọc,FALSE,,,img_1629.jpg,FALSE
1629,Military Dictionary,PROP (preservation of the rights of prisoners),,,,sự tuân thủ (công ước về) quyền (của) tù binh,FALSE,,,img_1629.jpg,FALSE
1629,Military Dictionary,PROP (propellant),,,,thuốc phóng,FALSE,,,img_1629.jpg,FALSE
1629,Military Dictionary,prop (propeller),,,,chân vịt; cánh quạt; tên lửa đẩy,FALSE,,,img_1629.jpg,FALSE
1629,Military Dictionary,"PROPIN (caution, proprietary information involved)",,,,"hãy thận trọng, việc này liên quan đến thông tin độc quyền",FALSE,,,img_1629.jpg,FALSE
1629,Military Dictionary,PROV (provision),,,,điều khoản; đồ cung cấp dự phòng,FALSE,,,img_1629.jpg,FALSE
1629,Military Dictionary,prov (provisional),,,,"tạm thời, lâm thời, tức thời",FALSE,,,img_1629.jpg,FALSE
1629,Military Dictionary,PROVORG (providing organization),,,,tổ chức cung cấp,FALSE,,,img_1629.jpg,FALSE
1629,Military Dictionary,proword (procedure word),,,,câu chữ thủ tục,FALSE,,,img_1629.jpg,FALSE
1629,Military Dictionary,PRP (personnel reliability program),,,,chương trình kiểm tra độ tin cậy của quân nhân,FALSE,,,img_1629.jpg,FALSE
1629,Military Dictionary,PRSL (primary zone/switch location),,,,vị trí tổng đài của khu vực ban đầu,FALSE,,,img_1629.jpg,FALSE
1629,Military Dictionary,PRT (Personnel Research Test),,,,"sự thử nghiệm tâm lý, kỹ thuật quân nhân",FALSE,,,img_1629.jpg,FALSE
1629,Military Dictionary,PRU (pararescue unit),,,,đơn vị cứu nạn không chuyên,FALSE,,,img_1629.jpg,FALSE
1629,Military Dictionary,PRU (photographic reconnaissance unit),,,,đơn vị trinh sát ảnh hàng không,FALSE,,,img_1629.jpg,FALSE
1629,Military Dictionary,PRU (primary reporting unit),,,,đơn vị báo cáo đầu tiên,FALSE,,,img_1629.jpg,FALSE
1629,Military Dictionary,PRW (passive radar warning),,,,cảnh báo (bằng) rada thụ động,FALSE,,,img_1629.jpg,FALSE
1629,Military Dictionary,PS (parallel track single-unit),,,,bộ đơn vị (rada) đơn theo dõi mục tiêu di động bằng phương pháp song song,FALSE,,,img_1629.jpg,FALSE
1629,Military Dictionary,PS (personnel strength),,,,tổng quân số,FALSE,,,img_1629.jpg,FALSE
1629,Military Dictionary,ps (position),,,,vị trí; tuyến,FALSE,,,img_1629.jpg,FALSE
1629,Military Dictionary,PS (processing subsystem),,,,phân hệ xử lý (dữ liệu),FALSE,,,img_1629.jpg,FALSE
1629,Military Dictionary,PSA (port support activity),,,,hoạt động bảo đảm cảng; cơ quan bảo đảm cảng,FALSE,,,img_1629.jpg,FALSE
1629,Military Dictionary,PSB (poststrike base),,,,căn cứ trở về sau công kích,FALSE,,,img_1629.jpg,FALSE
1629,Military Dictionary,PSC (principal subordinate command),,,,bộ chỉ huy thuộc quyền chủ yếu,FALSE,,,img_1629.jpg,FALSE
1629,Military Dictionary,PSD (Personnel Service Division),,,,cục quân lực; cơ quan quân lực,FALSE,,,img_1629.jpg,FALSE
1629,Military Dictionary,PSD (planning systems division),,,,cục các hệ thống lập kế hoạch,FALSE,,,img_1629.jpg,FALSE
1629,Military Dictionary,PSE (peculiar support equipment),,,,thiết bị hỗ trợ đặc biệt,FALSE,,,img_1629.jpg,FALSE
1629,Military Dictionary,PSF (Pharmaciens san Frontièrese (Pharmacists Without Borders)),,,,tổ chức dược sĩ không biên giới,FALSE,,,img_1629.jpg,FALSE
1629,Military Dictionary,PSGT; PSgt (platoon sergeant),,,,trung sĩ trung đội (quân hàm); phó trung đội trưởng,FALSE,,,img_1629.jpg,FALSE
1629,Military Dictionary,PSHD (port security and harbor defense),,,,an ninh cảng và phòng thủ bến,FALSE,,,img_1629.jpg,FALSE
1629,Military Dictionary,PSHDGRU (port security and harbor defense group),,,,cụm lực lượng an ninh cảng và phòng thủ bến,FALSE,,,img_1629.jpg,FALSE
1630,Military Dictionary,PSI (personnel security investigation),,,,"sự kiểm tra lòng trung thành của quân nhân, sự kiểm tra an ninh về con người",FALSE,,,img_1630.jpg,FALSE
1630,Military Dictionary,PSL (parallel track single-unit long-range aid to navigation (LORAN)),,,,bộ đơn vị (rada) đơn phát chùm tia song song hỗ trợ dẫn đường tầm xa,FALSE,,,img_1630.jpg,FALSE
1630,Military Dictionary,PSMS (Personnel Status Monitoring System),,,,hệ thống theo dõi tình trạng quân số,FALSE,,,img_1630.jpg,FALSE
1630,Military Dictionary,PSN (packet switching node),,,,đầu mối tổng đài thư tín,FALSE,,,img_1630.jpg,FALSE
1630,Military Dictionary,PSN (position),,,,vị trí; trận địa; tuyến; vị trí triển khai; vị trí bố trí; chức vụ,FALSE,,,img_1630.jpg,FALSE
1630,Military Dictionary,PSN (public switch network),,,,mạng tổng đài công cộng,FALSE,,,img_1630.jpg,FALSE
1630,Military Dictionary,PSO (peace support operations),,,,các hoạt động hỗ trợ hoà bình,FALSE,,,img_1630.jpg,FALSE
1630,Military Dictionary,PSO (post security officer),,,,sĩ quan an ninh quân bưu,FALSE,,,img_1630.jpg,FALSE
1630,Military Dictionary,PSP (perforated steel planking),,,,phiếu (tấm) đục lỗ bằng thép,FALSE,,,img_1630.jpg,FALSE
1630,Military Dictionary,PSP (personal survival pack),,,,túi thoát hiểm cá nhân,FALSE,,,img_1630.jpg,FALSE
1630,Military Dictionary,PSPS (psychological Operations (PSYOP) studies program subsystem),,,,phân hệ chương trình nghiên cứu chiến tranh tâm lý,FALSE,,,img_1630.jpg,FALSE
1630,Military Dictionary,Psr (pressure),,,,áp lực,FALSE,,,img_1630.jpg,FALSE
1630,Military Dictionary,PSS (parallel single-unit spiral),,,,bộ đơn vị (rada) đơn phát sóng xoáy tròn ốc song song,FALSE,,,img_1630.jpg,FALSE
1630,Military Dictionary,PSS (Primary Sight System),,,,"hệ thống ngắm chính, cơ cấu ngắm chính",FALSE,,,img_1630.jpg,FALSE
1630,Military Dictionary,P-STATIC (precipitation static),,,,nhiễu khí quyển,FALSE,,,img_1630.jpg,FALSE
1630,Military Dictionary,PSTN (public switched telephone network),,,,mạng tổng đài điện thoại công cộng,FALSE,,,img_1630.jpg,FALSE
1630,Military Dictionary,PSU (port security unit),,,,đơn vị an ninh cảng,FALSE,,,img_1630.jpg,FALSE
1630,Military Dictionary,PSV (pseudosynthetic video),,,,băng vidêô giả,FALSE,,,img_1630.jpg,FALSE
1630,Military Dictionary,psy (psychological),,,,(thuộc) tâm lý,FALSE,,,img_1630.jpg,FALSE
1630,Military Dictionary,PSYOP (psychological operations),,,,hoạt động tác chiến tâm lý; chiến tranh tâm lý,FALSE,,,img_1630.jpg,FALSE
1630,Military Dictionary,PSYWAR; psywar (psychological warfare),,,,chiến tranh tâm lý,FALSE,,,img_1630.jpg,FALSE
1630,Military Dictionary,psywar off (psychological warfare officer),,,,sĩ quan tâm lý chiến; sĩ quan chiến tranh tâm lý,FALSE,,,img_1630.jpg,FALSE
1630,Military Dictionary,psywar unit (psychological warfare unit),,,,đơn vị chiến tranh tâm lý,FALSE,,,img_1630.jpg,FALSE
1630,Military Dictionary,PT (physical training),,,,sự huấn luyện thể lực,FALSE,,,img_1630.jpg,FALSE
1630,Military Dictionary,pt (point),,,,điểm; địa điểm; vật chuẩn,FALSE,,,img_1630.jpg,FALSE
1630,Military Dictionary,PT (primary target),,,,"mục tiêu chính, mục tiêu chủ yếu",FALSE,,,img_1630.jpg,FALSE
1630,Military Dictionary,PTA (pilotless target aircraft),,,,máy bay không người lái (dùng làm) mục tiêu,FALSE,,,img_1630.jpg,FALSE
1630,Military Dictionary,"PTA (position, time, altitude)",,,,"vị trí, thời gian, độ cao",FALSE,,,img_1630.jpg,FALSE
1630,Military Dictionary,PTA (primary target area),,,,khu vực mục tiêu chủ yếu; dải hoả lực quan trọng,FALSE,,,img_1630.jpg,FALSE
1630,Military Dictionary,PTAG (portable tactical aircraft guidance),,,,thiết bị dẫn hướng đi cùng (dùng) cho máy bay chiến thuật,FALSE,,,img_1630.jpg,FALSE
1630,Military Dictionary,PTAI (primary training aircraft inventory),,,,bản thống kê máy bay huấn luyện chủ yếu,FALSE,,,img_1630.jpg,FALSE
1630,Military Dictionary,PTAS (pilotless target aircraft squadron),,,,phi đội máy bay không người lái (dùng làm) mục tiêu,FALSE,,,img_1630.jpg,FALSE
1630,Military Dictionary,PTB (patrol torpedo boat),,,,tàu phóng lôi tuần tiễu,FALSE,,,img_1630.jpg,FALSE
1630,Military Dictionary,ptbl (portable),,,,"xách tay, mang vác, đi cùng",FALSE,,,img_1630.jpg,FALSE
1630,Military Dictionary,ptbl obs (portable obstacle),,,,vật cản mang vác; vật cản xách tay,FALSE,,,img_1630.jpg,FALSE
1630,Military Dictionary,PT-boat (patrol torpedo boat),,,,tàu phóng lôi tuần tiễu,FALSE,,,img_1630.jpg,FALSE
1630,Military Dictionary,PTC (peace through confrontation),,,,hoà bình thông qua đối đầu,FALSE,,,img_1630.jpg,FALSE
1630,Military Dictionary,PTC (Personal Transfer Capsule),,,,khoang chở người (đưa thợ lặn từ tàu chiến xuống làm việc dưới biển sâu),FALSE,,,img_1630.jpg,FALSE
1630,Military Dictionary,PTC (primary traffic channel),,,,kênh thông tin liên lạc chủ yếu,FALSE,,,img_1630.jpg,FALSE
1630,Military Dictionary,PTF (provisional task force),,,,nhóm chiến dịch lâm thời; binh đoàn chiến thuật lâm thời; lực lượng đặc nhiệm lâm thời,FALSE,,,img_1630.jpg,FALSE
1630,Military Dictionary,PTGT; PTgt (primary target),,,,"mục tiêu chủ yếu, mục tiêu trước mắt; mục tiêu tiến công đợt đầu",FALSE,,,img_1630.jpg,FALSE
1631,Military Dictionary,PTL; ptl (patrol),,,,tuần tiễu; đội tuần tiễu,FALSE,,,img_1631.jpg,FALSE
1631,Military Dictionary,PTL (primary target line),,,,tuyến mục tiêu chủ yếu,FALSE,,,img_1631.jpg,FALSE
1631,Military Dictionary,PTO (Pacific Theater of Operations),,,,"chiến trường Thái Bình Dương, mặt trận Thái Bình Dương",FALSE,,,img_1631.jpg,FALSE
1631,Military Dictionary,PTO (port transportation officer),,,,người chỉ huy vận tải ở quân cảng,FALSE,,,img_1631.jpg,FALSE
1631,Military Dictionary,PTO; pto (power take-off),,,,"công suất cất cánh, lực cất cánh",FALSE,,,img_1631.jpg,FALSE
1631,Military Dictionary,PTT (postal telephone and telegraph),,,,điện thoại và điện báo bưu điện,FALSE,,,img_1631.jpg,FALSE
1631,Military Dictionary,PTT (public telephone and telegraph),,,,điện thoại và điện báo công cộng,FALSE,,,img_1631.jpg,FALSE
1631,Military Dictionary,PTT (push-to-talk),,,,"thúc đẩy đàm phán; (vt) nút thoại, ấn để thoại",FALSE,,,img_1631.jpg,FALSE
1631,Military Dictionary,PTTI (precise time and time interval),,,,thời điểm và khoảng thời gian chính xác,FALSE,,,img_1631.jpg,FALSE
1631,Military Dictionary,pty (party),,,,đội; nhóm; toán,FALSE,,,img_1631.jpg,FALSE
1631,Military Dictionary,PU (propulsion unit),,,,"thiết bị động lực, động cơ",FALSE,,,img_1631.jpg,FALSE
1631,Military Dictionary,PU and D (pick-up and delivery),,,,thu hồi và bàn giao tại nhà,FALSE,,,img_1631.jpg,FALSE
1631,Military Dictionary,pub (publication),,,,xuất bản phẩm,FALSE,,,img_1631.jpg,FALSE
1631,Military Dictionary,PUC (Presidential Unit Citation),,,,"sự khen ngợi (binh đoàn, tàu, đơn vị) trong mệnh lệnh của tổng thống",FALSE,,,img_1631.jpg,FALSE
1631,Military Dictionary,PUFFS (passive underwater fire control system),,,,hệ thống chỉ huy hoả lực thụ động ngầm (dưới nước),FALSE,,,img_1631.jpg,FALSE
1631,Military Dictionary,PUK (packup kit),,,,bộ đồ nghề đóng gói,FALSE,,,img_1631.jpg,FALSE
1631,Military Dictionary,PUL (parent unit level),,,,trình độ đơn vị cơ bản,FALSE,,,img_1631.jpg,FALSE
1631,Military Dictionary,PUR; pur (pursuit),,,,sự truy kích,FALSE,,,img_1631.jpg,FALSE
1631,Military Dictionary,PVNTMED (preventive medicine),,,,thuốc phòng bệnh,FALSE,,,img_1631.jpg,FALSE
1631,Military Dictionary,PVO (protivovozdushnoy oborony (air defense force)),,,,(Nga) lực lượng phòng không,FALSE,,,img_1631.jpg,FALSE
1631,Military Dictionary,"PVT (positioning, velocity, and timing)",,,,"sự xác định vị trí, vận tốc và thời gian",FALSE,,,img_1631.jpg,FALSE
1631,Military Dictionary,Pvt (private),,,,lính; chiến sĩ; binh nhì; (Mỹ) binh nhất,FALSE,,,img_1631.jpg,FALSE
1631,Military Dictionary,PW (prisoner of war),,,,tù binh,FALSE,,,img_1631.jpg,FALSE
1631,Military Dictionary,PW (psychological warfare),,,,chiến tranh tâm lý,FALSE,,,img_1631.jpg,FALSE
1631,Military Dictionary,PWB (printed wiring board (assembly)),,,,bảng mạch điện được in để hướng dẫn lắp ráp,FALSE,,,img_1631.jpg,FALSE
1631,Military Dictionary,PWC (prisoner of war camp),,,,trại tù binh,FALSE,,,img_1631.jpg,FALSE
1631,Military Dictionary,PWD (programmed warhead detonation),,,,sự phát nổ phần chiến đấu theo lập trình,FALSE,,,img_1631.jpg,FALSE
1631,Military Dictionary,PWD (psychological warfare division),,,,phòng chiến tranh tâm lý,FALSE,,,img_1631.jpg,FALSE
1631,Military Dictionary,PWE (prisoner of war enclosure),,,,trại tù binh dã chiến,FALSE,,,img_1631.jpg,FALSE
1631,Military Dictionary,PWF (personnel working file),,,,hồ sơ công tác quân lực,FALSE,,,img_1631.jpg,FALSE
1631,Military Dictionary,PWG (psychological warfare group),,,,nhóm chiến tranh tâm lý,FALSE,,,img_1631.jpg,FALSE
1631,Military Dictionary,PWHQ (Primary War Headquarters),,,,"tổng hành dinh, đại bản doanh",FALSE,,,img_1631.jpg,FALSE
1631,Military Dictionary,PWIS (Prisoner of War Information System),,,,hệ thống thông tin về tù binh; hệ thống thu thập tin tức về tù binh,FALSE,,,img_1631.jpg,FALSE
1631,Military Dictionary,PWO (public work office),,,,phòng công tác dân vận,FALSE,,,img_1631.jpg,FALSE
1631,Military Dictionary,PWP (plasticized white phosphorus),,,,phốtpho trắng hoá dẻo,FALSE,,,img_1631.jpg,FALSE
1631,Military Dictionary,PWR (passive warning radar),,,,rada cảnh báo thụ động,FALSE,,,img_1631.jpg,FALSE
1631,Military Dictionary,PWR (pre-positioned wartime reserves),,,,lực lượng dự bị thời chiến bố trí sẵn,FALSE,,,img_1631.jpg,FALSE
1631,Military Dictionary,PWRMR (pre-positioned war materiel requirement),,,,nhu cầu vật chất chiến tranh bố trí sẵn,FALSE,,,img_1631.jpg,FALSE
1631,Military Dictionary,PWRMS (pre-positioned war reserve materiel stock),,,,lượng vật chất dự trữ chiến tranh bố trí sẵn,FALSE,,,img_1631.jpg,FALSE
1631,Military Dictionary,PWRS (prepositioned war reserve stock),,,,lượng dự trữ chiến tranh bố trí sẵn,FALSE,,,img_1631.jpg,FALSE
1631,Military Dictionary,PWS (proximity warning system),,,,hệ thống cảnh báo gần đến mục tiêu; hệ thống báo động cận đích,FALSE,,,img_1631.jpg,FALSE
1631,Military Dictionary,PX (post exchange),,,,"cửa hàng thương mại quân sự trong doanh trại, cửa hàng căng tin",FALSE,,,img_1631.jpg,FALSE
1631,Military Dictionary,PY (party),,,,đội; toán; tổ; nhóm,FALSE,,,img_1631.jpg,FALSE
1631,Military Dictionary,PZ (pickup zone),,,,khu vực bốc quân lên máy bay,FALSE,,,img_1631.jpg,FALSE
1632,Military Dictionary,Q (antenna),,,,anten hợp với trở kháng cao,FALSE,,,img_1632.jpg,FALSE
1632,Military Dictionary,Q (band),,,,"dải tần Q (tần số radio từ 26 đến 46 GHz, được sử dụng trong rada)",FALSE,,,img_1632.jpg,FALSE
1632,Military Dictionary,Q (drone),,,,phương tiện không người lái; máy bay điều khiển từ xa,FALSE,,,img_1632.jpg,FALSE
1632,Military Dictionary,Q (quality),,,,chất lượng,FALSE,,,img_1632.jpg,FALSE
1632,Military Dictionary,Q (quantity),,,,số lượng,FALSE,,,img_1632.jpg,FALSE
1632,Military Dictionary,Q (quartermaster),,,,(k.hiệu) sĩ quan quân nhu; (thuộc) quân nhu; (Anh) hậu cần,FALSE,,,img_1632.jpg,FALSE
1632,Military Dictionary,QA (quality assurance),,,,sự bảo đảm chất lượng,FALSE,,,img_1632.jpg,FALSE
1632,Military Dictionary,QA (quick-acting),,,,"tác dụng nhanh, tác dụng tức thời; hành động chớp nhoáng",FALSE,,,img_1632.jpg,FALSE
1632,Military Dictionary,QAM (quadranture amplitude modulation),,,,điều biến vuông góc,FALSE,,,img_1632.jpg,FALSE
1632,Military Dictionary,QAT (quality assurance team),,,,đội bảo đảm chất lượng,FALSE,,,img_1632.jpg,FALSE
1632,Military Dictionary,QC (quality control),,,,kiểm tra chất lượng,FALSE,,,img_1632.jpg,FALSE
1632,Military Dictionary,QCB (quick change barrel),,,,nòng thay nhanh (súng pháo),FALSE,,,img_1632.jpg,FALSE
1632,Military Dictionary,QD (quality distance),,,,sự cách biệt về chất lượng,FALSE,,,img_1632.jpg,FALSE
1632,Military Dictionary,QDR (Quadrennial Defense Review),,,,sự phê duyệt quốc phòng 4 năm một lần (của quốc hội Mỹ qua báo cáo của bộ trưởng bộ quốc phòng),FALSE,,,img_1632.jpg,FALSE
1632,Military Dictionary,QDR (quality deficiency report),,,,sự báo cáo về tình trạng không đủ chất lượng,FALSE,,,img_1632.jpg,FALSE
1632,Military Dictionary,QE (quardrant elevation),,,,"góc tà (dương), góc nâng",FALSE,,,img_1632.jpg,FALSE
1632,Military Dictionary,QF (quick firing),,,,"bắn gấp, bắn nhanh; (thuộc) tốc độ bắn gấp",FALSE,,,img_1632.jpg,FALSE
1632,Military Dictionary,QM (quartermaster),,,,sĩ quan quân nhu; (thuộc) quân nhu; (Anh) hậu cần,FALSE,,,img_1632.jpg,FALSE
1632,Military Dictionary,QM Bn (quartermaster battalion),,,,tiểu đoàn quân nhu,FALSE,,,img_1632.jpg,FALSE
1632,Military Dictionary,QMC (Quartermaster Corps),,,,ngành quân nhu,FALSE,,,img_1632.jpg,FALSE
1632,Military Dictionary,QMCR (Quartermaster Corps regulations),,,,điều lệ ngành quân nhu,FALSE,,,img_1632.jpg,FALSE
1632,Military Dictionary,QMG (Quartermaster General),,,,cục trưởng cục quân nhu; (Anh) tổng cục trưởng tổng cục quân nhu,FALSE,,,img_1632.jpg,FALSE
1632,Military Dictionary,"QMPCUSA (Quartermaster Petroleum Center, United States Army)",,,,trung tâm hậu cần bảo đảm nhiên liệu cho quân đội Mỹ; trung tâm hậu cần bảo đảm nhiên liệu cho lục quân Mỹ,FALSE,,,img_1632.jpg,FALSE
1632,Military Dictionary,QMR (qualitative materiel requirements),,,,tính năng chiến - kỹ thuật đã định đối với thiết bị kỹ thuật được nghiên cứu,FALSE,,,img_1632.jpg,FALSE
1632,Military Dictionary,QMS (quartermaster sergeant),,,,trung sĩ quân nhu,FALSE,,,img_1632.jpg,FALSE
1632,Military Dictionary,QNA (altimeter setting above mean sea level),,,,xác định độ cao so với mực nước biển trung bình,FALSE,,,img_1632.jpg,FALSE
1632,Military Dictionary,QPSK (quadranture phase shift keying),,,,lệnh chuyển pha vuông góc,FALSE,,,img_1632.jpg,FALSE
1632,Military Dictionary,qr (quick reaction),,,,phản ứng nhanh,FALSE,,,img_1632.jpg,FALSE
1632,Military Dictionary,QR (quiet radar),,,,rada thụ động,FALSE,,,img_1632.jpg,FALSE
1633,Military Dictionary,Qr Det (quartering detachment),,,,đội tiền trạm,FALSE,,,img_1633.jpg,FALSE
1633,Military Dictionary,QRA (quick reaction antenna),,,,anten nhạy cảm,FALSE,,,img_1633.jpg,FALSE
1633,Military Dictionary,QRC; qrc (quick reaction capability),,,,khả năng phản ứng nhanh,FALSE,,,img_1633.jpg,FALSE
1633,Military Dictionary,QRCC (quick reaction combat capability),,,,khả năng ứng chiến nhanh,FALSE,,,img_1633.jpg,FALSE
1633,Military Dictionary,QRE (quick reaction element),,,,phân đội phản ứng nhanh; thành phần phản ứng nhanh (trong lực lượng liên quân),FALSE,,,img_1633.jpg,FALSE
1633,Military Dictionary,QRF (quick reaction force),,,,lực lượng phản ứng nhanh,FALSE,,,img_1633.jpg,FALSE
1633,Military Dictionary,QRG (quick response graphic),,,,kế hoạch hành động phản ứng nhanh,FALSE,,,img_1633.jpg,FALSE
1633,Military Dictionary,QRP (quick response posture),,,,đội hình chiến đấu phản ứng nhanh; chiến thuật phản ứng nhanh,FALSE,,,img_1633.jpg,FALSE
1633,Military Dictionary,QRS (quarters),,,,doanh trại,FALSE,,,img_1633.jpg,FALSE
1633,Military Dictionary,QRS (quick reaction strike),,,,cuộc tiến công phản ứng nhanh; đòn đột kích giáng trả nhanh,FALSE,,,img_1633.jpg,FALSE
1633,Military Dictionary,QRSA (quick reaction satellite antenna),,,,anten vệ tinh nhạy cảm,FALSE,,,img_1633.jpg,FALSE
1633,Military Dictionary,QS (quick sweep),,,,quét nhanh,FALSE,,,img_1633.jpg,FALSE
1633,Military Dictionary,QSA (Quartermaster Service of the Army),,,,ngành quân nhu; ngành quân nhu lục quân,FALSE,,,img_1633.jpg,FALSE
1633,Military Dictionary,Q-ship (decoy ship),,,,"tàu nghi binh, tàu mồi bẫy",FALSE,,,img_1633.jpg,FALSE
1633,Military Dictionary,QSTOL (quiet short take-off and landing airliner),,,,máy bay cất hạ cánh trên đường băng ngắn không có tiếng ồn,FALSE,,,img_1633.jpg,FALSE
1633,Military Dictionary,QTY; qty (quantity),,,,số lượng,FALSE,,,img_1633.jpg,FALSE
1633,Military Dictionary,QUAD (quadruplicate),,,,làm bốn bản,FALSE,,,img_1633.jpg,FALSE
1633,Military Dictionary,qual (qualification),,,,trình độ chuyên môn; tiêu chuẩn,FALSE,,,img_1633.jpg,FALSE
1633,Military Dictionary,QUES (question),,,,hỏi (trong mật khẩu),FALSE,,,img_1633.jpg,FALSE
1634,Military Dictionary,R (radius of action),,,,(k.hiệu) bán kính tác dụng; bán kính hoạt động,FALSE,,,img_1634.jpg,FALSE
1634,Military Dictionary,R (railhead),,,,trạm đường sắt bốc dỡ hàng hóa; trạm cung cấp,FALSE,,,img_1634.jpg,FALSE
1634,Military Dictionary,R (railway),,,,đường sắt; (thuộc) đường sắt,FALSE,,,img_1634.jpg,FALSE
1634,Military Dictionary,R (range),,,,"cự ly, tầm xa; trường bắn; dải bắn",FALSE,,,img_1634.jpg,FALSE
1634,Military Dictionary,R (rank),,,,(k.hiệu) cấp bậc (quân hàm),FALSE,,,img_1634.jpg,FALSE
1634,Military Dictionary,R (rear),,,,(k.hiệu) hậu phương; hậu cứ,FALSE,,,img_1634.jpg,FALSE
1634,Military Dictionary,R (reconnaissance),,,,(k.hiệu) trinh sát; (thuộc) trinh sát,FALSE,,,img_1634.jpg,FALSE
1634,Military Dictionary,R (reconnaissance aircraft),,,,máy bay trinh sát,FALSE,,,img_1634.jpg,FALSE
1634,Military Dictionary,R (regiment),,,,trung đoàn,FALSE,,,img_1634.jpg,FALSE
1634,Military Dictionary,R (regular),,,,"(k.hiệu) (quân) thường trực, chính quy",FALSE,,,img_1634.jpg,FALSE
1634,Military Dictionary,R (regulations),,,,điều lệ; quy chế; nội quy; bản hướng dẫn,FALSE,,,img_1634.jpg,FALSE
1634,Military Dictionary,R (reinforcing),,,,sự tăng cường; sự bổ sung; sự chi viện,FALSE,,,img_1634.jpg,FALSE
1634,Military Dictionary,R (report),,,,sự báo cáo; bản thông báo,FALSE,,,img_1634.jpg,FALSE
1634,Military Dictionary,R (reserve),,,,"nguồn dự trữ; lực lượng dự bị; (thuộc) dự trữ, (thuộc) dự bị",FALSE,,,img_1634.jpg,FALSE
1634,Military Dictionary,R (resistance),,,,"kháng cự, phản kháng",FALSE,,,img_1634.jpg,FALSE
1634,Military Dictionary,R (retired),,,,về hưu,FALSE,,,img_1634.jpg,FALSE
1634,Military Dictionary,R (rifle),,,,(k.hiệu) súng trường,FALSE,,,img_1634.jpg,FALSE
1634,Military Dictionary,R (right),,,,bên phải,FALSE,,,img_1634.jpg,FALSE
1634,Military Dictionary,R (river),,,,sông; (thuộc) sông,FALSE,,,img_1634.jpg,FALSE
1634,Military Dictionary,R (road),,,,"đường, con đường; đường ô tô",FALSE,,,img_1634.jpg,FALSE
1634,Military Dictionary,R (rocket),,,,"rốckét, tên lửa (không điều khiển), đạn phản lực; động cơ phản lực",FALSE,,,img_1634.jpg,FALSE
1634,Military Dictionary,R (roentgen),,,,tia roentgen,FALSE,,,img_1634.jpg,FALSE
1634,Military Dictionary,R (routine),,,,thường ngày,FALSE,,,img_1634.jpg,FALSE
1634,Military Dictionary,R (Royal),,,,(thuộc) Anh; (thuộc) vương quốc Anh,FALSE,,,img_1634.jpg,FALSE
1634,Military Dictionary,R Sigs (Royal Signals),,,,(Anh) ngành thông tin tín hiệu,FALSE,,,img_1634.jpg,FALSE
1634,Military Dictionary,R display (radar display),,,,"màn hiển thị của rada, màn huỳnh quang của rada",FALSE,,,img_1634.jpg,FALSE
1634,Military Dictionary,R Gr (reconnaissance group),,,,"nhóm trinh sát, toán trinh sát, tốp trinh sát",FALSE,,,img_1634.jpg,FALSE
1634,Military Dictionary,R Plat(Sqd) (rifle platoon(squad)),,,,trung đội (tiểu đội) bộ binh,FALSE,,,img_1634.jpg,FALSE
1634,Military Dictionary,R Tg (replacement training),,,,sự huấn luyện bổ sung,FALSE,,,img_1634.jpg,FALSE
1634,Military Dictionary,R Traf O (railway traffic officer),,,,sĩ quan giao thông đường sắt,FALSE,,,img_1634.jpg,FALSE
1634,Military Dictionary,R&D (research and development),,,,"nghiên cứu khoa học và thử nghiệm thiết kế, nghiên cứu và phát triển",FALSE,,,img_1634.jpg,FALSE
1634,Military Dictionary,R&F (rank and file),,,,đội ngũ chiến sĩ,FALSE,,,img_1634.jpg,FALSE
1634,Military Dictionary,R&R (rest and recuperation),,,,"nghỉ an dưỡng, sự nghỉ ngơi và hồi phục sức khoẻ",FALSE,,,img_1634.jpg,FALSE
1634,Military Dictionary,R&S (reconnaissance and surveillance),,,,sự trinh sát và do thám,FALSE,,,img_1634.jpg,FALSE
1634,Military Dictionary,r.p.m. (rounds per minute),,,,tốc độ bắn phát/phút,FALSE,,,img_1634.jpg,FALSE
1634,Military Dictionary,R/A (radius of action),,,,bán kính tác dụng; bán kính hoạt động,FALSE,,,img_1634.jpg,FALSE
1634,Military Dictionary,R/E (re-entry),,,,(tl) trở về khí quyển; phóng trở lại khí quyển,FALSE,,,img_1634.jpg,FALSE
1635,Military Dictionary,R/F (reserve forces),,,,lực lượng dự bị,FALSE,,,img_1635.jpg,FALSE
1635,Military Dictionary,r/hr (roentgens per hour),,,,roentgen trên giờ,FALSE,,,img_1635.jpg,FALSE
1635,Military Dictionary,R/S (report of survey),,,,bản báo cáo thanh tra; báo cáo thanh tra,FALSE,,,img_1635.jpg,FALSE
1635,Military Dictionary,R/T (receiver/transmitter),,,,máy thu - phát,FALSE,,,img_1635.jpg,FALSE
1635,Military Dictionary,R/V (rendezvous),,,,"điểm hẹn, vị trí tập kết; địa điểm quy định gặp nhau theo kế hoạch",FALSE,,,img_1635.jpg,FALSE
1635,Military Dictionary,R; r (radius),,,,bán kính,FALSE,,,img_1635.jpg,FALSE
1635,Military Dictionary,R2P2 (rapid response planning process),,,,quá trình lập kế hoạch phản ứng nhanh,FALSE,,,img_1635.jpg,FALSE
1635,Military Dictionary,ra (radio),,,,"radiô, vô tuyến",FALSE,,,img_1635.jpg,FALSE
1635,Military Dictionary,RA (rear admiral),,,,"thiếu tướng hải quân, chuẩn đô đốc hải quân",FALSE,,,img_1635.jpg,FALSE
1635,Military Dictionary,RA (Regular Army),,,,"quân đội thường trực, lực lượng chính quy",FALSE,,,img_1635.jpg,FALSE
1635,Military Dictionary,RA (risk analysis),,,,sự phân tích rủi ro; sự phân tích (nhiệm vụ) nguy hiểm,FALSE,,,img_1635.jpg,FALSE
1635,Military Dictionary,RA (rocket assisted),,,,"có (động cơ) rốckét hỗ trợ, được hỗ trợ (bằng) động cơ phản lực",FALSE,,,img_1635.jpg,FALSE
1635,Military Dictionary,RA (Royal Arsenal),,,,(Anh) kho vũ khí quốc gia,FALSE,,,img_1635.jpg,FALSE
1635,Military Dictionary,RA (Royal Artillery),,,,(Anh) pháo binh hoàng gia,FALSE,,,img_1635.jpg,FALSE
1635,Military Dictionary,ra; r/a (radioactive),,,,phóng xạ,FALSE,,,img_1635.jpg,FALSE
1635,Military Dictionary,RAA (redeployment assembly area),,,,khu vực tập kết tái triển khai,FALSE,,,img_1635.jpg,FALSE
1635,Military Dictionary,RAA (Royal Australian Artillery),,,,lực lượng pháo binh Ôxtrâylia,FALSE,,,img_1635.jpg,FALSE
1635,Military Dictionary,RAA calculator (radar aircraft altitude calculator),,,,máy tính độ cao máy bay của rada,FALSE,,,img_1635.jpg,FALSE
1635,Military Dictionary,RAAF (Royal Australian Air Force),,,,lực lượng không quân Ôxtrâylia,FALSE,,,img_1635.jpg,FALSE
1635,Military Dictionary,RAAM (rifle-launched anti-armor munition),,,,đạn phóng lựu chống tăng,FALSE,,,img_1635.jpg,FALSE
1635,Military Dictionary,RAAMS (remote anti-armor mine system),,,,hệ thống mìn chống tăng điều khiển từ xa,FALSE,,,img_1635.jpg,FALSE
1635,Military Dictionary,RAAWS (ranger antiarmor weapon system (Carl Gustaf)),,,,"hệ thống vũ khí biệt kích chống bọc thép ""Carl Gustaf""",FALSE,,,img_1635.jpg,FALSE
1635,Military Dictionary,RABDART (rapid aircraft battle-damage augmentation repair team),,,,toán sửa chữa nhanh máy bay bị hư hỏng trong chiến đấu,FALSE,,,img_1635.jpg,FALSE
1635,Military Dictionary,RABFAC (radar beacon forward air controller),,,,sĩ quan chỉ huy bay phía trước bằng tín hiệu rada; tín hiệu rada của trạm chỉ huy bay phía trước,FALSE,,,img_1635.jpg,FALSE
1635,Military Dictionary,"RABFAC (radar beacon, forward air control)",,,,mốc rada thuộc thiết bị điều khiển (của) không quân phía trước,FALSE,,,img_1635.jpg,FALSE
1635,Military Dictionary,RAC (Royal Armoured Corps),,,,"(Anh) binh chủng xe bọc thép, binh chủng tăng thiết giáp",FALSE,,,img_1635.jpg,FALSE
1635,Military Dictionary,RAC (radar-absorbing chaff),,,,nhiễu tiêu cực hấp thụ sóng rada,FALSE,,,img_1635.jpg,FALSE
1635,Military Dictionary,RACE (rapid area clearance equipment),,,,thiết bị phá mìn nhanh (trên) diện rộng,FALSE,,,img_1635.jpg,FALSE
1635,Military Dictionary,RACHD (Royal Army Chaplains Department),,,,(Anh) cục tuyên úy lục quân,FALSE,,,img_1635.jpg,FALSE
1635,Military Dictionary,RACPS (Royal Canadian Army Pay Corps),,,,ngành tài chính quân đội Canada; cục tài chính quân đội Canada,FALSE,,,img_1635.jpg,FALSE
1635,Military Dictionary,RAD (return to active duty),,,,tái ngũ,FALSE,,,img_1635.jpg,FALSE
1635,Military Dictionary,Rad Int Co (radio intelligence company),,,,đại đội trinh sát kỹ thuật vô tuyến; đại đội tình báo vô tuyến,FALSE,,,img_1635.jpg,FALSE
1635,Military Dictionary,RAD/Hr (rads per hour),,,,rad (đơn vị phóng xạ trên 1 giờ),FALSE,,,img_1635.jpg,FALSE
1635,Military Dictionary,rada (radioactive),,,,phóng xạ,FALSE,,,img_1635.jpg,FALSE
1635,Military Dictionary,RADAG (radar aimpoint & guidance),,,,ngắm và dẫn đường bằng rada,FALSE,,,img_1635.jpg,FALSE
1635,Military Dictionary,RADAG (radar area correlation guidance),,,,(tl) sự điều khiển chính xác vào khu vực mục tiêu bằng rada; (kq) sự dẫn đường chính xác tới khu vực mục tiêu bằng rada,FALSE,,,img_1635.jpg,FALSE
1635,Military Dictionary,Radar; radar (radio detection and ranging apparatus),,,,rada; thiết bị phát hiện mục tiêu và định tầm bằng vô tuyến; vô tuyến định vị,FALSE,,,img_1635.jpg,FALSE
1635,Military Dictionary,RADAREXREP (radar exploitation report),,,,(sự) báo cáo khai thác rada,FALSE,,,img_1635.jpg,FALSE
1635,Military Dictionary,RADAY (radio day),,,,ngày vô tuyến chính xác,FALSE,,,img_1635.jpg,FALSE
1636,Military Dictionary,RADC (radiological control center),,,,trung tâm trinh sát phóng xạ,FALSE,,,img_1636.jpg,FALSE
1636,Military Dictionary,RADC (regional air defense commander),,,,tư lệnh (trưởng) vùng phòng không,FALSE,,,img_1636.jpg,FALSE
1636,Military Dictionary,RADCC (rear area damage control center),,,,trung tâm khắc phục hậu quả đòn tiến công hạt nhân vào khu vực hậu tuyến; trung tâm tiêu tẩy sau đòn tiến công hạt nhân vào khu vực phía sau,FALSE,,,img_1636.jpg,FALSE
1636,Military Dictionary,RADCM (radio countermeasures),,,,"biện pháp chống hoạt động vô tuyến, trinh sát vô tuyến và chống hoạt động vô tuyến; thiết bị chống hoạt động vô tuyến",FALSE,,,img_1636.jpg,FALSE
1636,Military Dictionary,raddef; radef (radiological defense),,,,phòng chống phóng xạ; phòng chống vũ khí phóng xạ,FALSE,,,img_1636.jpg,FALSE
1636,Military Dictionary,RADF (radarfind),,,,sự phát hiện của rada,FALSE,,,img_1636.jpg,FALSE
1636,Military Dictionary,RADFO (radiological fallout),,,,sự rơi bụi phóng xạ; bụi phóng xạ; mưa phóng xạ,FALSE,,,img_1636.jpg,FALSE
1636,Military Dictionary,RADHAZ (electromagnetic radiation hazards),,,,tai biến bức xạ điện từ,FALSE,,,img_1636.jpg,FALSE
1636,Military Dictionary,RADINT (radar intelligence),,,,tình báo rada; tin tức tình báo bằng vô tuyến định vị,FALSE,,,img_1636.jpg,FALSE
1636,Military Dictionary,RADINT (radio intelligence),,,,trinh sát kỹ thuật vô tuyến; tình báo vô tuyến,FALSE,,,img_1636.jpg,FALSE
1636,Military Dictionary,RADIRS (Rapid Deployment Multiple Rockets System),,,,"(US) hệ thống tên lửa giàn triển khai nhanh (Mỹ), giàn rốckét triển khai nhanh (Mỹ)",FALSE,,,img_1636.jpg,FALSE
1636,Military Dictionary,radl (radiological),,,,(thuộc) phóng xạ,FALSE,,,img_1636.jpg,FALSE
1636,Military Dictionary,RADLFO (radiological fallout),,,,sự rơi bụi phóng xạ; bụi phóng xạ; mưa phóng xạ,FALSE,,,img_1636.jpg,FALSE
1636,Military Dictionary,RADLMON (radiological monitoring),,,,sự trinh sát phóng xạ; sự kiểm tra liều lượng phóng xạ,FALSE,,,img_1636.jpg,FALSE
1636,Military Dictionary,RADLOP (radiological operations),,,,sử dụng vũ khí phóng xạ; tác chiến có sử dụng phóng xạ,FALSE,,,img_1636.jpg,FALSE
1636,Military Dictionary,RADLSAFE (radiological safety),,,,"độ an toàn khỏi tác dụng của vũ khí phóng xạ, độ bảo vệ chống phóng xạ",FALSE,,,img_1636.jpg,FALSE
1636,Military Dictionary,RADLSO (radiological survey officer),,,,sĩ quan trinh sát phóng xạ,FALSE,,,img_1636.jpg,FALSE
1636,Military Dictionary,RADLSV (radiological survey),,,,sự trinh sát phóng xạ,FALSE,,,img_1636.jpg,FALSE
1636,Military Dictionary,"RADM, RAdm (rear admiral)",,,,"thiếu tướng hải quân, chuẩn đô đốc hải quân",FALSE,,,img_1636.jpg,FALSE
1636,Military Dictionary,radn (radiation),,,,bức xạ,FALSE,,,img_1636.jpg,FALSE
1636,Military Dictionary,RADO (radiological defense officer),,,,sĩ quan phòng chống phóng xạ,FALSE,,,img_1636.jpg,FALSE
1636,Military Dictionary,RADREL (radio relay),,,,thông tin liên lạc vô tuyến tiếp sức; sự tiếp sức thông tin liên lạc vô tuyến,FALSE,,,img_1636.jpg,FALSE
1636,Military Dictionary,RADREL Facs (radio relay facilities),,,,phương tiện bảo đảm chuyển tiếp thông tin vô tuyến điện báo,FALSE,,,img_1636.jpg,FALSE
1636,Military Dictionary,RADSIM (radar simulator),,,,thiết bị mô phỏng rada,FALSE,,,img_1636.jpg,FALSE
1636,Military Dictionary,radt agt (radiological agent),,,,"chất phóng xạ, tác nhân phóng xạ",FALSE,,,img_1636.jpg,FALSE
1636,Military Dictionary,radwar (radiological warfare),,,,chiến tranh phóng xạ; tác chiến có sử dụng vũ khí phóng xạ,FALSE,,,img_1636.jpg,FALSE
1636,Military Dictionary,RAE (right of assistance entry),,,,đăng ký quyền viện trợ,FALSE,,,img_1636.jpg,FALSE
1636,Military Dictionary,RAE (Royal Aircraft Establishment),,,,(Anh) viện nghiên cứu khoa học hàng không,FALSE,,,img_1636.jpg,FALSE
1636,Military Dictionary,RAE (Royal Australian Engineers),,,,lực lượng công binh Ôxtrâylia,FALSE,,,img_1636.jpg,FALSE
1636,Military Dictionary,RAEC (Royal Army Education Corps),,,,(Anh) ngành giáo dục lục quân,FALSE,,,img_1636.jpg,FALSE
1636,Military Dictionary,RAF (Royal Air Force),,,,(Anh) lực lượng không quân hoàng gia,FALSE,,,img_1636.jpg,FALSE
1636,Military Dictionary,RAG (regimental artillery group),,,,cụm (tác chiến) pháo binh (cấp) trung đoàn,FALSE,,,img_1636.jpg,FALSE
1636,Military Dictionary,RAH-66 (Comanche armed reconnaissance helicopter),,,,"máy bay trực thăng trinh sát vũ trang ""Comanche RAH-66""",FALSE,,,img_1636.jpg,FALSE
1636,Military Dictionary,RAM (radar absorbent material),,,,vật liệu hấp thụ sóng rada,FALSE,,,img_1636.jpg,FALSE
1636,Military Dictionary,RAM (radar absorbing material),,,,"vật liệu hấp thụ sóng rada, vật liệu chống rada",FALSE,,,img_1636.jpg,FALSE
1636,Military Dictionary,RAM (raised angle marker),,,,mốc đánh dấu góc nâng,FALSE,,,img_1636.jpg,FALSE
1636,Military Dictionary,RAM (random access memory),,,,bộ nhớ truy cập ngẫu nhiên,FALSE,,,img_1636.jpg,FALSE
1637,Military Dictionary,RAM (rolling airframe missile),,,,tên lửa thân quay (theo trục dọc),FALSE,,,img_1637.jpg,FALSE
1637,Military Dictionary,RAMBS (rapid anti-personnel minefield breaching system),,,,tổ hợp mở cửa nhanh qua bãi mìn chống bộ binh,FALSE,,,img_1637.jpg,FALSE
1637,Military Dictionary,RAMC (Royal Army Medical Corps),,,,(Anh) ngành quân y lục quân,FALSE,,,img_1637.jpg,FALSE
1637,Military Dictionary,RAMCC (regional air movement coordination center),,,,trung tâm hiệp đồng cơ động đường không khu vực,FALSE,,,img_1637.jpg,FALSE
1637,Military Dictionary,"RAM-D (reliability, availability, maintainebility and durability)",,,,"tin cậy, sẵn có, dễ bảo dưỡng và lâu bền (bộ chỉ tiêu)",FALSE,,,img_1637.jpg,FALSE
1637,Military Dictionary,RAMDI (radioactive miss-distance indicator),,,,"bộ chỉ thị bán kính an toàn bức xạ, bộ chỉ thị RAMDI",FALSE,,,img_1637.jpg,FALSE
1637,Military Dictionary,RAMP-V (rapid multi-purpose vehicle),,,,xe đa dụng cao tốc,FALSE,,,img_1637.jpg,FALSE
1637,Military Dictionary,RAMS (regional air monitoring station),,,,trạm đo độ nhiễm xạ không khí trong khu vực,FALSE,,,img_1637.jpg,FALSE
1637,Military Dictionary,RAN (Royal Australian Navy),,,,hải quân Ôxtrâylia,FALSE,,,img_1637.jpg,FALSE
1637,Military Dictionary,RANSAC (range surveillance aircraft),,,,máy bay do thám tầm xa,FALSE,,,img_1637.jpg,FALSE
1637,Military Dictionary,RAO (Rear Area Operations),,,,hoạt động tác chiến ở khu vực phía sau; tác chiến sâu trong hậu phương (quân địch),FALSE,,,img_1637.jpg,FALSE
1637,Military Dictionary,Raob (radar observation(s)),,,,sự trinh sát rada,FALSE,,,img_1637.jpg,FALSE
1637,Military Dictionary,RAOB (rawindsonde observation),,,,sự quan sát khí tượng tầng cao khí quyển,FALSE,,,img_1637.jpg,FALSE
1637,Military Dictionary,RAOC (rear area operations center),,,,trung tâm chỉ huy tác chiến khu vực hậu phương,FALSE,,,img_1637.jpg,FALSE
1637,Military Dictionary,RAOC (regional air operations center),,,,trung tâm chỉ huy tác chiến đường không khu vực,FALSE,,,img_1637.jpg,FALSE
1637,Military Dictionary,RAOC (Royal Army Ordnance Corps),,,,(Anh) ngành vũ khí đạn lục quân,FALSE,,,img_1637.jpg,FALSE
1637,Military Dictionary,RAP (Radiological Assistance Program),,,,(DOE) chương trình hỗ trợ phóng xạ (bộ năng lượng),FALSE,,,img_1637.jpg,FALSE
1637,Military Dictionary,RAP (rear area protection),,,,bảo vệ hậu phương; sự bảo vệ phía sau,FALSE,,,img_1637.jpg,FALSE
1637,Military Dictionary,RAP (reative-armor protection),,,,sự bảo vệ bằng giáp phản ứng nổ,FALSE,,,img_1637.jpg,FALSE
1637,Military Dictionary,RAP (recognised air picture),,,,"không ảnh đã giải đoán, ảnh hàng không đã giải đoán",FALSE,,,img_1637.jpg,FALSE
1637,Military Dictionary,RAP (regimental aid post),,,,trạm quân y trung đoàn,FALSE,,,img_1637.jpg,FALSE
1637,Military Dictionary,RAP (Remedial Action Projects Program),,,,(JCS) chương trình các dự án điều trị quân y,FALSE,,,img_1637.jpg,FALSE
1637,Military Dictionary,RAP (rocket-assisted projectile),,,,đạn tăng tầm (bằng) phản lực; đạn pháo phản lực,FALSE,,,img_1637.jpg,FALSE
1637,Military Dictionary,RAPC (Royal Army Pay Corps),,,,(Anh) ngành kho bạc lục quân,FALSE,,,img_1637.jpg,FALSE
1637,Military Dictionary,RAPC (Royal Army Police Corps),,,,(Anh) ngành quân cảnh lục quân,FALSE,,,img_1637.jpg,FALSE
1637,Military Dictionary,RAPIDS (radar passive identification system),,,,hệ thống nhận biết (bằng) rada thụ động,FALSE,,,img_1637.jpg,FALSE
1637,Military Dictionary,RAPS (radar protection system),,,,hệ thống (biện pháp) bảo vệ rada,FALSE,,,img_1637.jpg,FALSE
1637,Military Dictionary,RAPS (rocket assisted projectiles),,,,đạn tăng tầm (bằng) phản lực; vật thể phóng bằng tên lửa đẩy,FALSE,,,img_1637.jpg,FALSE
1637,Military Dictionary,RAR (Royal Army Reserve),,,,(Anh) lực lượng dự bị của quân đội hoàng gia,FALSE,,,img_1637.jpg,FALSE
1637,Military Dictionary,RARDE (Royal Armament Research and Development Establishment (UK)),,,,(Anh) cơ quan nghiên cứu và phát triển trang bị,FALSE,,,img_1637.jpg,FALSE
1637,Military Dictionary,RARO (Regular Army Reserve of Officers),,,,(Anh) lực lượng dự bị sĩ quan của quân đội thường trực,FALSE,,,img_1637.jpg,FALSE
1637,Military Dictionary,RAS (radar-absorbing structures),,,,kết cấu hấp thụ (sóng) rada,FALSE,,,img_1637.jpg,FALSE
1637,Military Dictionary,RAS (rear area security),,,,công tác an ninh tuyến sau; ngành bảo đảm an ninh hậu phương,FALSE,,,img_1637.jpg,FALSE
1637,Military Dictionary,RAS (rectified airspeed),,,,tốc độ bay đã được hiệu chỉnh,FALSE,,,img_1637.jpg,FALSE
1637,Military Dictionary,RAS (replenishment at sea),,,,sự bổ sung ở ngoài khơi; sự tiếp tế trên biển,FALSE,,,img_1637.jpg,FALSE
1638,Military Dictionary,RASADCC (rear area security and damage control center),,,,trung tâm bảo đảm an toàn và khắc phục hậu quả vụ nổ hạt nhân ở khu vực tuyến sau,FALSE,,,img_1638.jpg,FALSE
1638,Military Dictionary,rasaph (radar signal spectrograph),,,,phổ ký rada,FALSE,,,img_1638.jpg,FALSE
1638,Military Dictionary,RASC (rear area security controller),,,,sĩ quan an ninh khu vực tuyến sau,FALSE,,,img_1638.jpg,FALSE
1638,Military Dictionary,RASC (Royal Army Service Corps),,,,"(Anh) ngành tiếp vận lục quân, ngành tiếp tế và vận tải lục quân",FALSE,,,img_1638.jpg,FALSE
1638,Military Dictionary,RASC (Royal Army Signal Corps),,,,(Anh) binh chủng thông tin liên lạc,FALSE,,,img_1638.jpg,FALSE
1638,Military Dictionary,RASCC (rear area security control center),,,,trung tâm bảo đảm an ninh khu vực tuyến sau,FALSE,,,img_1638.jpg,FALSE
1638,Military Dictionary,RASE (rapid automatic sweep equipment),,,,thiết bị tự động quét mìn nhanh,FALSE,,,img_1638.jpg,FALSE
1638,Military Dictionary,RASO (radiological survey officer),,,,sĩ quan trinh sát phóng xạ,FALSE,,,img_1638.jpg,FALSE
1638,Military Dictionary,RASU (random access storage unit),,,,đơn vị lưu trữ truy cập ngẫu nhiên,FALSE,,,img_1638.jpg,FALSE
1638,Military Dictionary,RASV (reusable aerospace vehicle),,,,tàu vũ trụ sử dụng nhiều lần,FALSE,,,img_1638.jpg,FALSE
1638,Military Dictionary,RAT (ram air turbine),,,,tuabin nén khí,FALSE,,,img_1638.jpg,FALSE
1638,Military Dictionary,RAT (rations),,,,"lương thực; suất ăn, khẩu phần",FALSE,,,img_1638.jpg,FALSE
1638,Military Dictionary,rat (rocket-assisted take off),,,,"cất cánh bằng tên lửa đẩy, cất cánh nhờ tên lửa đẩy hỗ trợ",FALSE,,,img_1638.jpg,FALSE
1638,Military Dictionary,rat. (rocket-assisted torpedo),,,,ngư lôi phản lực,FALSE,,,img_1638.jpg,FALSE
1638,Military Dictionary,RATAC (Radar de Tir pour L'Artillerie de Campagne (radar for field artillery fire)),,,,rada điều khiển hoả lực pháo binh dã chiến,FALSE,,,img_1638.jpg,FALSE
1638,Military Dictionary,RATAN (radar and television to navigation),,,,rada và vô tuyến truyền hình dẫn đường,FALSE,,,img_1638.jpg,FALSE
1638,Military Dictionary,RATCC (Radar Air Traffic Control Center),,,,trung tâm kiểm soát không lưu bằng rada,FALSE,,,img_1638.jpg,FALSE
1638,Military Dictionary,RATEL (radiotelephone),,,,thông tin liên lạc điện thoại vô tuyến; điện thoại vô tuyến,FALSE,,,img_1638.jpg,FALSE
1638,Military Dictionary,RATEL pro (radiotelephone procedure),,,,thủ tục vô tuyến điện thoại,FALSE,,,img_1638.jpg,FALSE
1638,Military Dictionary,RATELO (radio-telephone operator),,,,nhân viên vô tuyến điện thoại,FALSE,,,img_1638.jpg,FALSE
1638,Military Dictionary,RATG (radiotelegraph),,,,thông tin liên lạc điện báo vô tuyến,FALSE,,,img_1638.jpg,FALSE
1638,Military Dictionary,RATO (rocket assisted take-off),,,,cất cánh bằng tên lửa đẩy,FALSE,,,img_1638.jpg,FALSE
1638,Military Dictionary,RATT (radio teletype),,,,máy vô tuyến điện báo,FALSE,,,img_1638.jpg,FALSE
1638,Military Dictionary,RATT (radio teletypewriter),,,,thông tin liên lạc điện báo in chữ vô tuyến,FALSE,,,img_1638.jpg,FALSE
1638,Military Dictionary,RAuxAF (Royal Auxiliary Air Force),,,,"(Anh) lực lượng không quân trợ giúp, không quân hỗ trợ",FALSE,,,img_1638.jpg,FALSE
1638,Military Dictionary,RAVC (Royal Army Veterinary Corps),,,,(Anh) ngành thú y lục quân,FALSE,,,img_1638.jpg,FALSE
1638,Military Dictionary,RAWS (radar attack & warning system),,,,hệ thống rada tiến công và cảnh báo,FALSE,,,img_1638.jpg,FALSE
1638,Military Dictionary,RAX (remote access computing system),,,,"hệ thống máy tính truy cập từ xa, hệ thống RAX",FALSE,,,img_1638.jpg,FALSE
1638,Military Dictionary,RB (radar beacon),,,,tín hiệu rada,FALSE,,,img_1638.jpg,FALSE
1638,Military Dictionary,RB (reconnaissance bomber),,,,máy bay ném bom trinh sát,FALSE,,,img_1638.jpg,FALSE
1638,Military Dictionary,RB (rifle brigade),,,,lữ đoàn bộ binh,FALSE,,,img_1638.jpg,FALSE
1638,Military Dictionary,rb (road block),,,,vật chướng ngại trên đường,FALSE,,,img_1638.jpg,FALSE
1638,Military Dictionary,RB (short-range coastal or river boat),,,,tàu biển gần bờ hoặc tàu sông,FALSE,,,img_1638.jpg,FALSE
1638,Military Dictionary,RB&LBn (radiobroadcasting and leaflet battalion),,,,"tiểu đoàn phát thanh và rải truyền đơn, tiểu đoàn tuyên truyền địch vận",FALSE,,,img_1638.jpg,FALSE
1638,Military Dictionary,RBE (relative biological effectiveness),,,,tính hiệu ứng sinh học tương đối,FALSE,,,img_1638.jpg,FALSE
1638,Military Dictionary,RBE (remain-behind equipment),,,,thiết bị nằm lại phía sau,FALSE,,,img_1638.jpg,FALSE
1638,Military Dictionary,RBEB (ribon bridge erecting boat),,,,thuyền phao dựng cầu dài,FALSE,,,img_1638.jpg,FALSE
1638,Military Dictionary,"RBECS (Revised Battlefield Electronic Communications, Electronics, Intelligence, and Operations (CEIO) System)",,,,"hệ thống thông tin liên lạc, điện tử, tình báo và tác chiến điện tử chiến trường cải tiến",FALSE,,,img_1638.jpg,FALSE
1639,Military Dictionary,RBH (regimental beach-head),,,,căn cứ đầu cầu đổ bộ của trung đoàn; vị trí đầu cầu đổ bộ trung đoàn,FALSE,,,img_1639.jpg,FALSE
1639,Military Dictionary,RBI (RED/BLACK isolator),,,,thiết bị phân lập đỏ/đen,FALSE,,,img_1639.jpg,FALSE
1639,Military Dictionary,RBL (range and bearing launch),,,,phóng theo tầm và hướng,FALSE,,,img_1639.jpg,FALSE
1639,Military Dictionary,rbs (radar bomb scoring),,,,ghi đếm bom rơi bằng rada,FALSE,,,img_1639.jpg,FALSE
1639,Military Dictionary,RBU (anti-submarine rocket launcher),,,,bệ phóng tên lửa chống ngầm,FALSE,,,img_1639.jpg,FALSE
1639,Military Dictionary,RC (radio code),,,,mã vô tuyến,FALSE,,,img_1639.jpg,FALSE
1639,Military Dictionary,RC (rate of climb),,,,tốc độ lấy độ cao (của máy bay); tốc độ nổi (của tàu ngầm),FALSE,,,img_1639.jpg,FALSE
1639,Military Dictionary,RC (reception center),,,,trạm tiếp nhận; trạm tuyển quân,FALSE,,,img_1639.jpg,FALSE
1639,Military Dictionary,RC (Red Cross),,,,chữ thập đỏ,FALSE,,,img_1639.jpg,FALSE
1639,Military Dictionary,RC (regional coordinator),,,,sĩ quan hiệp đồng tác chiến khu vực,FALSE,,,img_1639.jpg,FALSE
1639,Military Dictionary,RC (remote control),,,,"sự điều khiển từ xa, sự điều khiển bằng vô tuyến",FALSE,,,img_1639.jpg,FALSE
1639,Military Dictionary,RC (Research Command),,,,bộ tư lệnh nghiên cứu phát triển,FALSE,,,img_1639.jpg,FALSE
1639,Military Dictionary,RC (Reserve Components),,,,các binh chủng dự bị hợp thành; các đơn vị dự bị của lực lượng vũ trang,FALSE,,,img_1639.jpg,FALSE
1639,Military Dictionary,RC (river current),,,,dòng chảy trên sông,FALSE,,,img_1639.jpg,FALSE
1639,Military Dictionary,RC NORTH (Regional Command North),,,,(NATO) bộ tư lệnh vùng phía Bắc của liên quân NATO,FALSE,,,img_1639.jpg,FALSE
1639,Military Dictionary,RC SOUTH (Regional Command South),,,,(NATO) bộ tư lệnh vùng phía Nam của liên quân NATO,FALSE,,,img_1639.jpg,FALSE
1639,Military Dictionary,RC system (reaction control system),,,,hệ thống chỉ huy đánh trả,FALSE,,,img_1639.jpg,FALSE
1639,Military Dictionary,"RC/ATV (remote control, all-terrain vehicle)",,,,xe việt dã điều khiển từ xa,FALSE,,,img_1639.jpg,FALSE
1639,Military Dictionary,RC/MAS (reserve component/modified armament system),,,,hệ thống vũ khí trang bị cải tiến dùng cho thành phần dự bị,FALSE,,,img_1639.jpg,FALSE
1639,Military Dictionary,rca (radio-controlled mine),,,,mìn điều khiển bằng vô tuyến,FALSE,,,img_1639.jpg,FALSE
1639,Military Dictionary,RCA (residual capabilities assessment),,,,sự đánh giá các khả năng còn lại; sự đánh giá tình hình lực lượng và phương tiện sau đòn tiến công hạt nhân của địch,FALSE,,,img_1639.jpg,FALSE
1639,Military Dictionary,RCA (riot control agent),,,,chất độc khống chế bạo động,FALSE,,,img_1639.jpg,FALSE
1639,Military Dictionary,RCA (Royal Canadian Army),,,,lục quân Canada,FALSE,,,img_1639.jpg,FALSE
1639,Military Dictionary,RCA (Royal Canadian Artillery),,,,pháo binh Canada,FALSE,,,img_1639.jpg,FALSE
1639,Military Dictionary,RCAAS (Remote-Controlled Anti-Armor System),,,,(US) hệ thống mìn chống tăng điều khiển từ xa (Mỹ),FALSE,,,img_1639.jpg,FALSE
1639,Military Dictionary,RCAF (Royal Canadian Air Force),,,,"lực lượng không quân Canada, không quân Canada",FALSE,,,img_1639.jpg,FALSE
1639,Military Dictionary,RCAMC (Royal Canadian Army Medical Corps),,,,ngành quân y Canada,FALSE,,,img_1639.jpg,FALSE
1639,Military Dictionary,RCASC (Royal Canadian Army Service Corps),,,,ngành tiếp vận quân đội Canada,FALSE,,,img_1639.jpg,FALSE
1639,Military Dictionary,RCC (reconnaissance control center),,,,trung tâm chỉ huy trinh sát (tác chiến),FALSE,,,img_1639.jpg,FALSE
1639,Military Dictionary,RCC (regional control centre),,,,trung tâm kiểm soát không lưu vùng; trung tâm kiểm soát khu vực,FALSE,,,img_1639.jpg,FALSE
1639,Military Dictionary,RCC (relocation coordination center),,,,trung tâm hiệp đồng bố trí lại lực lượng,FALSE,,,img_1639.jpg,FALSE
1639,Military Dictionary,RCC (rescue coordination center),,,,trung tâm phối hợp giải cứu,FALSE,,,img_1639.jpg,FALSE
1639,Military Dictionary,RCCPDS (reserve component common personnel data system),,,,hệ thống dữ liệu quân số chung của các binh chủng thuộc lực lượng dự bị,FALSE,,,img_1639.jpg,FALSE
1639,Military Dictionary,RCCS (Royal Canadian Corps of Signals),,,,binh chủng thông tin liên lạc Canada,FALSE,,,img_1639.jpg,FALSE
1639,Military Dictionary,rcd (received),,,,được tiếp nhận,FALSE,,,img_1639.jpg,FALSE
1639,Military Dictionary,RCDC (Royal Canadian Dental Corps),,,,ngành nha khoa quân đội Canada,FALSE,,,img_1639.jpg,FALSE
1639,Military Dictionary,RCDU (Remote-Controlled Defence Unit),,,,tổ hợp phòng thủ điều khiển từ xa,FALSE,,,img_1639.jpg,FALSE
1640,Military Dictionary,RCE (Royal Canadian Engineers),,,,công binh Canada,FALSE,,,img_1640.jpg,FALSE
1640,Military Dictionary,RCEM (regional contingency engineering management),,,,sự quản lý công trình đối phó với tình huống bất ngờ khu vực,FALSE,,,img_1640.jpg,FALSE
1640,Military Dictionary,RCEME (Royal Canadian Electrical and Mechanical Engineers),,,,"ngành công binh điện cơ Canada, ngành công binh khôi phục sửa chữa Canada",FALSE,,,img_1640.jpg,FALSE
1640,Military Dictionary,RCHB (reserve cargo handling battalion),,,,tiểu đoàn xếp dỡ hàng hoá dự bị,FALSE,,,img_1640.jpg,FALSE
1640,Military Dictionary,RCL; rcl (recoilless),,,,"không giật; không hỏng, không trục trặc; không cầm (mìn)",FALSE,,,img_1640.jpg,FALSE
1640,Military Dictionary,RCM (radar countermeasure),,,,"biện pháp chống rada, biện pháp chống định vị bằng vô tuyến",FALSE,,,img_1640.jpg,FALSE
1640,Military Dictionary,RCM (radar countermeasures),,,,phương tiện chống định vị bằng vô tuyến,FALSE,,,img_1640.jpg,FALSE
1640,Military Dictionary,RCM (radio countermeasures),,,,"phương tiện (gây nhiễu) chống vô tuyến điện, trinh sát vô tuyến điện và chống hoạt động vô tuyến",FALSE,,,img_1640.jpg,FALSE
1640,Military Dictionary,RCM (Rules for Courts-Martial),,,,các quy chế của tòa án quân sự,FALSE,,,img_1640.jpg,FALSE
1640,Military Dictionary,RCMAT (radar-controlled miniature aerial target),,,,mục tiêu trên không thu nhỏ điều khiển bằng rada,FALSE,,,img_1640.jpg,FALSE
1640,Military Dictionary,RCMG (rifle-calibre machine gun),,,,"súng máy dùng chung đạn súng trường, trung liên tiểu đội",FALSE,,,img_1640.jpg,FALSE
1640,Military Dictionary,RCN (Royal Canadian Navy),,,,hải quân Canada,FALSE,,,img_1640.jpg,FALSE
1640,Military Dictionary,RCO (remote control office),,,,trung tâm điều khiển từ xa,FALSE,,,img_1640.jpg,FALSE
1640,Military Dictionary,RCOC (Royal Canadian Ordnance Corps),,,,ngành vũ khí đạn quân đội Canada,FALSE,,,img_1640.jpg,FALSE
1640,Military Dictionary,RCOS (Royal Corps of Signals),,,,(Anh) binh chủng thông tin liên lạc,FALSE,,,img_1640.jpg,FALSE
1640,Military Dictionary,RCP (regimental command post),,,,sở chỉ huy trung đoàn,FALSE,,,img_1640.jpg,FALSE
1640,Military Dictionary,rcrt (recruit),,,,"lính mới, tân binh",FALSE,,,img_1640.jpg,FALSE
1640,Military Dictionary,RCS (radar cross section),,,,"tiết diện chống phản xạ rada, mặt chống phản xạ rada",FALSE,,,img_1640.jpg,FALSE
1640,Military Dictionary,RCS (reactor control system),,,,hệ thống điều khiển lò phản ứng,FALSE,,,img_1640.jpg,FALSE
1640,Military Dictionary,RCS (Royal Corps of Signals),,,,(Anh) binh chủng thông tin liên lạc,FALSE,,,img_1640.jpg,FALSE
1640,Military Dictionary,RCT (recruit),,,,"lính mới, tân binh",FALSE,,,img_1640.jpg,FALSE
1640,Military Dictionary,RCT (regimental combat team),,,,đội chiến đấu cấp trung đoàn; trung đoàn được tăng cường,FALSE,,,img_1640.jpg,FALSE
1640,Military Dictionary,RCT (rescue coordination team),,,,(NAVY) đội phối hợp giải cứu (hải quân),FALSE,,,img_1640.jpg,FALSE
1640,Military Dictionary,RCT (Royal Corps of Transport),,,,(Anh) ngành vận tải,FALSE,,,img_1640.jpg,FALSE
1640,Military Dictionary,RCU (rocket countermeasure unit),,,,phân đội tên lửa (không điều khiển) chống rada,FALSE,,,img_1640.jpg,FALSE
1640,Military Dictionary,RCV (remotely controlled vehicle),,,,phương tiện cơ động được điều khiển từ xa,FALSE,,,img_1640.jpg,FALSE
1640,Military Dictionary,RCV (robotic command vehicle),,,,xe chỉ huy rôbốt hóa,FALSE,,,img_1640.jpg,FALSE
1640,Military Dictionary,"RCVR, rcvr (receiver)",,,,máy thu,FALSE,,,img_1640.jpg,FALSE
1640,Military Dictionary,RCZ (rear combat zone),,,,"khu vực hậu tuyến, vùng hậu phương",FALSE,,,img_1640.jpg,FALSE
1640,Military Dictionary,RD (radarman),,,,"trắc thủ rada, chuyên gia định vị vô tuyến",FALSE,,,img_1640.jpg,FALSE
1640,Military Dictionary,RD (readiness date),,,,thời hạn sẵn sàng,FALSE,,,img_1640.jpg,FALSE
1640,Military Dictionary,RD (receive data),,,,dữ liệu thu nhận,FALSE,,,img_1640.jpg,FALSE
1640,Military Dictionary,RD (research and development),,,,nghiên cứu và phát triển,FALSE,,,img_1640.jpg,FALSE
1640,Military Dictionary,rd (road),,,,"đường, con đường, đường ô tô",FALSE,,,img_1640.jpg,FALSE
1640,Military Dictionary,rd (round),,,,phát bắn; đồng bộ phát bắn; đạn súng bộ binh,FALSE,,,img_1640.jpg,FALSE
1640,Military Dictionary,rd (running day),,,,ngày thường,FALSE,,,img_1640.jpg,FALSE
1640,Military Dictionary,Rd Jt; Rd Junc (road junction),,,,ngã ba đường (hoặc ngã tư đường),FALSE,,,img_1640.jpg,FALSE
1640,Military Dictionary,"RD&A (research, development and acquisition)",,,,"(chu trình) nghiên cứu, phát triển và mua sắm; chu trình mua sắm trang bị mới",FALSE,,,img_1640.jpg,FALSE
1640,Military Dictionary,"RDA (Research and Development, Army)",,,,cục nghiên cứu khoa học và phát triển quân sự; cục nghiên cứu khoa học và phát triển lục quân,FALSE,,,img_1640.jpg,FALSE
1640,Military Dictionary,"RDA (research, development and acquisition)",,,,"(chu trình) nghiên cứu, phát triển và mua sắm trang bị vũ khí",FALSE,,,img_1640.jpg,FALSE
1641,Military Dictionary,RdAc (radioactinium),,,,actini phóng xạ,FALSE,,,img_1641.jpg,FALSE
1641,Military Dictionary,R-day (redeployment day),,,,ngày tái triển khai,FALSE,,,img_1641.jpg,FALSE
1641,Military Dictionary,RDF (radio direction finder),,,,"bộ định phương vô tuyến, trạm rada định hướng, máy tìm phương bằng vô tuyến",FALSE,,,img_1641.jpg,FALSE
1641,Military Dictionary,RDF (rapid deployment force),,,,lực lượng triển khai nhanh,FALSE,,,img_1641.jpg,FALSE
1641,Military Dictionary,RDF/LT (Rapid Deployment Force Light Tank),,,,(US) xe tăng hạng nhẹ thuộc lực lượng triển khai nhanh (Mỹ),FALSE,,,img_1641.jpg,FALSE
1641,Military Dictionary,RDF/LT (rapid deployment force/light tank),,,,(Mỹ) xe tăng hạng nhẹ (của) lực lượng triển khai nhanh,FALSE,,,img_1641.jpg,FALSE
1641,Military Dictionary,rdh (roadhead),,,,"trạm vận tải ô tô đầu cuối, trạm bốc dỡ hàng vận tải ô tô",FALSE,,,img_1641.jpg,FALSE
1641,Military Dictionary,RDJTF (Rapid Deployment Joint Task Force),,,,(US) lực lượng đặc nhiệm liên quân triển khai nhanh (Mỹ),FALSE,,,img_1641.jpg,FALSE
1641,Military Dictionary,RDO (request for deployment order),,,,yêu cầu đối với mệnh lệnh triển khai chiến đấu,FALSE,,,img_1641.jpg,FALSE
1641,Military Dictionary,rdo comm (radio communication),,,,thông tin liên lạc vô tuyến,FALSE,,,img_1641.jpg,FALSE
1641,Military Dictionary,rdo sta (radio station),,,,đài vô tuyến; trạm vô tuyến điện,FALSE,,,img_1641.jpg,FALSE
1641,Military Dictionary,rdo tfc (radio traffic),,,,giao thông liên lạc vô tuyến; số lượng thu phát tin vô tuyến điện,FALSE,,,img_1641.jpg,FALSE
1641,Military Dictionary,RDP (radar data processor),,,,bộ xử lý dữ liệu rada,FALSE,,,img_1641.jpg,FALSE
1641,Military Dictionary,RDP (ration distributing point),,,,điểm phân phối lương thực; trạm cấp phát lương thực,FALSE,,,img_1641.jpg,FALSE
1641,Military Dictionary,rdr (radar),,,,rada,FALSE,,,img_1641.jpg,FALSE
1641,Military Dictionary,RDSS (rapidly deployable surveillance system),,,,hệ thống giám sát triển khai nhanh,FALSE,,,img_1641.jpg,FALSE
1641,Military Dictionary,RDT (reserve duty training),,,,sự huấn luyện quân dự bị,FALSE,,,img_1641.jpg,FALSE
1641,Military Dictionary,"RDTE; RDT&E (research, development, test and evaluation)",,,,"(chu trình) nghiên cứu, phát triển, thử nghiệm và đánh giá",FALSE,,,img_1641.jpg,FALSE
1641,Military Dictionary,RdTh (radiothorium),,,,thori phóng xạ,FALSE,,,img_1641.jpg,FALSE
1641,Military Dictionary,rdvu (rendezvous),,,,"điểm hẹn, vị trí tập kết; địa điểm quy định gặp nhau theo kế hoạch",FALSE,,,img_1641.jpg,FALSE
1641,Military Dictionary,RDWS (radiological defense warning system),,,,hệ thống cảnh báo nguy hiểm phóng xạ,FALSE,,,img_1641.jpg,FALSE
1641,Military Dictionary,rdy (ready),,,,sẵn sàng; vị trí sẵn sàng,FALSE,,,img_1641.jpg,FALSE
1641,Military Dictionary,RE (radar echo),,,,"tiếng dội rada, tín hiệu phản xạ rada",FALSE,,,img_1641.jpg,FALSE
1641,Military Dictionary,RE (regulars),,,,"(Anh) quân đội chính quy, lực lượng chính quy",FALSE,,,img_1641.jpg,FALSE
1641,Military Dictionary,RE (Royal Engineers),,,,(Anh) công binh hoàng gia,FALSE,,,img_1641.jpg,FALSE
1641,Military Dictionary,REA (re-entry angle),,,,"(tl) góc trở về khí quyển, góc phóng trở về khí quyển",FALSE,,,img_1641.jpg,FALSE
1641,Military Dictionary,REA (Royal Field Artillery),,,,(Anh) pháo binh dã chiến,FALSE,,,img_1641.jpg,FALSE
1641,Military Dictionary,REAC/TS (radiation emergency assistance center/training site),,,,(DOE) địa điểm huấn luyện của trung tâm hỗ trợ giải quyết sự cố phóng xạ khẩn cấp (bộ năng lượng),FALSE,,,img_1641.jpg,FALSE
1641,Military Dictionary,REACT (rapid execution and combat targeting),,,,sự xác định mục tiêu chiến đấu và hành động nhanh,FALSE,,,img_1641.jpg,FALSE
1641,Military Dictionary,READ (reserve on extended active duty),,,,lực lượng dự bị kéo dài thời hạn phục vụ tại ngũ,FALSE,,,img_1641.jpg,FALSE
1641,Military Dictionary,READY (resource augmentation duty program),,,,chương trình nhiệm vụ tổ chức lực lượng và huấn luyện chiến đấu cho quân nhân,FALSE,,,img_1641.jpg,FALSE
1641,Military Dictionary,REAR ADM (rear admiral),,,,"chuẩn đô đốc hải quân, thiếu tướng hải quân",FALSE,,,img_1641.jpg,FALSE
1641,Military Dictionary,reasgd (reassigned),,,,thuyên chuyển công tác,FALSE,,,img_1641.jpg,FALSE
1641,Military Dictionary,"REC (receive, receiving, receipt)",,,,tiếp nhận; biên nhận,FALSE,,,img_1641.jpg,FALSE
1641,Military Dictionary,REC (recreation),,,,giải trí,FALSE,,,img_1641.jpg,FALSE
1641,Military Dictionary,RECA (Residual Capability Assessment),,,,bản đánh giá lực lượng và phương tiện sau đòn tiến công hạt nhân của địch; sự đánh giá khả năng tác chiến sau đòn tiến công hạt nhân của địch,FALSE,,,img_1641.jpg,FALSE
1642,Military Dictionary,RECAS (residual capability assessment system),,,,hệ thống đánh giá lực lượng và phương tiện sau đòn tiến công hạt nhân của địch; hệ thống đánh giá khả năng tác chiến sau đòn tiến công hạt nhân của địch,FALSE,,,img_1642.jpg,FALSE
1642,Military Dictionary,RECAT (residual capability assessment team),,,,đội đánh giá lực lượng và phương tiện sau đòn tiến công hạt nhân của địch; đội đánh giá khả năng tác chiến sau đòn tiến công hạt nhân của địch,FALSE,,,img_1642.jpg,FALSE
1642,Military Dictionary,RECCE; recce (reconnaissance),,,,"sự trinh sát; đội trinh sát; trinh sát; khảo sát, điều tra",FALSE,,,img_1642.jpg,FALSE
1642,Military Dictionary,RECCEXREP (reconnaissance exploitation report),,,,báo cáo kết quả khai thác tin tức trinh sát,FALSE,,,img_1642.jpg,FALSE
1642,Military Dictionary,RECM (recommand),,,,sự đề nghị,FALSE,,,img_1642.jpg,FALSE
1642,Military Dictionary,RECMOB (reconstitution-mobilization),,,,hoàn nguyên động viên,FALSE,,,img_1642.jpg,FALSE
1642,Military Dictionary,RECOG (recognize),,,,"nhận biết, nhận dạng, nhận ra; hiểu rõ, nhận thức được",FALSE,,,img_1642.jpg,FALSE
1642,Military Dictionary,recon msn (reconnaissance mission),,,,nhiệm vụ trinh sát,FALSE,,,img_1642.jpg,FALSE
1642,Military Dictionary,recon plat (reconnaissance platoon),,,,trung đội trinh sát,FALSE,,,img_1642.jpg,FALSE
1642,Military Dictionary,RECON; recon (reconnaissance),,,,"sự trinh sát; đội trinh sát; trinh sát; khảo sát, điều tra",FALSE,,,img_1642.jpg,FALSE
1642,Military Dictionary,Recp Cen (reception center),,,,trung tâm tiếp nhận; trạm tuyển quân,FALSE,,,img_1642.jpg,FALSE
1642,Military Dictionary,RECSTA (receiving station),,,,đài thu,FALSE,,,img_1642.jpg,FALSE
1642,Military Dictionary,RED (railhead),,,,"trạm đường sắt đầu cuối, trạm đường sắt bốc dỡ hàng hóa",FALSE,,,img_1642.jpg,FALSE
1642,Military Dictionary,"RED HORSE (Rapid Engineers Deployable Heavy Operations Repair Squadron, Engineers)",,,,binh đoàn công binh sửa chữa hạng nặng có thể triển khai nhanh của binh chủng công binh,FALSE,,,img_1642.jpg,FALSE
1642,Military Dictionary,REDCAT (readiness category),,,,mức độ sẵn sàng chiến đấu,FALSE,,,img_1642.jpg,FALSE
1642,Military Dictionary,REDCON (readiness conditions),,,,trạng thái sẵn sàng chiến đấu,FALSE,,,img_1642.jpg,FALSE
1642,Military Dictionary,REEL (Radiation Exposure Evaluation Laboratory),,,,phòng thí nghiệm đánh giá liều lượng nhiễm xạ trong người,FALSE,,,img_1642.jpg,FALSE
1642,Military Dictionary,REENL (reenlist),,,,đăng ký tái ngũ (quá thời hạn nghĩa vụ),FALSE,,,img_1642.jpg,FALSE
1642,Military Dictionary,REENLA (reenlistment allowance),,,,phụ cấp cho quân nhân tái ngũ,FALSE,,,img_1642.jpg,FALSE
1642,Military Dictionary,reenlmt (reenlistment),,,,"sự tái ngũ, sự đăng ký tái ngũ",FALSE,,,img_1642.jpg,FALSE
1642,Military Dictionary,REF (Royal Engineer force),,,,(Anh) đơn vị công binh; phân đội công binh,FALSE,,,img_1642.jpg,FALSE
1642,Military Dictionary,REF; ref (reference),,,,"sự quy chiếu, sự tham khảo; vật chuẩn, mốc định hướng, mốc quy chiếu",FALSE,,,img_1642.jpg,FALSE
1642,Military Dictionary,REFRG (refrigerate),,,,làm lạnh,FALSE,,,img_1642.jpg,FALSE
1642,Military Dictionary,Reg (regiment),,,,trung đoàn,FALSE,,,img_1642.jpg,FALSE
1642,Military Dictionary,Reg (region),,,,"vùng, miền; tầng, lớp (khí quyển)",FALSE,,,img_1642.jpg,FALSE
1642,Military Dictionary,REG (regular),,,,"thường trực, chính quy, chủ lực",FALSE,,,img_1642.jpg,FALSE
1642,Military Dictionary,REG (regulate),,,,"điều chỉnh, hiệu chỉnh",FALSE,,,img_1642.jpg,FALSE
1642,Military Dictionary,Reg (regulations),,,,điều lệ; quy chế; quy tắc; quy định; bản hướng dẫn,FALSE,,,img_1642.jpg,FALSE
1642,Military Dictionary,RegAF (Regular Air Force),,,,"không quân thường trực, lực lượng không quân thường trực",FALSE,,,img_1642.jpg,FALSE
1642,Military Dictionary,REGL OFF (regular officer),,,,sĩ quan thường trực,FALSE,,,img_1642.jpg,FALSE
1642,Military Dictionary,REGT; Regt; regt (regiment),,,,trung đoàn,FALSE,,,img_1642.jpg,FALSE
1642,Military Dictionary,REIMB (reimburse),,,,trả tiền,FALSE,,,img_1642.jpg,FALSE
1642,Military Dictionary,reinf (reinforcement),,,,"sự tăng cường, sự củng cố thêm; viện binh, quân tiếp viện, quân tiếp ứng",FALSE,,,img_1642.jpg,FALSE
1642,Military Dictionary,"REINF, reinf (reinforce)",,,,"tăng cường, bổ sung; củng cố",FALSE,,,img_1642.jpg,FALSE
1642,Military Dictionary,REJD (rejoined),,,,nối liền,FALSE,,,img_1642.jpg,FALSE
1642,Military Dictionary,rel (release),,,,sự phóng tên lửa; sự thả bom; sự giải ngũ; sự phóng thích,FALSE,,,img_1642.jpg,FALSE
1642,Military Dictionary,REL (relief),,,,"giải vây; đổi gác; địa hình, địa thế; sự giảm nhẹ; sự xả khí",FALSE,,,img_1642.jpg,FALSE
1642,Military Dictionary,rel equip (releasing equipment),,,,thiết bị phóng tên lửa; cơ cấu cắt bom,FALSE,,,img_1642.jpg,FALSE
1642,Military Dictionary,RELLA (Regional European Long Lines Agency),,,,cục thông tin liên lạc viễn thông khu vực châu Âu,FALSE,,,img_1642.jpg,FALSE
1643,Military Dictionary,REM (remote sensor),,,,xenxơ điều khiển từ xa,FALSE,,,img_1643.jpg,FALSE
1643,Military Dictionary,REM (roentgen-equivalent-man),,,,dương lượng roentgen sinh học,FALSE,,,img_1643.jpg,FALSE
1643,Military Dictionary,REMBASS (remotely monitored battlefield sensor system),,,,hệ thống xenxơ chiến thuật theo dõi từ xa,FALSE,,,img_1643.jpg,FALSE
1643,Military Dictionary,REME (Royal Electrical and Mechanical Engineers),,,,(Anh) ngành công binh điện cơ,FALSE,,,img_1643.jpg,FALSE
1643,Military Dictionary,REMS (remote sensor),,,,thiết bị quan sát điều khiển từ xa,FALSE,,,img_1643.jpg,FALSE
1643,Military Dictionary,REMT (regional emergency management team),,,,đội quản lý tình trạng khẩn cấp khu vực,FALSE,,,img_1643.jpg,FALSE
1643,Military Dictionary,Ren O (reconnaissance officer),,,,sĩ quan trinh sát,FALSE,,,img_1643.jpg,FALSE
1643,Military Dictionary,Ren Sq LR (reconnaissance squadron long range),,,,phân đội trinh sát tầm xa,FALSE,,,img_1643.jpg,FALSE
1643,Military Dictionary,REO (Royal Engineers officer),,,,(Anh) sĩ quan công binh,FALSE,,,img_1643.jpg,FALSE
1643,Military Dictionary,REP (repair),,,,sự sửa chữa; sửa chữa,FALSE,,,img_1643.jpg,FALSE
1643,Military Dictionary,rep (report),,,,sự báo cáo; báo cáo; sự thông báo,FALSE,,,img_1643.jpg,FALSE
1643,Military Dictionary,REP (roentgen-equivalent-physical),,,,dương lượng roentgen vật lý,FALSE,,,img_1643.jpg,FALSE
1643,Military Dictionary,Rep Sec (repair section),,,,phân đội sửa chữa,FALSE,,,img_1643.jpg,FALSE
1643,Military Dictionary,REPCAT (report corrective action taken),,,,sự báo cáo đã áp dụng biện pháp cần thiết,FALSE,,,img_1643.jpg,FALSE
1643,Military Dictionary,REPHONE (reference telephone conservation),,,,sự hỏi ý kiến qua điện thoại,FALSE,,,img_1643.jpg,FALSE
1643,Military Dictionary,REPL (replace),,,,thay thế,FALSE,,,img_1643.jpg,FALSE
1643,Military Dictionary,repl (replacement),,,,thay phiên; bổ sung quân; sự bồi thường vật chất cho quân nhân (bị thiệt hại trong chiến đấu),FALSE,,,img_1643.jpg,FALSE
1643,Military Dictionary,repl sec (replacement section),,,,bộ phận thay thế; phân đội thay phiên,FALSE,,,img_1643.jpg,FALSE
1643,Military Dictionary,REPOL (petroleum damage and deficiency report),,,,sự báo cáo thiệt hại và tình trạng không đủ chất lượng xăng dầu,FALSE,,,img_1643.jpg,FALSE
1643,Military Dictionary,"REPOL (reporting emergency petroleum, oils and lubricants)",,,,báo cáo khẩn cấp về xăng dầu,FALSE,,,img_1643.jpg,FALSE
1643,Military Dictionary,REPSHIP (report of shipment),,,,báo cáo hàng vận chuyển theo tàu biển,FALSE,,,img_1643.jpg,FALSE
1643,Military Dictionary,REPT (report),,,,sự báo cáo; báo cáo; sự thông báo,FALSE,,,img_1643.jpg,FALSE
1643,Military Dictionary,REPUNIT (reporting unit),,,,đơn vị báo cáo; đơn vị thông báo,FALSE,,,img_1643.jpg,FALSE
1643,Military Dictionary,req (request),,,,"sự yêu cầu, sự đòi hỏi; đơn đặt hàng",FALSE,,,img_1643.jpg,FALSE
1643,Military Dictionary,REQCONF (request confirmation),,,,sự xác nhận yêu cầu; phê chuẩn yêu cầu,FALSE,,,img_1643.jpg,FALSE
1643,Military Dictionary,REQSTATASK (air mission request status tasking),,,,sự quyết định nhiệm vụ (cho cấp dưới) theo yêu cầu tác chiến đường không,FALSE,,,img_1643.jpg,FALSE
1643,Military Dictionary,res (reserve),,,,"lượng dự trữ; lực lượng dự bị; (thuộc) dự trữ, (thuộc) dự bị",FALSE,,,img_1643.jpg,FALSE
1643,Military Dictionary,res (resistance),,,,"sự kháng cự; ổ kháng cự; phòng ngự, phòng thủ",FALSE,,,img_1643.jpg,FALSE
1643,Military Dictionary,res ech (reserve echelon),,,,thê đội dự bị,FALSE,,,img_1643.jpg,FALSE
1643,Military Dictionary,"RESA (research, evaluation, and system analysis)",,,,"sự nghiên cứu, đánh giá và phân tích hệ thống",FALSE,,,img_1643.jpg,FALSE
1643,Military Dictionary,RESCAP (rescue combat air patrol),,,,(kq) máy bay tuần tiễu chiến đấu giải cứu (kíp lái máy bay bị bắn rơi),FALSE,,,img_1643.jpg,FALSE
1643,Military Dictionary,RESCAPE (readiness capability),,,,khả năng sẵn sàng chiến đấu,FALSE,,,img_1643.jpg,FALSE
1643,Military Dictionary,RESCORT (rescue escort),,,,(kq) máy bay hộ tống chiến dịch giải cứu,FALSE,,,img_1643.jpg,FALSE
1643,Military Dictionary,resgd (resigned),,,,ra khỏi quân đội,FALSE,,,img_1643.jpg,FALSE
1643,Military Dictionary,resp (responsibility),,,,trách nhiệm,FALSE,,,img_1643.jpg,FALSE
1643,Military Dictionary,resp (responsible),,,,đảm trách; phụ trách,FALSE,,,img_1643.jpg,FALSE
1643,Military Dictionary,"RESTA (reconnaissance, surveillance and target acquisition)",,,,"trinh sát, quan sát và phát hiện mục tiêu",FALSE,,,img_1643.jpg,FALSE
1643,Military Dictionary,restd (restricted),,,,"bị hạn chế, bị giới hạn",FALSE,,,img_1643.jpg,FALSE
1643,Military Dictionary,RESUP (resupply),,,,sự bổ sung lượng dự trữ; bổ sung dự trữ; tiếp tế (trong quá trình tác chiến),FALSE,,,img_1643.jpg,FALSE
1643,Military Dictionary,RET (retire),,,,ra quân (về hưu),FALSE,,,img_1643.jpg,FALSE
1643,Military Dictionary,REW (radio-electronic warfare),,,,tác chiến vô tuyến - điện tử,FALSE,,,img_1643.jpg,FALSE
1643,Military Dictionary,RF (radio frequency),,,,tần số vô tuyến,FALSE,,,img_1643.jpg,FALSE
1644,Military Dictionary,RF (regional forces),,,,lực lượng địa phương,FALSE,,,img_1644.jpg,FALSE
1644,Military Dictionary,RF (regular forces),,,,"quân đội thường trực, lực lượng chính quy, quân chính quy, quân chủ lực",FALSE,,,img_1644.jpg,FALSE
1644,Military Dictionary,RF (reserve force),,,,lực lượng dự bị,FALSE,,,img_1644.jpg,FALSE
1644,Military Dictionary,RF (response force),,,,lực lượng phản ứng nhanh,FALSE,,,img_1644.jpg,FALSE
1644,Military Dictionary,RF/EMPINT (radio frequency/electromagnetic pulse intelligence),,,,tần số vô tuyến của tình báo xung điện từ,FALSE,,,img_1644.jpg,FALSE
1644,Military Dictionary,RFA (radio frequency amplifier),,,,máy khuếch đại tần số radiô,FALSE,,,img_1644.jpg,FALSE
1644,Military Dictionary,RFA (radio frequency authorization),,,,thẩm quyền về tần số vô tuyến,FALSE,,,img_1644.jpg,FALSE
1644,Military Dictionary,RFA (Reserve Forces Act),,,,luật về quân dự bị,FALSE,,,img_1644.jpg,FALSE
1644,Military Dictionary,RFA (restrictive fire area),,,,khu vực hạn chế hoả lực; khu vực cấm bắn,FALSE,,,img_1644.jpg,FALSE
1644,Military Dictionary,RFA (Royal Field Artillery),,,,(Anh) pháo binh dã chiến,FALSE,,,img_1644.jpg,FALSE
1644,Military Dictionary,RFC (response force commander),,,,tư lệnh (trưởng) lực lượng phản ứng nhanh,FALSE,,,img_1644.jpg,FALSE
1644,Military Dictionary,RFD (Radio Frequency Devices),,,,các thiết bị tần số radiô,FALSE,,,img_1644.jpg,FALSE
1644,Military Dictionary,RFI (radio frequency interference),,,,sự can nhiễu tần số vô tuyến,FALSE,,,img_1644.jpg,FALSE
1644,Military Dictionary,RFI (ready for issue),,,,sẵn sàng cấp phát,FALSE,,,img_1644.jpg,FALSE
1644,Military Dictionary,RFI (request for information),,,,yêu cầu về thông tin (phiếu),FALSE,,,img_1644.jpg,FALSE
1644,Military Dictionary,rfl (refuel),,,,"sự bổ sung lượng dự trữ nhiên liệu, bổ sung nhiên liệu, tiếp nhiên liệu",FALSE,,,img_1644.jpg,FALSE
1644,Military Dictionary,RFL (restrictive fire line),,,,tuyến hạn chế hoả lực; tuyến cấm bắn,FALSE,,,img_1644.jpg,FALSE
1644,Military Dictionary,rfl (rifle),,,,súng trường,FALSE,,,img_1644.jpg,FALSE
1644,Military Dictionary,rflmn; rfn (rifleman),,,,xạ thủ; lính bộ binh,FALSE,,,img_1644.jpg,FALSE
1644,Military Dictionary,RFNA (red fuming nitric acid),,,,axit nitric khói đỏ,FALSE,,,img_1644.jpg,FALSE
1644,Military Dictionary,RFP (request for proposals),,,,"(phiếu) yêu cầu (cung cấp) kiến nghị, phiếu góp ý (kiến)",FALSE,,,img_1644.jpg,FALSE
1644,Military Dictionary,RFQ (request for quotations),,,,(phiếu) yêu cầu cấp hạn ngạch,FALSE,,,img_1644.jpg,FALSE
1644,Military Dictionary,RFS (radio frequency surveillance),,,,giám sát tần số vô tuyến,FALSE,,,img_1644.jpg,FALSE
1644,Military Dictionary,RFW (reserve fresh water),,,,lượng dự trữ nước ngọt,FALSE,,,img_1644.jpg,FALSE
1644,Military Dictionary,RG (radar guidance),,,,"sự dẫn đường bằng rada, sự dẫn bằng vô tuyến định vị",FALSE,,,img_1644.jpg,FALSE
1644,Military Dictionary,rg (range),,,,"cự ly, khoảng cách; tầm hoạt động; trường bắn; dải bắn",FALSE,,,img_1644.jpg,FALSE
1644,Military Dictionary,RG (reconstitution group),,,,nhóm cải tổ,FALSE,,,img_1644.jpg,FALSE
1644,Military Dictionary,RGA (Royal Garrison Artillery),,,,(Anh) pháo binh đồn trú,FALSE,,,img_1644.jpg,FALSE
1644,Military Dictionary,RGM (rounds per gun per minute),,,,tốc độ bắn (phát/phút),FALSE,,,img_1644.jpg,FALSE
1644,Military Dictionary,rgn (region),,,,"vùng, miền; khu, khu vực",FALSE,,,img_1644.jpg,FALSE
1644,Military Dictionary,RGR (Rangers),,,,(quân) biệt kích,FALSE,,,img_1644.jpg,FALSE
1644,Military Dictionary,"RGT, Rgt (regiment)",,,,trung đoàn,FALSE,,,img_1644.jpg,FALSE
1644,Military Dictionary,RGZ (recommended ground zero),,,,chấn tâm nổ hạt nhân dự kiến trước,FALSE,,,img_1644.jpg,FALSE
1644,Military Dictionary,RH (reentry home),,,,trở về tổ quốc,FALSE,,,img_1644.jpg,FALSE
1644,Military Dictionary,RH; rhd (railhead),,,,"trạm đường sắt đầu cuối, trạm đường sắt bốc dỡ hàng hóa",FALSE,,,img_1644.jpg,FALSE
1644,Military Dictionary,RHA (rolled homogenous armor),,,,giáp thép cán đồng thể,FALSE,,,img_1644.jpg,FALSE
1644,Military Dictionary,RHA (Royal Horse Artillery),,,,(Anh) pháo binh mã vận hoàng gia,FALSE,,,img_1644.jpg,FALSE
1644,Military Dictionary,RHAW (radar homing and warning),,,,sự cảnh báo và tự dẫn rada,FALSE,,,img_1644.jpg,FALSE
1644,Military Dictionary,RHAW (radar homing and warning receiver),,,,máy thu tín hiệu điều khiển và báo động bằng rada (lắp trên máy bay),FALSE,,,img_1644.jpg,FALSE
1644,Military Dictionary,RHD (right hand drive),,,,tay lái nghịch (xe),FALSE,,,img_1644.jpg,FALSE
1644,Military Dictionary,Rhd Det (railhead detachment),,,,"phân đội ga tiếp tế, phân đội ga đầu cuối",FALSE,,,img_1644.jpg,FALSE
1644,Military Dictionary,RHIB (rigid hull inflatable boat),,,,thuyền hơi vỏ cứng,FALSE,,,img_1644.jpg,FALSE
1644,Military Dictionary,RHO (railhead officer),,,,"sĩ quan ga tiếp tế, sĩ quan ga đầu cuối",FALSE,,,img_1644.jpg,FALSE
1644,Military Dictionary,RHQ (regimental headquarters),,,,sở chỉ huy trung đoàn,FALSE,,,img_1644.jpg,FALSE
1644,Military Dictionary,RHWS (radar homing & warning system),,,,hệ thống cảnh báo và tự dẫn rada,FALSE,,,img_1644.jpg,FALSE
1644,Military Dictionary,RI (radiation intensity),,,,cường độ bức xạ,FALSE,,,img_1644.jpg,FALSE
1644,Military Dictionary,RI (radio intelligence),,,,tình báo vô tuyến; trinh sát vô tuyến; sự bắt sóng vô tuyến,FALSE,,,img_1644.jpg,FALSE
1645,Military Dictionary,RI (Refugees International),,,,(tổ chức) quốc tế về người tỵ nạn,FALSE,,,img_1645.jpg,FALSE
1645,Military Dictionary,RI (routing indicator),,,,đồng hồ chỉ thị lộ trình,FALSE,,,img_1645.jpg,FALSE
1645,Military Dictionary,RIB (rigid inflatable boad),,,,thuyền cao su đáy bằng,FALSE,,,img_1645.jpg,FALSE
1645,Military Dictionary,RIB (rubberized inflatable boat),,,,thuyền cao su; xuồng cao su,FALSE,,,img_1645.jpg,FALSE
1645,Military Dictionary,RIC (routing indicator code),,,,mã chỉ thị lộ trình,FALSE,,,img_1645.jpg,FALSE
1645,Military Dictionary,RIDE (reliability improved detected equipment),,,,thiết bị phát hiện (được) tăng độ tin cậy,FALSE,,,img_1645.jpg,FALSE
1645,Military Dictionary,RIF (reduction in force),,,,sự cắt giảm quân số,FALSE,,,img_1645.jpg,FALSE
1645,Military Dictionary,RIG (recognition identification group),,,,nhóm xác nhận đặc điểm và dấu hiệu của hàng hóa,FALSE,,,img_1645.jpg,FALSE
1645,Military Dictionary,RINT (radiation intelligence),,,,tình báo bức xạ; trinh sát bức xạ,FALSE,,,img_1645.jpg,FALSE
1645,Military Dictionary,RIO (radar intercept officer),,,,sĩ quan bắt mục tiêu bằng rada,FALSE,,,img_1645.jpg,FALSE
1645,Military Dictionary,RIS (reconnaissance information system),,,,hệ thống thông tin trinh sát,FALSE,,,img_1645.jpg,FALSE
1645,Military Dictionary,RISOP (red integrated strategic offensive plan),,,,kế hoạch tiến công chiến lược hợp nhất của quân đỏ,FALSE,,,img_1645.jpg,FALSE
1645,Military Dictionary,"RISTA (reconnaissance, intelligence, surveillance, and target acquisition)",,,,"trinh sát, tình báo, do thám và phát hiện xác định vị trí mục tiêu",FALSE,,,img_1645.jpg,FALSE
1645,Military Dictionary,RIT (remote imagery transceiver),,,,máy thu phát hình ảnh điều khiển từ xa,FALSE,,,img_1645.jpg,FALSE
1645,Military Dictionary,RITA (resistance in the Army),,,,"sức chịu đựng trong quân đội, tính dẻo dai trong quân đội",FALSE,,,img_1645.jpg,FALSE
1645,Military Dictionary,RJ (road junction),,,,"ngã ba đường, ngã tư đường, chỗ giao nhau của đường",FALSE,,,img_1645.jpg,FALSE
1645,Military Dictionary,RJTV (ramjet test vehicle),,,,máy bay thử nghiệm động cơ phản lực thẳng dòng,FALSE,,,img_1645.jpg,FALSE
1645,Military Dictionary,rkt (rocket),,,,"tên lửa (không có điều khiển), đạn phản lực, hoả tiễn; động cơ tên lửa",FALSE,,,img_1645.jpg,FALSE
1645,Military Dictionary,rkt mtr (rocket motor),,,,động cơ tên lửa,FALSE,,,img_1645.jpg,FALSE
1645,Military Dictionary,rktr (rocketeer),,,,bộ đội tên lửa; chuyên gia kỹ thuật tên lửa,FALSE,,,img_1645.jpg,FALSE
1645,Military Dictionary,RL (rocket launcher),,,,bệ phóng; súng phóng rốckét,FALSE,,,img_1645.jpg,FALSE
1645,Military Dictionary,RL (Royal),,,,(thuộc) Anh; vương quốc Anh,FALSE,,,img_1645.jpg,FALSE
1645,Military Dictionary,RLC (Royal Logistic Corps),,,,(Anh) ngành hậu cần - kỹ thuật,FALSE,,,img_1645.jpg,FALSE
1645,Military Dictionary,RLD (ready-to-load date),,,,ngày sẵn sàng bốc xếp vật chất - kỹ thuật lên phương tiện chuyên chở,FALSE,,,img_1645.jpg,FALSE
1645,Military Dictionary,RLE (rail liaison element),,,,phân đội thông tin liên lạc đường sắt,FALSE,,,img_1645.jpg,FALSE
1645,Military Dictionary,RLEM (rifle-launched entry munitions),,,,đạn xuyên bắn bằng súng trường,FALSE,,,img_1645.jpg,FALSE
1645,Military Dictionary,RLG (regional liaison group),,,,nhóm liên lạc khu vực,FALSE,,,img_1645.jpg,FALSE
1645,Military Dictionary,RLG (ring laser gyro),,,,con quay hồi chuyển lade mạch vòng,FALSE,,,img_1645.jpg,FALSE
1645,Military Dictionary,RLSO (regional logistic support office),,,,phòng bảo đảm hậu cần khu vực,FALSE,,,img_1645.jpg,FALSE
1645,Military Dictionary,RLT (regimental landing team),,,,nhóm đổ bộ của trung đoàn,FALSE,,,img_1645.jpg,FALSE
1645,Military Dictionary,rlwy; rly (railway),,,,đường sắt; (thuộc) đường sắt,FALSE,,,img_1645.jpg,FALSE
1645,Military Dictionary,Rm (room),,,,"buồng, chỗ",FALSE,,,img_1645.jpg,FALSE
1645,Military Dictionary,RM (Royal Marines),,,,"(Anh) binh chủng lính thuỷ đánh bộ, binh chủng thuỷ quân lục chiến",FALSE,,,img_1645.jpg,FALSE
1645,Military Dictionary,RMA (radar manoeuvering area),,,,vùng kiểm soát của rada,FALSE,,,img_1645.jpg,FALSE
1645,Military Dictionary,RMA (Revolution in Military Affairs),,,,cuộc cách mạng trong quân sự,FALSE,,,img_1645.jpg,FALSE
1645,Military Dictionary,RMA (Royal Marine Artillery),,,,"pháo binh của lính thuỷ đánh bộ, pháo binh thuỷ quân lục chiến",FALSE,,,img_1645.jpg,FALSE
1645,Military Dictionary,RMA (Royal Military Academy),,,,(Anh) viện hàn lâm quân sự hoàng gia,FALSE,,,img_1645.jpg,FALSE
1645,Military Dictionary,RMC (remote multiplexer combiner),,,,máy liên hợp nén dữ liệu thông tin điều khiển từ xa,FALSE,,,img_1645.jpg,FALSE
1645,Military Dictionary,RMC (rescue mission commander),,,,người chỉ huy chiến dịch giải cứu,FALSE,,,img_1645.jpg,FALSE
1646,Military Dictionary,RMC (returned to military control),,,,đã hoàn lại quyền kiểm soát quân sự,FALSE,,,img_1646.jpg,FALSE
1646,Military Dictionary,RMC (Royal Marine Commandos),,,,(Anh) đơn vị biệt kích lính thuỷ đánh bộ,FALSE,,,img_1646.jpg,FALSE
1646,Military Dictionary,RMC (Royal Military College),,,,(Anh) học viện quân sự hoàng gia,FALSE,,,img_1646.jpg,FALSE
1646,Military Dictionary,RMCB (Royal Marine Commando Brigade),,,,lữ đoàn biệt kích lính thuỷ đánh bộ,FALSE,,,img_1646.jpg,FALSE
1646,Military Dictionary,RMG (ranging machine gun),,,,súng máy (bắn) chỉnh tầm,FALSE,,,img_1646.jpg,FALSE
1646,Military Dictionary,RMI (radio magnetic indicator),,,,thiết bị định vị từ bằng vô tuyến; thiết bị định vị vô tuyến điện từ,FALSE,,,img_1646.jpg,FALSE
1646,Military Dictionary,RMICBM (roadmobile intercontinental ballistic missile),,,,tên lửa đạn đạo xuyên lục địa cơ động,FALSE,,,img_1646.jpg,FALSE
1646,Military Dictionary,RMID (road mine detector),,,,thiết bị dò mìn trên đường,FALSE,,,img_1646.jpg,FALSE
1646,Military Dictionary,RMKS (remarks),,,,những nhận xét,FALSE,,,img_1646.jpg,FALSE
1646,Military Dictionary,RMM (rifle marksman),,,,"thiện xạ, xạ thủ xuất sắc",FALSE,,,img_1646.jpg,FALSE
1646,Military Dictionary,RMO (regional marine officer),,,,sĩ quan thuỷ quân lục chiến vùng; người chỉ huy thuỷ quân lục chiến vùng,FALSE,,,img_1646.jpg,FALSE
1646,Military Dictionary,RMO (Royal Marine Office),,,,"(Anh) bộ chỉ huy lính thuỷ đánh bộ, bộ tư lệnh thuỷ quân lục chiến",FALSE,,,img_1646.jpg,FALSE
1646,Military Dictionary,RMP (Royal Military Police),,,,"(Anh) quân cảnh, hiến binh; kiểm soát quân sự",FALSE,,,img_1646.jpg,FALSE
1646,Military Dictionary,RMS (requirements management system),,,,hệ thống quản lý các yêu cầu,FALSE,,,img_1646.jpg,FALSE
1646,Military Dictionary,RMU (receiver matrix unit),,,,đơn vị ma trận của máy thu,FALSE,,,img_1646.jpg,FALSE
1646,Military Dictionary,RN (Royal Navy),,,,hải quân vương quốc Anh,FALSE,,,img_1646.jpg,FALSE
1646,Military Dictionary,RNAV system (regional navigation system),,,,"hệ thống đạo hàng khu vực, hệ thống dẫn đường trong khu vực",FALSE,,,img_1646.jpg,FALSE
1646,Military Dictionary,RNC (Royal Naval College),,,,(Anh) trường sĩ quan hải quân,FALSE,,,img_1646.jpg,FALSE
1646,Military Dictionary,RNG (radio range),,,,pha vô tuyến để định tầm,FALSE,,,img_1646.jpg,FALSE
1646,Military Dictionary,RNP (remote network processor),,,,máy xử lý mạng điều khiển từ xa,FALSE,,,img_1646.jpg,FALSE
1646,Military Dictionary,rnwy (runway),,,,đường băng cất hạ cánh,FALSE,,,img_1646.jpg,FALSE
1646,Military Dictionary,RNZA (Royal New Zealand Artillery),,,,pháo binh quân đội Niu Dilân,FALSE,,,img_1646.jpg,FALSE
1646,Military Dictionary,RNZA (Royal New Zealand Army),,,,lục quân Niu Dilân,FALSE,,,img_1646.jpg,FALSE
1646,Military Dictionary,RNZAF (Royal New Zealand Air Force),,,,không quân Niu Dilân,FALSE,,,img_1646.jpg,FALSE
1646,Military Dictionary,RNZN (Royal New Zealand Navy),,,,hải quân Niu Dilân,FALSE,,,img_1646.jpg,FALSE
1646,Military Dictionary,RO (reserve officer),,,,sĩ quan dự bị,FALSE,,,img_1646.jpg,FALSE
1646,Military Dictionary,RO (routine order),,,,"mệnh lệnh đội ngũ; điều lệnh đội ngũ, điều lệnh hàng ngày",FALSE,,,img_1646.jpg,FALSE
1646,Military Dictionary,ROA (Reserve Officers Association),,,,hiệp hội các sĩ quan dự bị,FALSE,,,img_1646.jpg,FALSE
1646,Military Dictionary,ROA (restricted operations area),,,,khu vực hạn chế hoạt động,FALSE,,,img_1646.jpg,FALSE
1646,Military Dictionary,ROAD (Reorganized Objective Army Division),,,,sư đoàn lục quân biên chế lại theo mục tiêu nhiệm vụ,FALSE,,,img_1646.jpg,FALSE
1646,Military Dictionary,ROB (radar order of battle),,,,thời gian biểu chiến đấu của rada,FALSE,,,img_1646.jpg,FALSE
1646,Military Dictionary,rob (remaining on boad),,,,hàng hiện còn trên tàu; hàng hiện có trên máy bay,FALSE,,,img_1646.jpg,FALSE
1646,Military Dictionary,ROC (regional operations center),,,,trung tâm điều hành tác chiến khu vực,FALSE,,,img_1646.jpg,FALSE
1646,Military Dictionary,ROC (required operational capability),,,,khả năng tác chiến cần thiết,FALSE,,,img_1646.jpg,FALSE
1646,Military Dictionary,ROC (required operational characteristics),,,,tính năng chiến thuật - kỹ thuật cần thiết,FALSE,,,img_1646.jpg,FALSE
1646,Military Dictionary,ROCAD (Reorganization of the Current Armored Division),,,,sư đoàn tăng thiết giáp biên chế lại theo nhiệm vụ trước mắt,FALSE,,,img_1646.jpg,FALSE
1646,Military Dictionary,ROCID (Reorganization of Combat Infantry Division),,,,sư đoàn bộ binh biên chế lại theo nhiệm vụ chiến đấu,FALSE,,,img_1646.jpg,FALSE
1646,Military Dictionary,ROCU (remote orderwire control unit),,,,bộ điều khiển mạch vòng từ xa,FALSE,,,img_1646.jpg,FALSE
1646,Military Dictionary,ROD (remain on duty),,,,ở lại quân ngũ,FALSE,,,img_1646.jpg,FALSE
1646,Military Dictionary,"RODAC (Reorganization Objectives Army Division, Army & Corps)",,,,"sư đoàn, tập đoàn quân và quân đoàn biên chế lại theo mục tiêu nhiệm vụ",FALSE,,,img_1646.jpg,FALSE
1647,Military Dictionary,ROE (rules of engagement),,,,các quy tắc tham chiến (của các lực lượng gìn giữ hoà bình quốc tế),FALSE,,,img_1647.jpg,FALSE
1647,Military Dictionary,ROEX (rules of engagement exercise),,,,tập trận theo các quy tắc tham chiến,FALSE,,,img_1647.jpg,FALSE
1647,Military Dictionary,ROF (rate of fire),,,,tốc độ bắn,FALSE,,,img_1647.jpg,FALSE
1647,Military Dictionary,ROF (Royal Ordnance Factory),,,,(Anh) nhà máy vũ khí,FALSE,,,img_1647.jpg,FALSE
1647,Military Dictionary,ROG (railhead operations group),,,,nhóm hoạt động tại ga vận tải đường sắt đầu cuối,FALSE,,,img_1647.jpg,FALSE
1647,Military Dictionary,ROK (Republic of Korea),,,,Hàn Quốc,FALSE,,,img_1647.jpg,FALSE
1647,Military Dictionary,ROKA (Republic of Korea Army),,,,quân đội Hàn Quốc,FALSE,,,img_1647.jpg,FALSE
1647,Military Dictionary,ROKAF (Republic of Korea Air Force),,,,không quân Hàn Quốc,FALSE,,,img_1647.jpg,FALSE
1647,Military Dictionary,ROKN (Republic of Korea Navy),,,,hải quân Hàn Quốc,FALSE,,,img_1647.jpg,FALSE
1647,Military Dictionary,ROM (read-only memory),,,,bộ nhớ chỉ đọc,FALSE,,,img_1647.jpg,FALSE
1647,Military Dictionary,RON (remain overnight),,,,tạm dừng qua đêm,FALSE,,,img_1647.jpg,FALSE
1647,Military Dictionary,RON (research octane number),,,,chỉ số octan nghiên cứu,FALSE,,,img_1647.jpg,FALSE
1647,Military Dictionary,ROPA (Reserve Officer Personnel Act),,,,luật sĩ quan dự bị,FALSE,,,img_1647.jpg,FALSE
1647,Military Dictionary,ROPS (roll-over protective structure),,,,cấu trúc bảo vệ phủ ngoài,FALSE,,,img_1647.jpg,FALSE
1647,Military Dictionary,ROR (range only radar),,,,rada định tầm,FALSE,,,img_1647.jpg,FALSE
1647,Military Dictionary,ro-ro (roll-on/roll-off),,,,chạy tới chạy lui,FALSE,,,img_1647.jpg,FALSE
1647,Military Dictionary,RO-RO (roll-on/roll-off),,,,chất / dỡ (hàng rời) tàu biển,FALSE,,,img_1647.jpg,FALSE
1647,Military Dictionary,ROS (reduced operational status),,,,trạng thái tác chiến được hạ thấp,FALSE,,,img_1647.jpg,FALSE
1647,Military Dictionary,ROTC (Reserve Officers Training Corps),,,,quân đoàn huấn luyện sĩ quan dự bị,FALSE,,,img_1647.jpg,FALSE
1647,Military Dictionary,ROTC unit (Reserve Officers training corps unit),,,,đơn vị của ngành đào tạo sĩ quan dự bị (ở ngoài quân đội),FALSE,,,img_1647.jpg,FALSE
1647,Military Dictionary,ROTHR (relocatable over-the-horizon backscatter radar),,,,"(USN) rada tán xạ ngược vượt tầm nhìn di chuyển, rada tán xạ ngược ngoài đường chân trời di chuyển (của hải quân Mỹ)",FALSE,,,img_1647.jpg,FALSE
1647,Military Dictionary,ROTHR (relocatable over-the-horizon radar),,,,rada ngoài đường chân trời di chuyển,FALSE,,,img_1647.jpg,FALSE
1647,Military Dictionary,ROV (Remotely Operated Vehicle),,,,xe điều khiển từ xa; phương tiện tác nghiệp từ xa,FALSE,,,img_1647.jpg,FALSE
1647,Military Dictionary,ROWPU (reverse osmosis water purification),,,,sự lọc nước thẩm thấu ngược,FALSE,,,img_1647.jpg,FALSE
1647,Military Dictionary,ROZ (restricted operations zone),,,,khu vực hạn chế hoạt động; khu vực tác chiến hạn chế,FALSE,,,img_1647.jpg,FALSE
1647,Military Dictionary,RP (reconstitution priority),,,,thứ tự ưu tiên cải tổ,FALSE,,,img_1647.jpg,FALSE
1647,Military Dictionary,RP (red phosphorous),,,,phốtpho đỏ,FALSE,,,img_1647.jpg,FALSE
1647,Military Dictionary,RP (reference point),,,,"mốc chuẩn; vật định hướng, mốc định hướng, điểm định hướng; điểm tính toán",FALSE,,,img_1647.jpg,FALSE
1647,Military Dictionary,RP (refilling point),,,,trạm tiếp nhiên liệu; trạm trao đổi,FALSE,,,img_1647.jpg,FALSE
1647,Military Dictionary,RP (regulating point),,,,điểm điều chỉnh hành quân; trạm điều chỉnh cơ động,FALSE,,,img_1647.jpg,FALSE
1647,Military Dictionary,RP (release point),,,,vị trí xuất phát tiến công; tuyến phóng tên lửa; điểm chuyển thuộc (đơn vị); điểm tản khai đội hình; (kq) điểm cắt bom,FALSE,,,img_1647.jpg,FALSE
1647,Military Dictionary,RP (reporting post),,,,đài thông báo (tình hình trên không) (bổ trợ cho rada),FALSE,,,img_1647.jpg,FALSE
1647,Military Dictionary,RP (retained personnel),,,,quân số được giữ lại,FALSE,,,img_1647.jpg,FALSE
1647,Military Dictionary,RP (rocket projectile),,,,đạn phản lực; tên lửa (không điều khiển),FALSE,,,img_1647.jpg,FALSE
1647,Military Dictionary,RP (rocket propellant),,,,nhiên liệu tên lửa; thành phần nhiên liệu tên lửa; chất nổ đẩy tên lửa hạt nhân,FALSE,,,img_1647.jpg,FALSE
1647,Military Dictionary,RP (rocket-propelled),,,,"động cơ phản lực, động cơ tên lửa; đẩy bằng (động cơ) tên lửa",FALSE,,,img_1647.jpg,FALSE
1647,Military Dictionary,Rp (round per piece),,,,số phát bắn mỗi khẩu,FALSE,,,img_1647.jpg,FALSE
1647,Military Dictionary,RP-1 (rocket-propellant type-1 fuel (kerosene)),,,,loại nhiên liệu cho tên lửa RP-1,FALSE,,,img_1647.jpg,FALSE
1647,Military Dictionary,"RPA (reserve personnel, Army)",,,,"lực lượng dự bị của lục quân, quân dự bị của quân đội",FALSE,,,img_1647.jpg,FALSE
1647,Military Dictionary,RPC (rocket pod container),,,,ống phóng rốckét treo (trên máy bay),FALSE,,,img_1647.jpg,FALSE
1647,Military Dictionary,RPC (Royal Pioneer Corps),,,,"(Anh) lực lượng công binh mở đường, lực lượng công binh tiên phong",FALSE,,,img_1647.jpg,FALSE
1648,Military Dictionary,RPG (rocket propelled grenade),,,,lựu phóng phản lực,FALSE,,,img_1648.jpg,FALSE
1648,Military Dictionary,RPG (rocket-propelled grenade-launcher),,,,cơ cấu phóng lựu sử dụng động cơ phản lực; súng phóng lựu phản lực,FALSE,,,img_1648.jpg,FALSE
1648,Military Dictionary,rpg (rounds per gun),,,,"số phát bắn trên một khẩu pháo, phát bắn/pháo",FALSE,,,img_1648.jpg,FALSE
1648,Military Dictionary,RPG-16 (reaktivnyy protivotankovyy granatomet (rocket-propelled anti-tank grenade launcher)),,,,(Nga) súng chống tăng phản lực RPG-16 của Liên Xô,FALSE,,,img_1648.jpg,FALSE
1648,Military Dictionary,RPG-18 (reaktivnyy protivotankovyy granatomet (rocket-propelled anti-tank grenade launcher)),,,,(Nga) súng chống tăng phản lực RPG-18 của Liên Xô,FALSE,,,img_1648.jpg,FALSE
1648,Military Dictionary,rpgpm (rounds per gun per minute),,,,(pb) số phát bắn trong một phút (phát/phút),FALSE,,,img_1648.jpg,FALSE
1648,Military Dictionary,RPH (remotely piloted helicopter),,,,máy bay trực thăng điều khiển từ xa (từ mặt đất),FALSE,,,img_1648.jpg,FALSE
1648,Military Dictionary,RPK (ruchnoy pulemet Kalashnikova (light machine gun)),,,,súng tiểu liên Kalatnhicốp,FALSE,,,img_1648.jpg,FALSE
1648,Military Dictionary,RPL (radar procession language),,,,ngôn ngữ xử lý của rada,FALSE,,,img_1648.jpg,FALSE
1648,Military Dictionary,RPL (rocket propulsion laboratory),,,,phòng thí nghiệm sức đẩy tên lửa,FALSE,,,img_1648.jpg,FALSE
1648,Military Dictionary,rpm (revolutions per minute),,,,số vòng quay trong một phút (vòng/phút),FALSE,,,img_1648.jpg,FALSE
1648,Military Dictionary,rpm (rounds per minute),,,,số phát bắn trong một phút (phát/phút),FALSE,,,img_1648.jpg,FALSE
1648,Military Dictionary,RPRV (remotely piloted research vehicle),,,,phương tiện bay trinh sát điều khiển từ xa,FALSE,,,img_1648.jpg,FALSE
1648,Military Dictionary,rps (revolutions per second),,,,số vòng quay trong một giây (vòng/giây),FALSE,,,img_1648.jpg,FALSE
1648,Military Dictionary,"RPS, rps (radiation protection standards)",,,,tiêu chuẩn phòng chống bức xạ,FALSE,,,img_1648.jpg,FALSE
1648,Military Dictionary,"RPS, rps (range positioning system)",,,,hệ thống định tầm,FALSE,,,img_1648.jpg,FALSE
1648,Military Dictionary,rpt (repeat),,,,lặp lại,FALSE,,,img_1648.jpg,FALSE
1648,Military Dictionary,RPT (report),,,,bản báo cáo; báo cáo; sự thông báo,FALSE,,,img_1648.jpg,FALSE
1648,Military Dictionary,RPV (remotely piloted vehicle (pilot in other aircraft or on ground)),,,,máy bay điều khiển từ xa (người điều khiển ở dưới đất hoặc trên máy bay khác),FALSE,,,img_1648.jpg,FALSE
1648,Military Dictionary,RQMT (requirement),,,,nhu cầu,FALSE,,,img_1648.jpg,FALSE
1648,Military Dictionary,RQN (requisition),,,,trưng thu,FALSE,,,img_1648.jpg,FALSE
1648,Military Dictionary,rqs (requirements),,,,"yêu cầu, nhu cầu",FALSE,,,img_1648.jpg,FALSE
1648,Military Dictionary,RQST (request),,,,"yêu cầu, đề nghị",FALSE,,,img_1648.jpg,FALSE
1648,Military Dictionary,RQSTAD (request advice to),,,,tham khảo ý kiến,FALSE,,,img_1648.jpg,FALSE
1648,Military Dictionary,RQSTCAN (request cancellation),,,,yêu cầu huỷ (mệnh lệnh),FALSE,,,img_1648.jpg,FALSE
1648,Military Dictionary,RQSTSI (request shipping instructions),,,,yêu cầu hướng dẫn vận chuyển hàng theo đường biển,FALSE,,,img_1648.jpg,FALSE
1648,Military Dictionary,RQT (rapid query tool),,,,công cụ truy vấn nhanh,FALSE,,,img_1648.jpg,FALSE
1648,Military Dictionary,RQTRAC (request tracer be initiated),,,,yêu cầu phát hoả bằng đạn vạch đường,FALSE,,,img_1648.jpg,FALSE
1648,Military Dictionary,RR (radar ranging),,,,sự định tầm bằng rada,FALSE,,,img_1648.jpg,FALSE
1648,Military Dictionary,RR (radio relay),,,,"sự chuyển tiếp vô tuyến, sự tiếp sức vô tuyến",FALSE,,,img_1648.jpg,FALSE
1648,Military Dictionary,RR (railroad),,,,đường sắt,FALSE,,,img_1648.jpg,FALSE
1648,Military Dictionary,Rr (rear),,,,"phía sau, phía đuôi",FALSE,,,img_1648.jpg,FALSE
1648,Military Dictionary,RR (reattack recommendations),,,,sự đề nghị tiến công tiếp,FALSE,,,img_1648.jpg,FALSE
1648,Military Dictionary,RR; rr (recoilless rifle),,,,"pháo không giật, ĐKZ",FALSE,,,img_1648.jpg,FALSE
1648,Military Dictionary,RR (relegated to reserve),,,,chuyển sang lực lượng dự bị,FALSE,,,img_1648.jpg,FALSE
1648,Military Dictionary,rr bdry (rear boundary),,,,ranh giới tuyến sau; sự phân giới tuyến sau,FALSE,,,img_1648.jpg,FALSE
1648,Military Dictionary,Rr Gd (rear guard),,,,đội hậu vệ; đội cảnh giới phía sau (đội hình),FALSE,,,img_1648.jpg,FALSE
1648,Military Dictionary,RRA (Royal Regiment of Artillery),,,,(Anh) trung đoàn pháo binh,FALSE,,,img_1648.jpg,FALSE
1648,Military Dictionary,RRC (radar return code),,,,mã phản hồi rada,FALSE,,,img_1648.jpg,FALSE
1648,Military Dictionary,RRC (regional reporting center),,,,trung tâm báo cáo khu vực,FALSE,,,img_1648.jpg,FALSE
1648,Military Dictionary,RRC (Royal Red Cross),,,,(Anh) hội chữ thập đỏ,FALSE,,,img_1648.jpg,FALSE
1648,Military Dictionary,RRDF (roll-on/roll-off (RO/RO) discharge facility),,,,phương tiện chất dỡ hàng (trên tàu biển),FALSE,,,img_1648.jpg,FALSE
1648,Military Dictionary,RRE (Royal Radar Establishment),,,,(Anh) viện rada hoàng gia,FALSE,,,img_1648.jpg,FALSE
1648,Military Dictionary,RRE (Royal Rocket Establishment),,,,(Anh) viện tên lửa hoàng gia,FALSE,,,img_1648.jpg,FALSE
1648,Military Dictionary,RRF (rapid reaction force),,,,lực lượng phản ứng nhanh,FALSE,,,img_1648.jpg,FALSE
1649,Military Dictionary,RRF (Ready Reserve Force),,,,lực lượng dự bị sẵn sàng động viên; lực lượng dự bị sẵn sàng chiến đấu,FALSE,,,img_1649.jpg,FALSE
1649,Military Dictionary,RRF (Ready Reserve Fleet),,,,hạm đội dự bị sẵn sàng,FALSE,,,img_1649.jpg,FALSE
1649,Military Dictionary,RRI (Rocket Research Institute),,,,viện nghiên cứu tên lửa,FALSE,,,img_1649.jpg,FALSE
1649,Military Dictionary,RRL (radio research laboratory),,,,phòng thí nghiệm nghiên cứu vô tuyến điện,FALSE,,,img_1649.jpg,FALSE
1649,Military Dictionary,RRL (regimental reserve line),,,,đường cơ động dự bị của trung đoàn,FALSE,,,img_1649.jpg,FALSE
1649,Military Dictionary,RRMRP (Ready Reserve Mobilization Reinforcement Pool),,,,lực lượng dự bị động viên sẵn sàng chiến đấu,FALSE,,,img_1649.jpg,FALSE
1649,Military Dictionary,RRPP (rapid response planning process),,,,quá trình lập kế hoạch phản ứng nhanh,FALSE,,,img_1649.jpg,FALSE
1649,Military Dictionary,RRPR (reduced range practice rocket),,,,rốckét huấn luyện giảm tầm; đạn phản lực huấn luyện giảm tầm,FALSE,,,img_1649.jpg,FALSE
1649,Military Dictionary,RRR (rapid runway repair),,,,sửa chữa nhanh đường băng,FALSE,,,img_1649.jpg,FALSE
1649,Military Dictionary,RRSTRAF (Ready Reserve Strategic Army Forces),,,,quân dự bị đợt đầu (tiên) thuộc lực lượng chiến lược của lục quân,FALSE,,,img_1649.jpg,FALSE
1649,Military Dictionary,RRTR (reduced range training round),,,,đạn huấn luyện giảm tầm,FALSE,,,img_1649.jpg,FALSE
1649,Military Dictionary,RS (radio station),,,,trạm vô tuyến; đài vô tuyến,FALSE,,,img_1649.jpg,FALSE
1649,Military Dictionary,RS (railway station),,,,"trạm đường sắt, ga xe lửa",FALSE,,,img_1649.jpg,FALSE
1649,Military Dictionary,RS (rate synthesizer),,,,thiết bị đồng tốc điện tử,FALSE,,,img_1649.jpg,FALSE
1649,Military Dictionary,RS (reception station),,,,trạm tiếp nhận tân binh; trạm đăng ký nhập ngũ; trạm đăng lính,FALSE,,,img_1649.jpg,FALSE
1649,Military Dictionary,RS (repair shop),,,,xưởng sửa chữa,FALSE,,,img_1649.jpg,FALSE
1649,Military Dictionary,RS (requirement submission),,,,sự đệ trình nhu cầu,FALSE,,,img_1649.jpg,FALSE
1649,Military Dictionary,RS (road space),,,,quãng đường đoàn xe choán chỗ,FALSE,,,img_1649.jpg,FALSE
1649,Military Dictionary,RS (Royal Signals),,,,(Anh) binh chủng thông tin liên lạc; bộ đội thông tin liên lạc,FALSE,,,img_1649.jpg,FALSE
1649,Military Dictionary,"RS-70 (reconnaissance-strike bomber, formerly B-70)",,,,(k.hiệu) máy bay ném bom công kích - trinh sát RS-70 (trước kia là B-70),FALSE,,,img_1649.jpg,FALSE
1649,Military Dictionary,RSA (Redstone Arsenal),,,,kho vũ khí Rétston,FALSE,,,img_1649.jpg,FALSE
1649,Military Dictionary,RSA (retrograde storage area),,,,khu vực cất giấu vũ khí trang bị trước khi rút lui,FALSE,,,img_1649.jpg,FALSE
1649,Military Dictionary,RSB (rescue and security boad),,,,xuồng cảnh giới và giải cứu,FALSE,,,img_1649.jpg,FALSE
1649,Military Dictionary,RSC (Royal Signal Corps),,,,(Anh) binh chủng thông tin liên lạc; bộ đội thông tin liên lạc,FALSE,,,img_1649.jpg,FALSE
1649,Military Dictionary,RSD (Range Control Division),,,,ban chỉ huy trường bắn,FALSE,,,img_1649.jpg,FALSE
1649,Military Dictionary,RSG (reference signal generator),,,,máy phát tín hiệu định hướng,FALSE,,,img_1649.jpg,FALSE
1649,Military Dictionary,RSGD (resigned),,,,"từ chức, bãi nhiệm",FALSE,,,img_1649.jpg,FALSE
1649,Military Dictionary,"RSI (rationalization, standardization, and interoperability)",,,,"sự hợp lý hoá, tiêu chuẩn hoá và khả năng phối hợp hành động",FALSE,,,img_1649.jpg,FALSE
1649,Military Dictionary,RSL (received signal level),,,,mức độ tín hiệu nhận được,FALSE,,,img_1649.jpg,FALSE
1649,Military Dictionary,RSL (reconnaissance and security line),,,,tuyến trinh sát và cảnh giới,FALSE,,,img_1649.jpg,FALSE
1649,Military Dictionary,RSLS (receiver side-lobe suppression),,,,triệt cánh sóng bên (của) máy thu,FALSE,,,img_1649.jpg,FALSE
1649,Military Dictionary,RSM (reconnaissance strategic missile),,,,tên lửa trinh sát chiến lược,FALSE,,,img_1649.jpg,FALSE
1649,Military Dictionary,RSO (reconnaissance system operator),,,,sĩ quan điều hành các hệ thống trinh sát,FALSE,,,img_1649.jpg,FALSE
1649,Military Dictionary,RSO (regional security officer),,,,sĩ quan an ninh khu vực,FALSE,,,img_1649.jpg,FALSE
1649,Military Dictionary,RSOC (regional signals intelligence (SIGINT) operations center),,,,trung tâm tác chiến tình báo thông tin liên lạc khu vực,FALSE,,,img_1649.jpg,FALSE
1649,Military Dictionary,"RSOI (reception, staging, onward movement, and integration)",,,,"sự tiếp nhận, biên chế trang bị, cơ động ra phía trước và nhập vào đội hình",FALSE,,,img_1649.jpg,FALSE
1649,Military Dictionary,RSP (recognized surface picture),,,,hình ảnh bề mặt được nhận biết,FALSE,,,img_1649.jpg,FALSE
1649,Military Dictionary,RSP (Red Switch Project),,,,(DOD) dự án tổng đài thông tin liên lạc trong tình huống đặc biệt (bộ quốc phòng Mỹ),FALSE,,,img_1649.jpg,FALSE
1649,Military Dictionary,RSPA (Research and Special Programs Administration),,,,cơ quan nghiên cứu và (quản lý) các chương trình đặc biệt,FALSE,,,img_1649.jpg,FALSE
1649,Military Dictionary,RSQ (rescue),,,,sự giải cứu; hoạt động giải cứu; sự cứu giúp,FALSE,,,img_1649.jpg,FALSE
1649,Military Dictionary,RSRA (rotor system research aircraft),,,,máy bay thử nghiệm hệ thống cánh quạt,FALSE,,,img_1649.jpg,FALSE
1650,Military Dictionary,RSS (radio subsystem),,,,phân hệ vô tuyến,FALSE,,,img_1650.jpg,FALSE
1650,Military Dictionary,RSS (remote sensors subsystem),,,,tiểu hệ xenxơ điều khiển từ xa,FALSE,,,img_1650.jpg,FALSE
1650,Military Dictionary,RSS (rifle sharpshooter),,,,xạ thủ xuất sắc; lính thiện xạ; lính bắn tỉa,FALSE,,,img_1650.jpg,FALSE
1650,Military Dictionary,RSS (rosette scanning seeker),,,,đầu tìm quét hoa thị (hồng ngoại),FALSE,,,img_1650.jpg,FALSE
1650,Military Dictionary,RSSC (regional satellite communications (SATCOM) support center),,,,trung tâm hỗ trợ thông tin liên lạc vệ tinh khu vực,FALSE,,,img_1650.jpg,FALSE
1650,Military Dictionary,RSSC (regional satellite support cell),,,,bộ phận hỗ trợ vệ tinh khu vực,FALSE,,,img_1650.jpg,FALSE
1650,Military Dictionary,RSSC (regional signals intelligence (SIGINT) support center),,,,(NSA) trung tâm bảo đảm tình báo thông tin liên lạc khu vực,FALSE,,,img_1650.jpg,FALSE
1650,Military Dictionary,RSSC (regional space support center),,,,trung tâm hỗ trợ vũ trụ khu vực,FALSE,,,img_1650.jpg,FALSE
1650,Military Dictionary,rst (resistance),,,,sự kháng cự; phòng ngự; ổ đề kháng,FALSE,,,img_1650.jpg,FALSE
1650,Military Dictionary,"RSTA (reconnaissance, surveillance, and target acquisition)",,,,"sự trinh sát, do thám và định vị mục tiêu",FALSE,,,img_1650.jpg,FALSE
1650,Military Dictionary,RSTV (real-time synthetic video),,,,"vidêô tổng hợp thời gian thực (có thể nhận liên tục các thông tin khác nhau từ bên ngoài, xử lý tức thời và cung cấp kết quả tác động đến nguồn)",FALSE,,,img_1650.jpg,FALSE
1650,Military Dictionary,RSU (rapid support unit),,,,đơn vị chi viện nhanh,FALSE,,,img_1650.jpg,FALSE
1650,Military Dictionary,RSU (rear support unit),,,,đơn vị bảo đảm hậu phương,FALSE,,,img_1650.jpg,FALSE
1650,Military Dictionary,RSU (remote switching unit),,,,tổng đài điều khiển từ xa,FALSE,,,img_1650.jpg,FALSE
1650,Military Dictionary,RT (radar tracking),,,,(Mỹ) ủy ban kỹ thuật vô tuyến điện cho ngành hàng không,FALSE,,,img_1650.jpg,FALSE
1650,Military Dictionary,RT (remote terminal),,,,trạm thông tin liên lạc đầu cuối điều khiển từ xa,FALSE,,,img_1650.jpg,FALSE
1650,Military Dictionary,RT (road traffic),,,,giao thông đường bộ,FALSE,,,img_1650.jpg,FALSE
1650,Military Dictionary,RT (rough terrain),,,,"địa hình chia cắt, địa hình lồi lõm",FALSE,,,img_1650.jpg,FALSE
1650,Military Dictionary,rt. (radio telephone),,,,điện thoại vô tuyến,FALSE,,,img_1650.jpg,FALSE
1650,Military Dictionary,rt. (rocket target),,,,mục tiêu của tên lửa,FALSE,,,img_1650.jpg,FALSE
1650,Military Dictionary,RTA (residual threat assessment),,,,đánh giá mối đe doạ còn lại,FALSE,,,img_1650.jpg,FALSE
1650,Military Dictionary,RTA (Royal Thai Army),,,,quân đội Thái Lan; lục quân Thái Lan,FALSE,,,img_1650.jpg,FALSE
1650,Military Dictionary,RTAF (Royal Thai Armed Forces),,,,lực lượng vũ trang Thái Lan,FALSE,,,img_1650.jpg,FALSE
1650,Military Dictionary,"RTB, rtb (return to base)",,,,(kq) quay về căn cứ,FALSE,,,img_1650.jpg,FALSE
1650,Military Dictionary,RTC (Railway Transport Corps),,,,ngành vận tải đường sắt quân sự,FALSE,,,img_1650.jpg,FALSE
1650,Military Dictionary,RTC (replacement training center),,,,trung tâm huấn luyện quân bổ sung,FALSE,,,img_1650.jpg,FALSE
1650,Military Dictionary,RTCA (Radio Technical Commission for Aeronautics),,,,theo dõi đường bay bằng rada,FALSE,,,img_1650.jpg,FALSE
1650,Military Dictionary,RTCC (rough terrain container crane),,,,cần cẩu côngtenơ trên mọi địa hình,FALSE,,,img_1650.jpg,FALSE
1650,Military Dictionary,RTCH (rough terrain container handler),,,,thiết bị nâng hạ côngtenơ trên mọi địa hình,FALSE,,,img_1650.jpg,FALSE
1650,Military Dictionary,RTCP (Radio Transmissions Control Panel),,,,uỷ ban kiểm soát chuyển phát vô tuyến,FALSE,,,img_1650.jpg,FALSE
1650,Military Dictionary,RTD (returned to duty),,,,trở lại nhiệm vụ,FALSE,,,img_1650.jpg,FALSE
1650,Military Dictionary,RTF (return to force),,,,sự bàn giao trả lại lực lượng,FALSE,,,img_1650.jpg,FALSE
1650,Military Dictionary,RTFLT (rough terrain forklift truck),,,,xe nâng mọi địa hình,FALSE,,,img_1650.jpg,FALSE
1650,Military Dictionary,RTG (Radioisotope Thermoelectric Generator),,,,máy phát nhiệt điện (dùng) nhiên liệu đồng vị phóng xạ,FALSE,,,img_1650.jpg,FALSE
1650,Military Dictionary,RTH (rescue transport helicopter),,,,máy bay trực thăng cứu nạn ngoài biển,FALSE,,,img_1650.jpg,FALSE
1650,Military Dictionary,RTLP (receiver test level point),,,,điểm kiểm tra trình độ máy thu,FALSE,,,img_1650.jpg,FALSE
1650,Military Dictionary,RTM (real-time mode),,,,mốt (chế độ) thời gian thực,FALSE,,,img_1650.jpg,FALSE
1650,Military Dictionary,RTN (return),,,,"trở lại, trở về",FALSE,,,img_1650.jpg,FALSE
1650,Military Dictionary,RTO (railway transportation officer),,,,sĩ quan phụ trách vận tải đường sắt; người chỉ huy vận tải đường sắt,FALSE,,,img_1650.jpg,FALSE
1650,Military Dictionary,RTOC (rear tactical operations center),,,,"trung tâm chỉ huy chiến đấu phía sau, trung tâm tác chiến chiến thuật phía sau",FALSE,,,img_1650.jpg,FALSE
1650,Military Dictionary,RTOL (reduced take-off and landing),,,,sự cất hạ cánh giảm khoảng chạy lấy đà và hãm đà,FALSE,,,img_1650.jpg,FALSE
1650,Military Dictionary,RTR (Royal tank Regiment),,,,(Anh) binh chủng tăng thiết giáp; tiểu đoàn xe tăng tăng cường,FALSE,,,img_1650.jpg,FALSE
1651,Military Dictionary,RTS (radar tracking station),,,,"trạm rada theo dõi phương tiện bay, trạm rada bám (mục tiêu)",FALSE,,,img_1651.jpg,FALSE
1651,Military Dictionary,RTS (remote transfer switch),,,,tổng đài truyền phát (vô tuyến) điều khiển từ xa,FALSE,,,img_1651.jpg,FALSE
1651,Military Dictionary,RTS (replacement training squadron),,,,phi đội không quân huấn luyện thay thế,FALSE,,,img_1651.jpg,FALSE
1651,Military Dictionary,"RTSA (reconnaissance, surveillance, and target acquisition)",,,,"trinh sát, giám sát và phát hiện (mục tiêu)",FALSE,,,img_1651.jpg,FALSE
1651,Military Dictionary,RTTY (radio teletype),,,,điện báo vô tuyến,FALSE,,,img_1651.jpg,FALSE
1651,Military Dictionary,RTU (replacement training unit),,,,đơn vị huấn luyện quân bổ sung; phân đội huấn luyện quân bổ sung,FALSE,,,img_1651.jpg,FALSE
1651,Military Dictionary,RTV (rocket test vehicle),,,,máy bay thử nghiệm tên lửa,FALSE,,,img_1651.jpg,FALSE
1651,Military Dictionary,RU (release unit),,,,đơn vị tách khỏi đội hình,FALSE,,,img_1651.jpg,FALSE
1651,Military Dictionary,RU (rescue unit),,,,đơn vị chiến đấu giải cứu,FALSE,,,img_1651.jpg,FALSE
1651,Military Dictionary,RUIC (Reserve unit identification number),,,,phiên hiệu đơn vị (quân) dự bị; số hiệu nhận biết đơn vị dự bị,FALSE,,,img_1651.jpg,FALSE
1651,Military Dictionary,RUSCOM (rapid ultrahigh frequency (UHF) satellite communications),,,,thông tin liên lạc vệ tinh siêu cao tần tốc độ nhanh,FALSE,,,img_1651.jpg,FALSE
1651,Military Dictionary,RV (long-range seagoing rescue vessel),,,,tàu giải cứu dương biển tầm xa,FALSE,,,img_1651.jpg,FALSE
1651,Military Dictionary,RV (reconnaissance vehicle),,,,xe trinh sát,FALSE,,,img_1651.jpg,FALSE
1651,Military Dictionary,RV (rendezvous),,,,điểm hẹn gặp; địa điểm tập trung; điểm tập hợp,FALSE,,,img_1651.jpg,FALSE
1651,Military Dictionary,RV; R/V (re-entry vehicle),,,,khoang chiến đấu mang nhiều đầu đạn tự dẫn trở về khí quyển theo lập trình; phần chiến đấu của tên lửa đạn đạo vượt đại châu,FALSE,,,img_1651.jpg,FALSE
1651,Military Dictionary,"RVCR, revr (receiver)",,,,máy thu,FALSE,,,img_1651.jpg,FALSE
1651,Military Dictionary,RVR (runway visibility recorder),,,,máy ghi tầm nhìn xa trên đường băng,FALSE,,,img_1651.jpg,FALSE
1651,Military Dictionary,RVR (runway visual range),,,,tầm nhìn xa trên đường băng,FALSE,,,img_1651.jpg,FALSE
1651,Military Dictionary,"RVSN (raketnye voiska strategicheskogo naznacheniya (literally, rocket troops of strategic designation))",,,,(Nga) lực lượng tên lửa chiến lược,FALSE,,,img_1651.jpg,FALSE
1651,Military Dictionary,RVT (remote video terminal),,,,trạm đầu cuối vidêô điều khiển từ xa,FALSE,,,img_1651.jpg,FALSE
1651,Military Dictionary,RW (radio warfare),,,,chiến tranh vô tuyến; sự sử dụng phương tiện kỹ thuật vô tuyến trong chiến đấu; trinh sát vô tuyến và chống vô tuyến,FALSE,,,img_1651.jpg,FALSE
1651,Military Dictionary,RW (radiological warfare),,,,chiến tranh phóng xạ; sự sử dụng chất phóng xạ trong chiến đấu; chiến tranh quang tuyến,FALSE,,,img_1651.jpg,FALSE
1651,Military Dictionary,RW (radiological warhead),,,,(tl) phần chiến đấu được nạp chất phóng xạ,FALSE,,,img_1651.jpg,FALSE
1651,Military Dictionary,RW (radiological weapon),,,,vũ khí phóng xạ,FALSE,,,img_1651.jpg,FALSE
1651,Military Dictionary,RW (reconnaissance wing),,,,phi đoàn không quân trinh sát,FALSE,,,img_1651.jpg,FALSE
1651,Military Dictionary,RW (runway),,,,đường băng cất hạ cánh,FALSE,,,img_1651.jpg,FALSE
1651,Military Dictionary,RW ACFT (rotary-wing(ed) aircraft),,,,máy bay cánh quay; máy bay trực thăng,FALSE,,,img_1651.jpg,FALSE
1651,Military Dictionary,RWCM (regional wartime construction manager),,,,người quản lý xây dựng công trình khu vực thời chiến,FALSE,,,img_1651.jpg,FALSE
1651,Military Dictionary,RWI (radio and wire integration),,,,sự hoà mạng vô tuyến và điện thoại,FALSE,,,img_1651.jpg,FALSE
1651,Military Dictionary,RWI sta (radio wire integration station),,,,trạm hoà mạng vô tuyến điện thoại,FALSE,,,img_1651.jpg,FALSE
1651,Military Dictionary,RWP (rifle and weapons platoon),,,,trung đội bộ binh và vũ khí nặng,FALSE,,,img_1651.jpg,FALSE
1651,Military Dictionary,RWR (radar warning receiver),,,,máy thu tín hiệu cảnh báo rada,FALSE,,,img_1651.jpg,FALSE
1651,Military Dictionary,RWR (rear-warning radar),,,,rada cảnh báo phía sau (máy bay),FALSE,,,img_1651.jpg,FALSE
1651,Military Dictionary,RWS (range-while-search),,,,định tầm trong khi sục sạo,FALSE,,,img_1651.jpg,FALSE
1651,Military Dictionary,rwy (runway),,,,đường băng cất hạ cánh,FALSE,,,img_1651.jpg,FALSE
1651,Military Dictionary,RX (receive),,,,"thu, tiếp nhận",FALSE,,,img_1651.jpg,FALSE
1651,Military Dictionary,RX (receiver),,,,máy thu,FALSE,,,img_1651.jpg,FALSE
1651,Military Dictionary,ry (railway),,,,đường sắt; (thuộc) đường sắt,FALSE,,,img_1651.jpg,FALSE
1651,Military Dictionary,RYGD (railway grand division),,,,sư đoàn xe lửa,FALSE,,,img_1651.jpg,FALSE
1651,Military Dictionary,RZ (recovery zone),,,,khu vực thu hồi (vũ khí trang bị hư hỏng),FALSE,,,img_1651.jpg,FALSE
1651,Military Dictionary,RZ (return-to-zero),,,,trở về số 0; sự quy không (kính ngắm),FALSE,,,img_1651.jpg,FALSE
1652,Military Dictionary,S (safe),,,,(k.hiệu) an toàn,FALSE,,,img_1652.jpg,FALSE
1652,Military Dictionary,S (seaman),,,,(k.hiệu) thủy thủ; binh nhất hải quân,FALSE,,,img_1652.jpg,FALSE
1652,Military Dictionary,S (senior),,,,"cao cấp, lâu năm, trình độ cao",FALSE,,,img_1652.jpg,FALSE
1652,Military Dictionary,S (service),,,,(k.hiệu) ngành; binh chủng; quân chủng; sự phục vụ,FALSE,,,img_1652.jpg,FALSE
1652,Military Dictionary,S (sharpshooter),,,,"thiện xạ, xạ thủ xuất sắc",FALSE,,,img_1652.jpg,FALSE
1652,Military Dictionary,S (signal),,,,tín hiệu,FALSE,,,img_1652.jpg,FALSE
1652,Military Dictionary,S (soft),,,,không được thiết bị phòng chống hạt nhân,FALSE,,,img_1652.jpg,FALSE
1652,Military Dictionary,S (solid propellant),,,,nhiên liệu (đẩy) rắn,FALSE,,,img_1652.jpg,FALSE
1652,Military Dictionary,S (south),,,,"(k.hiệu) hướng nam, phương nam",FALSE,,,img_1652.jpg,FALSE
1652,Military Dictionary,S (staff),,,,(k.hiệu) tham mưu; cơ quan tham mưu; đội ngũ sĩ quan bộ tham mưu,FALSE,,,img_1652.jpg,FALSE
1652,Military Dictionary,S (submarine),,,,(k.hiệu) tàu ngầm,FALSE,,,img_1652.jpg,FALSE
1652,Military Dictionary,S (supply),,,,"sự tiếp tế, sự cung cấp, sự cung ứng",FALSE,,,img_1652.jpg,FALSE
1652,Military Dictionary,S (antisubmarine),,,,(k.hiệu) chống ngầm,FALSE,,,img_1652.jpg,FALSE
1652,Military Dictionary,S2F (Tracker twin-engine antisubmarine aircraft flown from carriers),,,,"(k.hiệu) máy bay chống ngầm động cơ kép, mang tên ""người tìm vết"", hoạt động từ tàu sân bay",FALSE,,,img_1652.jpg,FALSE
1652,Military Dictionary,S&F (sound and flash),,,,trinh sát xác định nguồn âm và ánh sáng,FALSE,,,img_1652.jpg,FALSE
1652,Military Dictionary,S&F (store-and-forward),,,,dự trữ và tiếp tế (chiến đấu),FALSE,,,img_1652.jpg,FALSE
1652,Military Dictionary,S&M (supply and maintenance),,,,tiếp tế và bảo dưỡng kỹ thuật,FALSE,,,img_1652.jpg,FALSE
1652,Military Dictionary,S&M (scheduling and movement),,,,lập trình và cơ động,FALSE,,,img_1652.jpg,FALSE
1652,Military Dictionary,S&S (supply and service),,,,tiếp tế và phục vụ,FALSE,,,img_1652.jpg,FALSE
1652,Military Dictionary,S&T (scientific and technical),,,,khoa học và kỹ thuật,FALSE,,,img_1652.jpg,FALSE
1652,Military Dictionary,S&T (supply and transport),,,,tiếp tế và vận tải; ngành tiếp tế và vận tải,FALSE,,,img_1652.jpg,FALSE
1652,Military Dictionary,S&T Bn (supply and transport battalion),,,,tiểu đoàn tiếp tế và vận tải,FALSE,,,img_1652.jpg,FALSE
1652,Military Dictionary,S&TF (Systems and Technology Forum),,,,diễn đàn về các tổ hợp vũ khí và công nghệ (giữa Mỹ và Nhật Bản),FALSE,,,img_1652.jpg,FALSE
1652,Military Dictionary,S&TI (scientific and technical intelligence),,,,tình báo khoa học và kỹ thuật,FALSE,,,img_1652.jpg,FALSE
1652,Military Dictionary,s.d (standard deviation),,,,độ lệch tiêu chuẩn,FALSE,,,img_1652.jpg,FALSE
1652,Military Dictionary,S/C (second-in-command),,,,"tư lệnh phó; phó tư lệnh trưởng, phó chỉ huy trưởng",FALSE,,,img_1652.jpg,FALSE
1652,Military Dictionary,S/E (supporting effort),,,,"hướng tiến công hỗ trợ, hướng tiến công thứ yếu",FALSE,,,img_1652.jpg,FALSE
1652,Military Dictionary,S/EWCC (signals intelligence/electronic warfare coordination center),,,,tình báo thông tin liên lạc thuộc trung tâm hiệp đồng tác chiến điện tử,FALSE,,,img_1652.jpg,FALSE
1652,Military Dictionary,S/L (sea level),,,,mực nước biển,FALSE,,,img_1652.jpg,FALSE
1652,Military Dictionary,S/N (signal to noise),,,,tỷ số cường độ tín hiệu so với tiếng ồn,FALSE,,,img_1652.jpg,FALSE
1652,Military Dictionary,S/R (stant range),,,,cự ly xiên chếch (đến mặt đất); đường ngắm đến mục tiêu,FALSE,,,img_1652.jpg,FALSE
1652,Military Dictionary,S/S (steamship),,,,tàu chạy bằng động cơ hơi nước,FALSE,,,img_1652.jpg,FALSE
1652,Military Dictionary,S/Sgt (staff sergeant),,,,"trung sĩ tham mưu (dưới trung sĩ nhất, trên trung sĩ thường)",FALSE,,,img_1652.jpg,FALSE
