source_page,dictionary_name,word,phonetic,part_of_speech_raw,part_of_speech_code,meaning_vi,is_subentry,example_en,example_vi,image_path,reviewed
1653,Military Dictionary,S/T (short ton),,,,đoàn tấn (bằng 907 kg),FALSE,,,img_1653.jpg,FALSE
1653,Military Dictionary,S/T (sound telegraph),,,,điện tín âm thanh,FALSE,,,img_1653.jpg,FALSE
1653,Military Dictionary,S/V (sailboat),,,,thuyền buồm,FALSE,,,img_1653.jpg,FALSE
1653,Military Dictionary,S1,,,,"ban quân lực, trưởng ban quân lực; sĩ quan quân lực",FALSE,,,img_1653.jpg,FALSE
1653,Military Dictionary,"S1 (personnel staff officer, battalion or regiment)",,,,"(k.hiệu) sĩ quan tham mưu (về) quân lực (cấp) trung, tiểu đoàn",FALSE,,,img_1653.jpg,FALSE
1653,Military Dictionary,S2,,,,ban trinh sát; trưởng ban trinh sát; chủ nhiệm trinh sát (lữ đoàn); sĩ quan trinh sát,FALSE,,,img_1653.jpg,FALSE
1653,Military Dictionary,"S2 (intelligence staff officer, battalion or regiment)",,,,"(k.hiệu) sĩ quan tham mưu (về) quân báo (cấp) trung, tiểu đoàn",FALSE,,,img_1653.jpg,FALSE
1653,Military Dictionary,S3,,,,ban tác chiến; trưởng ban tác chiến; sĩ quan tác chiến,FALSE,,,img_1653.jpg,FALSE
1653,Military Dictionary,S3 (operations and training officer),,,,sĩ quan tác huấn; trưởng phòng tác huấn,FALSE,,,img_1653.jpg,FALSE
1653,Military Dictionary,"S3 (operations staff officer, battalion or regiment)",,,,"(k.hiệu) sĩ quan tham mưu (về) tác chiến (cấp) trung, tiểu đoàn",FALSE,,,img_1653.jpg,FALSE
1653,Military Dictionary,S4,,,,ban hậu cần; trưởng ban hậu cần; chủ nhiệm hậu cần (lữ đoàn); sĩ quan hậu cần,FALSE,,,img_1653.jpg,FALSE
1653,Military Dictionary,"S4 (logistics staff officer, battalion or regiment)",,,,"(k.hiệu) sĩ quan tham mưu (về) hậu cần (cấp) trung, tiểu đoàn",FALSE,,,img_1653.jpg,FALSE
1653,Military Dictionary,S5 (civil affairs officer),,,,chủ nhiệm công tác dân vận; sĩ quan dân vận,FALSE,,,img_1653.jpg,FALSE
1653,Military Dictionary,"S5 (civil affairs staff officer, battalion or regiment)",,,,"(k.hiệu) sĩ quan tham mưu (về) dân vận (cấp) trung, tiểu đoàn",FALSE,,,img_1653.jpg,FALSE
1653,Military Dictionary,"S-2 (battalion or brigade intelligence staff officer, Army (Marine Corps battalion or regiment))",,,,sĩ quan tham mưu quân báo tiểu đoàn hoặc lữ đoàn lục quân (tiểu đoàn hoặc trung đoàn thủy quân lục chiến),FALSE,,,img_1653.jpg,FALSE
1653,Military Dictionary,"S-3 (battalion or brigade operations staff officer, Army (Marine Corps battalion or regiment))",,,,sĩ quan tham mưu tác chiến tiểu đoàn hoặc lữ đoàn lục quân (tiểu đoàn hoặc trung đoàn thủy quân lục chiến),FALSE,,,img_1653.jpg,FALSE
1653,Military Dictionary,"S-4 (battalion or brigade logistics staff officer, Army (Marine Corps battalion or regiment))",,,,sĩ quan tham mưu hậu cần tiểu đoàn hoặc lữ đoàn lục quân (tiểu đoàn hoặc trung đoàn thủy quân lục chiến),FALSE,,,img_1653.jpg,FALSE
1653,Military Dictionary,SA (safe arrival),,,,đến nơi an toàn,FALSE,,,img_1653.jpg,FALSE
1653,Military Dictionary,SA (Secretary of the Army),,,,bộ trưởng bộ lục quân,FALSE,,,img_1653.jpg,FALSE
1653,Military Dictionary,SA (security assistance),,,,sự hỗ trợ an ninh,FALSE,,,img_1653.jpg,FALSE
1653,Military Dictionary,SA (Select Availability),,,,có khả năng tuyển chọn,FALSE,,,img_1653.jpg,FALSE
1653,Military Dictionary,SA (selective availability (GPS)),,,,có khả năng lựa chọn (của hệ thống định vị toàn cầu),FALSE,,,img_1653.jpg,FALSE
1653,Military Dictionary,SA (senior adviser),,,,cố vấn cao cấp,FALSE,,,img_1653.jpg,FALSE
1653,Military Dictionary,SA (semi-automatic),,,,bán tự động; (thuộc) bán tự động; (thuộc) tự động nạp đạn,FALSE,,,img_1653.jpg,FALSE
1653,Military Dictionary,SA (semiautomatic),,,,bán tự động; (thuộc) bán tự động; (thuộc) tự động nạp đạn,FALSE,,,img_1653.jpg,FALSE
1653,Military Dictionary,SA (situational awareness),,,,sự quán triệt tình hình,FALSE,,,img_1653.jpg,FALSE
1653,Military Dictionary,SA (small arms),,,,"súng bộ binh; vũ khí bộ binh, vũ khí xách tay",FALSE,,,img_1653.jpg,FALSE
1653,Military Dictionary,SA (staging area),,,,khu vực triển khai trung gian,FALSE,,,img_1653.jpg,FALSE
1653,Military Dictionary,SA (stand-alone switch),,,,tổng đài lẻ,FALSE,,,img_1653.jpg,FALSE
1653,Military Dictionary,SAA (small arms ammunition),,,,đạn dược dùng cho vũ khí bộ binh; đạn bộ binh,FALSE,,,img_1653.jpg,FALSE
1653,Military Dictionary,SAAFR (standard use army aircraft flight route),,,,đường bay thông thường dùng cho máy bay lục quân,FALSE,,,img_1653.jpg,FALSE
1653,Military Dictionary,SAAM (special assignment airlift mission),,,,nhiệm vụ đặc biệt được giao cho cầu vận tải hàng không,FALSE,,,img_1653.jpg,FALSE
1653,Military Dictionary,SAB (scientific advisory board (USAF)),,,,hội đồng cố vấn khoa học (không quân Mỹ),FALSE,,,img_1653.jpg,FALSE
1653,Military Dictionary,SABER (situational awareness beacon with reply),,,,tín hiệu nhận biết tình huống và trả lời,FALSE,,,img_1653.jpg,FALSE
1653,Military Dictionary,SABMIS (seaborne antiballistic missile intercept system),,,,hệ thống đánh chặn chống tên lửa đạn đạo phóng từ hạm tàu,FALSE,,,img_1653.jpg,FALSE
1653,Military Dictionary,SABMIS (surface-to-air ballistic missile interception system),,,,"hệ thống mặt (đất, biển) đối không đánh chặn tên lửa đạn đạo",FALSE,,,img_1653.jpg,FALSE
1654,Military Dictionary,SAC (senior aircraftsman),,,,(Anh) binh nhất không quân,FALSE,,,img_1654.jpg,FALSE
1654,Military Dictionary,SAC (small arms collimator),,,,bộ chuẩn trực (của) vũ khí bộ binh,FALSE,,,img_1654.jpg,FALSE
1654,Military Dictionary,SAC (special agent in charge),,,,điệp viên đặc biệt đảm trách chỉ huy,FALSE,,,img_1654.jpg,FALSE
1654,Military Dictionary,SAC (Strategical Air Command),,,,"(Mỹ) bộ tư lệnh không quân chiến lược, bộ chỉ huy không quân chiến lược",FALSE,,,img_1654.jpg,FALSE
1654,Military Dictionary,SAC (Supreme Allied Commander),,,,tổng tư lệnh tối cao liên quân; tổng tư lệnh liên quân,FALSE,,,img_1654.jpg,FALSE
1654,Military Dictionary,SACADVON (strategic air command advanced echelon),,,,thê đội một thuộc bộ tư lệnh không quân chiến lược,FALSE,,,img_1654.jpg,FALSE
1654,Military Dictionary,SACC (supporting arms coordination center),,,,trung tâm hiệp đồng lực lượng yểm trợ quân đổ bộ,FALSE,,,img_1654.jpg,FALSE
1654,Military Dictionary,SACCS (Strategic Air Command Control System),,,,(Mỹ) hệ thống điều phối chỉ huy không quân chiến lược,FALSE,,,img_1654.jpg,FALSE
1654,Military Dictionary,SACDIN (SAC digital network),,,,mạng (kỹ thuật) số của bộ tư lệnh không quân chiến lược,FALSE,,,img_1654.jpg,FALSE
1654,Military Dictionary,SACEUR (Supreme Allied Commander Europe),,,,bộ chỉ huy tối cao liên quân NATO ở châu Âu,FALSE,,,img_1654.jpg,FALSE
1654,Military Dictionary,"SACLANT (Supreme Allied Commander, Atlantic)",,,,tổng tư lệnh tối cao liên quân NATO ở Đại Tây Dương,FALSE,,,img_1654.jpg,FALSE
1654,Military Dictionary,SACLOS (semi-automatic command to line-of-sight),,,,lệnh điều khiển bán tự động theo đường ngắm,FALSE,,,img_1654.jpg,FALSE
1654,Military Dictionary,SACMFCS (small arms common module fire-control system),,,,hệ thống chỉ huy hỏa lực môđun chung cho vũ khí bộ binh,FALSE,,,img_1654.jpg,FALSE
1654,Military Dictionary,SACOM (Southern Area Command),,,,quân khu miền Nam,FALSE,,,img_1654.jpg,FALSE
1654,Military Dictionary,SACS (Secure telephone unit (STU) access control system),,,,hệ thống theo dõi phát hiện sự xâm nhập thiết bị điện thoại an toàn,FALSE,,,img_1654.jpg,FALSE
1654,Military Dictionary,SAD (safety and arming device),,,,cơ cấu an toàn (của ngòi nổ),FALSE,,,img_1654.jpg,FALSE
1654,Military Dictionary,SADARM (sense and destroy armor),,,,"(đạn) tìm diệt tăng thiết giáp, đạn chống tăng ""tinh khôn""",FALSE,,,img_1654.jpg,FALSE
1654,Military Dictionary,SADC (sector air defence commander),,,,chỉ huy trưởng tiểu khu phòng không,FALSE,,,img_1654.jpg,FALSE
1654,Military Dictionary,SADF (South African Defence Force),,,,lực lượng phòng thủ Nam Phi,FALSE,,,img_1654.jpg,FALSE
1654,Military Dictionary,SADM (special atomic demolition munitions),,,,liều nổ hạt nhân đặc biệt; liều nổ hạt nhân chuyên dụng,FALSE,,,img_1654.jpg,FALSE
1654,Military Dictionary,SAE (Society of Automobile Engineers),,,,(Mỹ) hội kỹ sư ô tô,FALSE,,,img_1654.jpg,FALSE
1654,Military Dictionary,SAF (Secretary of the Air Force),,,,bộ trưởng bộ không quân,FALSE,,,img_1654.jpg,FALSE
1654,Military Dictionary,SAF (Special Action Force),,,,"lực lượng đặc biệt, lực lượng biệt kích đổ bộ",FALSE,,,img_1654.jpg,FALSE
1654,Military Dictionary,SAF (Strategic Air Force),,,,"không quân chiến lược, lực lượng không quân chiến lược",FALSE,,,img_1654.jpg,FALSE
1654,Military Dictionary,SAFE (selected area for evasion),,,,khu vực lựa chọn để lẩn tránh chờ giải cứu,FALSE,,,img_1654.jpg,FALSE
1654,Military Dictionary,SAFE-CP (selected area for evasion-contact point),,,,địa điểm liên lạc tại khu vực lựa chọn để lẩn tránh chờ giải cứu,FALSE,,,img_1654.jpg,FALSE
1654,Military Dictionary,"SAFF (safing, arming, fuzing, firing)",,,,"(quá trình) an toàn, dự kích, kích nổ và nổ, quá trình nổ",FALSE,,,img_1654.jpg,FALSE
1654,Military Dictionary,SAFI (semiautomatic flight inspection),,,,"thiết bị nửa tự động thanh tra chuyến bay (để kiểm tra các thiết bị hỗ trợ trên mặt đất), thiết bị thanh tra bay bán tự động",FALSE,,,img_1654.jpg,FALSE
1654,Military Dictionary,SAG (surface action group),,,,"cụm hành động mặt (đất, biển)",FALSE,,,img_1654.jpg,FALSE
1654,Military Dictionary,SAGE (semiautomatic ground environment),,,,"phương tiện phòng không mặt đất bán tự động ""SAGE""",FALSE,,,img_1654.jpg,FALSE
1654,Military Dictionary,SAGE (semi-automatic ground environment (system)),,,,hệ thống điều khiển phương tiện phòng không mặt đất bán tự động (có trung tâm xử lý dữ liệu và điều khiển vũ khí),FALSE,,,img_1654.jpg,FALSE
1655,Military Dictionary,SAGW (surface-to-air-guided weapon),,,,"tên lửa phòng không có điều khiển, vũ khí mặt (đất, biển) đối không có điều khiển",FALSE,,,img_1655.jpg,FALSE
1655,Military Dictionary,SAH (semi-active homing),,,,sự tự dẫn bán chủ động,FALSE,,,img_1655.jpg,FALSE
1655,Military Dictionary,SAI (senior army instructor),,,,huấn luyện viên quân sự cấp cao,FALSE,,,img_1655.jpg,FALSE
1655,Military Dictionary,SAID (selected area for evasion (SAFE) area intelligence description),,,,tin tức tình báo địa hình khu vực được lựa chọn để lẩn tránh chờ giải cứu,FALSE,,,img_1655.jpg,FALSE
1655,Military Dictionary,SAL (semi-active laser),,,,lade bán chủ động,FALSE,,,img_1655.jpg,FALSE
1655,Military Dictionary,SAL (small arms locker),,,,hòm (đựng) vũ khí bộ binh,FALSE,,,img_1655.jpg,FALSE
1655,Military Dictionary,SAL (strategic arms limitation),,,,sự hạn chế vũ khí (tiến công) chiến lược,FALSE,,,img_1655.jpg,FALSE
1655,Military Dictionary,SAL-GP (semiactive laser-guided projectile (USN)),,,,đạn điều khiển bằng lade bán chủ động,FALSE,,,img_1655.jpg,FALSE
1655,Military Dictionary,SALM (single-anchor leg mooring),,,,neo bằng mỏ neo đơn một chân,FALSE,,,img_1655.jpg,FALSE
1655,Military Dictionary,SALT (strategic arms limitation talks),,,,đàm phán hạn chế vũ khí (tiến công) chiến lược,FALSE,,,img_1655.jpg,FALSE
1655,Military Dictionary,SALT (supporting arms liaison team),,,,tổ liên lạc hiệp đồng với hỏa khí chi viện,FALSE,,,img_1655.jpg,FALSE
1655,Military Dictionary,"SALT I (ACCORDS) (strategic arms limitation talks, accords)",,,,cuộc hội đàm hạn chế sử dụng vũ khí tiến công hạt nhân,FALSE,,,img_1655.jpg,FALSE
1655,Military Dictionary,SALT II (ACCORDS) (limitation of strategic offensive arms),,,,sự hạn chế sử dụng vũ khí tiến công hạt nhân,FALSE,,,img_1655.jpg,FALSE
1655,Military Dictionary,SALTS (streamlined automated logistics transfer system),,,,hệ thống chuyển giao hậu cần tự động hợp lý hoá,FALSE,,,img_1655.jpg,FALSE
1655,Military Dictionary,"SALUTE (size, activity, location, unit, time, and equipment)",,,,"quy mô, hoạt động, bố trí, đơn vị, thời gian và thiết bị",FALSE,,,img_1655.jpg,FALSE
1655,Military Dictionary,SALV (salvage),,,,sự trục vớt; sự thu hồi,FALSE,,,img_1655.jpg,FALSE
1655,Military Dictionary,SALW (small arms and light weapons),,,,vũ khí bộ binh nhẹ,FALSE,,,img_1655.jpg,FALSE
1655,Military Dictionary,SAM (self-initiated anti-aircraft missile),,,,tên lửa phòng không tự kích hoạt,FALSE,,,img_1655.jpg,FALSE
1655,Military Dictionary,SAM (shipborne surface-to-air antiaircraft guided missile),,,,tên lửa phòng không có điều khiển trên hạm tàu,FALSE,,,img_1655.jpg,FALSE
1655,Military Dictionary,SAM (sound-absorbing material),,,,vật liệu hấp thụ âm (thanh),FALSE,,,img_1655.jpg,FALSE
1655,Military Dictionary,SAM (space available mail),,,,trạm thư sẵn có trong vũ trụ,FALSE,,,img_1655.jpg,FALSE
1655,Military Dictionary,SAM (Special Air Mission),,,,"phi vụ đặc biệt, chuyến bay chuyên cơ",FALSE,,,img_1655.jpg,FALSE
1655,Military Dictionary,SAM (special airlift mission),,,,chuyến bay vận chuyển hàng không đặc biệt,FALSE,,,img_1655.jpg,FALSE
1655,Military Dictionary,"SAM, sam (surface-to-air missile)",,,,"tên lửa phòng không, tên lửa mặt (đất, biển) đối không",FALSE,,,img_1655.jpg,FALSE
1655,Military Dictionary,SAMM (security assistance management manual),,,,cẩm nang quản lý hỗ trợ an ninh,FALSE,,,img_1655.jpg,FALSE
1655,Military Dictionary,SAMOS (satellite and missile observation station),,,,"trạm (vũ trụ) quan sát vệ tinh và tên lửa, vệ tinh SAMOS",FALSE,,,img_1655.jpg,FALSE
1655,Military Dictionary,SAMOS (satellite and missile observation system),,,,hệ thống theo dõi vệ tinh và tên lửa,FALSE,,,img_1655.jpg,FALSE
1655,Military Dictionary,SAMS (School of Advanced Military Studies),,,,trường nghiên cứu quân sự tiên tiến,FALSE,,,img_1655.jpg,FALSE
1655,Military Dictionary,SA-N (surface-to-air (navy) missile),,,,(hq) tên lửa hạm đối không,FALSE,,,img_1655.jpg,FALSE
1655,Military Dictionary,"SANA (State, Army, Navy, Air)",,,,"chính phủ, lục quân, hải quân và không quân",FALSE,,,img_1655.jpg,FALSE
1655,Military Dictionary,SANACC (State-Army-Navy-Air Force Coordinating Committee),,,,"ủy ban phối hợp các lực lượng của chính phủ, lục quân, hải quân và không quân",FALSE,,,img_1655.jpg,FALSE
1655,Military Dictionary,SANDF (South African National Defence Force),,,,lực lượng phòng thủ quốc gia Nam Phi,FALSE,,,img_1655.jpg,FALSE
1655,Military Dictionary,SANG (Saudi Arabian National Guard),,,,cảnh vệ quốc gia Ả Rập,FALSE,,,img_1655.jpg,FALSE
1655,Military Dictionary,SANS (South African Naval Service),,,,hạm đội hải quân Nam Phi,FALSE,,,img_1655.jpg,FALSE
1655,Military Dictionary,SAO (security assistance office/officer),,,,văn phòng/sĩ quan hỗ trợ an ninh,FALSE,,,img_1655.jpg,FALSE
1655,Military Dictionary,SAO (security assistance organization),,,,tổ chức hỗ trợ an ninh,FALSE,,,img_1655.jpg,FALSE
1656,Military Dictionary,SAO (selected attack option),,,,cuộc tiến công theo phương án đã chọn,FALSE,,,img_1656.jpg,FALSE
1656,Military Dictionary,SAO (special access only security classification),,,,"tối mật, phân loại bảo mật",FALSE,,,img_1656.jpg,FALSE
1656,Military Dictionary,SAOC (sector air operations center),,,,trung tâm chỉ huy tác chiến đường không khu vực,FALSE,,,img_1656.jpg,FALSE
1656,Military Dictionary,SAP (seaborne air platform),,,,"sân bay nổi, sàn đậu (máy bay) nổi",FALSE,,,img_1656.jpg,FALSE
1656,Military Dictionary,SAP (semi-armor-piercing),,,,"(thuộc) bán xuyên thép, xuyên thép mỏng",FALSE,,,img_1656.jpg,FALSE
1656,Military Dictionary,SAP (special access program),,,,chương trình truy cập đặc biệt,FALSE,,,img_1656.jpg,FALSE
1656,Military Dictionary,SAPHEI (semi-armor-piercing high explosive incendiary),,,,"bán xuyên giáp nổ phá - cháy (đạn), cháy - nổ xuyên thép mỏng",FALSE,,,img_1656.jpg,FALSE
1656,Military Dictionary,SAPI (semi-armour-piercing incendiary),,,,"(đạn) xuyên cháy vỏ thép mỏng, (đạn) cháy bán xuyên giáp",FALSE,,,img_1656.jpg,FALSE
1656,Military Dictionary,SAPI (special access program for intelligence),,,,chương trình tiếp cận tình báo đặc biệt,FALSE,,,img_1656.jpg,FALSE
1656,Military Dictionary,SAPO (subarea petroleum office),,,,phòng xăng dầu tiểu khu,FALSE,,,img_1656.jpg,FALSE
1656,Military Dictionary,SAR (search and rescue),,,,tìm kiếm và giải cứu,FALSE,,,img_1656.jpg,FALSE
1656,Military Dictionary,SAR (satellite access request),,,,yêu cầu tiếp cận thông tin qua vệ tinh,FALSE,,,img_1656.jpg,FALSE
1656,Military Dictionary,SAR (short assault rifle),,,,súng trường tiến công nòng ngắn,FALSE,,,img_1656.jpg,FALSE
1656,Military Dictionary,SAR (special access requirement),,,,nhu cầu truy cập đặc biệt,FALSE,,,img_1656.jpg,FALSE
1656,Military Dictionary,SARAH (search and rescue and homing),,,,tìm cứu và tự dẫn,FALSE,,,img_1656.jpg,FALSE
1656,Military Dictionary,SARC (surveillance and reconnaissance center),,,,trung tâm do thám và trinh sát,FALSE,,,img_1656.jpg,FALSE
1656,Military Dictionary,SARG; SARH (semi-active radar homing),,,,sự tự dẫn bán chủ động bằng rada,FALSE,,,img_1656.jpg,FALSE
1656,Military Dictionary,SARIE (selective automatic radar identification equipment),,,,thiết bị nhận biết rada tự động có chọn lọc,FALSE,,,img_1656.jpg,FALSE
1656,Military Dictionary,SARIR (search and rescue incident report),,,,báo cáo sự cố trong tìm kiếm và giải cứu,FALSE,,,img_1656.jpg,FALSE
1656,Military Dictionary,SARMC (search and rescue mission coordinator),,,,sĩ quan hiệp đồng nhiệm vụ tìm kiếm và giải cứu,FALSE,,,img_1656.jpg,FALSE
1656,Military Dictionary,SARMIS (search and rescue management information system),,,,hệ thống thông tin quản lý hoạt động tìm kiếm và giải cứu,FALSE,,,img_1656.jpg,FALSE
1656,Military Dictionary,SARREQ (search and rescue request),,,,yêu cầu tìm kiếm và giải cứu,FALSE,,,img_1656.jpg,FALSE
1656,Military Dictionary,SARSAT (search and rescue satellite-aided tracking),,,,sự giám sát hoạt động tìm kiếm và giải cứu được vệ tinh hỗ trợ,FALSE,,,img_1656.jpg,FALSE
1656,Military Dictionary,SARSIT (search and rescue situation summary report),,,,bản báo cáo tổng hợp tình hình hoạt động tìm kiếm và giải cứu,FALSE,,,img_1656.jpg,FALSE
1656,Military Dictionary,SARTEL (search and rescue (SAR) telephone (private hotline)),,,,điện thoại phục vụ hoạt động tìm kiếm và giải cứu (đường dây nóng riêng),FALSE,,,img_1656.jpg,FALSE
1656,Military Dictionary,SARTF (search and rescue task force),,,,lực lượng đặc nhiệm tìm kiếm và giải cứu,FALSE,,,img_1656.jpg,FALSE
1656,Military Dictionary,Sas (Special Agents (FBI)),,,,nhân viên đặc vụ (của FBI),FALSE,,,img_1656.jpg,FALSE
1656,Military Dictionary,SAS (special ammunition stockage),,,,"lượng dự trữ đạn dược chuyên dụng, sự dự trữ đạn dược đặc biệt",FALSE,,,img_1656.jpg,FALSE
1656,Military Dictionary,SAS (special ammunition storage),,,,kho đạn dược đặc biệt,FALSE,,,img_1656.jpg,FALSE
1656,Military Dictionary,SAS (stability augmentation system),,,,hệ thống gia tăng độ ổn định,FALSE,,,img_1656.jpg,FALSE
1656,Military Dictionary,SAS (supersonic attack seaplane),,,,"thủy phi cơ cường kích vượt âm, thủy phi cơ tiến công siêu âm",FALSE,,,img_1656.jpg,FALSE
1656,Military Dictionary,SAS (special air service),,,,binh chủng không quân đặc biệt,FALSE,,,img_1656.jpg,FALSE
1656,Military Dictionary,SASAR (segmented aperture-synthetic aperture radar),,,,rada tổng hợp tín hiệu có khẩu độ phân đoạn,FALSE,,,img_1656.jpg,FALSE
1656,Military Dictionary,SASCOM (Special Ammunition Support Command),,,,bộ tư lệnh chi viện vũ khí đặc biệt,FALSE,,,img_1656.jpg,FALSE
1656,Military Dictionary,SASM (supersonic anti-ship missile),,,,tên lửa siêu âm chống tàu thủy,FALSE,,,img_1656.jpg,FALSE
1656,Military Dictionary,SASP (special ammunition supply point),,,,địa điểm cung cấp đạn dược đặc biệt; trạm bảo quản và bảo dưỡng vũ khí đặc biệt,FALSE,,,img_1656.jpg,FALSE
1657,Military Dictionary,SASR (special application sniper rifle),,,,súng (trường) bắn tỉa chuyên dụng,FALSE,,,img_1657.jpg,FALSE
1657,Military Dictionary,SASS (supporting arms special staff),,,,bộ tham mưu đặc biệt của binh chủng bảo đảm,FALSE,,,img_1657.jpg,FALSE
1657,Military Dictionary,SASSY (supported activities supply systems),,,,các hệ thống cung cấp hậu cần cho các hoạt động chi viện,FALSE,,,img_1657.jpg,FALSE
1657,Military Dictionary,SAT (satellite),,,,vệ tinh,FALSE,,,img_1657.jpg,FALSE
1657,Military Dictionary,SAT (satisfactory),,,,khả quan,FALSE,,,img_1657.jpg,FALSE
1657,Military Dictionary,SAT (security alert team),,,,đội báo động an ninh,FALSE,,,img_1657.jpg,FALSE
1657,Military Dictionary,SATAR (satellite for aerospace research),,,,vệ tinh nghiên cứu khoảng không vũ trụ,FALSE,,,img_1657.jpg,FALSE
1657,Military Dictionary,SATCOM (Satellite Communication Agency (US Army)),,,,cục thông tin liên lạc vệ tinh (quân đội Mỹ),FALSE,,,img_1657.jpg,FALSE
1657,Military Dictionary,"SATCOM, satcom (satellite communications)",,,,phương tiện thông tin liên lạc vệ tinh,FALSE,,,img_1657.jpg,FALSE
1657,Military Dictionary,SATCP (Système Ami-aérien à Très Courte Portée (very short-range anti-aircraft system)),,,,(Pháp) hệ thống phòng không tầm rất gần,FALSE,,,img_1657.jpg,FALSE
1657,Military Dictionary,Satel (satellite),,,,vệ tinh (nhân tạo),FALSE,,,img_1657.jpg,FALSE
1657,Military Dictionary,SATF (strike and terrain-following),,,,(rada) dẫn đường công kích bay bám địa hình,FALSE,,,img_1657.jpg,FALSE
1657,Military Dictionary,SATIC (Scientific and Technical Information Center),,,,trung tâm thông tin khoa học kỹ thuật (của lục quân),FALSE,,,img_1657.jpg,FALSE
1657,Military Dictionary,SATK (strike attack),,,,"tiến công, đột kích",FALSE,,,img_1657.jpg,FALSE
1657,Military Dictionary,"SATKA (surveillance, acquisition, tracking, and kill assessment)",,,,"chương trình trinh sát, thu nhận tin, theo dõi và đánh giá khả năng tiêu diệt",FALSE,,,img_1657.jpg,FALSE
1657,Military Dictionary,satl (satellite),,,,vệ tinh (nhân tạo),FALSE,,,img_1657.jpg,FALSE
1657,Military Dictionary,SATM (scatterable anti-tank mine),,,,mìn chống tăng (văng) mảnh,FALSE,,,img_1657.jpg,FALSE
1657,Military Dictionary,SATS (small airfield for tactical support),,,,sân bay nhẹ chi viện chiến thuật,FALSE,,,img_1657.jpg,FALSE
1657,Military Dictionary,SATS (Small Arms Target System),,,,hệ thống mục tiêu của vũ khí bộ binh,FALSE,,,img_1657.jpg,FALSE
1657,Military Dictionary,SAU (safety & arming unit),,,,khối an toàn và dự kích,FALSE,,,img_1657.jpg,FALSE
1657,Military Dictionary,SAU (search and attack unit),,,,đội tìm diệt,FALSE,,,img_1657.jpg,FALSE
1657,Military Dictionary,SAW (Special Air Warfare),,,,chiến tranh không quân đặc biệt,FALSE,,,img_1657.jpg,FALSE
1657,Military Dictionary,SAW (squad automatic weapon),,,,vũ khí tự động khẩu đội,FALSE,,,img_1657.jpg,FALSE
1657,Military Dictionary,SAW (surface acoustic wave),,,,"sóng âm trên mặt (đất, nước)",FALSE,,,img_1657.jpg,FALSE
1657,Military Dictionary,SAWC (sector air defence coordinator),,,,sĩ quan hiệp đồng phòng không tiểu khu,FALSE,,,img_1657.jpg,FALSE
1657,Military Dictionary,SAWC (Special Air Warfare Center),,,,trung tâm tiến hành chiến tranh đặc biệt bằng không quân,FALSE,,,img_1657.jpg,FALSE
1657,Military Dictionary,SAWS (satellite attack warning system),,,,hệ thống cảnh báo tiến công (bằng) vệ tinh; vệ tinh cảnh báo tiến công,FALSE,,,img_1657.jpg,FALSE
1657,Military Dictionary,SAWS (silent attack warning system),,,,hệ thống cảnh báo tiến công vô thanh (không dùng tín hiệu âm thanh),FALSE,,,img_1657.jpg,FALSE
1657,Military Dictionary,SB gun (smooth bore gun),,,,"súng nòng nhẵn, súng nòng trơn, súng không có khương tuyến",FALSE,,,img_1657.jpg,FALSE
1657,Military Dictionary,SB (Secondary Battery),,,,nguồn điện bổ trợ,FALSE,,,img_1657.jpg,FALSE
1657,Military Dictionary,SB (short barrel),,,,nòng ngắn (súng pháo),FALSE,,,img_1657.jpg,FALSE
1657,Military Dictionary,SB (signal book),,,,mã tín hiệu; sách tín hiệu,FALSE,,,img_1657.jpg,FALSE
1657,Military Dictionary,SB (southbound),,,,sắp xuôi về hướng nam,FALSE,,,img_1657.jpg,FALSE
1657,Military Dictionary,SB (standby base),,,,"căn cứ chờ lệnh hành động, căn cứ chờ đợi; (kq) căn cứ dự bị",FALSE,,,img_1657.jpg,FALSE
1657,Military Dictionary,SB (Submarine Base),,,,căn cứ tàu ngầm,FALSE,,,img_1657.jpg,FALSE
1657,Military Dictionary,SB (supply bulletin),,,,phiếu cấp phát,FALSE,,,img_1657.jpg,FALSE
1657,Military Dictionary,sb (switchboard),,,,tổng đài điện thoại,FALSE,,,img_1657.jpg,FALSE
1657,Military Dictionary,SBAEDS (Satellite Based Atomic Energy Detection System),,,,hệ thống phát hiện vụ nổ hạt nhân được đặt trên vệ tinh,FALSE,,,img_1657.jpg,FALSE
1657,Military Dictionary,SBF (support by fire (position)),,,,(trận địa) chi viện bằng hoả lực,FALSE,,,img_1657.jpg,FALSE
1657,Military Dictionary,SBI (space-based interceptor),,,,vũ khí đánh chặn đặt trên vũ trụ,FALSE,,,img_1657.jpg,FALSE
1657,Military Dictionary,SBIRS (space-based infrared system),,,,hệ thống hồng ngoại đặt trên vũ trụ,FALSE,,,img_1657.jpg,FALSE
1657,Military Dictionary,SBIS (satellite-based interceptor systems),,,,hệ thống đánh chặn đặt trên vệ tinh,FALSE,,,img_1657.jpg,FALSE
1658,Military Dictionary,SBKEWS (space-based kinetic energy weapon system),,,,tổ hợp vũ khí động năng (đặt trên) vũ trụ,FALSE,,,img_1658.jpg,FALSE
1658,Military Dictionary,SBKKV (space-based kinetic kill vehicle),,,,phương tiện hủy diệt (bằng) động năng (đặt trên) vũ trụ,FALSE,,,img_1658.jpg,FALSE
1658,Military Dictionary,SBL (space-based laser),,,,phương tiện lade đặt trên vũ trụ,FALSE,,,img_1658.jpg,FALSE
1658,Military Dictionary,SBPO (Service blood program officer),,,,chủ nhiệm chương trình máu của quân chủng,FALSE,,,img_1658.jpg,FALSE
1658,Military Dictionary,SBRPT (subordinate reporting organization),,,,tổ chức báo cáo của đơn vị thuộc quyền,FALSE,,,img_1658.jpg,FALSE
1658,Military Dictionary,SBS (senior battle staff),,,,bộ tham mưu tác chiến cao cấp,FALSE,,,img_1658.jpg,FALSE
1658,Military Dictionary,SBS (special boat squadron),,,,hải đoàn tàu thuyền đặc biệt,FALSE,,,img_1658.jpg,FALSE
1658,Military Dictionary,SBS (support battle staff),,,,bộ tham mưu chi viện tác chiến,FALSE,,,img_1658.jpg,FALSE
1658,Military Dictionary,SBS (surveyed before shipment),,,,thanh tra trước khi chuyển hàng theo tàu biển,FALSE,,,img_1658.jpg,FALSE
1658,Military Dictionary,SBSS (science-based stockpile stewardship),,,,công tác quản lý kho tàng dựa trên cơ sở khoa học,FALSE,,,img_1658.jpg,FALSE
1658,Military Dictionary,SBT (small boat),,,,thuyền nhỏ,FALSE,,,img_1658.jpg,FALSE
1658,Military Dictionary,sbtg (sabotage),,,,"sự phá ngầm, sự phá hoại",FALSE,,,img_1658.jpg,FALSE
1658,Military Dictionary,SBU (special boat unit),,,,đơn vị tàu thuyền đặc biệt,FALSE,,,img_1658.jpg,FALSE
1658,Military Dictionary,SBW (swept-back wing),,,,"cánh hình mũi tên, cánh cụp về phía sau",FALSE,,,img_1658.jpg,FALSE
1658,Military Dictionary,sby (stand-by),,,,tư thế sẵn sàng chiến đấu; (kq) sự trực chiến trên sân bay,FALSE,,,img_1658.jpg,FALSE
1658,Military Dictionary,SC (Sanitary Corps),,,,"ngành cứu thương, bộ đội cứu thương",FALSE,,,img_1658.jpg,FALSE
1658,Military Dictionary,SC (sea current),,,,dòng hải lưu,FALSE,,,img_1658.jpg,FALSE
1658,Military Dictionary,SC (search and rescue (SAR) coordinator),,,,sĩ quan hiệp đồng hoạt động tìm kiếm và giải cứu,FALSE,,,img_1658.jpg,FALSE
1658,Military Dictionary,SC (service company),,,,đại đội phục vụ,FALSE,,,img_1658.jpg,FALSE
1658,Military Dictionary,SC (Signal Corps),,,,binh chủng thông tin liên lạc; bộ đội thông tin liên lạc,FALSE,,,img_1658.jpg,FALSE
1658,Military Dictionary,SC (Southern Command),,,,quân khu phương Nam,FALSE,,,img_1658.jpg,FALSE
1658,Military Dictionary,SC; S/C (spacecraft),,,,thiết bị bay vũ trụ,FALSE,,,img_1658.jpg,FALSE
1658,Military Dictionary,SC (Staff College),,,,(Anh) trường sĩ quan tham mưu,FALSE,,,img_1658.jpg,FALSE
1658,Military Dictionary,SC (standard conditions),,,,điều kiện tiêu chuẩn,FALSE,,,img_1658.jpg,FALSE
1658,Military Dictionary,SC (standard temperature and pressure),,,,nhiệt độ và áp suất tiêu chuẩn,FALSE,,,img_1658.jpg,FALSE
1658,Military Dictionary,SC (supreme commander),,,,tổng tư lệnh,FALSE,,,img_1658.jpg,FALSE
1658,Military Dictionary,"SC ATLANTIC (Strategic Command, Atlantic (NATO))",,,,bộ tư lệnh chiến lược Đại Tây Dương (của liên quân NATO),FALSE,,,img_1658.jpg,FALSE
1658,Military Dictionary,Sc C (Scottish Command),,,,quân khu Scốtlen,FALSE,,,img_1658.jpg,FALSE
1658,Military Dictionary,"SC EUROPE (Strategic Command, Europe (NATO))",,,,bộ tư lệnh chiến lược châu Âu (của liên quân NATO),FALSE,,,img_1658.jpg,FALSE
1658,Military Dictionary,SCADS (shipborne containerised air defence system),,,,tổ hợp phòng không hạm tàu đặt trong côngtenơ,FALSE,,,img_1658.jpg,FALSE
1658,Military Dictionary,SCANSAR (scanning synthetic aperture radar),,,,rada quét có anten tổng hợp,FALSE,,,img_1658.jpg,FALSE
1658,Military Dictionary,"SCAP (Supreme Commander, Allied Powers)",,,,tổng tư lệnh tối cao các cường quốc đồng minh,FALSE,,,img_1658.jpg,FALSE
1658,Military Dictionary,scar (scout car),,,,xe trinh sát,FALSE,,,img_1658.jpg,FALSE
1658,Military Dictionary,SCAR (subcaliber aircraft rocket),,,,tên lửa hàng không dưới cỡ,FALSE,,,img_1658.jpg,FALSE
1658,Military Dictionary,SCAS (stability and control augmentation system),,,,hệ thống ổn định và mở rộng điều khiển,FALSE,,,img_1658.jpg,FALSE
1658,Military Dictionary,SCAS (stability control augment system),,,,hệ thống tăng cường kiểm soát ổn định,FALSE,,,img_1658.jpg,FALSE
1658,Military Dictionary,SCAT (scout/attack helicopter),,,,máy bay trực thăng trinh sát / tiến công,FALSE,,,img_1658.jpg,FALSE
1658,Military Dictionary,SCATANA (security control of air traffic and navigation aids),,,,sự tăng cường an ninh kiểm soát không lưu và dẫn đường,FALSE,,,img_1658.jpg,FALSE
1658,Military Dictionary,SCATMINE (scatterable mines),,,,mìn văng mảnh (chống bộ binh),FALSE,,,img_1658.jpg,FALSE
1658,Military Dictionary,SCATMINEWARN (scatterable minefield warning),,,,sự cảnh báo về bãi mìn văng mảnh,FALSE,,,img_1658.jpg,FALSE
1658,Military Dictionary,SCC (sea combat commander (USSPACECOM)),,,,người chỉ huy trận đánh trên biển (của bộ tư lệnh vũ trụ Mỹ),FALSE,,,img_1658.jpg,FALSE
1659,Military Dictionary,SCC (Sector Command Centre),,,,trung tâm chỉ huy phân khu,FALSE,,,img_1659.jpg,FALSE
1659,Military Dictionary,SCC (security classification code),,,,mã phân cấp bảo mật an ninh,FALSE,,,img_1659.jpg,FALSE
1659,Military Dictionary,SCC (Security Consultative Committee),,,,ủy ban tư vấn an ninh,FALSE,,,img_1659.jpg,FALSE
1659,Military Dictionary,SCC (Space Control Center),,,,trung tâm kiểm soát không gian vũ trụ,FALSE,,,img_1659.jpg,FALSE
1659,Military Dictionary,SCC (Standards Coordinating Committee),,,,ủy ban phối hợp các tiêu chí,FALSE,,,img_1659.jpg,FALSE
1659,Military Dictionary,SCC (supply control center),,,,trung tâm kiểm tra tiếp tế,FALSE,,,img_1659.jpg,FALSE
1659,Military Dictionary,SCD (schedule),,,,thời gian biểu,FALSE,,,img_1659.jpg,FALSE
1659,Military Dictionary,SCD (side cargo door),,,,cửa hàng hoá bên thân máy bay,FALSE,,,img_1659.jpg,FALSE
1659,Military Dictionary,scd msgr (scheduled messenger),,,,liên lạc viên quân bưu theo kế hoạch; lính quân bưu định kỳ,FALSE,,,img_1659.jpg,FALSE
1659,Military Dictionary,SCDL (surveillance control data link),,,,sự liên kết dữ liệu điều khiển do thám (trinh sát bằng quan sát),FALSE,,,img_1659.jpg,FALSE
1659,Military Dictionary,SCE (service cryptologic element),,,,bộ phận mật mã quân chủng; bộ phận mật mã ngành,FALSE,,,img_1659.jpg,FALSE
1659,Military Dictionary,SCEB (Shape Communications Electronics Board),,,,ủy ban thông tin liên lạc vô tuyến điện tử thuộc bộ tham mưu liên quân NATO ở châu Âu,FALSE,,,img_1659.jpg,FALSE
1659,Military Dictionary,SCFM (Signal Corps Field Manual),,,,sổ tay dã chiến của binh chủng thông tin liên lạc,FALSE,,,img_1659.jpg,FALSE
1659,Military Dictionary,SCG (self-changing gears),,,,hộp số tự động (xe),FALSE,,,img_1659.jpg,FALSE
1659,Military Dictionary,SCG (switching controller group),,,,nhóm điều khiển tổng đài,FALSE,,,img_1659.jpg,FALSE
1659,Military Dictionary,Sch (school),,,,trường; học viện,FALSE,,,img_1659.jpg,FALSE
1659,Military Dictionary,SCI (sensitive compartmented information),,,,thông tin nhạy cảm được bảo mật chặt chẽ,FALSE,,,img_1659.jpg,FALSE
1659,Military Dictionary,SCIF (sensitive compartmented information facility),,,,phương tiện kỹ thuật bảo mật chặt chẽ thông tin nhạy cảm,FALSE,,,img_1659.jpg,FALSE
1659,Military Dictionary,SCM (Special Court-Martial),,,,toà án quân sự đặc biệt,FALSE,,,img_1659.jpg,FALSE
1659,Military Dictionary,"SCMP (strategic command, control and communications (C3) master plan)",,,,"kế hoạch chỉ huy, kiểm soát và thông tin liên lạc chiến lược chủ yếu",FALSE,,,img_1659.jpg,FALSE
1659,Military Dictionary,SCNE (self-contained navigation equipment),,,,thiết bị dẫn đường độc lập,FALSE,,,img_1659.jpg,FALSE
1659,Military Dictionary,SCNS (self-contained navigation system),,,,hệ thống dẫn đường độc lập,FALSE,,,img_1659.jpg,FALSE
1659,Military Dictionary,SCO (Shanghai Cooperation Organization),,,,tổ chức hợp tác Thượng Hải,FALSE,,,img_1659.jpg,FALSE
1659,Military Dictionary,SCO (state coordinating officer),,,,sĩ quan hiệp đồng bang,FALSE,,,img_1659.jpg,FALSE
1659,Military Dictionary,SCOC (systems control and operations concept),,,,các nguyên tắc cơ bản về điều khiển và vận hành tổ hợp vũ khí; ý định tác chiến và chỉ huy hệ thống,FALSE,,,img_1659.jpg,FALSE
1659,Military Dictionary,scond (semiconductor),,,,bán dẫn,FALSE,,,img_1659.jpg,FALSE
1659,Military Dictionary,SCONUM (ship control number),,,,số kiểm soát tàu biển,FALSE,,,img_1659.jpg,FALSE
1659,Military Dictionary,SCPO (Senior Chief Petty Officer),,,,thượng sĩ nhất (hải quân),FALSE,,,img_1659.jpg,FALSE
1659,Military Dictionary,SCPT (security control point),,,,"trạm kiểm soát an ninh thông tin liên lạc, trạm kiểm soát việc bảo đảm bí mật hoạt động của phương tiện thông tin liên lạc",FALSE,,,img_1659.jpg,FALSE
1659,Military Dictionary,SCPT (strategic connectivity performance test),,,,sự thử nghiệm tính năng liên kết chiến lược,FALSE,,,img_1659.jpg,FALSE
1659,Military Dictionary,SCRB (software configuration review board),,,,hội đồng xét duyệt cấu hình phần mềm,FALSE,,,img_1659.jpg,FALSE
1659,Military Dictionary,scs (satellite control system),,,,hệ thống điều khiển vệ tinh,FALSE,,,img_1659.jpg,FALSE
1659,Military Dictionary,sct (scout),,,,máy bay do thám; tàu trinh sát; trinh sát viên,FALSE,,,img_1659.jpg,FALSE
1659,Military Dictionary,SCT (shipping control teams),,,,các đội kiểm soát giao thông tàu biển,FALSE,,,img_1659.jpg,FALSE
1659,Military Dictionary,SCT (single channel transponder),,,,thiết bị tiếp sóng đơn kênh,FALSE,,,img_1659.jpg,FALSE
1659,Military Dictionary,SCTIS (single channel transponder injection system),,,,hệ thống truyền sóng vào thiết bị tiếp sóng đơn kênh,FALSE,,,img_1659.jpg,FALSE
1659,Military Dictionary,SCTS (single channel transponder system),,,,hệ thống tiếp sóng đơn kênh,FALSE,,,img_1659.jpg,FALSE
1660,Military Dictionary,SCT-UR (single channel transponder ultrahigh frequency (UHF) receiver),,,,máy thu siêu cao tần của thiết bị tiếp sóng đơn kênh,FALSE,,,img_1660.jpg,FALSE
1660,Military Dictionary,scty (security),,,,sự bảo đảm chiến đấu; sự cảnh giới; sự bảo đảm bí mật; bảo đảm an toàn,FALSE,,,img_1660.jpg,FALSE
1660,Military Dictionary,scty against nuc atk (security against nuclear attack),,,,sự cảnh giới phòng chống tiến công hạt nhân,FALSE,,,img_1660.jpg,FALSE
1660,Military Dictionary,scty ech (security echelon),,,,thê đội ở dải bảo đảm chiến đấu; thê đội cảnh giới chiến đấu,FALSE,,,img_1660.jpg,FALSE
1660,Military Dictionary,scty elm (security element),,,,phân đội ở dải bảo đảm chiến đấu; phân đội cảnh giới chiến đấu,FALSE,,,img_1660.jpg,FALSE
1660,Military Dictionary,scty gd (security guard),,,,đội cảnh giới,FALSE,,,img_1660.jpg,FALSE
1660,Military Dictionary,scty in mov (security in movement),,,,sự cảnh giới trong hành quân cơ động; sự bảo đảm bí mật trong hành quân cơ động,FALSE,,,img_1660.jpg,FALSE
1660,Military Dictionary,scty msn (security mission),,,,nhiệm vụ cảnh giới; nhiệm vụ bảo đảm bí mật,FALSE,,,img_1660.jpg,FALSE
1660,Military Dictionary,scty plat (security platoon),,,,trung đội cảnh giới,FALSE,,,img_1660.jpg,FALSE
1660,Military Dictionary,scty sec (security section),,,,bộ phận cảnh giới; phân đội cảnh giới; (Mỹ) tiểu đội cảnh giới,FALSE,,,img_1660.jpg,FALSE
1660,Military Dictionary,scuba (self-contained underwater breathing apparatus),,,,thiết bị thở dưới nước cá nhân,FALSE,,,img_1660.jpg,FALSE
1660,Military Dictionary,SCUD (surface-to-surface missile system),,,,"hệ thống tên lửa mặt (đất, biển) đối mặt (đất, biển)",FALSE,,,img_1660.jpg,FALSE
1660,Military Dictionary,SCV (sub-clutter visibility),,,,khả năng nhìn thấy trong điều kiện nhiều tạp (để đo hiệu quả của rada chỉ thị mục tiêu di động),FALSE,,,img_1660.jpg,FALSE
1660,Military Dictionary,SCWS (space combat weapon system),,,,hệ thống vũ khí vũ trụ,FALSE,,,img_1660.jpg,FALSE
1660,Military Dictionary,scy (secretary),,,,(Mỹ) bộ trưởng; bí thư; thư ký,FALSE,,,img_1660.jpg,FALSE
1660,Military Dictionary,SD (sea-damaged),,,,bị hư hại trong môi trường nước biển,FALSE,,,img_1660.jpg,FALSE
1660,Military Dictionary,SD (Secretary of Defense),,,,bộ trưởng bộ quốc phòng,FALSE,,,img_1660.jpg,FALSE
1660,Military Dictionary,SD (self-destruct),,,,tự huỷ,FALSE,,,img_1660.jpg,FALSE
1660,Military Dictionary,SD (short delivery),,,,giao hàng trong thời hạn ngắn nhất,FALSE,,,img_1660.jpg,FALSE
1660,Military Dictionary,sd (signed),,,,"phê duyệt, phê chuẩn; thông qua",FALSE,,,img_1660.jpg,FALSE
1660,Military Dictionary,SD (special duty),,,,"công tác biệt phái, nhiệm vụ biệt phái",FALSE,,,img_1660.jpg,FALSE
1660,Military Dictionary,sd (speed),,,,vận tốc,FALSE,,,img_1660.jpg,FALSE
1660,Military Dictionary,SD (staff duty),,,,công tác tham mưu,FALSE,,,img_1660.jpg,FALSE
1660,Military Dictionary,SD (supply depot),,,,kho cung cấp,FALSE,,,img_1660.jpg,FALSE
1660,Military Dictionary,S-day (day the President authorizes selective reserve call-up),,,,ngày tổng thống phê chuẩn lệnh gọi quân dự bị tuyển chọn,FALSE,,,img_1660.jpg,FALSE
1660,Military Dictionary,SDC (Southern Defense Command),,,,"bộ tư lệnh phòng thủ miền Nam, bộ chỉ huy phòng thủ miền Nam",FALSE,,,img_1660.jpg,FALSE
1660,Military Dictionary,SDC (space defense centre),,,,trung tâm phòng thủ vũ trụ,FALSE,,,img_1660.jpg,FALSE
1660,Military Dictionary,SDC (Special Devices Center),,,,trung tâm các thiết bị đặc biệt,FALSE,,,img_1660.jpg,FALSE
1660,Military Dictionary,SDC (Subcommittee for Defense Cooperation),,,,tiểu ban hợp tác quốc phòng,FALSE,,,img_1660.jpg,FALSE
1660,Military Dictionary,SDF (self defense force),,,,lực lượng phòng vệ Nhật Bản,FALSE,,,img_1660.jpg,FALSE
1660,Military Dictionary,SDI (strategic defense initiative),,,,thế chủ động phòng thủ chiến lược; (chương trình) chủ động phòng thủ chiến lược,FALSE,,,img_1660.jpg,FALSE
1660,Military Dictionary,SDIO (Strategic Defense Initiative Organization),,,,tổ chức sáng kiến phòng thủ chiến lược,FALSE,,,img_1660.jpg,FALSE
1660,Military Dictionary,SDLS (satellite data link standards),,,,các tiêu chí liên kết dữ liệu vệ tinh,FALSE,,,img_1660.jpg,FALSE
1660,Military Dictionary,SDMICC (State Defense Military Information Control Committee),,,,ủy ban kiểm soát thông tin quân sự bộ quốc phòng,FALSE,,,img_1660.jpg,FALSE
1660,Military Dictionary,SDMS (support defense missile system),,,,chi viện bằng tổ hợp tên lửa phòng không,FALSE,,,img_1660.jpg,FALSE
1660,Military Dictionary,SDMX (space division matrix),,,,ma trận khu vực không gian vũ trụ,FALSE,,,img_1660.jpg,FALSE
1660,Military Dictionary,SDN (system development notification),,,,việc khai báo phát triển hệ thống,FALSE,,,img_1660.jpg,FALSE
1660,Military Dictionary,SDNRIU (secure digital net radio interface unit),,,,đơn vị giao diện vô tuyến của mạng kỹ thuật số an toàn,FALSE,,,img_1660.jpg,FALSE
1661,Military Dictionary,SDO (staff duty officer),,,,sĩ quan tham mưu,FALSE,,,img_1661.jpg,FALSE
1661,Military Dictionary,SDP (supply delivery point),,,,trạm tiếp tế lương thực thực phẩm,FALSE,,,img_1661.jpg,FALSE
1661,Military Dictionary,SDPO (Space Defense Project Office),,,,cục thiết kế phương tiện phòng chống vũ trụ,FALSE,,,img_1661.jpg,FALSE
1661,Military Dictionary,SDR (Strategic Defense Review),,,,thông tin nghiên cứu chiến lược quốc phòng,FALSE,,,img_1661.jpg,FALSE
1661,Military Dictionary,SDR (system design review),,,,việc xét duyệt thiết kế hệ thống,FALSE,,,img_1661.jpg,FALSE
1661,Military Dictionary,SDS (satellite data system),,,,hệ thống dữ liệu vệ tinh,FALSE,,,img_1661.jpg,FALSE
1661,Military Dictionary,SDSG (space division switching group),,,,nhóm hoán vị khu vực vũ trụ,FALSE,,,img_1661.jpg,FALSE
1661,Military Dictionary,SDSM (space division switching matrix),,,,ma trận hoán vị khu vực vũ trụ,FALSE,,,img_1661.jpg,FALSE
1661,Military Dictionary,SDSMS (self-defence surface missile system),,,,"hệ thống tên lửa phòng vệ mặt (đất, biển)",FALSE,,,img_1661.jpg,FALSE
1661,Military Dictionary,SDT (space detection and tracking),,,,sự phát hiện và bám sát mục tiêu trong khoảng không vũ trụ,FALSE,,,img_1661.jpg,FALSE
1661,Military Dictionary,SDV (sea-air-land team (SEAL) delivery vehicle),,,,"phương tiện vận chuyển của đội đặc nhiệm đổ bộ hỗn hợp hải quân (phân đội tàu chiến, máy bay hải quân và thủy quân lục chiến); phương tiện chuyên chở của đội hải quân tác chiến trên biển - không - bộ",FALSE,,,img_1661.jpg,FALSE
1661,Military Dictionary,SDV (submerged delivery vehicle),,,,phương tiện chuyên chở ngầm dưới nước,FALSE,,,img_1661.jpg,FALSE
1661,Military Dictionary,SDV (swimmer delivery vehicle),,,,tàu ngầm nhỏ chuyển quân tới mục tiêu (từ tàu mẹ đậu xa bờ); phương tiện chuyên chở người nhái (từ tàu mẹ đến khu vực mục tiêu),FALSE,,,img_1661.jpg,FALSE
1661,Military Dictionary,SE (Shore Establishment),,,,cơ quan và đơn vị hậu cần hải quân đóng trên bờ,FALSE,,,img_1661.jpg,FALSE
1661,Military Dictionary,SE (special equipment),,,,vũ khí đặc biệt; thiết bị đặc biệt; vũ khí chuyên dụng,FALSE,,,img_1661.jpg,FALSE
1661,Military Dictionary,SE Co (Southeastern Command),,,,quân khu Đông Nam,FALSE,,,img_1661.jpg,FALSE
1661,Military Dictionary,SEABEE (Navy construction engineer),,,,công binh công trình hải quân,FALSE,,,img_1661.jpg,FALSE
1661,Military Dictionary,SEABEE (sea barge),,,,xà lan vận tải biển,FALSE,,,img_1661.jpg,FALSE
1661,Military Dictionary,seac (standard electronic automatic computer),,,,máy tính điện tử tự động tiêu chuẩn,FALSE,,,img_1661.jpg,FALSE
1661,Military Dictionary,SEACDT (Southeast Asia Collective Defense Treaty),,,,hiệp ước về phòng thủ chung của các nước Đông Nam Á,FALSE,,,img_1661.jpg,FALSE
1661,Military Dictionary,SEA-CSN (South East Asia Conflict Studies Network),,,,mạng nghiên cứu xung đột Đông Nam Á,FALSE,,,img_1661.jpg,FALSE
1661,Military Dictionary,SEAD (suppresion of enemy air defense),,,,sự chế áp hệ thống phòng không của địch,FALSE,,,img_1661.jpg,FALSE
1661,Military Dictionary,"SEAL (sea, air and land (teams))",,,,đội biệt động tác chiến biển - không - bộ,FALSE,,,img_1661.jpg,FALSE
1661,Military Dictionary,SEAL (sea/air/land),,,,(lực lượng hợp thành) hải / không / bộ,FALSE,,,img_1661.jpg,FALSE
1661,Military Dictionary,sealab (sea laboratory (underwater research vessel)),,,,phòng thí nghiệm biển (của tàu nghiên cứu ngầm dưới nước),FALSE,,,img_1661.jpg,FALSE
1661,Military Dictionary,SEALS (Sea-Air-Land Forces (counterinsurgents)),,,,lực lượng hải - lục - không quân (chống nổi dậy),FALSE,,,img_1661.jpg,FALSE
1661,Military Dictionary,SEANWFZ (South-East Asia Nuclear Weapon Free Zone),,,,khu vực Đông Nam Á phi vũ khí hạt nhân,FALSE,,,img_1661.jpg,FALSE
1661,Military Dictionary,SEAOR (Southeast Asia Operational Requirements),,,,yêu cầu tính năng chiến – kỹ thuật của vũ khí trang bị trong điều kiện tác chiến ở Đông Nam Á,FALSE,,,img_1661.jpg,FALSE
1661,Military Dictionary,SEASTAG (SEATO Standardization Agreements),,,,hiệp ước về tiêu chuẩn hoá của các nước thành viên Đông Nam Á,FALSE,,,img_1661.jpg,FALSE
1661,Military Dictionary,SEATAF (Southern European Atomic Task Force),,,,nhóm tác chiến nguyên tử Mỹ ở Nam Âu,FALSE,,,img_1661.jpg,FALSE
1661,Military Dictionary,SEATO (Southeast Asia Treaty Organization),,,,tổ chức các nước hiệp ước khu vực Đông Nam Á,FALSE,,,img_1661.jpg,FALSE
1661,Military Dictionary,SEAVAN (military container moved via ocean),,,,côngteno quân sự vận chuyển theo đường biển,FALSE,,,img_1661.jpg,FALSE
1661,Military Dictionary,sec (secret),,,,bí mật,FALSE,,,img_1661.jpg,FALSE
1661,Military Dictionary,sec (secretary),,,,(Mỹ) bộ trưởng; bí thư; thư ký,FALSE,,,img_1661.jpg,FALSE
1662,Military Dictionary,sec (security),,,,sự bảo đảm an toàn; cảnh giới; sự bảo đảm bí mật; bảo đảm an toàn,FALSE,,,img_1662.jpg,FALSE
1662,Military Dictionary,SEC (submarine element coordinator),,,,sĩ quan hiệp đồng của phân đội tàu ngầm,FALSE,,,img_1662.jpg,FALSE
1662,Military Dictionary,sec ldr (section leader),,,,(Mỹ) tiểu đội trưởng; người chỉ huy phân đội,FALSE,,,img_1662.jpg,FALSE
1662,Military Dictionary,SEC; sec (section),,,,bộ phận; phân đội; (Mỹ) tiểu đội,FALSE,,,img_1662.jpg,FALSE
1662,Military Dictionary,SecA (Secretary of the Army),,,,bộ trưởng bộ lục quân,FALSE,,,img_1662.jpg,FALSE
1662,Military Dictionary,SECAF (Secretary of the Air Force),,,,bộ trưởng bộ không quân,FALSE,,,img_1662.jpg,FALSE
1662,Military Dictionary,SECAN (Standing Group Communication Security and Evaluation Agency),,,,cục an ninh và đánh giá hoạt động thông tin liên lạc thuộc nhóm thường trực liên quân NATO,FALSE,,,img_1662.jpg,FALSE
1662,Military Dictionary,SecArmy (Secretary of the Army),,,,bộ trưởng bộ lục quân,FALSE,,,img_1662.jpg,FALSE
1662,Military Dictionary,SECDEF; Sec Def; Sec-Def (Secretary of Defense),,,,bộ trưởng bộ quốc phòng,FALSE,,,img_1662.jpg,FALSE
1662,Military Dictionary,SECNAV; Sec Nav (Secretary of the Navy),,,,bộ trưởng bộ hải quân,FALSE,,,img_1662.jpg,FALSE
1662,Military Dictionary,SECNAVINST (Secretary of the Navy instruction),,,,chỉ lệnh của bộ trưởng bộ hải quân,FALSE,,,img_1662.jpg,FALSE
1662,Military Dictionary,SECOMP (secure en route communications package),,,,xe thông tin liên lạc an toàn trong hành trình,FALSE,,,img_1662.jpg,FALSE
1662,Military Dictionary,SECORD (secure cord switchboard),,,,tổng đài hữu tuyến an toàn,FALSE,,,img_1662.jpg,FALSE
1662,Military Dictionary,SECRA (secondary radar data only),,,,chỉ có dữ liệu rada phát sinh,FALSE,,,img_1662.jpg,FALSE
1662,Military Dictionary,SECSTATE (Secretary of State),,,,bộ trưởng bộ ngoại giao,FALSE,,,img_1662.jpg,FALSE
1662,Military Dictionary,sect (sector),,,,tiểu khu,FALSE,,,img_1662.jpg,FALSE
1662,Military Dictionary,Sect; sect (section),,,,bộ phận; phân đội; (Mỹ) tiểu đội,FALSE,,,img_1662.jpg,FALSE
1662,Military Dictionary,secy (secretary),,,,(Mỹ) bộ trưởng; bí thư; thư ký,FALSE,,,img_1662.jpg,FALSE
1662,Military Dictionary,secy (security),,,,sự bảo đảm chiến đấu; cảnh giới; sự bảo đảm an toàn; sự bảo đảm bí mật; an ninh,FALSE,,,img_1662.jpg,FALSE
1662,Military Dictionary,SED (signals external data),,,,dữ liệu thông tin liên lạc nước ngoài,FALSE,,,img_1662.jpg,FALSE
1662,Military Dictionary,SED (skin erythema dose),,,,liều lượng gây nổi mẩn đỏ da,FALSE,,,img_1662.jpg,FALSE
1662,Military Dictionary,SEDAS (spurious emission detection acquisition system),,,,hệ thống thu thập khám phá nguồn phát tin giả,FALSE,,,img_1662.jpg,FALSE
1662,Military Dictionary,SEE (small emplacement excavator),,,,máy đào công sự cỡ nhỏ,FALSE,,,img_1662.jpg,FALSE
1662,Military Dictionary,SEF (sealift enhancement feature),,,,dấu hiệu tăng cường cầu vận tải đường biển,FALSE,,,img_1662.jpg,FALSE
1662,Military Dictionary,SEI (specific emitter identification),,,,sự nhận biết nguồn phát đặc trưng,FALSE,,,img_1662.jpg,FALSE
1662,Military Dictionary,self prop (self-propelled),,,,tự đẩy,FALSE,,,img_1662.jpg,FALSE
1662,Military Dictionary,SELRES (Selected Reserve),,,,lực lượng dự bị chọn lọc (để phục vụ tác chiến),FALSE,,,img_1662.jpg,FALSE
1662,Military Dictionary,SELSA (Southeastern London Subarea),,,,tiểu khu Đông Nam Luân Đôn,FALSE,,,img_1662.jpg,FALSE
1662,Military Dictionary,SEM (standard electronic module),,,,môđun điện tử tiêu chuẩn,FALSE,,,img_1662.jpg,FALSE
1662,Military Dictionary,SEMA (special electronic mission aircraft),,,,máy bay tác chiến điện tử chuyên dụng,FALSE,,,img_1662.jpg,FALSE
1662,Military Dictionary,SEME (School of Electrical and Mechanical Engineering),,,,trường kỹ thuật điện cơ,FALSE,,,img_1662.jpg,FALSE
1662,Military Dictionary,SEMS (standard embarkation management system),,,,hệ thống tiêu chuẩn điều hành bốc xếp hàng hóa lên tàu,FALSE,,,img_1662.jpg,FALSE
1662,Military Dictionary,SENL (standard equipment nomenclature list),,,,bảng kê danh mục khí tài tiêu chuẩn,FALSE,,,img_1662.jpg,FALSE
1662,Military Dictionary,SENSO ASW (sensor operators ASW),,,,các bộ điều khiển xenxơ của vũ khí chống ngầm,FALSE,,,img_1662.jpg,FALSE
1662,Military Dictionary,SEO/SEP (special enforcement operation/special enforcement program),,,,hoạt động thực thi đặc biệt/ chương trình thực thi đặc biệt,FALSE,,,img_1662.jpg,FALSE
1662,Military Dictionary,SEP (sealift enhancement program),,,,chương trình tăng cường cầu vận tải đường biển,FALSE,,,img_1662.jpg,FALSE
1662,Military Dictionary,sep (separate),,,,(thuộc) đơn lẻ; thuộc độc lập,FALSE,,,img_1662.jpg,FALSE
1662,Military Dictionary,SEP (signal entrance panel),,,,panen nhập tín hiệu,FALSE,,,img_1662.jpg,FALSE
1663,Military Dictionary,SEP (spherical error probable),,,,xác suất sai số hình cầu,FALSE,,,img_1663.jpg,FALSE
1663,Military Dictionary,SEPORT (supply and equipment report),,,,sự báo cáo về tiếp tế và trang bị hiện có,FALSE,,,img_1663.jpg,FALSE
1663,Military Dictionary,Ser (serial),,,,"thẻ đội hành quân, đội hình trong hành quân",FALSE,,,img_1663.jpg,FALSE
1663,Military Dictionary,"SERE (survival, evasion, resistance, escape)",,,,"sống sót, lẩn tránh, kháng cự, thoát hiểm",FALSE,,,img_1663.jpg,FALSE
1663,Military Dictionary,"SERER (survival, evasion, resistance, escape, recovery)",,,,"(quá trình) sống sót, lẩn tránh, kháng cự, thoát hiểm và tìm về đơn vị",FALSE,,,img_1663.jpg,FALSE
1663,Military Dictionary,SERT (space electric rocket test),,,,sự thử điện năng bằng tên lửa,FALSE,,,img_1663.jpg,FALSE
1663,Military Dictionary,serv (service),,,,ngành; quân chủng; binh chủng,FALSE,,,img_1663.jpg,FALSE
1663,Military Dictionary,Serv Bn (service battalion),,,,tiểu đoàn phục vụ (chiến đấu),FALSE,,,img_1663.jpg,FALSE
1663,Military Dictionary,SES (surface-effect ship),,,,"tàu hiệu ứng bề mặt, tàu đệm khí",FALSE,,,img_1663.jpg,FALSE
1663,Military Dictionary,SETA (system engineering and technical assistance),,,,sự hỗ trợ kỹ thuật và công trình cho hệ thống,FALSE,,,img_1663.jpg,FALSE
1663,Military Dictionary,SETAF (Southern European Task Force),,,,nhóm tác chiến liên quân NATO ở khu vực Nam Âu,FALSE,,,img_1663.jpg,FALSE
1663,Military Dictionary,SETE (supersonic expendable turbine engine),,,,động cơ tuabin có thể dùng cho máy bay siêu âm,FALSE,,,img_1663.jpg,FALSE
1663,Military Dictionary,SEV (specially equiped vehicle),,,,phương tiện mang (được) thiết bị chuyên dụng,FALSE,,,img_1663.jpg,FALSE
1663,Military Dictionary,SEW (shared early warning),,,,cộng tác cảnh báo sớm,FALSE,,,img_1663.jpg,FALSE
1663,Military Dictionary,SEW (space early warning),,,,hệ thống phát hiện từ xa đặt trên vũ trụ; hệ thống cảnh báo sớm trên vũ trụ,FALSE,,,img_1663.jpg,FALSE
1663,Military Dictionary,SEWS (satellite early warning system),,,,hệ thống vệ tinh cảnh báo sớm,FALSE,,,img_1663.jpg,FALSE
1663,Military Dictionary,SF (safety factor),,,,hệ số an toàn,FALSE,,,img_1663.jpg,FALSE
1663,Military Dictionary,SF (security forces),,,,lực lượng cảnh giới,FALSE,,,img_1663.jpg,FALSE
1663,Military Dictionary,SF (single frequency),,,,đơn tần,FALSE,,,img_1663.jpg,FALSE
1663,Military Dictionary,SF (special forces),,,,"lực lượng đặc biệt, lực lượng biệt kích đổ bộ, lực lượng đặc công",FALSE,,,img_1663.jpg,FALSE
1663,Military Dictionary,SF (Standard Frequency),,,,tần số tiêu chuẩn,FALSE,,,img_1663.jpg,FALSE
1663,Military Dictionary,SF (supporting fire),,,,hỏa lực chi viện,FALSE,,,img_1663.jpg,FALSE
1663,Military Dictionary,SF gp (Special Forces group),,,,cụm lực lượng đặc biệt,FALSE,,,img_1663.jpg,FALSE
1663,Military Dictionary,SFAF (standard frequency action format),,,,thể thức hoạt động theo tần số tiêu chuẩn,FALSE,,,img_1663.jpg,FALSE
1663,Military Dictionary,SFAR (Special Federal Aviation Regulation(s)),,,,(những) quy định đặc biệt của hàng không liên bang,FALSE,,,img_1663.jpg,FALSE
1663,Military Dictionary,"SFC (sergeant, first class)",,,,trung sĩ nhất,FALSE,,,img_1663.jpg,FALSE
1663,Military Dictionary,sfc (specific fuel consumption),,,,sự tiêu thụ năng lượng đặc biệt,FALSE,,,img_1663.jpg,FALSE
1663,Military Dictionary,sfc (surface),,,,"bề mặt (đất, nước); (thuộc) mặt nước, (thuộc) mặt đất",FALSE,,,img_1663.jpg,FALSE
1663,Military Dictionary,SFCP (shore fire control party),,,,đội bờ biển chỉ huy hoả lực pháo tàu,FALSE,,,img_1663.jpg,FALSE
1663,Military Dictionary,SFCS (simplified fire control system),,,,hệ thống chỉ huy hoả lực đơn giản hoá,FALSE,,,img_1663.jpg,FALSE
1663,Military Dictionary,SFG (security forces group),,,,cụm lực lượng cảnh giới,FALSE,,,img_1663.jpg,FALSE
1663,Military Dictionary,SFG (special forces group),,,,cụm lực lượng đặc biệt,FALSE,,,img_1663.jpg,FALSE
1663,Military Dictionary,SFIRR (solid fuel integral rocket/ramjet),,,,động cơ rốcket / phản lực tĩnh tích hợp nhiên liệu rắn,FALSE,,,img_1663.jpg,FALSE
1663,Military Dictionary,SFM (Sensor Fuzed Munitions),,,,"đạn ngòi cảm ứng, đạn kích nổ bằng xenxơ",FALSE,,,img_1663.jpg,FALSE
1663,Military Dictionary,SFMG (sustained fire machine gun),,,,"súng máy bắn loạt dài, đại liên",FALSE,,,img_1663.jpg,FALSE
1663,Military Dictionary,SFMS (special forces medical sergeant),,,,trung sĩ quân y thuộc lực lượng đặc biệt,FALSE,,,img_1663.jpg,FALSE
1663,Military Dictionary,SFOB (special forces operational base),,,,căn cứ tác chiến của lực lượng đặc biệt,FALSE,,,img_1663.jpg,FALSE
1663,Military Dictionary,SFOD-A/B/C (special forces operational detachment-A/B/C),,,,đội biệt kích tác chiến -A/B/C của lực lượng đặc biệt,FALSE,,,img_1663.jpg,FALSE
1663,Military Dictionary,SFSC (special forces section commander),,,,chỉ huy trưởng phân đội biệt kích đổ bộ,FALSE,,,img_1663.jpg,FALSE
1663,Military Dictionary,SFW (sensor fuzed weapon),,,,vũ khí kích nổ (bằng) xenxơ,FALSE,,,img_1663.jpg,FALSE
1663,Military Dictionary,SFW (swept-forward wing),,,,"cánh hình chữ ""V""; cánh hướng về phía trước",FALSE,,,img_1663.jpg,FALSE
1664,Military Dictionary,SG (Secretary General (UN)),,,,tổng thư ký (Liên hiệp quốc),FALSE,,,img_1664.jpg,FALSE
1664,Military Dictionary,SG (smoke generator),,,,xe phun khói; thiết bị tạo khói,FALSE,,,img_1664.jpg,FALSE
1664,Military Dictionary,SG (Standing Group),,,,nhóm thường trực (ủy ban quân sự liên quân NATO),FALSE,,,img_1664.jpg,FALSE
1664,Military Dictionary,SG (support group),,,,"nhóm chi viện, nhóm bảo đảm vật tư kỹ thuật",FALSE,,,img_1664.jpg,FALSE
1664,Military Dictionary,Sg (surgeon),,,,bác sĩ phẫu thuật,FALSE,,,img_1664.jpg,FALSE
1664,Military Dictionary,SG (Surgeon General),,,,bác sĩ giải phẫu trưởng,FALSE,,,img_1664.jpg,FALSE
1664,Military Dictionary,sgd (signed),,,,"phê chuẩn, phê duyệt, thông qua",FALSE,,,img_1664.jpg,FALSE
1664,Military Dictionary,SGEMP (system-generated electromagnetic pulse),,,,xung điện từ do hệ thống phát,FALSE,,,img_1664.jpg,FALSE
1664,Military Dictionary,SGLO (Standing Group Liaison Officer (to the North Atlantic Council)),,,,sĩ quan liên lạc hiệp đồng của nhóm thường trực liên quân NATO,FALSE,,,img_1664.jpg,FALSE
1664,Military Dictionary,SGM (Standing Group memorandum),,,,bị vong lục của nhóm thường trực liên quân NATO,FALSE,,,img_1664.jpg,FALSE
1664,Military Dictionary,"SGN (Standing Group, NATO)",,,,nhóm thường trực (của ủy ban quân sự liên quân NATO),FALSE,,,img_1664.jpg,FALSE
1664,Military Dictionary,SGREP (Standing Group Representative),,,,đại biểu nhóm thường trực (của ủy ban quân sự liên quân NATO),FALSE,,,img_1664.jpg,FALSE
1664,Military Dictionary,SGS (secretary general staff),,,,thư ký văn phòng bộ tổng tham mưu,FALSE,,,img_1664.jpg,FALSE
1664,Military Dictionary,SGSA (squadron group systems advisor),,,,cố vấn về tổ hợp vũ khí của cụm phi đội,FALSE,,,img_1664.jpg,FALSE
1664,Military Dictionary,SGSI (stabilized glide slope indicator),,,,đồng hồ chỉ độ lượn nghiêng ổn định,FALSE,,,img_1664.jpg,FALSE
1664,Military Dictionary,Sgt Maj (sergeant major),,,,thượng sĩ,FALSE,,,img_1664.jpg,FALSE
1664,Military Dictionary,SGT; Sgt (sergeant),,,,trung sĩ,FALSE,,,img_1664.jpg,FALSE
1664,Military Dictionary,SGTS (Second-Generation Tank Sight),,,,máy ngắm trên xe tăng thế hệ thứ hai,FALSE,,,img_1664.jpg,FALSE
1664,Military Dictionary,SH (shield),,,,tấm chắn,FALSE,,,img_1664.jpg,FALSE
1664,Military Dictionary,SH/PRAC (squash head practice),,,,(đạn) đầu mềm huấn luyện,FALSE,,,img_1664.jpg,FALSE
1664,Military Dictionary,"SHADOC (Supreme Headquarters, Allied Powers, Europe, Air Defense Operations Center)",,,,trung tâm phòng không chiến dịch thuộc bộ chỉ huy tối cao lực lượng liên quân NATO ở châu Âu,FALSE,,,img_1664.jpg,FALSE
1664,Military Dictionary,"SHAEF (Supreme Headquarters, Allied Expeditionary Force)",,,,(sử) bộ tư lệnh tối cao lực lượng viễn chinh liên quân,FALSE,,,img_1664.jpg,FALSE
1664,Military Dictionary,"SHAM (surgical hospital, army, mobile)",,,,quân y viện phẫu thuật lục quân cơ động,FALSE,,,img_1664.jpg,FALSE
1664,Military Dictionary,"SHAPE (Supreme Headquarters, Allied Powers in Europe)",,,,bộ chỉ huy tối cao lực lượng liên quân NATO ở châu Âu,FALSE,,,img_1664.jpg,FALSE
1664,Military Dictionary,SHELREP; shelrep (shelling report),,,,sự báo cáo về hoạt động pháo binh địch,FALSE,,,img_1664.jpg,FALSE
1664,Military Dictionary,SHF (super high frequency),,,,"tần số siêu cao, siêu cao tần, tần số SHF",FALSE,,,img_1664.jpg,FALSE
1664,Military Dictionary,SHF (super-high frequency),,,,siêu cao tần,FALSE,,,img_1664.jpg,FALSE
1664,Military Dictionary,SHOC (SHAPE Operations Center),,,,trung tâm chiến dịch của bộ chỉ huy tối cao NATO ở châu Âu,FALSE,,,img_1664.jpg,FALSE
1664,Military Dictionary,SHORAD system (short range air-defence system),,,,hệ thống phòng không tầm thấp,FALSE,,,img_1664.jpg,FALSE
1664,Military Dictionary,SHORADEZ (short-range air defense engagement zone),,,,khu vực giao chiến phòng không tầm thấp,FALSE,,,img_1664.jpg,FALSE
1664,Military Dictionary,SHORAN (short range navigation),,,,"đạo hàng tầm gần, sự dẫn đường tầm gần",FALSE,,,img_1664.jpg,FALSE
1664,Military Dictionary,SHIPGO (shipping order),,,,lệnh vận chuyển hàng (bằng tàu biển),FALSE,,,img_1664.jpg,FALSE
1664,Military Dictionary,SHPIM (ship immediately),,,,hãy gửi ngay,FALSE,,,img_1664.jpg,FALSE
1664,Military Dictionary,SHPMT (shipment),,,,vận chuyển đường thủy; hàng chuyển chở bằng tàu biển,FALSE,,,img_1664.jpg,FALSE
1664,Military Dictionary,SHPTARBY (ship to arrive not later than),,,,tàu phải đến trước ngày,FALSE,,,img_1664.jpg,FALSE
1664,Military Dictionary,SI (service inspection),,,,sự kiểm tra kỹ thuật; sự thanh tra kỹ thuật,FALSE,,,img_1664.jpg,FALSE
1664,Military Dictionary,SI (site),,,,"vị trí, địa điểm; địa thế",FALSE,,,img_1664.jpg,FALSE
1664,Military Dictionary,SI (special intelligence),,,,"tình báo đặc biệt, đặc tình, đặc vụ",FALSE,,,img_1664.jpg,FALSE
1664,Military Dictionary,SI (standing instruction),,,,chỉ lệnh hoạt động thường xuyên,FALSE,,,img_1664.jpg,FALSE
1664,Military Dictionary,SIA (station of initial assignment),,,,trạm giao nhiệm vụ lần đầu,FALSE,,,img_1664.jpg,FALSE
1665,Military Dictionary,SIAGL (survey instrument azimuth gyroscope lightweight),,,,la bàn con quay hồi chuyển nhẹ cân để đo góc phương vị khí tài,FALSE,,,img_1665.jpg,FALSE
1665,Military Dictionary,SIAR (side-looking airborne radar),,,,rada quan sát bên sườn (đặt) trên máy bay,FALSE,,,img_1665.jpg,FALSE
1665,Military Dictionary,SIC (satellite information center),,,,trung tâm xử lý thông tin nhận được từ vệ tinh,FALSE,,,img_1665.jpg,FALSE
1665,Military Dictionary,SiC (second-in-command),,,,"phó tư lệnh, phó tư lệnh trưởng, phó chỉ huy trưởng",FALSE,,,img_1665.jpg,FALSE
1665,Military Dictionary,SIC (subject identification code),,,,mã nhận biết đối tượng,FALSE,,,img_1665.jpg,FALSE
1665,Military Dictionary,SICAS (ship installed chemical alarm system),,,,hệ thống báo động hóa học (đặt trên) hạm tàu,FALSE,,,img_1665.jpg,FALSE
1665,Military Dictionary,SICBM (small intercontinental ballistic missile),,,,tên lửa đạn đạo vượt đại châu cỡ nhỏ,FALSE,,,img_1665.jpg,FALSE
1665,Military Dictionary,SICBM (super-intercontinental ballistics missile),,,,tên lửa đạn đạo siêu vượt đại châu,FALSE,,,img_1665.jpg,FALSE
1665,Military Dictionary,SICM (small intercontinental missile),,,,tên lửa vượt đại châu cỡ nhỏ,FALSE,,,img_1665.jpg,FALSE
1665,Military Dictionary,SICPS (Standard Integrated Command Post System),,,,hệ thống đài chỉ huy hợp nhất tiêu chuẩn,FALSE,,,img_1665.jpg,FALSE
1665,Military Dictionary,SICR (specific intelligence collection requirement),,,,nhu cầu thu thập tin tức tình báo đặc trưng,FALSE,,,img_1665.jpg,FALSE
1665,Military Dictionary,SICS (submarine integrated combat system),,,,tổ hợp vũ khí tác chiến hợp nhất trên tàu ngầm,FALSE,,,img_1665.jpg,FALSE
1665,Military Dictionary,SID (secondary imagery dissemination),,,,sự phổ biến tư liệu hình ảnh phái sinh,FALSE,,,img_1665.jpg,FALSE
1665,Military Dictionary,SID (Security and Intelligence Department),,,,cục an ninh tình báo,FALSE,,,img_1665.jpg,FALSE
1665,Military Dictionary,SID (seismic intrusion detector),,,,máy dò địa chấn,FALSE,,,img_1665.jpg,FALSE
1665,Military Dictionary,SID (standard instrument departure),,,,sự lệch của công cụ chuẩn,FALSE,,,img_1665.jpg,FALSE
1665,Military Dictionary,SID (strategic intelligence digests),,,,bản thông báo tin tức tình báo chiến lược; bản tổng hợp tin tức tình báo chiến lược,FALSE,,,img_1665.jpg,FALSE
1665,Military Dictionary,SIDAC (single integrated damage analysis capability),,,,khả năng phân tích thiệt hại tổng hợp duy nhất,FALSE,,,img_1665.jpg,FALSE
1665,Military Dictionary,SIDL (standard intelligence documents list),,,,danh mục văn kiện tình báo tiêu chuẩn,FALSE,,,img_1665.jpg,FALSE
1665,Military Dictionary,SIDS (secondary imagery dissemination system),,,,hệ thống phổ biến tư liệu ảnh bổ trợ,FALSE,,,img_1665.jpg,FALSE
1665,Military Dictionary,SIF (selective identification feature),,,,"vật định hướng được chỉ báo, vật chuẩn được lựa chọn",FALSE,,,img_1665.jpg,FALSE
1665,Military Dictionary,SIG; sig (signal),,,,(thuộc) thông tin liên lạc; tín hiệu,FALSE,,,img_1665.jpg,FALSE
1665,Military Dictionary,Sig Bn (signal battalion),,,,tiểu đoàn thông tin liên lạc,FALSE,,,img_1665.jpg,FALSE
1665,Military Dictionary,"Sig C, Sigc (Signal Corps)",,,,"ngành thông tin liên lạc, binh chủng thông tin liên lạc",FALSE,,,img_1665.jpg,FALSE
1665,Military Dictionary,sig comm facs (signal communications facilities),,,,phương tiện bảo đảm thông tin liên lạc,FALSE,,,img_1665.jpg,FALSE
1665,Military Dictionary,sig const co (signal construction company),,,,đại đội lắp đặt các tuyến thông tin liên lạc,FALSE,,,img_1665.jpg,FALSE
1665,Military Dictionary,sig op bn (signal operation battalion),,,,tiểu đoàn vận hành thông tin liên lạc,FALSE,,,img_1665.jpg,FALSE
1665,Military Dictionary,sig spt co (signal support operations company),,,,đại đội bảo đảm thông tin liên lạc,FALSE,,,img_1665.jpg,FALSE
1665,Military Dictionary,SIGCEN (signal center),,,,trung tâm thông tin liên lạc; tổng đài thông tin liên lạc,FALSE,,,img_1665.jpg,FALSE
1665,Military Dictionary,SIGINT (signal intelligence),,,,trinh sát bằng phương tiện thông tin liên lạc; tin tức tình báo thu được bằng phương tiện thông tin liên lạc; tình báo tín hiệu,FALSE,,,img_1665.jpg,FALSE
1665,Military Dictionary,SigO (signal officer),,,,"sĩ quan thông tin liên lạc; chủ nhiệm thông tin liên lạc (binh đoàn), người chỉ huy thông tin liên lạc (binh đoàn)",FALSE,,,img_1665.jpg,FALSE
1665,Military Dictionary,sigs (signals),,,,phương tiện thông tin liên lạc,FALSE,,,img_1665.jpg,FALSE
1665,Military Dictionary,SIGSEC (signal security),,,,an ninh thông tin liên lạc; sự bảo đảm bí mật các hoạt động của phương tiện thông tin liên lạc,FALSE,,,img_1665.jpg,FALSE
1665,Military Dictionary,SII (seriously ill or injured),,,,ốm hoặc bị thương nặng,FALSE,,,img_1665.jpg,FALSE
1665,Military Dictionary,SII (statement of intelligence interest),,,,bản khai tin tức tình báo (có giá trị chiến thuật) đặc biệt quan trọng,FALSE,,,img_1665.jpg,FALSE
1666,Military Dictionary,SIMFICS (simulator fire control system),,,,hệ thống mô phỏng chỉ huy hỏa lực,FALSE,,,img_1666.jpg,FALSE
1666,Military Dictionary,SIMLM (single integrated medical logistics management),,,,sự quản lý thống nhất hậu cần quân y,FALSE,,,img_1666.jpg,FALSE
1666,Military Dictionary,SIMLM (single integrated medical logistics manager),,,,sĩ quan quản lý thống nhất hậu cần quân y,FALSE,,,img_1666.jpg,FALSE
1666,Military Dictionary,SINCGARS (single-channel ground and airborne radio system),,,,hệ thống vô tuyến điện đơn kênh trên mặt đất và máy bay,FALSE,,,img_1666.jpg,FALSE
1666,Military Dictionary,SINGARS (single channel ground and airborne (communications) system),,,,tổ hợp thông tin liên lạc đơn kênh (đặt trên mặt đất và trên máy bay),FALSE,,,img_1666.jpg,FALSE
1666,Military Dictionary,SINS (ship's inertial navigation system),,,,hệ thống dẫn đường quán tính hạm tàu,FALSE,,,img_1666.jpg,FALSE
1666,Military Dictionary,SIO (senior intelligence officer),,,,sĩ quan tình báo cao cấp,FALSE,,,img_1666.jpg,FALSE
1666,Military Dictionary,SIO (Ship's Information Officer),,,,sĩ quan thông tin hạm tàu,FALSE,,,img_1666.jpg,FALSE
1666,Military Dictionary,SIO (special information operations),,,,tác chiến thông tin đặc biệt,FALSE,,,img_1666.jpg,FALSE
1666,Military Dictionary,SIOP (Single Integrated Operational Plan),,,,kế hoạch tác chiến tổng hợp duy nhất,FALSE,,,img_1666.jpg,FALSE
1666,Military Dictionary,SIOP-ESI (Single Integrated Operational Plan-Extremely Sensitive Information),,,,thông tin đặc biệt nhạy cảm thuộc kế hoạch tác chiến tổng hợp duy nhất,FALSE,,,img_1666.jpg,FALSE
1666,Military Dictionary,SIP (standard inspection procedure),,,,"quy tắc thanh tra, quy trình thanh tra được đặt ra",FALSE,,,img_1666.jpg,FALSE
1666,Military Dictionary,SIP (System Improvement Plan),,,,kế hoạch cải tiến hệ thống,FALSE,,,img_1666.jpg,FALSE
1666,Military Dictionary,SIPRNET (Secret Internet Protocol Router Network),,,,mạng lưới định tuyến nghi thức internet bí mật,FALSE,,,img_1666.jpg,FALSE
1666,Military Dictionary,SIPS (small integrated propulsion system),,,,hệ thống động lực hợp nhất cỡ nhỏ,FALSE,,,img_1666.jpg,FALSE
1666,Military Dictionary,SIR (search & interrogation radar),,,,rada tìm và hỏi (phân biệt địch ta),FALSE,,,img_1666.jpg,FALSE
1666,Military Dictionary,SIR (serious incident report),,,,báo cáo sự cố nghiêm trọng,FALSE,,,img_1666.jpg,FALSE
1666,Military Dictionary,SIR (specific information requirement),,,,nhu cầu thông tin đặc biệt,FALSE,,,img_1666.jpg,FALSE
1666,Military Dictionary,SIRA (strategic intelligence research and analysis),,,,sự nghiên cứu và phân tích tin tức tình báo chiến lược,FALSE,,,img_1666.jpg,FALSE
1666,Military Dictionary,SIRADS (stored imagery repository and dissemination system),,,,hệ thống cất giữ và phổ biến tư liệu ảnh lưu trữ,FALSE,,,img_1666.jpg,FALSE
1666,Military Dictionary,SIRCS (shipboard intermediate-range combat system),,,,tổ hợp chiến đấu tầm trung trên hạm tàu,FALSE,,,img_1666.jpg,FALSE
1666,Military Dictionary,SIRMO (senior information resources management official),,,,quan chức cao cấp quản lý các nguồn thông tin,FALSE,,,img_1666.jpg,FALSE
1666,Military Dictionary,SIS (Secret Intelligence Service),,,,ngành đặc vụ; cơ quan tình báo mật (Nhật Bản),FALSE,,,img_1666.jpg,FALSE
1666,Military Dictionary,SIS (special information systems),,,,hệ thống thông tin đặc biệt,FALSE,,,img_1666.jpg,FALSE
1666,Military Dictionary,sit (situation),,,,tình hình; tình trạng; tình huống,FALSE,,,img_1666.jpg,FALSE
1666,Military Dictionary,SIT (special interest target),,,,"mục tiêu có giá trị chiến thuật, mục tiêu đặc biệt quan trọng",FALSE,,,img_1666.jpg,FALSE
1666,Military Dictionary,sit map (situation map),,,,"bản đồ hình thái địch, ta; bản đồ tình huống",FALSE,,,img_1666.jpg,FALSE
1666,Military Dictionary,SITCEN (situation centre),,,,trung tâm (đánh giá) tình hình,FALSE,,,img_1666.jpg,FALSE
1666,Military Dictionary,SITEMP (situation template),,,,mẫu mô phỏng diễn biến tình hình trận đánh,FALSE,,,img_1666.jpg,FALSE
1666,Military Dictionary,SITREP; sitrep (situation report),,,,bản báo cáo tình hình; báo cáo chiến dịch,FALSE,,,img_1666.jpg,FALSE
1666,Military Dictionary,sitsum (situation summary),,,,báo cáo tóm tắt tình hình; bản báo cáo chiến dịch,FALSE,,,img_1666.jpg,FALSE
1666,Military Dictionary,SIW (self-inflicted wounds),,,,"cố ý làm bị thương, tự thương",FALSE,,,img_1666.jpg,FALSE
1666,Military Dictionary,"SJS (Secretary, Joint Staff)",,,,bí thư bộ tham mưu liên quân,FALSE,,,img_1666.jpg,FALSE
1666,Military Dictionary,SJTFs (Standing Joint Task Forces),,,,lực lượng đặc nhiệm thường trực liên quân,FALSE,,,img_1666.jpg,FALSE
1666,Military Dictionary,SKE (station-keeping equipment),,,,thiết bị bảo quản trạm,FALSE,,,img_1666.jpg,FALSE
1666,Military Dictionary,SL (sea level),,,,"mực nước biển, trên mực nước biển",FALSE,,,img_1666.jpg,FALSE
1667,Military Dictionary,SL (soft landing),,,,"hạ cánh nhẹ nhàng, hạ cánh an toàn",FALSE,,,img_1667.jpg,FALSE
1667,Military Dictionary,SL (sound locator),,,,thiết bị dò âm; thiết bị định vị âm thanh,FALSE,,,img_1667.jpg,FALSE
1667,Military Dictionary,SL (squad leader),,,,tiểu đội trưởng,FALSE,,,img_1667.jpg,FALSE
1667,Military Dictionary,SL (start line),,,,tuyến tiến công; tuyến xuất phát,FALSE,,,img_1667.jpg,FALSE
1667,Military Dictionary,SL (support line),,,,tuyến chiến hào thứ hai; tuyến chi viện,FALSE,,,img_1667.jpg,FALSE
1667,Military Dictionary,SL (surface launch),,,,phóng từ mặt đất; phóng từ hạm tàu,FALSE,,,img_1667.jpg,FALSE
1667,Military Dictionary,SL (switch locator),,,,thiết bị định vị hoán vị,FALSE,,,img_1667.jpg,FALSE
1667,Military Dictionary,SLAM (stand-off land attack missile),,,,tên lửa tiến công mặt đất phóng ngoài tầm hỏa lực phòng thủ trực tiếp (của địch),FALSE,,,img_1667.jpg,FALSE
1667,Military Dictionary,SLAM (supersonic low-altitude missile),,,,tên lửa vượt âm tầm thấp,FALSE,,,img_1667.jpg,FALSE
1667,Military Dictionary,SLAMMR (side-looking airborne modulated multi-mission radar),,,,rada đa năng môđun hóa hàng không quan sát bên sườn,FALSE,,,img_1667.jpg,FALSE
1667,Military Dictionary,SLAMS (surface look-alike mine system),,,,hệ thống mìn ngụy trang theo địa hình,FALSE,,,img_1667.jpg,FALSE
1667,Military Dictionary,SLAP (saboted light armor penetrator),,,,xuyên giáp nhẹ dưới cỡ,FALSE,,,img_1667.jpg,FALSE
1667,Military Dictionary,SLAR (side-looking airborne radar),,,,rada quan sát bên sườn (đặt) trên máy bay,FALSE,,,img_1667.jpg,FALSE
1667,Military Dictionary,SLAR (slant range),,,,"tầm bắn nghiêng, cự ly bắn tà; cự ly ngắm đến mục tiêu",FALSE,,,img_1667.jpg,FALSE
1667,Military Dictionary,"SLAT (Special Logistics Actions, Thailand)",,,,biện pháp bảo đảm vật chất - kỹ thuật đặc biệt ở Thái Lan,FALSE,,,img_1667.jpg,FALSE
1667,Military Dictionary,SLAW (shoulder-launched assault weapon),,,,(Mỹ) vũ khí xung kích phóng từ vai,FALSE,,,img_1667.jpg,FALSE
1667,Military Dictionary,SLBM (satellite-launched ballistic missile),,,,tên lửa đạn đạo phóng từ vệ tinh,FALSE,,,img_1667.jpg,FALSE
1667,Military Dictionary,SLBM (sea-launched ballistic missile),,,,tên lửa đạn đạo phóng từ hạm tàu,FALSE,,,img_1667.jpg,FALSE
1667,Military Dictionary,SLBM (submarine-launched ballistic missile),,,,tên lửa đạn đạo phóng từ tàu ngầm,FALSE,,,img_1667.jpg,FALSE
1667,Military Dictionary,SLC (satellite laser communications),,,,thông tin liên lạc lade vệ tinh,FALSE,,,img_1667.jpg,FALSE
1667,Military Dictionary,SLC (single line concept),,,,ý định tác chiến ngắn gọn một dòng,FALSE,,,img_1667.jpg,FALSE
1667,Military Dictionary,SLCM (sea-launched cruise missile),,,,tên lửa hành trình phóng từ biển; tên lửa trên hạm,FALSE,,,img_1667.jpg,FALSE
1667,Military Dictionary,SLCM (ship-launched cruise missile),,,,tên lửa hành trình phóng từ hạm tàu,FALSE,,,img_1667.jpg,FALSE
1667,Military Dictionary,SLCM (submarine-launched cruise missile),,,,tên lửa hành trình phóng từ tàu ngầm,FALSE,,,img_1667.jpg,FALSE
1667,Military Dictionary,SLCP (ship's loading characteristics pamphlet),,,,sổ tay tính năng đặc điểm bốc xếp hàng của tàu biển,FALSE,,,img_1667.jpg,FALSE
1667,Military Dictionary,Sld (sailed),,,,đã ra khơi,FALSE,,,img_1667.jpg,FALSE
1667,Military Dictionary,SLD (system link designator),,,,người xác định liên kết hệ thống,FALSE,,,img_1667.jpg,FALSE
1667,Military Dictionary,SLEP (service life extension program),,,,chương trình kéo dài thời hạn sử dụng của tàu sân bay; chương trình kéo dài tuổi thọ của phương tiện và vũ khí; chương trình tăng hạn vũ khí trang bị,FALSE,,,img_1667.jpg,FALSE
1667,Military Dictionary,"SLGR (small, lightweight ground receiver (GPS))",,,,máy thu trên mặt đất xách tay (của hệ thống định vị toàn cầu),FALSE,,,img_1667.jpg,FALSE
1667,Military Dictionary,SLICBM (sea-launched intercontinental ballistic missile),,,,tên lửa đạn đạo vượt đại châu phóng từ hạm tàu,FALSE,,,img_1667.jpg,FALSE
1667,Military Dictionary,SLIM (surface-launched interceptor missile),,,,"tên lửa đánh chặn phóng từ mặt (đất, nước)",FALSE,,,img_1667.jpg,FALSE
1667,Military Dictionary,SLM (ship-launched missile),,,,tên lửa phóng từ hạm tàu,FALSE,,,img_1667.jpg,FALSE
1667,Military Dictionary,SLMM (sea-launched mobile mine),,,,thủy lôi cơ động phóng từ hạm tàu,FALSE,,,img_1667.jpg,FALSE
1667,Military Dictionary,SLO (space liaison officer),,,,sĩ quan thông tin liên lạc vũ trụ,FALSE,,,img_1667.jpg,FALSE
1667,Military Dictionary,SLOC (sea line of communications),,,,tuyến giao thông trên biển,FALSE,,,img_1667.jpg,FALSE
1667,Military Dictionary,SLOE (special list of equipment),,,,danh mục khí tài chuyên dụng,FALSE,,,img_1667.jpg,FALSE
1667,Military Dictionary,SLOS (stabilised long-range observation system),,,,hệ thống ổn định hóa quan sát tầm xa,FALSE,,,img_1667.jpg,FALSE
1667,Military Dictionary,SLP (seaward launch point),,,,vị trí phóng hướng ra biển,FALSE,,,img_1667.jpg,FALSE
1667,Military Dictionary,SLR (self-loading rifle),,,,súng trường tự nạp đạn,FALSE,,,img_1667.jpg,FALSE
1668,Military Dictionary,SLR (side looking radar),,,,rada quan sát bên sườn,FALSE,,,img_1668.jpg,FALSE
1668,Military Dictionary,SLR (super low recoil),,,,giật (hậu) siêu nhẹ,FALSE,,,img_1668.jpg,FALSE
1668,Military Dictionary,"SLRP (survey, liaison, and reconnaissance party)",,,,"đội điều tra, thông tin liên lạc và trinh sát",FALSE,,,img_1668.jpg,FALSE
1668,Military Dictionary,SLRR (side-looking reconnaissance radar),,,,rada trinh sát bên sườn,FALSE,,,img_1668.jpg,FALSE
1668,Military Dictionary,SLS (strategic lunar system),,,,hệ thống vũ khí chiến lược đặt trên mặt trăng,FALSE,,,img_1668.jpg,FALSE
1668,Military Dictionary,slt (searchlight),,,,đèn pha,FALSE,,,img_1668.jpg,FALSE
1668,Military Dictionary,SLt; S-Lt (sub-lieutenant),,,,(Anh) trung úy hải quân,FALSE,,,img_1668.jpg,FALSE
1668,Military Dictionary,SLU (surface launched unit),,,,khối phóng rải điện,FALSE,,,img_1668.jpg,FALSE
1668,Military Dictionary,"SLUFAE (surface-launched unit, fuel-air explosive)",,,,khối phóng rải điện lượng nổ nhiên liệu-không khí; khối bom SLUFAE,FALSE,,,img_1668.jpg,FALSE
1668,Military Dictionary,"SLUMINE (surface-launched unit, mine)",,,,khối phóng rải điện rộng,FALSE,,,img_1668.jpg,FALSE
1668,Military Dictionary,SLV (satellite launch vehicle),,,,phương tiện mang vệ tinh; tên lửa mang vệ tinh,FALSE,,,img_1668.jpg,FALSE
1668,Military Dictionary,SLV (standardized launch vehicle),,,,tên lửa mang được chuẩn hoá,FALSE,,,img_1668.jpg,FALSE
1668,Military Dictionary,SLWT (side loadable warping tug),,,,tàu kéo đặt lệch ở mạn bên,FALSE,,,img_1668.jpg,FALSE
1668,Military Dictionary,"SM (Secretary, Joint Staff, memorandum)",,,,bản ghi nhớ của bí thư bộ tham mưu liên quân,FALSE,,,img_1668.jpg,FALSE
1668,Military Dictionary,SM (service module),,,,môđun làm việc,FALSE,,,img_1668.jpg,FALSE
1668,Military Dictionary,SM (simulator),,,,thiết bị mô phỏng; chương trình mô phỏng,FALSE,,,img_1668.jpg,FALSE
1668,Military Dictionary,SM (situation map),,,,bản đồ tình hình chiến dịch; bản đồ tình huống tác chiến,FALSE,,,img_1668.jpg,FALSE
1668,Military Dictionary,SM (smoke),,,,khói,FALSE,,,img_1668.jpg,FALSE
1668,Military Dictionary,SM (Soldier's Medal),,,,huy chương chiến sĩ vẻ vang (cho người có công lao nhưng không trực tiếp chiến đấu),FALSE,,,img_1668.jpg,FALSE
1668,Military Dictionary,SM (staff memorandum),,,,bản ghi nhớ của cơ quan tham mưu,FALSE,,,img_1668.jpg,FALSE
1668,Military Dictionary,SM (standard missile),,,,tên lửa tiêu chuẩn,FALSE,,,img_1668.jpg,FALSE
1668,Military Dictionary,SM (supply manual),,,,sách hướng dẫn tiếp tế,FALSE,,,img_1668.jpg,FALSE
1668,Military Dictionary,SM (surface missile),,,,"tên lửa phóng từ mặt (đất, nước)",FALSE,,,img_1668.jpg,FALSE
1668,Military Dictionary,SM (system manager),,,,người quản lý hệ thống,FALSE,,,img_1668.jpg,FALSE
1668,Military Dictionary,SM; sm (strategic missile),,,,tên lửa chiến lược,FALSE,,,img_1668.jpg,FALSE
1668,Military Dictionary,SM; SMaj (sergeant major),,,,(Mỹ) thượng sĩ nhất; thượng sĩ (thủy quân lục chiến),FALSE,,,img_1668.jpg,FALSE
1668,Military Dictionary,SM-65 (Atlas intercontinental ballistic),,,,(k.hiệu) tên lửa đạn đạo xuyên lục địa,FALSE,,,img_1668.jpg,FALSE
1668,Military Dictionary,"SM-68 (Atlas intercontinental ballistic missile, Martin)",,,,(k.hiệu) tên lửa đạn đạo xuyên lục địa Atlas do hãng Martin chế tạo,FALSE,,,img_1668.jpg,FALSE
1668,Military Dictionary,"SM-75 (Thor intermediate-range ballistic missile, Douglas)",,,,(k.hiệu) tên lửa đạn đạo tầm trung Thor SM-75 do hãng Douglas chế tạo,FALSE,,,img_1668.jpg,FALSE
1668,Military Dictionary,"SM-78 (Jupiter intermediate-range ballistic missile, Chrysler)",,,,(k.hiệu) tên lửa đạn đạo tầm trung Jupiter SM-78 do hãng Chrysler chế tạo,FALSE,,,img_1668.jpg,FALSE
1668,Military Dictionary,"SM-80 (Minuteman intercontinental ballistic missile, Boeing)",,,,(k.hiệu) tên lửa đạn đạo xuyên lục địa Minuteman SM-80 do hãng Boeing chế tạo,FALSE,,,img_1668.jpg,FALSE
1668,Military Dictionary,SMA (special mission aircraft),,,,máy bay thực hiện phi vụ đặc biệt; máy bay chuyên cơ,FALSE,,,img_1668.jpg,FALSE
1668,Military Dictionary,SMART (special medical augmentation response team),,,,đội phản ứng tăng cường về quân y đặc biệt,FALSE,,,img_1668.jpg,FALSE
1668,Military Dictionary,SMART (Supersonic Missile and Rocket Track),,,,đường bay của tên lửa vượt âm,FALSE,,,img_1668.jpg,FALSE
1668,Military Dictionary,SMAW (shoulder-launched multipurpose assault weapon),,,,vũ khí tiến công đa năng vác vai,FALSE,,,img_1668.jpg,FALSE
1668,Military Dictionary,"SMAW-D (shoulder-launched multi-purpose assault weapon, isposable)",,,,vũ khí xung kích đa dụng phóng từ vai sử dụng một lần,FALSE,,,img_1668.jpg,FALSE
1668,Military Dictionary,smbl (semimobile),,,,bán cơ động,FALSE,,,img_1668.jpg,FALSE
1668,Military Dictionary,SMC (midpoint compromise track spacing),,,,khoảng cách điều chỉnh đường bay tại trung điểm,FALSE,,,img_1668.jpg,FALSE
1669,Military Dictionary,SMC (search and rescue (SAR) mission coordinator),,,,sĩ quan phối hợp nhiệm vụ tìm kiếm và giải cứu,FALSE,,,img_1669.jpg,FALSE
1669,Military Dictionary,SMC (system master catalog),,,,bảng mục lục chủ đạo của hệ thống,FALSE,,,img_1669.jpg,FALSE
1669,Military Dictionary,SMCA (single manager for conventional ammunition),,,,người quản lý duy nhất đối với đạn dược thông thường,FALSE,,,img_1669.jpg,FALSE
1669,Military Dictionary,SMCC (strategic mobile command center),,,,trung tâm chỉ huy chiến lược cơ động,FALSE,,,img_1669.jpg,FALSE
1669,Military Dictionary,SMCM (surface mine countermeasures),,,,các biện pháp chống thủy lôi nổi trên mặt biển; các biện pháp rà mìn rải trên mặt đất,FALSE,,,img_1669.jpg,FALSE
1669,Military Dictionary,SMCR (Selected Marine Corps Reserve),,,,lực lượng dự bị tuyển lựa của hải quân,FALSE,,,img_1669.jpg,FALSE
1669,Military Dictionary,SMCS (scatterable mine clearance system),,,,hệ thống quét mìn (văng) mảnh,FALSE,,,img_1669.jpg,FALSE
1669,Military Dictionary,SMCS (submarine command system),,,,hệ thống chỉ huy trên tàu ngầm,FALSE,,,img_1669.jpg,FALSE
1669,Military Dictionary,SMD (strategic missile defense),,,,sự phòng thủ tên lửa chiến lược (chương trình),FALSE,,,img_1669.jpg,FALSE
1669,Military Dictionary,SMDC (Space & Missile Defense Command (Army)),,,,bộ tư lệnh phòng thủ vũ trụ và tên lửa (lục quân),FALSE,,,img_1669.jpg,FALSE
1669,Military Dictionary,SMEB (significant military exercise brief),,,,sự thông báo tóm tắt về các cuộc diễn tập quân sự quan trọng,FALSE,,,img_1669.jpg,FALSE
1669,Military Dictionary,SMEC (Strategic Missiles Evaluation Committee),,,,ủy ban đánh giá tên lửa chiến lược,FALSE,,,img_1669.jpg,FALSE
1669,Military Dictionary,SMES (strategic missile evaluation squadron),,,,phi đội không quân đánh giá tên lửa chiến lược,FALSE,,,img_1669.jpg,FALSE
1669,Military Dictionary,SMFT (semitrailer mounted fabric tank),,,,thùng chứa bằng sợi tổng hợp đặt trên bán romoóc,FALSE,,,img_1669.jpg,FALSE
1669,Military Dictionary,SMG; smg (sub-machine gun),,,,súng tiểu liên,FALSE,,,img_1669.jpg,FALSE
1669,Military Dictionary,SMGP (strategic missile group),,,,"nhóm tên lửa chiến lược, cụm tên lửa chiến lược",FALSE,,,img_1669.jpg,FALSE
1669,Military Dictionary,SMI (security management infrastructure),,,,cơ sở hạ tầng quản lý an ninh,FALSE,,,img_1669.jpg,FALSE
1669,Military Dictionary,SMICBM; smicbm (semimobile intercontinental ballistic missile),,,,tên lửa đạn đạo vượt đại châu bán cơ động,FALSE,,,img_1669.jpg,FALSE
1669,Military Dictionary,SMILS (sonobuoy missile-impact location system),,,,hệ thống định vị điểm chạm tên lửa bằng phao thủy âm,FALSE,,,img_1669.jpg,FALSE
1669,Military Dictionary,SMIO (search and rescue (SAR) mission information officer),,,,sĩ quan thông tin về nhiệm vụ tìm kiếm và giải cứu,FALSE,,,img_1669.jpg,FALSE
1669,Military Dictionary,SMK; smk (smoke),,,,khói,FALSE,,,img_1669.jpg,FALSE
1669,Military Dictionary,smkgen (smoke generator),,,,"máy tạo khói, thiết bị tạo khói",FALSE,,,img_1669.jpg,FALSE
1669,Military Dictionary,smkls (smokeless),,,,không có khói,FALSE,,,img_1669.jpg,FALSE
1669,Military Dictionary,SMLO (senior military liaison officer),,,,sĩ quan cao cấp thông tin,FALSE,,,img_1669.jpg,FALSE
1669,Military Dictionary,SMO (senior meteorological and oceanographic officer),,,,sĩ quan cao cấp về khí tượng và hải dương học,FALSE,,,img_1669.jpg,FALSE
1669,Military Dictionary,SMO (strategic mobility office),,,,cục chuyên trách về cơ động chiến lược,FALSE,,,img_1669.jpg,FALSE
1669,Military Dictionary,SMO (support to military operations),,,,chi viện bảo đảm cho hoạt động quân sự,FALSE,,,img_1669.jpg,FALSE
1669,Military Dictionary,SMOS (secondary military occupational specialty),,,,chuyên môn quân sự bổ trợ,FALSE,,,img_1669.jpg,FALSE
1669,Military Dictionary,SMP (surface mine plough),,,,cày phá mìn mặt đất,FALSE,,,img_1669.jpg,FALSE
1669,Military Dictionary,SMPT (School of Military Packaging Technology),,,,trường công nghệ đóng hàng quân sự,FALSE,,,img_1669.jpg,FALSE
1669,Military Dictionary,SMRB (Strategic Missile Review Board),,,,ủy ban về các vấn đề tên lửa chiến lược,FALSE,,,img_1669.jpg,FALSE
1669,Military Dictionary,SMS (scatterable mine system),,,,tổ hợp mìn (văng) mảnh,FALSE,,,img_1669.jpg,FALSE
1669,Military Dictionary,SMS (strategic missile squadron),,,,phi đội không quân tên lửa chiến lược,FALSE,,,img_1669.jpg,FALSE
1669,Military Dictionary,SMS (strategic missile squadron),,,,sư đoàn tên lửa chiến lược,FALSE,,,img_1669.jpg,FALSE
1669,Military Dictionary,SMS (strategic missile system),,,,tổ hợp tên lửa chiến lược,FALSE,,,img_1669.jpg,FALSE
1669,Military Dictionary,SMS (surface missile system),,,,tổ hợp tên lửa mặt đất,FALSE,,,img_1669.jpg,FALSE
1669,Military Dictionary,SMSA (Strategic Missile Support Agency),,,,cục bảo đảm tên lửa chiến lược,FALSE,,,img_1669.jpg,FALSE
1670,Military Dictionary,SMSA (strategic missile support area),,,,khu vực bảo đảm tên lửa chiến lược,FALSE,,,img_1670.jpg,FALSE
1670,Military Dictionary,SMSB (strategic missile support base),,,,căn cứ đảm bảo vật chất - kỹ thuật tên lửa chiến lược,FALSE,,,img_1670.jpg,FALSE
1670,Military Dictionary,SMSGT (senior master sergeant),,,,trung sĩ chỉ huy trưởng,FALSE,,,img_1670.jpg,FALSE
1670,Military Dictionary,SMSq (strategic missile squadron),,,,sư đoàn tên lửa chiến lược,FALSE,,,img_1670.jpg,FALSE
1670,Military Dictionary,SMU (special mission unit),,,,đơn vị có nhiệm vụ đặc biệt; đơn vị đặc nhiệm,FALSE,,,img_1670.jpg,FALSE
1670,Military Dictionary,SMU (supported activities supply system (SASSY) management unit),,,,thiết bị quản lý hệ thống cung cấp cho các hoạt động bảo đảm,FALSE,,,img_1670.jpg,FALSE
1670,Military Dictionary,SMW (strategic missile wing),,,,phi đoàn không quân tên lửa chiến lược,FALSE,,,img_1670.jpg,FALSE
1670,Military Dictionary,SN (Secretary of the Navy),,,,(Mỹ) bộ trưởng bộ hải quân,FALSE,,,img_1670.jpg,FALSE
1670,Military Dictionary,SN (service number),,,,số hiệu quân nhân,FALSE,,,img_1670.jpg,FALSE
1670,Military Dictionary,SNCO (staff noncommissioned officer),,,,hạ sĩ quan tham mưu,FALSE,,,img_1670.jpg,FALSE
1670,Military Dictionary,snd comm (sound communication),,,,thông tin liên lạc âm thanh,FALSE,,,img_1670.jpg,FALSE
1670,Military Dictionary,Snd Lt (second lieutenant),,,,thiếu úy,FALSE,,,img_1670.jpg,FALSE
1670,Military Dictionary,SNDV (strategic nuclear delivery vehicle),,,,phương tiện mang vũ khí hạt nhân chiến lược,FALSE,,,img_1670.jpg,FALSE
1670,Military Dictionary,SNF (short-range nuclear force),,,,lực lượng hạt nhân tầm gần,FALSE,,,img_1670.jpg,FALSE
1670,Military Dictionary,SNF (strategic nuclear forces),,,,lực lượng hạt nhân chiến lược,FALSE,,,img_1670.jpg,FALSE
1670,Military Dictionary,SNIE (special national intelligence estimates),,,,đánh giá của đặc vụ quốc gia,FALSE,,,img_1670.jpg,FALSE
1670,Military Dictionary,SNL (standard nomenclature list),,,,danh mục cung cấp những vật dụng tiêu chuẩn,FALSE,,,img_1670.jpg,FALSE
1670,Military Dictionary,SNLC (Senior North Atlantic Treaty Organization (NATO) Logisticians Conference),,,,hội nghị các chuyên gia cao cấp về hậu cần - kỹ thuật của tổ chức hiệp ước Bắc Đại Tây Dương (NATO),FALSE,,,img_1670.jpg,FALSE
1670,Military Dictionary,SNM (special nuclear material),,,,vật liệu hạt nhân đặc dụng,FALSE,,,img_1670.jpg,FALSE
1670,Military Dictionary,SNM (system notification message),,,,điện thông báo về hệ thống,FALSE,,,img_1670.jpg,FALSE
1670,Military Dictionary,SNOI (signal not of interest),,,,tín hiệu không quan tâm,FALSE,,,img_1670.jpg,FALSE
1670,Military Dictionary,SO (safety observer),,,,người quan sát an toàn,FALSE,,,img_1670.jpg,FALSE
1670,Military Dictionary,SO (senior officer),,,,"sĩ quan cấp cao; chỉ huy trưởng, tư lệnh (binh đoàn)",FALSE,,,img_1670.jpg,FALSE
1670,Military Dictionary,SO (signal officer),,,,sĩ quan thông tin liên lạc,FALSE,,,img_1670.jpg,FALSE
1670,Military Dictionary,SO (special operations),,,,tác chiến đặc biệt,FALSE,,,img_1670.jpg,FALSE
1670,Military Dictionary,SO (special order),,,,"mệnh lệnh đặc biệt, lệnh riêng",FALSE,,,img_1670.jpg,FALSE
1670,Military Dictionary,SO (staff officer),,,,sĩ quan tham mưu,FALSE,,,img_1670.jpg,FALSE
1670,Military Dictionary,SO (standing order),,,,chỉ lệnh hoạt động thường xuyên,FALSE,,,img_1670.jpg,FALSE
1670,Military Dictionary,soa (speed of approach),,,,(kq) tốc độ tiếp cận hạ cánh; tốc độ tiếp cận mục tiêu,FALSE,,,img_1670.jpg,FALSE
1670,Military Dictionary,SOA (separate operating agency),,,,cơ quan hoạt động biệt lập,FALSE,,,img_1670.jpg,FALSE
1670,Military Dictionary,SOA (special operations aviation),,,,không quân tác chiến đặc biệt,FALSE,,,img_1670.jpg,FALSE
1670,Military Dictionary,SOA (status of action),,,,tình trạng hoạt động; tình huống chiến đấu,FALSE,,,img_1670.jpg,FALSE
1670,Military Dictionary,SOA (sustained operations ashore),,,,hoạt động bảo đảm tác chiến trên bờ,FALSE,,,img_1670.jpg,FALSE
1670,Military Dictionary,SOA; soa (speed of advance),,,,tốc độ tiến quân,FALSE,,,img_1670.jpg,FALSE
1670,Military Dictionary,SOAF (status of action file),,,,hồ sơ tình trạng hoạt động; hồ sơ về tình hình tác chiến,FALSE,,,img_1670.jpg,FALSE
1670,Military Dictionary,SOARS (satellite onboard attack warning system),,,,hệ thống vệ tinh cảnh báo tiến công,FALSE,,,img_1670.jpg,FALSE
1670,Military Dictionary,SOAS (submarine operational automation system),,,,hệ thống tự động vận hành tàu ngầm,FALSE,,,img_1670.jpg,FALSE
1670,Military Dictionary,SOBIC (shore-based intelligence centre),,,,trung tâm tình báo ven bờ,FALSE,,,img_1670.jpg,FALSE
1670,Military Dictionary,SOC (sector operations centre),,,,trung tâm chỉ huy tác chiến phân khu; trung tâm chỉ huy tác chiến tiểu khu,FALSE,,,img_1670.jpg,FALSE
1670,Military Dictionary,SOC (SHAPE Operation Center),,,,trung tâm tác chiến của bộ chỉ huy tối cao liên quân NATO ở châu Âu,FALSE,,,img_1670.jpg,FALSE
1670,Military Dictionary,SOC (special operations command),,,,bộ tư lệnh tác chiến đặc biệt,FALSE,,,img_1670.jpg,FALSE
1671,Military Dictionary,SOCA (special operations communications assembly),,,,tổ hợp thông tin liên lạc của lực lượng tác chiến đặc biệt,FALSE,,,img_1671.jpg,FALSE
1671,Military Dictionary,SOCC (Sector Operations Control Center (NORAD)),,,,trung tâm điều hành tác chiến khu vực (của bộ tư lệnh phòng thủ không gian vũ trụ Bắc Mỹ),FALSE,,,img_1671.jpg,FALSE
1671,Military Dictionary,SOCCE (special operations command and control element),,,,thành phần chỉ huy và kiểm soát tác chiến đặc biệt,FALSE,,,img_1671.jpg,FALSE
1671,Military Dictionary,"SOCCENT (Special Operations Component, United States Central Command)",,,,binh chủng hợp thành lực lượng tác chiến đặc biệt thuộc bộ tư lệnh trung tâm Mỹ,FALSE,,,img_1671.jpg,FALSE
1671,Military Dictionary,SOCCT (special operations combat control team),,,,đội kiểm soát chiến đấu của lực lượng tác chiến đặc biệt,FALSE,,,img_1671.jpg,FALSE
1671,Military Dictionary,"SOCEUR (Special Operations Component, United States European Command)",,,,binh chủng hợp thành lực lượng tác chiến đặc biệt thuộc bộ tư lệnh Mỹ ở châu Âu,FALSE,,,img_1671.jpg,FALSE
1671,Military Dictionary,SOCEX (special operations capable exercise),,,,cuộc diễn tập nâng cao khả năng tác chiến đặc biệt,FALSE,,,img_1671.jpg,FALSE
1671,Military Dictionary,"SOCLANT (Special Operations Component, United States Atlantic Command)",,,,binh chủng hợp thành lực lượng tác chiến đặc biệt thuộc bộ tư lệnh Đại Tây Dương của Mỹ,FALSE,,,img_1671.jpg,FALSE
1671,Military Dictionary,SOCOM (Special Operations Command),,,,(Mỹ) bộ tư lệnh tác chiến đặc biệt,FALSE,,,img_1671.jpg,FALSE
1671,Military Dictionary,SOCOORD (special operations coordination element),,,,bộ phận tổ chức hiệp đồng tác chiến đặc biệt,FALSE,,,img_1671.jpg,FALSE
1671,Military Dictionary,SOCP (special operations communication package),,,,bộ thiết bị thông tin liên lạc dùng trong tác chiến đặc biệt,FALSE,,,img_1671.jpg,FALSE
1671,Military Dictionary,"SOCPAC (Special Operations Component, United States Pacific Command)",,,,binh chủng hợp thành lực lượng tác chiến đặc biệt thuộc bộ tư lệnh Thái Bình Dương của Mỹ,FALSE,,,img_1671.jpg,FALSE
1671,Military Dictionary,"SOCRATES (Special Operations Command, Research, Analysis, and Threat Evaluation System)",,,,"hệ thống chỉ huy, nghiên cứu, phân tích và đánh giá mối đe doạ của lực lượng tác chiến đặc biệt",FALSE,,,img_1671.jpg,FALSE
1671,Military Dictionary,"SOCSOUTH (Special Operations Component, United States Southern Command)",,,,binh chủng hợp thành lực lượng tác chiến đặc biệt thuộc bộ tư lệnh miền Nam của Mỹ,FALSE,,,img_1671.jpg,FALSE
1671,Military Dictionary,SOD (special operations division),,,,sư đoàn tác chiến đặc biệt,FALSE,,,img_1671.jpg,FALSE
1671,Military Dictionary,"SOD (strategy and options decision (Planning, Programming, and Budgeting System))",,,,"quyết định chiến lược và các lựa chọn (hệ thống lập kế hoạch, lập trình và bảo đảm ngân sách)",FALSE,,,img_1671.jpg,FALSE
1671,Military Dictionary,SOD (special operations detachment),,,,đội tác chiến đặc biệt,FALSE,,,img_1671.jpg,FALSE
1671,Military Dictionary,SODARS (special operations debrief and retrieval system),,,,hệ thống phỏng vấn và gọi tái ngũ của lực lượng tác chiến đặc biệt,FALSE,,,img_1671.jpg,FALSE
1671,Military Dictionary,SOE (status of equipment),,,,tình trạng kỹ thuật; tình trạng khí tài,FALSE,,,img_1671.jpg,FALSE
1671,Military Dictionary,SOF (special operations forces),,,,lực lượng tác chiến đặc biệt,FALSE,,,img_1671.jpg,FALSE
1671,Military Dictionary,SOF (Statute of Forces Agreement),,,,hiệp định về quy chế lực lượng vũ trang (ở nước ngoài),FALSE,,,img_1671.jpg,FALSE
1671,Military Dictionary,SOF (strategic offensive forces),,,,(Mỹ) lực lượng tiến công chiến lược,FALSE,,,img_1671.jpg,FALSE
1671,Military Dictionary,SOF (supervisor of flying),,,,người giám sát bay,FALSE,,,img_1671.jpg,FALSE
1671,Military Dictionary,SOFA (status-of-forces agreement),,,,sự thoả thuận về trạng thái của lực lượng vũ trang (ở nước ngoài),FALSE,,,img_1671.jpg,FALSE
1671,Military Dictionary,SOFAG (special-operations force assistance group),,,,(Mỹ) cụm hỗ trợ (của) lực lượng tác chiến đặc biệt,FALSE,,,img_1671.jpg,FALSE
1671,Military Dictionary,SOFAR (sound finding and ranging),,,,sự định vị nguồn âm; sự phát hiện và định tầm âm thanh; sự định vị bằng sóng âm,FALSE,,,img_1671.jpg,FALSE
1671,Military Dictionary,SOFAR (sound fixing and ranging),,,,sự định vị và định tầm âm thanh; phép xác định nguồn âm; phép đo bằng sóng âm; sự trinh sát âm thanh,FALSE,,,img_1671.jpg,FALSE
1672,Military Dictionary,SOFME (special operations forces medical element),,,,bộ phận quân y của lực lượng tác chiến đặc biệt,FALSE,,,img_1672.jpg,FALSE
1672,Military Dictionary,"SOFPAC (Special Operating Forces, Pacific)",,,,lực lượng đặc biệt ở khu vực Thái Bình Dương,FALSE,,,img_1672.jpg,FALSE
1672,Military Dictionary,SOG (special operations group),,,,(Mỹ) cụm tác chiến đặc biệt; cụm lực lượng tác chiến đặc biệt,FALSE,,,img_1672.jpg,FALSE
1672,Military Dictionary,SOG (Speed Over Ground),,,,tốc độ trên mặt đất; vận tốc bay thực (so với mặt đất),FALSE,,,img_1672.jpg,FALSE
1672,Military Dictionary,SOI (signal of interest),,,,tín hiệu quan tâm,FALSE,,,img_1672.jpg,FALSE
1672,Military Dictionary,SOI (signal operation instruction),,,,sự hướng dẫn điều hành truyền tin; bản hướng dẫn sử dụng phương tiện thông tin liên lạc,FALSE,,,img_1672.jpg,FALSE
1672,Military Dictionary,SOI (space object identification),,,,sự nhận dạng mục tiêu vũ trụ,FALSE,,,img_1672.jpg,FALSE
1672,Military Dictionary,SOI (standing operating instruction),,,,chỉ lệnh tác chiến hiện hành,FALSE,,,img_1672.jpg,FALSE
1672,Military Dictionary,SOI (standing orders and instructions),,,,mệnh lệnh và các văn bản hướng dẫn hiện hành,FALSE,,,img_1672.jpg,FALSE
1672,Military Dictionary,SOIC (senior officer of the intelligence community),,,,sĩ quan cao cấp (của) cộng đồng tình báo,FALSE,,,img_1672.jpg,FALSE
1672,Military Dictionary,sol (soldier),,,,lính; chiến sĩ,FALSE,,,img_1672.jpg,FALSE
1672,Military Dictionary,SOLAS (safety of life at sea),,,,an toàn sinh mệnh trên biển,FALSE,,,img_1672.jpg,FALSE
1672,Military Dictionary,SOLE (special operations liaison element),,,,bộ phận thông tin liên lạc hiệp đồng của lực lượng tác chiến đặc biệt,FALSE,,,img_1672.jpg,FALSE
1672,Military Dictionary,SOLL (special operations low-level),,,,tác chiến đặc biệt ở mức độ thấp,FALSE,,,img_1672.jpg,FALSE
1672,Military Dictionary,SOLOG (Standardization of Certain Aspects of Operations and Logistics),,,,sự tiêu chuẩn hoá tác chiến và tổ chức bảo đảm hậu cần của liên quân NATO,FALSE,,,img_1672.jpg,FALSE
1672,Military Dictionary,SOM (Senior Officials Meeting),,,,cuộc họp quan chức cấp cao,FALSE,,,img_1672.jpg,FALSE
1672,Military Dictionary,SOMA (status of mission agreement),,,,sự thoả thuận về trạng thái nhiệm vụ,FALSE,,,img_1672.jpg,FALSE
1672,Military Dictionary,SOMPF (special operations mission planning folder),,,,tập hồ sơ (tài liệu) lập kế hoạch nhiệm vụ tác chiến đặc biệt,FALSE,,,img_1672.jpg,FALSE
1672,Military Dictionary,SONAR (sound navigation ranging),,,,hệ thống định vị mục tiêu dưới nước bằng sóng âm thanh.,FALSE,,,img_1672.jpg,FALSE
1672,Military Dictionary,SONCM (sonar countermeasures and deception),,,,các hoạt động chống phương tiện thuỷ âm của địch,FALSE,,,img_1672.jpg,FALSE
1672,Military Dictionary,SONMET (special operations naval mobile environment team),,,,đội môi trường lưu động của lực lượng tác chiến đặc biệt hải quân,FALSE,,,img_1672.jpg,FALSE
1672,Military Dictionary,SONWEC (Senior Officers Nuclear Weapons Employment Course),,,,khoá huấn luyện sử dụng vũ khí hạt nhân cho sĩ quan cao cấp,FALSE,,,img_1672.jpg,FALSE
1672,Military Dictionary,SOOP (Submarine Oceanographic Observation Program),,,,chương trình quan sát hải dương bằng tàu ngầm,FALSE,,,img_1672.jpg,FALSE
1672,Military Dictionary,SOP (senior officer present),,,,người chỉ huy cao nhất hiện thời,FALSE,,,img_1672.jpg,FALSE
1672,Military Dictionary,SOP (standard operating procedure),,,,thứ tự các bước thực hành chiến đấu tiêu chuẩn; quy trình thao tác chuẩn,FALSE,,,img_1672.jpg,FALSE
1672,Military Dictionary,SOP (standing operating procedure),,,,"thứ tự các bước thực hành tác chiến hiện hành, phương pháp tác chiến hiện hành; thủ tục tác nghiệp thường xuyên",FALSE,,,img_1672.jpg,FALSE
1672,Military Dictionary,SOP (submarine operational programme),,,,chương trình (phần mềm) vận hành tàu ngầm,FALSE,,,img_1672.jpg,FALSE
1672,Military Dictionary,SOP(s) (Standard Operating Procedure(s)),,,,thứ tự các bước thực hành chiến đấu tiêu chuẩn; phương pháp thực hành tác chiến quy định; quy phạm thao tác,FALSE,,,img_1672.jpg,FALSE
1672,Military Dictionary,SOPA (senior officer present afloat),,,,(USN) sĩ quan cao cấp hiện đang trên tàu (hải quân Mỹ),FALSE,,,img_1672.jpg,FALSE
1672,Military Dictionary,SOPAC (South Pacific Area),,,,khu vực Nam Thái Bình Dương,FALSE,,,img_1672.jpg,FALSE
1672,Military Dictionary,SO-peculiar (special operations-peculiar),,,,sử dụng riêng cho lực lượng tác chiến đặc biệt,FALSE,,,img_1672.jpg,FALSE
1672,Military Dictionary,SORNG (sound ranging),,,,phép xác định nguồn âm; phép đo bằng sóng âm; trinh sát âm thanh,FALSE,,,img_1672.jpg,FALSE
1673,Military Dictionary,SORO (Special Operations Research Office),,,,cục nghiên cứu tác chiến đặc biệt,FALSE,,,img_1673.jpg,FALSE
1673,Military Dictionary,SORTIEALOT (sortie allotment message),,,,điện phân phối phi vụ xuất kích,FALSE,,,img_1673.jpg,FALSE
1673,Military Dictionary,SORTS (Status of Resources and Training System),,,,tình hình nguồn lực và hệ thống huấn luyện,FALSE,,,img_1673.jpg,FALSE
1673,Military Dictionary,SOS (save our souls),,,,(tín hiệu) cấp cứu (trên biển); hãy cứu vớt linh hồn chúng tôi (tín hiệu cấp cứu),FALSE,,,img_1673.jpg,FALSE
1673,Military Dictionary,SOS (service of supply),,,,sự bảo đảm tiếp tế,FALSE,,,img_1673.jpg,FALSE
1673,Military Dictionary,SOS (special operations squadron),,,,liên đoàn tác chiến đặc biệt,FALSE,,,img_1673.jpg,FALSE
1673,Military Dictionary,SOSB (special operations support battalion),,,,tiểu đoàn bảo đảm tác chiến đặc biệt,FALSE,,,img_1673.jpg,FALSE
1673,Military Dictionary,SOSC (special operations support command),,,,bộ chỉ huy bảo đảm tác chiến đặc biệt,FALSE,,,img_1673.jpg,FALSE
1673,Military Dictionary,SOSE (special operations staff element),,,,bộ phận tham mưu của lực lượng tác chiến đặc biệt,FALSE,,,img_1673.jpg,FALSE
1673,Military Dictionary,SOSG (station operations support group),,,,nhóm bảo đảm tác chiến của trạm,FALSE,,,img_1673.jpg,FALSE
1673,Military Dictionary,SOSUS (sound surveillance system),,,,hệ thống giám sát (bằng) âm thanh; hệ thống trinh sát âm thanh,FALSE,,,img_1673.jpg,FALSE
1673,Military Dictionary,"SOSUS (sound surveillance, undersea)",,,,"sự thăm dò dưới nước bằng âm thanh, sự trinh sát thuỷ âm",FALSE,,,img_1673.jpg,FALSE
1673,Military Dictionary,SOTA (signals intelligence (SIGINT) operational tasking authority),,,,thẩm quyền giao nhiệm vụ tác chiến cho tình báo thông tin liên lạc,FALSE,,,img_1673.jpg,FALSE
1673,Military Dictionary,SOTAC (special operations terminal attack controller),,,,người chỉ huy cuộc tiến công cuối cùng của lực lượng tác chiến đặc biệt,FALSE,,,img_1673.jpg,FALSE
1673,Military Dictionary,SOTAS (stand-off target acquisition system),,,,hệ thống bắt bám mục tiêu (từ) ngoài tầm hỏa lực trực tiếp,FALSE,,,img_1673.jpg,FALSE
1673,Military Dictionary,"SOTFE (Special Operations Task Force, Europe)",,,,lực lượng tác chiến đặc biệt ở châu Âu; cụm chiến dịch đặc biệt ở châu Âu,FALSE,,,img_1673.jpg,FALSE
1673,Military Dictionary,SOUTHAF (Southern Command Air Forces),,,,không quân thuộc bộ tư lệnh miền Nam của Mỹ,FALSE,,,img_1673.jpg,FALSE
1673,Military Dictionary,SOUTHAG (southern army group),,,,cụm tập đoàn quân miền Nam,FALSE,,,img_1673.jpg,FALSE
1673,Military Dictionary,SOUTHROC (Southern Region Operational Center (USSOUTHCOM)),,,,trung tâm tác chiến khu vực miền Nam (bộ tư lệnh miền Nam của Mỹ),FALSE,,,img_1673.jpg,FALSE
1673,Military Dictionary,SOV (special operations vehicle),,,,xe (dùng cho lực lượng) tác chiến đặc biệt,FALSE,,,img_1673.jpg,FALSE
1673,Military Dictionary,SOW (special operations wing),,,,phi đoàn không quân tác chiến đặc biệt,FALSE,,,img_1673.jpg,FALSE
1673,Military Dictionary,SOW (standoff weapon),,,,vũ khí tiến công ngoài tầm hỏa lực địch; vũ khí tiến công từ xa,FALSE,,,img_1673.jpg,FALSE
1673,Military Dictionary,SOWT (special operations weather team),,,,đội trinh sát thời tiết của lực lượng tác chiến đặc biệt,FALSE,,,img_1673.jpg,FALSE
1673,Military Dictionary,SP (secret publication),,,,xuất bản phẩm bí mật; sự xuất bản bí mật,FALSE,,,img_1673.jpg,FALSE
1673,Military Dictionary,SP (self-propelled),,,,tự hành,FALSE,,,img_1673.jpg,FALSE
1673,Military Dictionary,SP (shore party),,,,đội bờ biển (phục vụ đổ quân),FALSE,,,img_1673.jpg,FALSE
1673,Military Dictionary,Sp (special),,,,đặc biệt; chuyên môn; chuyên ngành,FALSE,,,img_1673.jpg,FALSE
1673,Military Dictionary,SP (start point),,,,địa điểm xuất phát; tuyến xuất phát,FALSE,,,img_1673.jpg,FALSE
1673,Military Dictionary,SP (stragglers'post),,,,trạm tập hợp quân nhân tụt sau đơn vị; trạm thu dung; trạm tập hợp quân đào ngũ,FALSE,,,img_1673.jpg,FALSE
1673,Military Dictionary,SP (supply point),,,,trạm tiếp tế,FALSE,,,img_1673.jpg,FALSE
1673,Military Dictionary,sp (supply),,,,"sự cung cấp; cung cấp, tiếp tế, đảm bảo",FALSE,,,img_1673.jpg,FALSE
1673,Military Dictionary,Sp (support),,,,chi viện; bảo đảm,FALSE,,,img_1673.jpg,FALSE
1673,Military Dictionary,sp ammo (special ammunition),,,,"đạn dược đặc biệt, đạn dược chuyên dụng",FALSE,,,img_1673.jpg,FALSE
1673,Military Dictionary,SP mortar (self-propelled mortar),,,,súng cối tự hành,FALSE,,,img_1673.jpg,FALSE
1673,Military Dictionary,sp msgr (special messenger),,,,phái viên đặc biệt,FALSE,,,img_1673.jpg,FALSE
1673,Military Dictionary,SP tk (special tank),,,,"xe tăng đặc biệt, xe tăng đặc chủng",FALSE,,,img_1673.jpg,FALSE
1674,Military Dictionary,Sp Wpn (special weapons),,,,"vũ khí đặc biệt, loại vũ khí đặc biệt (hạt nhân, hoá học, sinh học...)",FALSE,,,img_1674.jpg,FALSE
1674,Military Dictionary,SPA (special psychological operations (PSYOP) assessment),,,,sự đánh giá hiệu quả của chiến tranh tâm lý đặc biệt,FALSE,,,img_1674.jpg,FALSE
1674,Military Dictionary,SPA (special purpose aircraft),,,,máy bay chuyên dụng,FALSE,,,img_1674.jpg,FALSE
1674,Military Dictionary,SPA (submarine patrol area),,,,khu vực tuần tiễu của tàu ngầm,FALSE,,,img_1674.jpg,FALSE
1674,Military Dictionary,SPAAG (self-propelled anti-aircraft gun),,,,pháo phòng không tự hành,FALSE,,,img_1674.jpg,FALSE
1674,Military Dictionary,SPAAM (self-propelled anti-aircraft missile),,,,tên lửa phòng không tự hành,FALSE,,,img_1674.jpg,FALSE
1674,Military Dictionary,SPACCS (space command and control system),,,,hệ thống chỉ huy và điều khiển (đặt trên) vũ trụ,FALSE,,,img_1674.jpg,FALSE
1674,Military Dictionary,SPACECOM (space communication),,,,thông tin liên lạc vũ trụ; thông tin liên lạc qua thiết bị vũ trụ,FALSE,,,img_1674.jpg,FALSE
1674,Military Dictionary,SPACON (space control),,,,kiểm soát không gian vũ trụ; quan sát khoảng không vũ trụ,FALSE,,,img_1674.jpg,FALSE
1674,Military Dictionary,SPADATS (space detection and tracking system),,,,hệ thống phát hiện và bám sát mục tiêu vũ trụ,FALSE,,,img_1674.jpg,FALSE
1674,Military Dictionary,SPAG (self-propelled assault gun),,,,pháo tiến công tự hành,FALSE,,,img_1674.jpg,FALSE
1674,Military Dictionary,SPARK (solid propellant advanced ramjet kinetic energy missile),,,,tên lửa động năng động cơ phản lực dòng thẳng nhiên liệu rắn cải tiến,FALSE,,,img_1674.jpg,FALSE
1674,Military Dictionary,SPASUR system (Space Surveillance system),,,,"hệ thống kiểm soát không gian vũ trụ ""SPASUR""; hệ thống quan sát không gian vũ trụ",FALSE,,,img_1674.jpg,FALSE
1674,Military Dictionary,SPATG (self-propelled anti-tank gun),,,,pháo chống tăng tự hành,FALSE,,,img_1674.jpg,FALSE
1674,Military Dictionary,SPAW (self-propelled artillery weapon),,,,pháo binh tự hành,FALSE,,,img_1674.jpg,FALSE
1674,Military Dictionary,SPB (section personnel bridge),,,,cầu bộ binh phân đoạn,FALSE,,,img_1674.jpg,FALSE
1674,Military Dictionary,spd (speed),,,,"vận tốc, tốc độ",FALSE,,,img_1674.jpg,FALSE
1674,Military Dictionary,SPE (special purpose equipment),,,,thiết bị đặc biệt; thiết bị đặc chủng,FALSE,,,img_1674.jpg,FALSE
1674,Military Dictionary,SPEAR (strike protection evaluation and antiair research),,,,nghiên cứu hoạt động phòng không và đánh giá khả năng phòng thủ trước đòn đột kích của không quân địch,FALSE,,,img_1674.jpg,FALSE
1674,Military Dictionary,"SPEC, spec (specification)",,,,đặc điểm; tính năng kỹ thuật,FALSE,,,img_1674.jpg,FALSE
1674,Military Dictionary,SPECAT (special category),,,,loại đặc biệt; hạng mục đặc biệt,FALSE,,,img_1674.jpg,FALSE
1674,Military Dictionary,SPECWAR (special warfare),,,,chiến tranh đặc biệt; tác chiến đặc biệt,FALSE,,,img_1674.jpg,FALSE
1674,Military Dictionary,SPEW (small platform electronic warfare system),,,,tổ hợp tác chiến điện tử trên phương tiện mang phóng nhỏ,FALSE,,,img_1674.jpg,FALSE
1674,Military Dictionary,SPF (strategic offensive forces),,,,lực lượng tiến công chiến lược,FALSE,,,img_1674.jpg,FALSE
1674,Military Dictionary,SPG (self-propelled gun),,,,"pháo tự hành, đại bác tự hành",FALSE,,,img_1674.jpg,FALSE
1674,Military Dictionary,SPG (special patrol group),,,,nhóm tuần tiễu đặc biệt,FALSE,,,img_1674.jpg,FALSE
1674,Military Dictionary,SPH (self-propelled howizer),,,,lựu pháo tự hành,FALSE,,,img_1674.jpg,FALSE
1674,Military Dictionary,SPIA (Solid Propellant Information Agency),,,,cục thông tin về nhiên liệu rắn của tên lửa,FALSE,,,img_1674.jpg,FALSE
1674,Military Dictionary,SPICBM (solid-propellant intercontinental ballistic missile),,,,tên lửa đạn đạo vượt đại châu nhiên liệu rắn,FALSE,,,img_1674.jpg,FALSE
1674,Military Dictionary,SPINS (special instructions),,,,các hướng dẫn đặc biệt,FALSE,,,img_1674.jpg,FALSE
1674,Military Dictionary,SPINTCOMM (special intelligence communications handling system),,,,hệ thống điều hành thông tin liên lạc tình báo đặc biệt,FALSE,,,img_1674.jpg,FALSE
1674,Military Dictionary,SPIREP (specialist intelligence report),,,,sự báo cáo tin tức tình báo của chuyên gia,FALSE,,,img_1674.jpg,FALSE
1674,Military Dictionary,SPIREP (spot intelligence report),,,,báo cáo tin tức tình báo tại chỗ,FALSE,,,img_1674.jpg,FALSE
1674,Military Dictionary,SPIW (special purpose individual weapon),,,,vũ khí cá nhân đặc chủng; súng trường - phóng lựu SPIW,FALSE,,,img_1674.jpg,FALSE
1675,Military Dictionary,SPL (self-propelled launcher),,,,bệ phóng tên lửa tự hành,FALSE,,,img_1675.jpg,FALSE
1675,Military Dictionary,spl (special),,,,đặc biệt; chuyên môn; chuyên ngành,FALSE,,,img_1675.jpg,FALSE
1675,Military Dictionary,SPLL (self-propelled loader launcher),,,,bệ phóng trang bị máy nạp đạn tự hành,FALSE,,,img_1675.jpg,FALSE
1675,Military Dictionary,SPINTCOM (special-intelligence communications),,,,phương tiện thông tin liên lạc (cho lực lượng) đặc tình,FALSE,,,img_1675.jpg,FALSE
1675,Military Dictionary,SPM (self-propelled mount),,,,"pháo tự hành, bệ pháo tự hành; chân súng cơ động",FALSE,,,img_1675.jpg,FALSE
1675,Military Dictionary,SPM (self-propelled mortar),,,,súng cối tự hành,FALSE,,,img_1675.jpg,FALSE
1675,Military Dictionary,SPM (single point mooring),,,,neo một điểm,FALSE,,,img_1675.jpg,FALSE
1675,Military Dictionary,SPM (single port manager),,,,người quản lý cảng độc lập,FALSE,,,img_1675.jpg,FALSE
1675,Military Dictionary,SPMAGTF (special purpose Marine air-ground task force),,,,lực lượng đặc nhiệm hỗn hợp không - bộ thuỷ quân lục chiến thực hiện mục đích đặc biệt,FALSE,,,img_1675.jpg,FALSE
1675,Military Dictionary,SPO (system program office),,,,phòng chương trình hệ thống,FALSE,,,img_1675.jpg,FALSE
1675,Military Dictionary,SPOC (search and rescue (SAR) points of contact),,,,các điểm liên lạc trong hoạt động tìm kiếm và giải cứu,FALSE,,,img_1675.jpg,FALSE
1675,Military Dictionary,SPOC (space command operations center),,,,trung tâm chỉ huy tác chiến vũ trụ,FALSE,,,img_1675.jpg,FALSE
1675,Military Dictionary,SPOC (Space Operations Center (USSPACECOM)),,,,trung tâm tác chiến vũ trụ (của bộ tư lệnh vũ trụ Mỹ),FALSE,,,img_1675.jpg,FALSE
1675,Military Dictionary,SPOD (seaport of debarkation),,,,"(hq) cảng bốc dỡ hàng hóa xuống tàu; cảng xuống tàu (lực lượng, trang bị)",FALSE,,,img_1675.jpg,FALSE
1675,Military Dictionary,SPOE (seaport of embarkation),,,,"(hq) cảng bốc xếp hàng hóa lên tàu; cảng lên tàu (lực lượng, trang bị)",FALSE,,,img_1675.jpg,FALSE
1675,Military Dictionary,SPOTREP (spot report),,,,báo cáo tại chỗ,FALSE,,,img_1675.jpg,FALSE
1675,Military Dictionary,SPP (special purpose pistol),,,,súng ngắn đặc dụng,FALSE,,,img_1675.jpg,FALSE
1675,Military Dictionary,SPR; spr (solid-propellant rocket),,,,tên lửa nhiên liệu rắn; động cơ tên lửa nhiên liệu rắn,FALSE,,,img_1675.jpg,FALSE
1675,Military Dictionary,SPRA (special-purpose reconnaissance aircraft),,,,máy bay trinh sát đặc dụng,FALSE,,,img_1675.jpg,FALSE
1675,Military Dictionary,SPRINT (special psychiatric rapid intervention team),,,,đội can thiệp nhanh chứng tâm thần đặc biệt,FALSE,,,img_1675.jpg,FALSE
1675,Military Dictionary,SPS (special psychological operations (PSYOP) study),,,,nghiên cứu hoạt động chiến tranh tâm lý đặc biệt,FALSE,,,img_1675.jpg,FALSE
1675,Military Dictionary,SPS (special services),,,,ngành tổ chức nghỉ ngơi và giải trí,FALSE,,,img_1675.jpg,FALSE
1675,Military Dictionary,SPS (standard positioning service),,,,ngành định vị tiêu chuẩn,FALSE,,,img_1675.jpg,FALSE
1675,Military Dictionary,SPS (standard positioning system),,,,hệ thống định vị tiêu chuẩn,FALSE,,,img_1675.jpg,FALSE
1675,Military Dictionary,SPSC (system planning and system control),,,,sự lập kế hoạch hệ thống và kiểm soát hệ thống,FALSE,,,img_1675.jpg,FALSE
1675,Military Dictionary,spt (support),,,,sự chi viện; sự yểm trợ; sự bảo đảm,FALSE,,,img_1675.jpg,FALSE
1675,Military Dictionary,SPT arty (supporting artillery),,,,pháo binh chi viện,FALSE,,,img_1675.jpg,FALSE
1675,Military Dictionary,Spt Comd Cmdr (support command commander),,,,chỉ huy trưởng bộ chỉ huy chi viện,FALSE,,,img_1675.jpg,FALSE
1675,Military Dictionary,Spt plat (support platoon),,,,trung đội bảo đảm; trung đội thông tin liên lạc,FALSE,,,img_1675.jpg,FALSE
1675,Military Dictionary,SPTD CMD (supported command),,,,"binh đoàn được chi viện, binh đoàn được bảo đảm",FALSE,,,img_1675.jpg,FALSE
1675,Military Dictionary,SPTG CMD (supporting command),,,,bộ chỉ huy bảo đảm,FALSE,,,img_1675.jpg,FALSE
1675,Military Dictionary,SptL (support line),,,,"tuyến chiến hào thứ hai; tuyến chi viện, tuyến yểm trợ",FALSE,,,img_1675.jpg,FALSE
1675,Military Dictionary,SPV (special purpose vehicle),,,,xe chuyên dụng,FALSE,,,img_1675.jpg,FALSE
1675,Military Dictionary,SPW (self-protection weapon),,,,vũ khí tự vệ,FALSE,,,img_1675.jpg,FALSE
1675,Military Dictionary,SPWAR (special warfare),,,,biện pháp tiến hành chiến tranh đặc biệt; chiến tranh đặc biệt; tác chiến đặc biệt,FALSE,,,img_1675.jpg,FALSE
1675,Military Dictionary,SQ (super quick fuzes),,,,ngòi nổ cực nhanh,FALSE,,,img_1675.jpg,FALSE
1675,Military Dictionary,sqd (squad),,,,tiểu đội; khẩu đội; nhóm; đội,FALSE,,,img_1675.jpg,FALSE
1675,Military Dictionary,SQN; sqdn (squadron),,,,đại đội; phi đoàn thiết đoàn; tiểu đoàn (trinh sát); phi đội không quân; liên đội tàu (hải quân); đội,FALSE,,,img_1675.jpg,FALSE
1675,Military Dictionary,Sqn Ldr (squadron leader),,,,(Anh) liên đội trưởng; phi đoàn trưởng; thiết đoàn trưởng; tiểu đoàn trưởng; thiếu tá không quân,FALSE,,,img_1675.jpg,FALSE
1676,Military Dictionary,SR (secondary radar),,,,"rada thứ cấp, rada bổ trợ",FALSE,,,img_1676.jpg,FALSE
1676,Military Dictionary,sr (senior),,,,cao hơn; cấp trên; cấp cao hơn; cấp tá,FALSE,,,img_1676.jpg,FALSE
1676,Military Dictionary,SR (service record),,,,lý lịch quân nhân; tài liệu khai thác sử dụng máy,FALSE,,,img_1676.jpg,FALSE
1676,Military Dictionary,SR (short range),,,,tầm ngắn,FALSE,,,img_1676.jpg,FALSE
1676,Military Dictionary,SR (short rifle),,,,súng trường nòng ngắn,FALSE,,,img_1676.jpg,FALSE
1676,Military Dictionary,SR (solid rocket),,,,"tên lửa nhiên liệu rắn, động cơ tên lửa nhiên liệu rắn",FALSE,,,img_1676.jpg,FALSE
1676,Military Dictionary,SR (sound ranging),,,,"phép xác định nguồn âm, trinh sát âm thanh; sự định tầm bằng âm thanh",FALSE,,,img_1676.jpg,FALSE
1676,Military Dictionary,SR (special reconnaissance),,,,sự trinh sát đặc biệt,FALSE,,,img_1676.jpg,FALSE
1676,Military Dictionary,SR (special regulations),,,,"quy chế đặc biệt, nội quy đặc biệt",FALSE,,,img_1676.jpg,FALSE
1676,Military Dictionary,SR (special reserve),,,,lực lượng dự bị đặc biệt; lực lượng dự bị có ý nghĩa đặc biệt,FALSE,,,img_1676.jpg,FALSE
1676,Military Dictionary,SR (staff requirement),,,,(Anh) nhu cầu (tác chiến của cơ quan) tham mưu,FALSE,,,img_1676.jpg,FALSE
1676,Military Dictionary,SR (surveillance radar),,,,"trạm rada phát hiện mục tiêu, trạm rada quan sát đường không; trạm rada giám sát không lưu",FALSE,,,img_1676.jpg,FALSE
1676,Military Dictionary,Sr Col (senior colonel),,,,đại tá,FALSE,,,img_1676.jpg,FALSE
1676,Military Dictionary,SR-71 (U.S strategic reconnaissance aircraft),,,,máy bay trinh sát chiến lược SR-71 của Mỹ,FALSE,,,img_1676.jpg,FALSE
1676,Military Dictionary,SRA (specialized-repair activity),,,,cấp sửa chữa chuyên môn; hoạt động sửa chữa chuyên môn,FALSE,,,img_1676.jpg,FALSE
1676,Military Dictionary,SRA (surveillance & reconnaissance aircraft),,,,máy bay trinh sát và quan sát,FALSE,,,img_1676.jpg,FALSE
1676,Military Dictionary,SRA (surveillance radar approach),,,,sự tiếp cận bằng rada quan sát,FALSE,,,img_1676.jpg,FALSE
1676,Military Dictionary,SRAAM (short-range air-to-air missile),,,,tên lửa không đối không tầm gần,FALSE,,,img_1676.jpg,FALSE
1676,Military Dictionary,SRAAW (short-range anti-air weapon),,,,vũ khí phòng không tầm gần,FALSE,,,img_1676.jpg,FALSE
1676,Military Dictionary,SRAM (short-range air-to-surface attack missile),,,,"tên lửa tiến công không đối mặt (đất, biển) tầm gần",FALSE,,,img_1676.jpg,FALSE
1676,Military Dictionary,SRAM (short-range attack missile),,,,tên lửa tiến công tầm gần,FALSE,,,img_1676.jpg,FALSE
1676,Military Dictionary,SRAM (system replacement and modernization),,,,sự thay thế và hiện đại hoá hệ thống,FALSE,,,img_1676.jpg,FALSE
1676,Military Dictionary,SRARAV (senior army aviator),,,,"chuyên gia cấp cao của không quân lục quân, chuyên gia không quân cấp cao của lục quân",FALSE,,,img_1676.jpg,FALSE
1676,Military Dictionary,SRARM (short range anti-radar missile),,,,tên lửa chống rada tầm gần,FALSE,,,img_1676.jpg,FALSE
1676,Military Dictionary,SRAW (short-range anti-tank weapon),,,,vũ khí chống tăng tầm gần,FALSE,,,img_1676.jpg,FALSE
1676,Military Dictionary,SRAW (short-range assault weapon),,,,vũ khí xung kích tầm gần,FALSE,,,img_1676.jpg,FALSE
1676,Military Dictionary,SRB (solid rocket booster),,,,tên lửa tăng tốc dùng nhiên liệu rắn,FALSE,,,img_1676.jpg,FALSE
1676,Military Dictionary,SRB (system review board (JOPES)),,,,hội đồng xét duyệt hệ thống lập kế hoạch và thực hành tác chiến liên quân,FALSE,,,img_1676.jpg,FALSE
1676,Military Dictionary,SRBM (short range ballistic missile),,,,tên lửa đạn đạo tầm gần,FALSE,,,img_1676.jpg,FALSE
1676,Military Dictionary,SRBOC (super rapid blooming offboard chaff),,,,nhiễu (tiêu cực) phát tán cực nhanh ngoài boong tàu,FALSE,,,img_1676.jpg,FALSE
1676,Military Dictionary,SRC (Space Research Coorporation),,,,ủy ban nghiên cứu vũ trụ,FALSE,,,img_1676.jpg,FALSE
1676,Military Dictionary,SRC (survival recovery center),,,,(qy) trung tâm hồi sức,FALSE,,,img_1676.jpg,FALSE
1676,Military Dictionary,SRC (standard requirement code),,,,mã đơn đặt hàng thông thường,FALSE,,,img_1676.jpg,FALSE
1676,Military Dictionary,SRCR (short-range chaff rocket),,,,tên lửa phóng (rải) nhiễu (tiêu cực) tầm gần,FALSE,,,img_1676.jpg,FALSE
1676,Military Dictionary,SRF (strategic rocket forces),,,,(Nga) lực lượng tên lửa chiến lược,FALSE,,,img_1676.jpg,FALSE
1676,Military Dictionary,SRG (shell replenishment gear),,,,cơ cấu tiếp đạn (pháo),FALSE,,,img_1676.jpg,FALSE
1676,Military Dictionary,SRG (short-range aircraft),,,,máy bay hoạt động tầm gần; máy bay chiến thuật,FALSE,,,img_1676.jpg,FALSE
1676,Military Dictionary,SRGW (small range guided weapon),,,,vũ khí tầm gần có điều khiển; vũ khí chiến thuật có điều khiển,FALSE,,,img_1676.jpg,FALSE
1676,Military Dictionary,SRHIT (short-range hit-to-kill missile),,,,"tên lửa trúng diệt tầm gần, tên lửa SRHIT",FALSE,,,img_1676.jpg,FALSE
1677,Military Dictionary,SRI (Space Research Institute),,,,viện nghiên cứu vũ trụ,FALSE,,,img_1677.jpg,FALSE
1677,Military Dictionary,"SRI (surveillance, reconnaissance, and intelligence (Marine Corps))",,,,"(hoạt động) do thám, trinh sát và tình báo (thuỷ quân lục chiến)",FALSE,,,img_1677.jpg,FALSE
1677,Military Dictionary,"SRIG (surveillance, reconnaissance, and intelligence group (USMC))",,,,"cụm do thám, trinh sát và tình báo (thuỷ quân lục chiến Mỹ)",FALSE,,,img_1677.jpg,FALSE
1677,Military Dictionary,SRM (short-range missile),,,,tên lửa tầm gần,FALSE,,,img_1677.jpg,FALSE
1677,Military Dictionary,SRM (strategic reconnaissance missile),,,,tên lửa trinh sát chiến lược,FALSE,,,img_1677.jpg,FALSE
1677,Military Dictionary,SRO (senior ranking officer),,,,sĩ quan cấp tá,FALSE,,,img_1677.jpg,FALSE
1677,Military Dictionary,SROC (Senior Readiness Oversight Council),,,,hội đồng thanh sát trạng thái sẵn sàng chiến đấu cao cấp,FALSE,,,img_1677.jpg,FALSE
1677,Military Dictionary,"SROC (Southern Region Operational Center, United States Southern Command)",,,,trung tâm tác chiến khu vực phía Nam thuộc bộ tư lệnh miền Nam của Mỹ,FALSE,,,img_1677.jpg,FALSE
1677,Military Dictionary,SROE (standing rules of engagement),,,,các điều luật tham chiến hiện hành (của lực lượng gìn giữ hòa bình quốc tế),FALSE,,,img_1677.jpg,FALSE
1677,Military Dictionary,SRP (Sealift Readiness Program),,,,kế hoạch sẵn sàng thiết lập cầu vận tải đường biển,FALSE,,,img_1677.jpg,FALSE
1677,Military Dictionary,SRP (sealift reserve program),,,,chương trình dự bị cầu vận tải đường biển,FALSE,,,img_1677.jpg,FALSE
1677,Military Dictionary,SRP (seaward recovery point),,,,điểm thu hồi hướng ra biển,FALSE,,,img_1677.jpg,FALSE
1677,Military Dictionary,SRP (Single Integrated Operational Plan (SIOP) reconnaissance plan),,,,kế hoạch trinh sát trong kế hoạch tác chiến hợp nhất,FALSE,,,img_1677.jpg,FALSE
1677,Military Dictionary,SRP/PDS (stabilization reference package/position determining system),,,,hệ mốc (chuẩn) ổn định thuộc hệ thống định vị,FALSE,,,img_1677.jpg,FALSE
1677,Military Dictionary,SRR (search and rescue region),,,,vùng tìm kiếm và giải cứu,FALSE,,,img_1677.jpg,FALSE
1677,Military Dictionary,SRS (search and rescue sector),,,,khu vực tìm kiếm và giải cứu,FALSE,,,img_1677.jpg,FALSE
1677,Military Dictionary,SRS (sonobuoy reference system),,,,hệ thống định vị bằng phao vô tuyến thủy âm,FALSE,,,img_1677.jpg,FALSE
1677,Military Dictionary,SRSG (special representative to the Secretary-General),,,,đại diện đặc biệt được phái đến tổng thư ký,FALSE,,,img_1677.jpg,FALSE
1677,Military Dictionary,SRT (scheduled return time),,,,thời gian trở về theo kế hoạch,FALSE,,,img_1677.jpg,FALSE
1677,Military Dictionary,SRT (special reaction team),,,,đội phản ứng đặc biệt,FALSE,,,img_1677.jpg,FALSE
1677,Military Dictionary,SRT (standard remote terminal),,,,trạm thông tin liên lạc đầu cuối điều khiển từ xa tiêu chuẩn,FALSE,,,img_1677.jpg,FALSE
1677,Military Dictionary,SRT (strategic relocatable target),,,,mục tiêu chiến lược di động,FALSE,,,img_1677.jpg,FALSE
1677,Military Dictionary,SRTD (signals research and target development),,,,nghiên cứu thông tin liên lạc và phát triển mục tiêu,FALSE,,,img_1677.jpg,FALSE
1677,Military Dictionary,SRTS (short-range thermal sight),,,,kính ngắm nhiệt tầm gần; máy ngắm hồng ngoại tầm gần,FALSE,,,img_1677.jpg,FALSE
1677,Military Dictionary,SRU (search and rescue unit),,,,đơn vị tìm kiếm và giải cứu; khối tìm cứu (trang bị),FALSE,,,img_1677.jpg,FALSE
1677,Military Dictionary,SR-UAV (short-range unmanned aerial vehicle),,,,máy bay không người lái tầm gần,FALSE,,,img_1677.jpg,FALSE
1677,Military Dictionary,SRV (submarine research vehicle),,,,tàu nghiên cứu ngầm (dưới nước),FALSE,,,img_1677.jpg,FALSE
1677,Military Dictionary,SRWBR (short range wide band radio),,,,đài vô tuyến băng rộng tầm ngắn,FALSE,,,img_1677.jpg,FALSE
1677,Military Dictionary,SS (screw steamship),,,,tàu thủy có chân vịt,FALSE,,,img_1677.jpg,FALSE
1677,Military Dictionary,SS (security service),,,,ngành an ninh; công tác bảo đảm an toàn,FALSE,,,img_1677.jpg,FALSE
1677,Military Dictionary,SS (Signal Service),,,,ngành thông tin liên lạc,FALSE,,,img_1677.jpg,FALSE
1677,Military Dictionary,SS (Silver Star Medal),,,,"huy chương ""Sao bạc""",FALSE,,,img_1677.jpg,FALSE
1677,Military Dictionary,SS (special staff),,,,ban tham mưu tác chiến đặc biệt; bộ phận tham mưu tác chiến đặc biệt (thuộc bộ tham mưu quân đoàn),FALSE,,,img_1677.jpg,FALSE
1677,Military Dictionary,SS (submarine),,,,tàu ngầm,FALSE,,,img_1677.jpg,FALSE
1677,Military Dictionary,SS (surface-to-surface),,,,"(tên lửa) mặt (đất, biển) đối mặt (đất, biển)",FALSE,,,img_1677.jpg,FALSE
1677,Military Dictionary,SS (surveillance station),,,,trạm quan sát; trạm quan sát phát hiện mục tiêu; trạm kiểm soát không lưu,FALSE,,,img_1677.jpg,FALSE
1677,Military Dictionary,SS(C/I) (submarine (coastal/inshore)),,,,tàu ngầm (bờ biển hoặc gần bờ),FALSE,,,img_1677.jpg,FALSE
1678,Military Dictionary,SS; ss (supersonic),,,,"siêu âm, siêu thanh",FALSE,,,img_1678.jpg,FALSE
1678,Military Dictionary,SSA (software support activity),,,,cơ quan bảo đảm phần mềm; hoạt động bảo đảm phần mềm,FALSE,,,img_1678.jpg,FALSE
1678,Military Dictionary,SSA (special spaced armor),,,,giáp nhiều tầng đặc dụng (xe tăng),FALSE,,,img_1678.jpg,FALSE
1678,Military Dictionary,SSA (special support activity (NSA)),,,,tổ chức hỗ trợ đặc biệt; hoạt động hỗ trợ đặc biệt (cơ quan an ninh quốc gia),FALSE,,,img_1678.jpg,FALSE
1678,Military Dictionary,SSA (strapdown sensor assembly),,,,"tổ hợp xenxơ rải trên địa hình ""cây nhiệt đới""",FALSE,,,img_1678.jpg,FALSE
1678,Military Dictionary,SSA (supply support activity),,,,cơ quan bảo đảm hậu cần - kỹ thuật; hoạt động cung cấp hậu cần - kỹ thuật,FALSE,,,img_1678.jpg,FALSE
1678,Military Dictionary,SSA (supply support area),,,,khu vực bảo đảm hậu cần - kỹ thuật,FALSE,,,img_1678.jpg,FALSE
1678,Military Dictionary,SSAN (auxiliary nuclear powered submarine),,,,tàu ngầm (có động cơ) hạt nhân hỗ trợ,FALSE,,,img_1678.jpg,FALSE
1678,Military Dictionary,SSATDS (surface ship anti-torpedo defence system),,,,hệ thống phòng chống ngư lôi (dùng cho) tàu nổi,FALSE,,,img_1678.jpg,FALSE
1678,Military Dictionary,SSB (conventional-powered ballistic missile submarine),,,,tàu ngầm (có động cơ) thông thường mang tên lửa đạn đạo,FALSE,,,img_1678.jpg,FALSE
1678,Military Dictionary,SSB (single-sideband (radio)),,,,băng sóng đơn biên,FALSE,,,img_1678.jpg,FALSE
1678,Military Dictionary,SSB (surveillance support branch),,,,ngành bảo đảm quan sát,FALSE,,,img_1678.jpg,FALSE
1678,Military Dictionary,SSB (ballistic-missile submarine),,,,tàu ngầm trang bị tên lửa đạn đạo,FALSE,,,img_1678.jpg,FALSE
1678,Military Dictionary,SSB xmsn (single-sideband transmission),,,,sự truyền sóng băng đơn biên,FALSE,,,img_1678.jpg,FALSE
1678,Military Dictionary,SSBN (fleet ballistic missile submarine),,,,tàu ngầm trang bị tên lửa đạn đạo của hạm đội,FALSE,,,img_1678.jpg,FALSE
1678,Military Dictionary,SSBN (nuclear-powered ballistic missile submarine),,,,tàu ngầm (có động cơ) hạt nhân mang tên lửa đạn đạo,FALSE,,,img_1678.jpg,FALSE
1678,Military Dictionary,SSBS (surface-to-surface strategic ballistic missile system),,,,tổ hợp tên lửa đạn đạo chiến lược đất đối đất; tổ hợp tên lửa đạn đạo chiến lược hạm đối hạm,FALSE,,,img_1678.jpg,FALSE
1678,Military Dictionary,SSB-SC (single side band-suppressed carrier),,,,sóng mang băng đơn biên nén,FALSE,,,img_1678.jpg,FALSE
1678,Military Dictionary,SSC (small scale contingency),,,,tình trạng khẩn cấp quy mô nhỏ,FALSE,,,img_1678.jpg,FALSE
1678,Military Dictionary,SSC (surveillance support center),,,,trung tâm bảo đảm do thám,FALSE,,,img_1678.jpg,FALSE
1678,Military Dictionary,SSC(omm) (short service commisson),,,,quân hàm sĩ quan tạm thời; quân hàm sĩ quan chuyển tiếp (thời hạn ngắn),FALSE,,,img_1678.jpg,FALSE
1678,Military Dictionary,SSCRA (Soldiers and Sailors Civil Relief Act),,,,luật cứu trợ dân sự đối với binh lính và thuỷ thủ,FALSE,,,img_1678.jpg,FALSE
1678,Military Dictionary,SSDE/SSE (submerged signal and decoy ejector),,,,thiết bị nửa nổi (nửa chìm) phát tín hiệu và phóng mồi bẫy,FALSE,,,img_1678.jpg,FALSE
1678,Military Dictionary,SSDS (ship self-defence system),,,,hệ thống tự vệ trên tàu,FALSE,,,img_1678.jpg,FALSE
1678,Military Dictionary,SSF (software support facility),,,,phương tiện bảo đảm phần mềm,FALSE,,,img_1678.jpg,FALSE
1678,Military Dictionary,SSG (guided missile submarine),,,,tàu ngầm trang bị tên lửa có điều khiển (ký hiệu),FALSE,,,img_1678.jpg,FALSE
1678,Military Dictionary,SSG (single shot gun),,,,súng bắn phát một,FALSE,,,img_1678.jpg,FALSE
1678,Military Dictionary,SSGN (nuclear-powered cruise missile submarine),,,,tàu ngầm (có động cơ) hạt nhân trang bị tên lửa hành trình,FALSE,,,img_1678.jpg,FALSE
1678,Military Dictionary,SSGN (SSN with dedicated nonballistic missile launchers),,,,tàu ngầm được trang bị các bệ phóng tên lửa phi đạn đạo chuyên dụng (ký hiệu),FALSE,,,img_1678.jpg,FALSE
1678,Military Dictionary,"SSGT, SSgt (staff sergeant)",,,,trung sĩ tham mưu,FALSE,,,img_1678.jpg,FALSE
1678,Military Dictionary,SSGW (surface-to-surface guided weapon),,,,tên lửa có điều khiển đất đối đất; tên lửa có điều khiển hạm đối hạm,FALSE,,,img_1678.jpg,FALSE
1678,Military Dictionary,SSI (shoulder sleeve insignia),,,,phù hiệu tay áo,FALSE,,,img_1678.jpg,FALSE
1678,Military Dictionary,SSI (standing signal instruction),,,,chỉ lệnh thông tin liên lạc hiện hành,FALSE,,,img_1678.jpg,FALSE
1678,Military Dictionary,SSK (single shot kill),,,,tiêu diệt bằng một phát bắn,FALSE,,,img_1678.jpg,FALSE
1678,Military Dictionary,SSKP (single shot kill probability),,,,xác suất tiêu diệt mục tiêu bằng một phát bắn; xác suất tiêu diệt bằng một quả tên lửa,FALSE,,,img_1678.jpg,FALSE
1679,Military Dictionary,SSM (sea-skimmer missile),,,,tên lửa bay sát mặt biển,FALSE,,,img_1679.jpg,FALSE
1679,Military Dictionary,SSM (surface-to-surface missile),,,,"tên lửa đất đối đất; tên lửa hạm đối hạm; tên lửa mặt (đất, biển) đối mặt (đất, biển)",FALSE,,,img_1679.jpg,FALSE
1679,Military Dictionary,SSMI (special sensor microwave imager),,,,máy phát hình ảnh vi sóng siêu nhạy,FALSE,,,img_1679.jpg,FALSE
1679,Military Dictionary,SSMS (single shelter message switch),,,,tổng đài điện báo đặt trong một hầm,FALSE,,,img_1679.jpg,FALSE
1679,Military Dictionary,"SSN (attack submarine, nuclear)",,,,(ký hiệu) tàu ngầm tiến công chạy bằng năng lượng hạt nhân,FALSE,,,img_1679.jpg,FALSE
1679,Military Dictionary,SSN (nuclear-fuelled submarine),,,,(ký hiệu) tàu ngầm chạy bằng năng lượng hạt nhân,FALSE,,,img_1679.jpg,FALSE
1679,Military Dictionary,SSN (nuclear-powered attack submarine),,,,tàu ngầm tiến công chạy bằng năng lượng hạt nhân,FALSE,,,img_1679.jpg,FALSE
1679,Military Dictionary,SSN (nuclear-powered submarine),,,,"tàu ngầm nguyên tử, tàu ngầm bằng động cơ nguyên tử",FALSE,,,img_1679.jpg,FALSE
1679,Military Dictionary,SSN (Social Security number),,,,số hiệu an ninh xã hội,FALSE,,,img_1679.jpg,FALSE
1679,Military Dictionary,SSN (space surveillance network),,,,mạng do thám vũ trụ,FALSE,,,img_1679.jpg,FALSE
1679,Military Dictionary,SS-N (surface-to-surface (navy)),,,,(tên lửa) hạm đối hạm (của hải quân); (tên lửa) hạm đối đất (của hải quân),FALSE,,,img_1679.jpg,FALSE
1679,Military Dictionary,SSO (special security officer),,,,sĩ quan an ninh đặc biệt,FALSE,,,img_1679.jpg,FALSE
1679,Military Dictionary,SSO (spot security office),,,,phòng bảo vệ - an ninh tại chỗ,FALSE,,,img_1679.jpg,FALSE
1679,Military Dictionary,SSO (system security officer),,,,sĩ quan bảo mật hệ thống (mật mã),FALSE,,,img_1679.jpg,FALSE
1679,Military Dictionary,SSP (signals intelligence (SIGINT) support plan),,,,kế hoạch bảo đảm tình báo thông tin liên lạc,FALSE,,,img_1679.jpg,FALSE
1679,Military Dictionary,SSP (single shot probability),,,,xác suất tiêu diệt mục tiêu bằng một quả bom; xác suất tiêu diệt mục tiêu bằng một viên đạn,FALSE,,,img_1679.jpg,FALSE
1679,Military Dictionary,SSPO (strategic systems program office),,,,văn phòng chương trình các hệ thống chiến lược,FALSE,,,img_1679.jpg,FALSE
1679,Military Dictionary,SSR (secondary surveillance radar),,,,rada quan sát thứ yếu; rada phát hiện mục tiêu bổ trợ,FALSE,,,img_1679.jpg,FALSE
1679,Military Dictionary,SSS (Selective Service System),,,,hệ thống bảo đảm dành cho tác chiến,FALSE,,,img_1679.jpg,FALSE
1679,Military Dictionary,SSS (shelter subsystem),,,,hệ thống hầm trú ẩn phụ,FALSE,,,img_1679.jpg,FALSE
1679,Military Dictionary,SSS (strategic satellite system),,,,"tổ hợp vệ tinh chiến lược, hệ thống vệ tinh chiến lược",FALSE,,,img_1679.jpg,FALSE
1679,Military Dictionary,SSSC (self-service supply center),,,,trung tâm tiếp tế (bằng phương pháp cấp phát) tự phục vụ,FALSE,,,img_1679.jpg,FALSE
1679,Military Dictionary,"SSSC (surface, subsurface search surveillance coordination)",,,,sự phối hợp trinh thám tìm kiếm trên mặt biển và sâu dưới nước,FALSE,,,img_1679.jpg,FALSE
1679,Military Dictionary,SST (supersonic transport),,,,phương tiện vận chuyển siêu âm; máy bay vận tải siêu âm,FALSE,,,img_1679.jpg,FALSE
1679,Military Dictionary,SST (space support team),,,,đội chi viện tác chiến vũ trụ; đội bảo đảm tác chiến vũ trụ,FALSE,,,img_1679.jpg,FALSE
1679,Military Dictionary,SST (special surface target),,,,(ngư lôi) tiêu diệt mục tiêu nổi đặc dụng,FALSE,,,img_1679.jpg,FALSE
1679,Military Dictionary,SSTD (surface ship torpedo defence),,,,(trang bị) phòng chống ngư lôi trên tàu nổi,FALSE,,,img_1679.jpg,FALSE
1679,Military Dictionary,SSTOL (super-short/ supersonic & short take-off & landing),,,,(máy bay) cất hạ cánh đường băng ngắn và siêu ngắn / siêu âm,FALSE,,,img_1679.jpg,FALSE
1679,Military Dictionary,SSURADS (shipboard surveillance radar system),,,,hệ thống rada giám sát (đặt) trên hạm tàu,FALSE,,,img_1679.jpg,FALSE
1679,Military Dictionary,SSVC (Selective Service),,,,ban tuyển chọn,FALSE,,,img_1679.jpg,FALSE
1679,Military Dictionary,ST (shipping ticket),,,,"đơn vận chuyển hàng theo tàu biển, vận đơn đường biển",FALSE,,,img_1679.jpg,FALSE
1679,Military Dictionary,St (staff),,,,"cơ quan tham mưu, bộ tham mưu",FALSE,,,img_1679.jpg,FALSE
1679,Military Dictionary,ST (starting time),,,,thời gian bắt đầu tiến công; thời gian bắt đầu cơ động,FALSE,,,img_1679.jpg,FALSE
1679,Military Dictionary,st (static thrust),,,,lực đẩy tĩnh,FALSE,,,img_1679.jpg,FALSE
1679,Military Dictionary,ST (strategic transport),,,,vận tải đường không chiến lược,FALSE,,,img_1679.jpg,FALSE
1680,Military Dictionary,ST (strike team),,,,đội đột kích; đội xung kích,FALSE,,,img_1680.jpg,FALSE
1680,Military Dictionary,ST (supply and transport),,,,"sự tiếp tế và vận tải; ngành tiếp vận, ngành tiếp tế và vận tải",FALSE,,,img_1680.jpg,FALSE
1680,Military Dictionary,ST (support tank),,,,xe tăng chi viện,FALSE,,,img_1680.jpg,FALSE
1680,Military Dictionary,ST (Service Test),,,,sự thử nghiệm trong quân sự; sự thử thách trong quân đội,FALSE,,,img_1680.jpg,FALSE
1680,Military Dictionary,ST&E (security test and evaluation),,,,sự kiểm tra và đánh giá an ninh; sự kiểm tra và đánh giá kết quả hoạt động bảo đảm bí mật,FALSE,,,img_1680.jpg,FALSE
1680,Military Dictionary,STA (shell transfer arm),,,,(pháo) cần tống đạn,FALSE,,,img_1680.jpg,FALSE
1680,Military Dictionary,STA; sta (station),,,,trạm; đài; đồn binh; doanh trại,FALSE,,,img_1680.jpg,FALSE
1680,Military Dictionary,Sta F (stabiliser fin),,,,cánh đuôi máy bay; bộ ổn định bằng cánh đuôi,FALSE,,,img_1680.jpg,FALSE
1680,Military Dictionary,STAB (space tactical awareness brief),,,,thông báo ngắn về nhận thức chiến thuật vũ trụ,FALSE,,,img_1680.jpg,FALSE
1680,Military Dictionary,STAFF (smart target activated fire&forget),,,,(phương thức) bắn và quên tinh khôn (kiểu) kích hoạt nhờ mục tiêu,FALSE,,,img_1680.jpg,FALSE
1680,Military Dictionary,STAFF (smart top attack fire&forget),,,,(phương thức) bắn và quên tinh khôn (kiểu) bổ thượng (tăng thiết giáp),FALSE,,,img_1680.jpg,FALSE
1680,Military Dictionary,STAG (United States army Strategy and Tactics Analysis Group),,,,nhóm phân tích chiến lược và chiến thuật của lục quân Mỹ,FALSE,,,img_1680.jpg,FALSE
1680,Military Dictionary,STAMIS (standard army management information system),,,,hệ thống tin học quản lý lục quân tiêu chuẩn,FALSE,,,img_1680.jpg,FALSE
1680,Military Dictionary,STAMMIS (standard army multi-command management information system),,,,hệ thống tin học quản lý chỉ huy nhiều cấp tiêu chuẩn của lục quân,FALSE,,,img_1680.jpg,FALSE
1680,Military Dictionary,STANAG (Standardization Agreement),,,,hiệp định về tiêu chuẩn hoá (của liên quân NATO),FALSE,,,img_1680.jpg,FALSE
1680,Military Dictionary,"STANAVFORLANT (Standing Naval Forces, Atlantic (NATO))",,,,các lực lượng hải quân thường trực ở Đại Tây Dương của liên quân NATO,FALSE,,,img_1680.jpg,FALSE
1680,Military Dictionary,STANAVFORMIN (Standing Naval Forces Minesweepers (NATO)),,,,các lực lượng hải quân rà phá thuỷ lôi thường trực của liên quân NATO,FALSE,,,img_1680.jpg,FALSE
1680,Military Dictionary,STAR (scheduled theater airlift route),,,,đường bay theo kế hoạch của cầu vận tải hàng không chiến trường,FALSE,,,img_1680.jpg,FALSE
1680,Military Dictionary,STAR (self-testing and repairing),,,,tự thử nghiệm và sửa chữa,FALSE,,,img_1680.jpg,FALSE
1680,Military Dictionary,STAR (standard attribute reference),,,,tham chiếu thuộc tính tiêu chuẩn,FALSE,,,img_1680.jpg,FALSE
1680,Military Dictionary,STAR (standard terminal arrival route),,,,lộ trình đến trạm đầu cuối tiêu chuẩn; (kq) đường bay đến sân bay hạ cánh tiêu chuẩn (cuối lộ trình bay),FALSE,,,img_1680.jpg,FALSE
1680,Military Dictionary,STAR (surface-to-air recovery),,,,sự hỗ trợ bay từ mặt đất,FALSE,,,img_1680.jpg,FALSE
1680,Military Dictionary,STAR (system threat assessment report),,,,bản báo cáo kết quả đánh giá về mối đe doạ đối với hệ thống,FALSE,,,img_1680.jpg,FALSE
1680,Military Dictionary,STARCOM (Strategic Army Communications System),,,,hệ thống thông tin liên lạc lục quân chiến lược,FALSE,,,img_1680.jpg,FALSE
1680,Military Dictionary,START (strategic arms reduction talks),,,,cuộc đàm phán về cắt giảm vũ khí chiến lược,FALSE,,,img_1680.jpg,FALSE
1680,Military Dictionary,START (Strategic Arms Reduction Treaty),,,,hiệp ước về cắt giảm vũ khí chiến lược,FALSE,,,img_1680.jpg,FALSE
1680,Military Dictionary,STARTEX (start of exercise),,,,sự mở đầu cuộc diễn tập,FALSE,,,img_1680.jpg,FALSE
1680,Military Dictionary,STARTLE (Surveillance and Target Acquisition Radar for Tank Location and Engagement (US)),,,,rada trinh sát và định vị mục tiêu phục vụ triển khai xe tăng và tham chiến (Mỹ),FALSE,,,img_1680.jpg,FALSE
1680,Military Dictionary,STAT (statistical),,,,(thuộc) thống kê,FALSE,,,img_1680.jpg,FALSE
1680,Military Dictionary,STATREP (unit) (situation status report),,,,báo cáo (của phân đội) về tình hình,FALSE,,,img_1680.jpg,FALSE
1681,Military Dictionary,stby (standby),,,,trạng thái sẵn sàng chiến đấu,FALSE,,,img_1681.jpg,FALSE
1681,Military Dictionary,STC (Satellite Test Center),,,,trung tâm thử nghiệm vệ tinh,FALSE,,,img_1681.jpg,FALSE
1681,Military Dictionary,STC (Satellite Tracking Committee),,,,ủy ban theo dõi đường bay của vệ tinh,FALSE,,,img_1681.jpg,FALSE
1681,Military Dictionary,STC (secondary traffic channel),,,,kênh thông tin liên lạc thứ yếu,FALSE,,,img_1681.jpg,FALSE
1681,Military Dictionary,STC (support tank command),,,,bộ tư lệnh xe tăng chi viện,FALSE,,,img_1681.jpg,FALSE
1681,Military Dictionary,"STD, std (standard)",,,,tiêu chuẩn,FALSE,,,img_1681.jpg,FALSE
1681,Military Dictionary,STDM (synchronous time division multiplexer),,,,bộ nén dữ liệu thông tin bộ phận đồng tốc thời gian,FALSE,,,img_1681.jpg,FALSE
1681,Military Dictionary,STEL (STU III Standford telecommunications),,,,tổ hợp điện thoại an toàn thông tin liên lạc mật Standford III,FALSE,,,img_1681.jpg,FALSE
1681,Military Dictionary,STEP (software test and evaluation program),,,,chương trình thử nghiệm và đánh giá phần mềm,FALSE,,,img_1681.jpg,FALSE
1681,Military Dictionary,STEP (standard tactical entry point),,,,(kq) điểm tiếp cận mục tiêu chiến đấu tiêu chuẩn,FALSE,,,img_1681.jpg,FALSE
1681,Military Dictionary,STEP (standard tool for employment planning),,,,công cụ lập kế hoạch sử dụng,FALSE,,,img_1681.jpg,FALSE
1681,Military Dictionary,stf (staff),,,,"bộ tham mưu, cơ quan tham mưu",FALSE,,,img_1681.jpg,FALSE
1681,Military Dictionary,stf est (staff estimate),,,,sự đánh giá của cơ quan tham mưu,FALSE,,,img_1681.jpg,FALSE
1681,Military Dictionary,stf sec (staff section),,,,bộ phận tham mưu; phân đội tham mưu,FALSE,,,img_1681.jpg,FALSE
1681,Military Dictionary,STGAR (staging area),,,,"khu vực tập trung quân (trước khi lên tàu hay máy bay), khu tập kết",FALSE,,,img_1681.jpg,FALSE
1681,Military Dictionary,STGB (staging base),,,,căn cứ tập trung; căn cứ không quân trung gian; sân bay tiền phương,FALSE,,,img_1681.jpg,FALSE
1681,Military Dictionary,STGT; STgt (secondary target),,,,mục tiêu bổ sung; mục tiêu (tiêu diệt bằng loạt bắn) tiếp theo; mục tiêu thứ yếu,FALSE,,,img_1681.jpg,FALSE
1681,Military Dictionary,STIC (Scientific and Technical Intelligence Center),,,,trung tâm tình báo khoa học và kỹ thuật,FALSE,,,img_1681.jpg,FALSE
1681,Military Dictionary,STICS (scalable transportable intelligence communications system),,,,tổ hợp phương tiện thông tin liên lạc tình báo tháo lắp và vận chuyển được,FALSE,,,img_1681.jpg,FALSE
1681,Military Dictionary,"STINFO, stinfo (scientific and technical information activities)",,,,thông tin khoa học và kỹ thuật,FALSE,,,img_1681.jpg,FALSE
1681,Military Dictionary,STIT (signal technical intelligence team),,,,đội tình báo bằng phương tiện thông tin,FALSE,,,img_1681.jpg,FALSE
1681,Military Dictionary,stlr (semitrailer),,,,romoóc một cầu; xe bán romoóc,FALSE,,,img_1681.jpg,FALSE
1681,Military Dictionary,STIR (surveillance and target indicator radar),,,,rada giám sát và chỉ thị mục tiêu,FALSE,,,img_1681.jpg,FALSE
1681,Military Dictionary,STM (supersonic tactical missile),,,,tên lửa chiến thuật siêu âm cao,FALSE,,,img_1681.jpg,FALSE
1681,Military Dictionary,stn (station),,,,trạm; đài; đồn trú; doanh trại,FALSE,,,img_1681.jpg,FALSE
1681,Military Dictionary,STO (short take-off),,,,(máy bay) cất cánh đường băng ngắn,FALSE,,,img_1681.jpg,FALSE
1681,Military Dictionary,STO (special technical operations),,,,tác chiến kỹ thuật đặc biệt,FALSE,,,img_1681.jpg,FALSE
1681,Military Dictionary,STOAL (short take-off & arrested landing),,,,(máy bay) cất cánh đường băng ngắn và hạ cánh hãm đà,FALSE,,,img_1681.jpg,FALSE
1681,Military Dictionary,STOC (special technical operations coordinator),,,,sĩ quan hiệp đồng tác chiến kỹ thuật đặc biệt,FALSE,,,img_1681.jpg,FALSE
1681,Military Dictionary,STOD (special technical operations division),,,,bộ phận tác chiến kỹ thuật đặc biệt,FALSE,,,img_1681.jpg,FALSE
1681,Military Dictionary,STOL; stol (short take-off and landing),,,,sự cất hạ cánh trên đường băng ngắn,FALSE,,,img_1681.jpg,FALSE
1681,Military Dictionary,STOL plane (short take-off and landing plane),,,,máy bay cất hạ cánh trên đường băng ngắn,FALSE,,,img_1681.jpg,FALSE
1681,Military Dictionary,STOMPS (stand-alone tactical operational message processing system),,,,hệ thống thu phát điện tín tác chiến độc lập,FALSE,,,img_1681.jpg,FALSE
1681,Military Dictionary,STON (short ton),,,,tấn Mỹ (2.000 pao hay 907kg),FALSE,,,img_1681.jpg,FALSE
1681,Military Dictionary,STOR (storage),,,,kho hàng; lượng dự trữ,FALSE,,,img_1681.jpg,FALSE
1681,Military Dictionary,STORM (sensored tactical off-road mine),,,,mìn cảm biến (bố trí) ngoài vệt đi,FALSE,,,img_1681.jpg,FALSE
1682,Military Dictionary,"STORMS (sense, tank off-route mine system)",,,,tổ hợp mìn chống tăng cảm biến (bố trí) ngoài vệt đi,FALSE,,,img_1682.jpg,FALSE
1682,Military Dictionary,STOVL (short takeoff and vertical landing aircraft),,,,máy bay cất cánh trên đường băng ngắn và hạ cánh thẳng đứng,FALSE,,,img_1682.jpg,FALSE
1682,Military Dictionary,STP (security technical procedure),,,,thủ tục an ninh kỹ thuật; quy trình bảo đảm bí mật hoạt động của các phương tiện kỹ thuật,FALSE,,,img_1682.jpg,FALSE
1682,Military Dictionary,str (strength),,,,lực lượng; quân số,FALSE,,,img_1682.jpg,FALSE
1682,Military Dictionary,STR (synchronous transmitter-receiver),,,,máy thu - phát đồng bộ,FALSE,,,img_1682.jpg,FALSE
1682,Military Dictionary,STRAC (Strategic Army Corps),,,,quân đoàn lục quân chiến lược; quân đoàn lục quân có ý nghĩa chiến lược,FALSE,,,img_1682.jpg,FALSE
1682,Military Dictionary,STRAF (Strategic Army Forces),,,,"lực lượng lục quân chiến lược, lực lượng lục quân có ý nghĩa chiến lược",FALSE,,,img_1682.jpg,FALSE
1682,Military Dictionary,strag (straggler),,,,quân nhân rớt lại sau đơn vị,FALSE,,,img_1682.jpg,FALSE
1682,Military Dictionary,STRAGL (straggler line),,,,tuyến trạm tập hợp quân nhân rớt lại sau đơn vị; tuyến trạm thu dung quân nhân lạc đơn vị,FALSE,,,img_1682.jpg,FALSE
1682,Military Dictionary,STRAT; strat (strategic),,,,(thuộc) chiến lược,FALSE,,,img_1682.jpg,FALSE
1682,Military Dictionary,STRAT INTEL (strategic intelligence),,,,tình báo chiến lược; tin tức tình báo chiến lược,FALSE,,,img_1682.jpg,FALSE
1682,Military Dictionary,STRATCOM (Strategic Communications Command),,,,bộ tư lệnh thông tin liên lạc chiến lược,FALSE,,,img_1682.jpg,FALSE
1682,Military Dictionary,STRATLAT (strategic liaison team),,,,nhóm thông tin liên lạc chiến lược,FALSE,,,img_1682.jpg,FALSE
1682,Military Dictionary,STRATOPS (strategic operations division),,,,"cục tác chiến chiến lược, cơ quan tác chiến chiến lược",FALSE,,,img_1682.jpg,FALSE
1682,Military Dictionary,STRC (Science and Technology Research Center),,,,trung tâm nghiên cứu khoa học và công nghệ,FALSE,,,img_1682.jpg,FALSE
1682,Military Dictionary,STREAM (standard tensioned replenishment alongside method),,,,phương pháp tiếp tế hậu cần tiêu chuẩn trải dọc theo đơn vị được cung cấp,FALSE,,,img_1682.jpg,FALSE
1682,Military Dictionary,STRICOM (Strike Command),,,,bộ tư lệnh đột kích; binh đoàn xung kích,FALSE,,,img_1682.jpg,FALSE
1682,Military Dictionary,"STRIKFLTLANT (Striking Fleet, Atlantic Command (NATO))",,,,hạm đội đột kích của bộ tư lệnh Đại Tây Dương thuộc liên quân NATO,FALSE,,,img_1682.jpg,FALSE
1682,Military Dictionary,STS (space track system),,,,hệ thống theo dõi mục tiêu di động trên vũ trụ,FALSE,,,img_1682.jpg,FALSE
1682,Military Dictionary,STS (space transportation system),,,,hệ thống giao thông (trên) vũ trụ,FALSE,,,img_1682.jpg,FALSE
1682,Military Dictionary,STS (special tactics squadron),,,,liên đoàn chiến thuật đặc biệt,FALSE,,,img_1682.jpg,FALSE
1682,Military Dictionary,STT (short-time test),,,,sự thử nghiệm trong thời gian ngắn,FALSE,,,img_1682.jpg,FALSE
1682,Military Dictionary,STT (special tactics team),,,,đội tác chiến chiến thuật đặc biệt,FALSE,,,img_1682.jpg,FALSE
1682,Military Dictionary,STU (secure telephone unit),,,,tổ hợp điện thoại bí mật an toàn,FALSE,,,img_1682.jpg,FALSE
1682,Military Dictionary,STU (special training unit),,,,đơn vị huấn luyện chuyên ngành; phân đội huấn luyện chuyên môn,FALSE,,,img_1682.jpg,FALSE
1682,Military Dictionary,STU (student),,,,học viên (sĩ quan); người nghe,FALSE,,,img_1682.jpg,FALSE
1682,Military Dictionary,STU-III (secure telephone unit III),,,,tổ hợp điện thoại bí mật an toàn III,FALSE,,,img_1682.jpg,FALSE
1682,Military Dictionary,STW (strike warfare),,,,chiến tranh đột kích; tác chiến đột kích,FALSE,,,img_1682.jpg,FALSE
1682,Military Dictionary,STWC (strike warfare commander),,,,tư lệnh (trưởng) tác chiến đột kích; chỉ huy trưởng tác chiến đột kích,FALSE,,,img_1682.jpg,FALSE
1682,Military Dictionary,STWS (shipborne torpedo weapon system),,,,tổ hợp vũ khí ngư lôi trên hạm tàu,FALSE,,,img_1682.jpg,FALSE
1682,Military Dictionary,STX (start of text),,,,sự mở đầu văn bản,FALSE,,,img_1682.jpg,FALSE
1682,Military Dictionary,SU (search unit),,,,đơn vị tìm kiếm,FALSE,,,img_1682.jpg,FALSE
1682,Military Dictionary,SU (senior umpire),,,,trọng tài quân sự cấp trên; sĩ quan đạo diễn tình huống diễn tập quân sự trên một cấp,FALSE,,,img_1682.jpg,FALSE
1682,Military Dictionary,SU; S/U (surface-to-underwater),,,,đất đối ngầm; tàu nổi đối ngầm,FALSE,,,img_1682.jpg,FALSE
1682,Military Dictionary,SUA Convention (Convention for the Suppression of Unlawful Acts),,,,công ước Liên hiệp quốc về trấn áp các hành động bất hợp pháp,FALSE,,,img_1682.jpg,FALSE
