source_page,dictionary_name,word,phonetic,part_of_speech_raw,part_of_speech_code,meaning_vi,is_subentry,example_en,example_vi,image_path,reviewed
1533,Military Dictionary,JFMO (Joint Frequency Management Office),,,,phòng quản lý tần số liên quân,FALSE,,,img_1533.jpg,FALSE
1533,Military Dictionary,JFP (joint force package),,,,bưu kiện liên quân,FALSE,,,img_1533.jpg,FALSE
1533,Military Dictionary,JFRB (Joint Foreign Release Board),,,,hội đồng phát hành ra nước ngoài của liên quân,FALSE,,,img_1533.jpg,FALSE
1533,Military Dictionary,JFRG (joint force requirements generator),,,,người đề xuất các nhu cầu liên quân,FALSE,,,img_1533.jpg,FALSE
1533,Military Dictionary,JFS (joint force surgeon),,,,bác sĩ phẫu thuật liên quân,FALSE,,,img_1533.jpg,FALSE
1533,Military Dictionary,JFSOC (joint force special operations commander),,,,tư lệnh (trưởng) tác chiến đặc biệt của lực lượng liên quân,FALSE,,,img_1533.jpg,FALSE
1533,Military Dictionary,JFSOCC (joint force special operations component commander),,,,tư lệnh (trưởng) thành phần lực lượng tác chiến đặc biệt trong lực lượng liên quân,FALSE,,,img_1533.jpg,FALSE
1533,Military Dictionary,JFTR (Joint Federal Travel Regulations),,,,quy chế thông hành liên bang liên quân,FALSE,,,img_1533.jpg,FALSE
1533,Military Dictionary,JFUB (Joint Facilities Utilization Board),,,,hội đồng sử dụng các phương tiện bảo đảm liên quân,FALSE,,,img_1533.jpg,FALSE
1533,Military Dictionary,JGSDF (Japanese Ground Self-Defence Force),,,,lực lượng phòng vệ lục quân Nhật Bản,FALSE,,,img_1533.jpg,FALSE
1533,Military Dictionary,JHQ (joint headquarters),,,,"sở chỉ huy liên quân, trụ sở bộ chỉ huy quân chủng hợp thành",FALSE,,,img_1533.jpg,FALSE
1533,Military Dictionary,JI (joint inspection),,,,sự thanh tra liên quân,FALSE,,,img_1533.jpg,FALSE
1533,Military Dictionary,JIADS (joint integrated air defense system),,,,hệ thống phòng không hợp nhất liên quân,FALSE,,,img_1533.jpg,FALSE
1533,Military Dictionary,JIATF (joint interagency task force (DOD)),,,,lực lượng đặc nhiệm liên ngành liên quân (bộ quốc phòng Mỹ),FALSE,,,img_1533.jpg,FALSE
1533,Military Dictionary,JIATF-E (joint interagency task force - East),,,,lực lượng đặc nhiệm liên ngành liên quân miền Đông,FALSE,,,img_1533.jpg,FALSE
1533,Military Dictionary,JIATF-S (joint interagency task force - South),,,,lực lượng đặc nhiệm liên ngành liên quân miền Nam,FALSE,,,img_1533.jpg,FALSE
1533,Military Dictionary,JIATF-W (joint interagency task force - West),,,,lực lượng đặc nhiệm liên ngành liên quân miền Tây,FALSE,,,img_1533.jpg,FALSE
1533,Military Dictionary,JIB (Joint Intelligence Bureau),,,,cục tình báo liên quân,FALSE,,,img_1533.jpg,FALSE
1533,Military Dictionary,JIC (Joint Intelligence Center),,,,trung tâm tình báo liên quân,FALSE,,,img_1533.jpg,FALSE
1533,Military Dictionary,JIC (Joint Intelligence Committee),,,,uỷ ban tình báo liên quân,FALSE,,,img_1533.jpg,FALSE
1533,Military Dictionary,JICA (Japan International Cooperation Agency),,,,cơ quan hợp tác quốc tế Nhật Bản chuyên trách huấn luyện quân sự cho các nước đang phát triển,FALSE,,,img_1533.jpg,FALSE
1533,Military Dictionary,JICA (Joint Intelligence Collecting Agency),,,,cơ quan thu thập tin tức tình báo liên quân,FALSE,,,img_1533.jpg,FALSE
1533,Military Dictionary,JICC (joint information coordination center),,,,trung tâm phối hợp thông tin liên quân,FALSE,,,img_1533.jpg,FALSE
1533,Military Dictionary,JICO (joint interface control officer),,,,sĩ quan kiểm soát giao diện liên quân,FALSE,,,img_1533.jpg,FALSE
1533,Military Dictionary,"JICPAC (Joint Intelligence Center, Pacific)",,,,trung tâm tình báo liên quân khu vực Thái Bình Dương,FALSE,,,img_1533.jpg,FALSE
1533,Military Dictionary,JICS (Joint Intelligence Coordination Staff),,,,bộ tham mưu phối hợp trinh sát liên quân,FALSE,,,img_1533.jpg,FALSE
1533,Military Dictionary,JIDC (joint interrogation and debriefing center),,,,trung tâm thẩm vấn và phỏng vấn liên quân,FALSE,,,img_1533.jpg,FALSE
1533,Military Dictionary,JIEO (joint interoperability engineering organizations),,,,các tổ chức phối hợp tác chiến công binh liên quân,FALSE,,,img_1533.jpg,FALSE
1533,Military Dictionary,JIEP (joint intelligence estimate for planning),,,,đánh giá của tình báo liên quân phục vụ lập kế hoạch,FALSE,,,img_1533.jpg,FALSE
1533,Military Dictionary,JIES (joint interoperability evaluation system),,,,hệ thống đánh giá khả năng phối hợp tác chiến liên quân,FALSE,,,img_1533.jpg,FALSE
1533,Military Dictionary,JIG (joint intelligence group),,,,nhóm tình báo liên quân,FALSE,,,img_1533.jpg,FALSE
1533,Military Dictionary,JILE (joint intelligence liaison element),,,,bộ phận thông tin liên lạc tình báo liên quân,FALSE,,,img_1533.jpg,FALSE
1533,Military Dictionary,JIMP (joint implementation master plan),,,,kế hoạch chủ đạo do liên quân thi hành,FALSE,,,img_1533.jpg,FALSE
1533,Military Dictionary,JIMPP (joint industrial mobilization planning process),,,,quá trình lập kế hoạch động viên công nghiệp liên quân,FALSE,,,img_1533.jpg,FALSE
1534,Military Dictionary,JIMS (joint information management system),,,,hệ thống quản lý thông tin liên quân,FALSE,,,img_1534.jpg,FALSE
1534,Military Dictionary,JINR (Joint Institute for Nuclear Research),,,,viện liên hợp nghiên cứu hạt nhân,FALSE,,,img_1534.jpg,FALSE
1534,Military Dictionary,JINTACCS (Joint Interoperability of Tactical Command and Control systems),,,,khả năng phối hợp tác chiến của các hệ thống chỉ huy và kiểm soát chiến thuật liên quân; khả năng tác nghiệp phối hợp các tổ hợp chỉ huy và kiểm soát chiến thuật liên quân,FALSE,,,img_1534.jpg,FALSE
1534,Military Dictionary,JIOP (joint interface operational procedures),,,,quy trình vận hành giao diện liên quân,FALSE,,,img_1534.jpg,FALSE
1534,Military Dictionary,JIOP-MTF (joint interface operating procedures-message text formats),,,,thể thức văn bản điện văn - thủ tục vận hành giao diện liên quân,FALSE,,,img_1534.jpg,FALSE
1534,Military Dictionary,JIPB (joint intelligence preparation of the battlespace),,,,sự chuẩn bị về quân báo liên quân cho không gian tác chiến,FALSE,,,img_1534.jpg,FALSE
1534,Military Dictionary,JIPC (joint imagery production complex),,,,tổ hợp sản xuất dữ liệu hình ảnh liên quân,FALSE,,,img_1534.jpg,FALSE
1534,Military Dictionary,JIPTL (joint integrated prioritized target list),,,,danh sách hợp nhất các mục tiêu ưu tiên liên quân,FALSE,,,img_1534.jpg,FALSE
1534,Military Dictionary,JIS (Joint Intelligence Staff),,,,cơ quan tham mưu tình báo liên quân,FALSE,,,img_1534.jpg,FALSE
1534,Military Dictionary,JISE (joint intelligence support element),,,,bộ phận bảo đảm tình báo liên quân,FALSE,,,img_1534.jpg,FALSE
1534,Military Dictionary,JITC (joint interoperability test command),,,,bộ chỉ huy thử nghiệm khả năng phối hợp tác chiến liên quân,FALSE,,,img_1534.jpg,FALSE
1534,Military Dictionary,JIU (joint inspection unit),,,,đơn vị thanh tra liên quân,FALSE,,,img_1534.jpg,FALSE
1534,Military Dictionary,JLCC (Joint lighterage control center),,,,trung tâm kiểm soát lồng hàng liên quân,FALSE,,,img_1534.jpg,FALSE
1534,Military Dictionary,JLFB (Joint Landing Force Board),,,,hội đồng liên quân về tác chiến đổ bộ,FALSE,,,img_1534.jpg,FALSE
1534,Military Dictionary,JLNCHREP (joint launch report),,,,báo cáo phóng (tên lửa) liên quân,FALSE,,,img_1534.jpg,FALSE
1534,Military Dictionary,JLOTS (joint logistics over-the-shore),,,,công tác bảo đảm hậu cần duyên hải liên quân,FALSE,,,img_1534.jpg,FALSE
1534,Military Dictionary,JLRC (joint logistics readiness center),,,,trung tâm sẵn sàng chiến đấu về hậu cần liên quân,FALSE,,,img_1534.jpg,FALSE
1534,Military Dictionary,JLRSE (Joint Long Range Strategic Estimate),,,,sự đánh giá tình hình chiến lược dài hạn liên quân,FALSE,,,img_1534.jpg,FALSE
1534,Military Dictionary,JM&S (joint modeling and simulation),,,,thiết kế mẫu và mô phỏng liên quân,FALSE,,,img_1534.jpg,FALSE
1534,Military Dictionary,JMAARS (joint model after-action review system),,,,hệ thống mẫu báo cáo kết quả hoạt động liên quân,FALSE,,,img_1534.jpg,FALSE
1534,Military Dictionary,JMAC (joint medium-calibre automatic cannon),,,,"pháo nòng dài tự động cỡ trung liên quân, pháo nòng dài tự động hạng trung quân chủng hợp thành",FALSE,,,img_1534.jpg,FALSE
1534,Military Dictionary,JMAO (joint mortuary affairs office),,,,văn phòng về các vấn đề mai táng liên quân,FALSE,,,img_1534.jpg,FALSE
1534,Military Dictionary,JMAO (joint mortuary affairs officer),,,,sĩ quan chuyên trách về các vấn đề mai táng liên quân,FALSE,,,img_1534.jpg,FALSE
1534,Military Dictionary,JMAO; JMC (joint movement center),,,,trung tâm cơ động liên quân,FALSE,,,img_1534.jpg,FALSE
1534,Military Dictionary,JMAS (joint manpower automation system),,,,hệ thống tự động hoá nhân lực liên quân,FALSE,,,img_1534.jpg,FALSE
1534,Military Dictionary,JMAT (joint mobility assistance team),,,,đội hỗ trợ cơ động liên quân,FALSE,,,img_1534.jpg,FALSE
1534,Military Dictionary,JMC (joint military command),,,,bộ chỉ huy quân sự liên quân,FALSE,,,img_1534.jpg,FALSE
1534,Military Dictionary,JMCG (Joint Mobility Control Group),,,,nhóm kiểm soát cơ động liên quân,FALSE,,,img_1534.jpg,FALSE
1534,Military Dictionary,JMCIS (joint maritime command information system),,,,hệ thống thông tin chỉ huy hải quân liên quân,FALSE,,,img_1534.jpg,FALSE
1534,Military Dictionary,JMCOMS (joint maritime communications system),,,,hệ thống thông tin liên lạc đường biển liên quân,FALSE,,,img_1534.jpg,FALSE
1534,Military Dictionary,JMEM (Joint Munitions Effectiveness Manual),,,,sổ tay đạn dược liên quân,FALSE,,,img_1534.jpg,FALSE
1534,Military Dictionary,JMET (joint mission-essential task),,,,nhiệm vụ có ý nghĩa quyết định đối với nhiệm vụ của liên quân,FALSE,,,img_1534.jpg,FALSE
1534,Military Dictionary,JMETL (joint mission-essential task list),,,,danh mục các nhiệm vụ có ý nghĩa quyết định đối với nhiệm vụ của liên quân,FALSE,,,img_1534.jpg,FALSE
1535,Military Dictionary,JMFU (joint meteorological and oceanographic (METOC) forecast unit),,,,đơn vị dự báo khí tượng và hải văn liên quân,FALSE,,,img_1535.jpg,FALSE
1535,Military Dictionary,JMIC (joint maritime intelligence centre),,,,"trung tâm tình báo trên biển liên quân, trung tâm tình báo đường biển quân chủng hợp thành",FALSE,,,img_1535.jpg,FALSE
1535,Military Dictionary,JMIC (Joint Military Intelligence College),,,,học viện tình báo quân sự liên quân,FALSE,,,img_1535.jpg,FALSE
1535,Military Dictionary,JMICS (Joint Worldwide Intelligence Communications System (JWICS) mobile integrated communications system),,,,hệ thống thông tin liên lạc di động hợp nhất thuộc hệ thống thông tin liên lạc tình báo toàn cầu liên quân,FALSE,,,img_1535.jpg,FALSE
1535,Military Dictionary,JMIE (joint maritime information element),,,,bộ phận thông tin chỉ huy hải quân liên quân,FALSE,,,img_1535.jpg,FALSE
1535,Military Dictionary,JMIP (joint military intelligence program),,,,chương trình tình báo quân sự liên quân,FALSE,,,img_1535.jpg,FALSE
1535,Military Dictionary,JMITC (Joint Military Intelligence Training Center),,,,trung tâm huấn luyện tình báo quân sự liên quân,FALSE,,,img_1535.jpg,FALSE
1535,Military Dictionary,JMMC (Joint Material Management Center),,,,trung tâm quản lý trang bị vũ khí liên quân,FALSE,,,img_1535.jpg,FALSE
1535,Military Dictionary,JMNA (joint military net assessment),,,,sự đánh giá các mạng quân sự liên quân,FALSE,,,img_1535.jpg,FALSE
1535,Military Dictionary,JMO (joint force meteorological and oceanographic (METOC) officer),,,,chủ nhiệm về khí tượng và hải văn của lực lượng liên quân,FALSE,,,img_1535.jpg,FALSE
1535,Military Dictionary,JMO (joint maritime operations),,,,tác chiến đường biển liên quân,FALSE,,,img_1535.jpg,FALSE
1535,Military Dictionary,JMO(AIR) (joint maritime operations (air)),,,,(không quân) tác chiến đường biển liên quân,FALSE,,,img_1535.jpg,FALSE
1535,Military Dictionary,JMP (joint manpower program),,,,chương trình nhân lực liên quân,FALSE,,,img_1535.jpg,FALSE
1535,Military Dictionary,JMPA (joint military postal activity),,,,cơ quan quân bưu liên quân,FALSE,,,img_1535.jpg,FALSE
1535,Military Dictionary,JMPA (joint military satellite communications (MILSATCOM) panel administrator),,,,người quản lý panen thông tin liên lạc vệ tinh quân sự liên quân,FALSE,,,img_1535.jpg,FALSE
1535,Military Dictionary,JMPAB (Joint Materiel Priorities and Allocation Board),,,,hội đồng về các ưu tiên và tiếp tế vật chất liên quân,FALSE,,,img_1535.jpg,FALSE
1535,Military Dictionary,JMRC (joint mobile relay center),,,,trung tâm thông tin vô tuyến tiếp sức di động liên quân,FALSE,,,img_1535.jpg,FALSE
1535,Military Dictionary,JMRO (Joint Medical Regulating Office),,,,phòng điều khiển quân y liên quân,FALSE,,,img_1535.jpg,FALSE
1535,Military Dictionary,JMRR (Joint Monthly Readiness Review),,,,bản đánh giá trạng thái sẵn sàng chiến đấu liên quân hàng tháng,FALSE,,,img_1535.jpg,FALSE
1535,Military Dictionary,JMSDF (Japan Maritime Self-Defence Force),,,,lực lượng phòng vệ biển của Nhật Bản,FALSE,,,img_1535.jpg,FALSE
1535,Military Dictionary,JMSEP (joint modeling and simulation executive panel),,,,hội đồng thi hành mô hình hoá và mô phỏng liên quân,FALSE,,,img_1535.jpg,FALSE
1535,Military Dictionary,JMSWG (Joint Multi-tactical Digital Information Link (Multi-TADIL) Standards Working Group),,,,nhóm làm việc về tiêu chí liên kết thông tin kỹ thuật số đa chiến thuật liên quân,FALSE,,,img_1535.jpg,FALSE
1535,Military Dictionary,JMT (joint military training),,,,sự huấn luyện quân sự liên quân,FALSE,,,img_1535.jpg,FALSE
1535,Military Dictionary,JMTB (Joint Military Transportation Board),,,,uỷ ban vận tải quân sự liên quân NATO,FALSE,,,img_1535.jpg,FALSE
1535,Military Dictionary,JMTC (joint military transportation committee),,,,uỷ ban vận tải quân sự của liên quân,FALSE,,,img_1535.jpg,FALSE
1535,Military Dictionary,JMTCA (joint munitions transportation coordinating activity),,,,hoạt động phối hợp vận tải đạn dược liên quân,FALSE,,,img_1535.jpg,FALSE
1535,Military Dictionary,JMTCSS (Joint Maritime Tactical Communications Switching System),,,,hệ thống tổng đài thông tin liên lạc chiến thuật đường biển liên quân,FALSE,,,img_1535.jpg,FALSE
1535,Military Dictionary,JMTG (Joint Missile Task Group),,,,nhóm xác định nhiệm vụ cho tên lửa liên quân,FALSE,,,img_1535.jpg,FALSE
1535,Military Dictionary,JMUA (Joint Meritorious Unit Award),,,,giải thưởng đơn vị ưu tú liên quân,FALSE,,,img_1535.jpg,FALSE
1535,Military Dictionary,jn (Join),,,,"gia nhập, nhập vào, vào; thắt chặt; liên quân; kết hợp, liên hiệp",FALSE,,,img_1535.jpg,FALSE
1536,Military Dictionary,JNACC (Joint Nuclear Accident Coordinating Center),,,,trung tâm hợp tác nghiên cứu tai nạn do vũ khí hạt nhân liên quân,FALSE,,,img_1536.jpg,FALSE
1536,Military Dictionary,JNOCC (Joint Operation Planning and Execution System (JOPES) Network Operation Control Center),,,,trung tâm kiểm soát vận hành mạng thuộc hệ thống lập kế hoạch và thực hành tác chiến liên quân,FALSE,,,img_1536.jpg,FALSE
1536,Military Dictionary,JNPE (joint nuclear planning element),,,,bộ phận lập kế hoạch hạt nhân liên quân,FALSE,,,img_1536.jpg,FALSE
1536,Military Dictionary,JOA (joint operations area),,,,khu vực tác chiến liên quân,FALSE,,,img_1536.jpg,FALSE
1536,Military Dictionary,JOC (joint operational tactical system),,,,hệ thống tác chiến chiến thuật liên quân,FALSE,,,img_1536.jpg,FALSE
1536,Military Dictionary,JOC (joint operations center),,,,trung tâm (chỉ huy) tác chiến liên quân,FALSE,,,img_1536.jpg,FALSE
1536,Military Dictionary,JOC (joint oversight committee),,,,uỷ ban giám sát liên quân,FALSE,,,img_1536.jpg,FALSE
1536,Military Dictionary,JOCC (joint operations command center),,,,trung tâm chỉ huy tác chiến liên quân,FALSE,,,img_1536.jpg,FALSE
1536,Military Dictionary,JOEG (Joint Operations Evaluation Group),,,,nhóm đánh giá chỉ huy tác chiến liên quân,FALSE,,,img_1536.jpg,FALSE
1536,Military Dictionary,JOG (joint operations graphic),,,,sơ đồ tác chiến liên quân,FALSE,,,img_1536.jpg,FALSE
1536,Military Dictionary,JOGS (joint operation graphics system),,,,hệ thống sơ đồ tác chiến liên quân,FALSE,,,img_1536.jpg,FALSE
1536,Military Dictionary,JOINT STARS (joint surveillance and target attack radar system (Mỹ)),,,,hệ thống rada giám sát và tiến công mục tiêu liên quân,FALSE,,,img_1536.jpg,FALSE
1536,Military Dictionary,JOPES (Joint Operation Planning and Execution System),,,,hệ thống lập kế hoạch và thực hành tác chiến liên quân,FALSE,,,img_1536.jpg,FALSE
1536,Military Dictionary,JOPESIR (Joint Operation Planning anh Execution System Incident Reporting System),,,,hệ thống báo cáo sự cố thuộc hệ thống lập kế hoạch và thực hành tác chiến liên quân,FALSE,,,img_1536.jpg,FALSE
1536,Military Dictionary,JOPESREP (Joint Operation Planning and Execution System Reporting System),,,,hệ thống báo cáo thuộc hệ thống lập kế hoạch và thực hành tác chiến liên quân,FALSE,,,img_1536.jpg,FALSE
1536,Military Dictionary,JOPP (joint operation planning process),,,,quá trình lập kế hoạch tác chiến liên quân,FALSE,,,img_1536.jpg,FALSE
1536,Military Dictionary,JOPREP (Joint Operational Reporting System),,,,hệ thống thông tin tác chiến hợp nhất,FALSE,,,img_1536.jpg,FALSE
1536,Military Dictionary,JOR (joint operational requirement),,,,nhu cầu tác chiến liên quân,FALSE,,,img_1536.jpg,FALSE
1536,Military Dictionary,JORD (joint operational requirements document),,,,văn kiện về các nhu cầu tác chiến liên quân,FALSE,,,img_1536.jpg,FALSE
1536,Military Dictionary,JOSG (joint operational steering group),,,,nhóm chỉ đạo tác chiến liên quân,FALSE,,,img_1536.jpg,FALSE
1536,Military Dictionary,JOSPRO (Joint Overseas Shipping Procedure),,,,bản hướng dẫn phối hợp vận chuyển quốc tế,FALSE,,,img_1536.jpg,FALSE
1536,Military Dictionary,JOT&E (joint operational test and evaluation),,,,sự kiểm tra và đánh giá hoạt động của liên quân,FALSE,,,img_1536.jpg,FALSE
1536,Military Dictionary,JOTS (Joint Operational Tactical System),,,,hệ thống tác chiến chiến thuật liên quân,FALSE,,,img_1536.jpg,FALSE
1536,Military Dictionary,JP (jet pilot),,,,phi công phản lực,FALSE,,,img_1536.jpg,FALSE
1536,Military Dictionary,JP (jet power),,,,động cơ phản lực,FALSE,,,img_1536.jpg,FALSE
1536,Military Dictionary,JP (jet propellant),,,,"nhiên liệu tên lửa, nhiên liệu cho động cơ phản lực; động cơ đẩy phản lực",FALSE,,,img_1536.jpg,FALSE
1536,Military Dictionary,JP (jet propulsion),,,,chuyển động phản lực; động cơ phản lực; lực đẩy phản lực,FALSE,,,img_1536.jpg,FALSE
1536,Military Dictionary,JP (joint publication),,,,xuất bản phẩm liên quân,FALSE,,,img_1536.jpg,FALSE
1536,Military Dictionary,JP-4 (jet propellant 4),,,,"thuốc phóng phản lực 4, thuốc phóng 4",FALSE,,,img_1536.jpg,FALSE
1536,Military Dictionary,JPATS (Joint Primary Aircraft Training System),,,,hệ thống huấn luyện bay cơ bản liên quân,FALSE,,,img_1536.jpg,FALSE
1536,Military Dictionary,JPC (joint planning cell),,,,bộ phận lập kế hoạch liên quân,FALSE,,,img_1536.jpg,FALSE
1536,Military Dictionary,JPC (Joint Planning Committee),,,,uỷ ban lập kế hoạch liên quân,FALSE,,,img_1536.jpg,FALSE
1536,Military Dictionary,JPD (joint planning document),,,,văn kiện lập kế hoạch liên quân,FALSE,,,img_1536.jpg,FALSE
1536,Military Dictionary,JPEC (joint planning and execution community),,,,cộng đồng lập kế hoạch và thực hành (tác chiến) liên quân,FALSE,,,img_1536.jpg,FALSE
1537,Military Dictionary,JPERSTAT (joint personnel status and casualty report),,,,báo cáo tình trạng sinh lực và thương vong liên quân,FALSE,,,img_1537.jpg,FALSE
1537,Military Dictionary,JPG (joint planning group),,,,nhóm lập kế hoạch liên quân,FALSE,,,img_1537.jpg,FALSE
1537,Military Dictionary,JPL (jet propulsion laboratory),,,,phòng thí nghiệm về lực đẩy phản lực,FALSE,,,img_1537.jpg,FALSE
1537,Military Dictionary,JPMRC (joint patient movement requirements center),,,,trung tâm đăng ký nhu cầu vận tải thương bệnh binh liên quân,FALSE,,,img_1537.jpg,FALSE
1537,Military Dictionary,JPMT (joint patient movement team),,,,đội vận tải thương bệnh binh liên quân,FALSE,,,img_1537.jpg,FALSE
1537,Military Dictionary,JPN (joint planning network),,,,mạng lập kế hoạch liên quân,FALSE,,,img_1537.jpg,FALSE
1537,Military Dictionary,JPO (Joint Petroleum Office),,,,cơ quan cung cấp xăng dầu liên quân,FALSE,,,img_1537.jpg,FALSE
1537,Military Dictionary,JPO (Joint Program Office),,,,phòng chương trình liên quân,FALSE,,,img_1537.jpg,FALSE
1537,Military Dictionary,JPO (Joint Project Office),,,,văn phòng dự án liên quân,FALSE,,,img_1537.jpg,FALSE
1537,Military Dictionary,JPOC (joint planning orientation course),,,,quá trình định hướng lập kế hoạch liên quân,FALSE,,,img_1537.jpg,FALSE
1537,Military Dictionary,JPOI (joint program of instruction),,,,chương trình huấn luyện liên quân,FALSE,,,img_1537.jpg,FALSE
1537,Military Dictionary,JPO-STC (Joint Program Office for Special Technology Countermeasures),,,,phòng chương trình liên quân về các biện pháp đối phó công nghệ đặc biệt,FALSE,,,img_1537.jpg,FALSE
1537,Military Dictionary,JPOTF (joint psychological operations task force),,,,lực lượng đặc nhiệm tâm lý chiến liên quân,FALSE,,,img_1537.jpg,FALSE
1537,Military Dictionary,JPOTG (joint psychological operations task group),,,,nhóm đặc nhiệm tâm lý chiến liên quân,FALSE,,,img_1537.jpg,FALSE
1537,Military Dictionary,JPRC (joint personnel receiving center),,,,trung tâm tiếp nhận quân của liên quân,FALSE,,,img_1537.jpg,FALSE
1537,Military Dictionary,JPRC (joint personnel reception center),,,,trung tâm tiếp nhận quân của liên quân,FALSE,,,img_1537.jpg,FALSE
1537,Military Dictionary,JPS (joint processing system),,,,hệ thống xử lý liên quân,FALSE,,,img_1537.jpg,FALSE
1537,Military Dictionary,jpto (jet-propelled take-off),,,,cất cánh bằng cách phóng phản lực,FALSE,,,img_1537.jpg,FALSE
1537,Military Dictionary,JPTTA (joint personnel training and tracking activity),,,,hoạt động huấn luyện và theo dõi quân nhân liên quân,FALSE,,,img_1537.jpg,FALSE
1537,Military Dictionary,JQR (joint qualification requirements),,,,các nhu cầu chuyên môn nghiệp vụ của liên quân,FALSE,,,img_1537.jpg,FALSE
1537,Military Dictionary,JRA (joint rear area),,,,khu vực hậu phương liên quân,FALSE,,,img_1537.jpg,FALSE
1537,Military Dictionary,JRAC (joint rear area coordinator),,,,sĩ quan hiệp đồng khu vực hậu phương liên quân,FALSE,,,img_1537.jpg,FALSE
1537,Military Dictionary,JRACO (joint rear area communications officer),,,,chủ nhiệm thông tin liên lạc khu vực hậu phương liên quân,FALSE,,,img_1537.jpg,FALSE
1537,Military Dictionary,JRADS (Joint Resource Assessment Data System),,,,hệ thống dữ liệu đánh giá nguồn lực liên quân,FALSE,,,img_1537.jpg,FALSE
1537,Military Dictionary,JRAOC (joint rear area operations center),,,,trung tâm chỉ huy tác chiến khu vực hậu phương liên quân,FALSE,,,img_1537.jpg,FALSE
1537,Military Dictionary,JRB (Joint Requirements Oversight Council (JROC) Review Board),,,,ban xét duyệt thuộc hội đồng giám sát các nhu cầu liên quân,FALSE,,,img_1537.jpg,FALSE
1537,Military Dictionary,JRC (joint reception center),,,,trung tâm tiếp nhận liên quân,FALSE,,,img_1537.jpg,FALSE
1537,Military Dictionary,JRC (Joint Reconnaissance Center),,,,trung tâm trinh sát liên quân,FALSE,,,img_1537.jpg,FALSE
1537,Military Dictionary,JRCC (joint reception coordination center),,,,trung tâm phối hợp tiếp nhận liên quân,FALSE,,,img_1537.jpg,FALSE
1537,Military Dictionary,JRFL (joint restricted frequency list),,,,danh mục các tần số hạn chế sử dụng của liên quân,FALSE,,,img_1537.jpg,FALSE
1537,Military Dictionary,JRG (joint review group),,,,nhóm xét duyệt liên quân,FALSE,,,img_1537.jpg,FALSE
1537,Military Dictionary,JRMB (Joint Requirements and Management Board),,,,hội đồng quản lý các nhu cầu liên quân,FALSE,,,img_1537.jpg,FALSE
1537,Military Dictionary,JROC (Joint Requirements Oversight Council),,,,hội đồng giám sát các nhu cầu liên quân,FALSE,,,img_1537.jpg,FALSE
1537,Military Dictionary,JRS (joint reporting structure),,,,cơ cấu thông báo - báo cáo liên quân,FALSE,,,img_1537.jpg,FALSE
1537,Military Dictionary,JRSC (jam-resistant secure communications),,,,thông tin liên lạc an toàn chống nhiễu,FALSE,,,img_1537.jpg,FALSE
1538,Military Dictionary,JRSC (joint rescue sub-center),,,,phân hệ giải cứu liên quân,FALSE,,,img_1538.jpg,FALSE
1538,Military Dictionary,"JRSOI (joint reception, staging, onward movement, and integration)",,,,"tiếp nhận, chuẩn bị triển khai, cơ động lên phía trước và hợp nhất liên quân",FALSE,,,img_1538.jpg,FALSE
1538,Military Dictionary,JRTC (joint readiness training center),,,,trung tâm huấn luyện sẵn sàng chiến đấu liên quân,FALSE,,,img_1538.jpg,FALSE
1538,Military Dictionary,JRTOC (joint rear tactical operations center),,,,trung tâm tác chiến chiến thuật hậu phương liên quân,FALSE,,,img_1538.jpg,FALSE
1538,Military Dictionary,JS (Joint Staff),,,,"bộ tham mưu hợp nhất, bộ tham mưu liên quân",FALSE,,,img_1538.jpg,FALSE
1538,Military Dictionary,JSAC (joint strike analysis cell),,,,bộ phận phân tích tiến công liên quân,FALSE,,,img_1538.jpg,FALSE
1538,Military Dictionary,JSAC (joint strike analysis center),,,,trung tâm phân tích tiến công liên quân,FALSE,,,img_1538.jpg,FALSE
1538,Military Dictionary,JSAM (joint security assistance memorandum),,,,bản ghi nhớ hỗ trợ an ninh liên quân,FALSE,,,img_1538.jpg,FALSE
1538,Military Dictionary,JSAM (Joint Service Achievement Medal),,,,huy chương thành tích phục vụ liên quân,FALSE,,,img_1538.jpg,FALSE
1538,Military Dictionary,JSAM (joint standoff surface attack missile),,,,"tên lửa tiến công mặt (đất, biển) ngoài tầm hỏa lực phòng thủ liên quân",FALSE,,,img_1538.jpg,FALSE
1538,Military Dictionary,JSAN (Joint Staff automation for the nineties),,,,(chương trình) tự động hoá cơ quan (bộ) tham mưu liên quân cho thập kỷ 90,FALSE,,,img_1538.jpg,FALSE
1538,Military Dictionary,JSAS (joint strike analysis system),,,,hệ thống phân tích tiến công liên quân,FALSE,,,img_1538.jpg,FALSE
1538,Military Dictionary,JSC (Joint Spectrum Center),,,,trung tâm quang phổ liên quân,FALSE,,,img_1538.jpg,FALSE
1538,Military Dictionary,JSCAT (joint staff crisis action team),,,,đội hành động giải quyết khủng hoảng của cơ quan tham mưu liên quân,FALSE,,,img_1538.jpg,FALSE
1538,Military Dictionary,JSCC (joint Services coordination committee),,,,uỷ ban phối hợp liên quân chủng,FALSE,,,img_1538.jpg,FALSE
1538,Military Dictionary,JSCM (joint Services commendation medal),,,,huy chương khen ngợi thành tích liên quân chủng,FALSE,,,img_1538.jpg,FALSE
1538,Military Dictionary,JSCP (Joint Strategic Capabilities Plan),,,,kế hoạch sử dụng các phương tiện chiến lược liên quân,FALSE,,,img_1538.jpg,FALSE
1538,Military Dictionary,JSCS (joint service combat shotgun),,,,súng nòng trơn dùng trong (lực lượng) liên quân,FALSE,,,img_1538.jpg,FALSE
1538,Military Dictionary,JSDFA (Japanese Self-Defence Force Agency),,,,cục phòng vệ Nhật Bản,FALSE,,,img_1538.jpg,FALSE
1538,Military Dictionary,JSDS (Joint Staff doctrine sponsor),,,,người đỡ đầu học thuyết tác chiến của bộ tham mưu liên quân,FALSE,,,img_1538.jpg,FALSE
1538,Military Dictionary,J-SEAD (joint suppression of enemy air defenses),,,,sự chế áp của liên quân đối với các phương tiện phòng không đối phương,FALSE,,,img_1538.jpg,FALSE
1538,Military Dictionary,JSF (joint strike fighter),,,,"máy bay tiêm kích tiến công (của) liên quân Mỹ (do không quân, hải quân và thủy quân lục chiến hợp tác thiết kế và sản xuất)",FALSE,,,img_1538.jpg,FALSE
1538,Military Dictionary,JSIDS (Joint Services imagery digitizing system),,,,hệ thống số hoá dữ liệu hình ảnh liên quân chủng,FALSE,,,img_1538.jpg,FALSE
1538,Military Dictionary,JSIR (joint spectrum interference resolution),,,,giải pháp can thiệp phổ liên quân,FALSE,,,img_1538.jpg,FALSE
1538,Military Dictionary,JSISC (Joint Staff Information Service Center),,,,trung tâm phục vụ bảo đảm thông tin chỉ huy bộ tham mưu liên quân,FALSE,,,img_1538.jpg,FALSE
1538,Military Dictionary,JSMS (joint spectrum management system),,,,hệ thống quản lý phổ liên quân,FALSE,,,img_1538.jpg,FALSE
1538,Military Dictionary,JSO (joint specialty officer or joint specialist),,,,sĩ quan chuyên môn hoặc chuyên gia liên quân,FALSE,,,img_1538.jpg,FALSE
1538,Military Dictionary,JSOA (joint special operations area),,,,khu vực tác chiến đặc biệt liên quân,FALSE,,,img_1538.jpg,FALSE
1538,Military Dictionary,JSOACC (joint special operations air component commander),,,,tư lệnh (trưởng) thành phần không quân trong lực lượng tác chiến đặc biệt liên quân,FALSE,,,img_1538.jpg,FALSE
1538,Military Dictionary,JSOC (joint special operations command),,,,bộ chỉ huy tác chiến đặc biệt liên quân,FALSE,,,img_1538.jpg,FALSE
1538,Military Dictionary,JSOFI (Joint Special Operations Forces Institute),,,,viện nghiên cứu lực lượng tác chiến đặc biệt liên quân,FALSE,,,img_1538.jpg,FALSE
1538,Military Dictionary,JSOP (Joint Strategic Objectives Plans),,,,kế hoạch liên quân giáng đòn đột kích vào các mục tiêu chiến lược,FALSE,,,img_1538.jpg,FALSE
1539,Military Dictionary,JSOR (joint service operational requirement),,,,"nhu cầu tác chiến liên quân, nhu cầu tác chiến quân chủng hợp thành",FALSE,,,img_1539.jpg,FALSE
1539,Military Dictionary,JSOTF (joint special operations task force),,,,lực lượng đặc nhiệm tác chiến đặc biệt liên quân,FALSE,,,img_1539.jpg,FALSE
1539,Military Dictionary,JSOW (joint stand-off weapon),,,,vũ khí niêm cất dự phòng liên quân,FALSE,,,img_1539.jpg,FALSE
1539,Military Dictionary,JSPD (joint strategic planning document),,,,văn kiện lập kế hoạch chiến lược liên quân,FALSE,,,img_1539.jpg,FALSE
1539,Military Dictionary,JSPDSA (joint strategic planning document supporting analyses),,,,các phân tích bảo đảm cho văn kiện lập kế hoạch chiến lược liên quân,FALSE,,,img_1539.jpg,FALSE
1539,Military Dictionary,JSPG (Joint Strategic Plans Group),,,,nhóm lập kế hoạch chiến lược liên quân,FALSE,,,img_1539.jpg,FALSE
1539,Military Dictionary,JSPS (Joint Strategic Planning System),,,,hệ thống lập kế hoạch chiến lược liên quân,FALSE,,,img_1539.jpg,FALSE
1539,Military Dictionary,JSR (joint strategy review),,,,sự phê chuẩn chiến lược liên quân,FALSE,,,img_1539.jpg,FALSE
1539,Military Dictionary,JSRC (joint search and rescue center),,,,trung tâm tìm kiếm và cứu nạn liên quân,FALSE,,,img_1539.jpg,FALSE
1539,Military Dictionary,JSRC (joint subregional command (NATO)),,,,bộ tư lệnh tiểu vùng của liên quân NATO,FALSE,,,img_1539.jpg,FALSE
1539,Military Dictionary,JSS (joint surveillance system),,,,hệ thống trinh sát bằng quan sát liên quân,FALSE,,,img_1539.jpg,FALSE
1539,Military Dictionary,"JSSA (joint Services survival evasion, resistance, and escape (SERE) agency)",,,,"cơ quan về các hoạt động bảo toàn (tính mạng), lẩn tránh, kháng cự và thoát hiểm liên quân",FALSE,,,img_1539.jpg,FALSE
1539,Military Dictionary,JSSC (Joint Services Staff College (Anh)),,,,trường sĩ quan tham mưu lực lượng liên quân,FALSE,,,img_1539.jpg,FALSE
1539,Military Dictionary,JSSC (Joint Strategic Survey Committee),,,,uỷ ban về các vấn đề chiến lược liên quân,FALSE,,,img_1539.jpg,FALSE
1539,Military Dictionary,JSSIS (joint staff support information system),,,,hệ thống thông tin bảo đảm cho bộ tham mưu liên quân,FALSE,,,img_1539.jpg,FALSE
1539,Military Dictionary,JSST (joint space support team),,,,đội bảo đảm không gian vũ trụ liên quân,FALSE,,,img_1539.jpg,FALSE
1539,Military Dictionary,JSTAR (joint system threat assessment report),,,,(sự) báo cáo đánh giá các mối đe doạ đối với các hệ thống liên quân,FALSE,,,img_1539.jpg,FALSE
1539,Military Dictionary,JSTARS (Joint Surveillance Target Attack Radar System),,,,hệ thống rada quan sát tiến công mục tiêu liên quân,FALSE,,,img_1539.jpg,FALSE
1539,Military Dictionary,JSTE (joint system training exercise),,,,cuộc diễn tập huấn luyện các hệ thống liên quân,FALSE,,,img_1539.jpg,FALSE
1539,Military Dictionary,JSWPB (Joint Special Weapons Publication Board),,,,hội đồng xuất bản liên quân trong lĩnh vực vũ khí chuyên dụng,FALSE,,,img_1539.jpg,FALSE
1539,Military Dictionary,JT&E (joint test and evaluation),,,,sự kiểm tra và đánh giá liên quân,FALSE,,,img_1539.jpg,FALSE
1539,Military Dictionary,JTA (joint table of allowances),,,,bảng phụ cấp liên quân,FALSE,,,img_1539.jpg,FALSE
1539,Military Dictionary,JTA (joint technical architecture),,,,thiết kế kỹ thuật liên quân,FALSE,,,img_1539.jpg,FALSE
1539,Military Dictionary,JTACMS (joint tactical missile system),,,,hệ thống tên lửa chiến thuật liên quân,FALSE,,,img_1539.jpg,FALSE
1539,Military Dictionary,JTADS (Joint Tactical Air Defense System (Army)),,,,hệ thống phòng không chiến thuật liên quân (lục quân),FALSE,,,img_1539.jpg,FALSE
1539,Military Dictionary,JTADS (Joint Tactical Display System),,,,hệ thống hiển thị chiến thuật liên quân,FALSE,,,img_1539.jpg,FALSE
1539,Military Dictionary,JTAGS (joint tactical ground station (Army)),,,,trạm mặt đất chiến thuật liên quân (lục quân),FALSE,,,img_1539.jpg,FALSE
1539,Military Dictionary,JTAGS (joint tactical ground system),,,,hệ thống trạm mặt đất chiến thuật liên quân,FALSE,,,img_1539.jpg,FALSE
1539,Military Dictionary,JTAMD (joint theater air and missile defense),,,,phòng thủ tên lửa và máy bay chiến thuật liên quân,FALSE,,,img_1539.jpg,FALSE
1539,Military Dictionary,JTAO (joint tactical air operations),,,,tác chiến đường không chiến thuật liên quân,FALSE,,,img_1539.jpg,FALSE
1539,Military Dictionary,JTAR (joint tactical air strike request),,,,yêu cầu tiến công đường không chiến thuật liên quân,FALSE,,,img_1539.jpg,FALSE
1539,Military Dictionary,JTASC (joint training analysis and simulation center),,,,trung tâm phân tích và mô phỏng huấn luyện liên quân,FALSE,,,img_1539.jpg,FALSE
1539,Military Dictionary,JTASG (Joint Targeting Automation Steering Group),,,,nhóm chỉ đạo tự động hoá xác định mục tiêu liên quân,FALSE,,,img_1539.jpg,FALSE
1540,Military Dictionary,JTAV (joint total asset visibility),,,,khả năng quan xuyến toàn bộ tài sản liên quân,FALSE,,,img_1540.jpg,FALSE
1540,Military Dictionary,JTB (Joint Transportation Board),,,,hội đồng vận tải liên quân,FALSE,,,img_1540.jpg,FALSE
1540,Military Dictionary,JTC (joint technical committee),,,,uỷ ban kỹ thuật liên quân,FALSE,,,img_1540.jpg,FALSE
1540,Military Dictionary,JTCB (joint targeting coordination board),,,,hội đồng phối hợp xác định mục tiêu liên quân,FALSE,,,img_1540.jpg,FALSE
1540,Military Dictionary,JTCC (joint transportation corporate information management center),,,,trung tâm quản lý thông tin về các liên hiệp vận tải liên quân,FALSE,,,img_1540.jpg,FALSE
1540,Military Dictionary,JTCG-ME (Joint Technical Coordinating Group for Munitions Effectiveness),,,,nhóm phối hợp kỹ thuật liên quân về hiệu quả đạn dược,FALSE,,,img_1540.jpg,FALSE
1540,Military Dictionary,JTD (joint table of distribution),,,,bảng phân phối liên quân,FALSE,,,img_1540.jpg,FALSE
1540,Military Dictionary,JTDC (joint track data coordinator),,,,sĩ quan điều phối dữ liệu kênh liên quân,FALSE,,,img_1540.jpg,FALSE
1540,Military Dictionary,JTF (joint task force),,,,"binh đoàn chiến dịch (lâm thời) liên quân, lực lượng đặc nhiệm liên quân",FALSE,,,img_1540.jpg,FALSE
1540,Military Dictionary,JTF HQ (joint task force headquarters),,,,sở chỉ huy lực lượng đặc nhiệm liên quân,FALSE,,,img_1540.jpg,FALSE
1540,Military Dictionary,JTF-6 (joint task force-6),,,,lực lượng đặc nhiệm liên quân số 6,FALSE,,,img_1540.jpg,FALSE
1540,Military Dictionary,JTF-B (joint task force-Bravo),,,,lực lượng đặc nhiệm liên quân Bravo,FALSE,,,img_1540.jpg,FALSE
1540,Military Dictionary,JTFCEM (joint task force contingency engineering management),,,,lực lượng đặc nhiệm quản lý công trình trong tình huống khẩn cấp,FALSE,,,img_1540.jpg,FALSE
1540,Military Dictionary,JTFP (Joint Tactical Fusion Program),,,,chương trình liên kết chiến thuật liên quân,FALSE,,,img_1540.jpg,FALSE
1540,Military Dictionary,JTG (joint task group),,,,"nhóm chiến dịch (lâm thời) liên quân, nhóm đặc nhiệm liên quân",FALSE,,,img_1540.jpg,FALSE
1540,Military Dictionary,JTIC (joint transportation intelligence center),,,,trung tâm tình báo giao thông vận tải liên quân,FALSE,,,img_1540.jpg,FALSE
1540,Military Dictionary,JTIDS (Joint tactical information distribution system),,,,hệ thống điều phối thông tin chiến thuật liên quân,FALSE,,,img_1540.jpg,FALSE
1540,Military Dictionary,JTL (joint target list),,,,danh sách mục tiêu liên quân,FALSE,,,img_1540.jpg,FALSE
1540,Military Dictionary,JTLS (joint theater-level simulation),,,,mô phỏng liên quân cấp chiến trường,FALSE,,,img_1540.jpg,FALSE
1540,Military Dictionary,JTM (joint training manual),,,,cẩm nang huấn luyện liên quân,FALSE,,,img_1540.jpg,FALSE
1540,Military Dictionary,JTMD (joint table of mobilization distribution),,,,bảng phân phối động viên liên quân,FALSE,,,img_1540.jpg,FALSE
1540,Military Dictionary,JTMD (Joint Terminology Master Database),,,,cơ sở dữ liệu chủ đạo thuật ngữ liên quân,FALSE,,,img_1540.jpg,FALSE
1540,Military Dictionary,JTMD (joint theater missile defense),,,,phòng thủ tên lửa chiến thuật liên quân,FALSE,,,img_1540.jpg,FALSE
1540,Military Dictionary,JTMP (joint training master plan),,,,kế hoạch huấn luyện chủ đạo liên quân,FALSE,,,img_1540.jpg,FALSE
1540,Military Dictionary,JTMS (joint training master schedule),,,,chương trình huấn luyện chủ đạo liên quân,FALSE,,,img_1540.jpg,FALSE
1540,Military Dictionary,JTP (joint training plan),,,,kế hoạch huấn luyện (chiến đấu) liên quân; kế hoạch huấn luyện (chiến đấu) chung,FALSE,,,img_1540.jpg,FALSE
1540,Military Dictionary,JTR (joint travel regulations),,,,quy chế di chuyển lực lượng liên quân,FALSE,,,img_1540.jpg,FALSE
1540,Military Dictionary,JTRB (joint telecommunication resources board),,,,hội đồng về các nguồn lực thông tin liên lạc liên quân,FALSE,,,img_1540.jpg,FALSE
1540,Military Dictionary,JTRS (Joint Tactical Radio System),,,,hệ thống (thông tin liên lạc) vô tuyến chiến thuật liên quân,FALSE,,,img_1540.jpg,FALSE
1540,Military Dictionary,JTSG (Joint targeting steering group),,,,nhóm chỉ đạo xác định mục tiêu liên quân,FALSE,,,img_1540.jpg,FALSE
1540,Military Dictionary,JTSSCCB (Joint Tactical Switched Systems Configuration Control Board),,,,hội đồng kiểm soát cấu hình các hệ thống tổng đài chiến thuật liên quân,FALSE,,,img_1540.jpg,FALSE
1540,Military Dictionary,JTSST (joint training system support team),,,,"đội bảo đảm hệ thống huấn luyện (chiến đấu) liên quân, đội bảo đảm hệ thống huấn luyện (chiến đấu) chung",FALSE,,,img_1540.jpg,FALSE
1540,Military Dictionary,JTT (joint targeting toolbox),,,,bộ công cụ xác định mục tiêu liên quân,FALSE,,,img_1540.jpg,FALSE
1541,Military Dictionary,JTT (joint training team),,,,đội huấn luyện (chiến đấu) liên quân,FALSE,,,img_1541.jpg,FALSE
1541,Military Dictionary,"JTTP (joint tactics, techniques, and procedures)",,,,"chiến thuật, kỹ thuật và thứ tự các bước tiến hành của liên quân",FALSE,,,img_1541.jpg,FALSE
1541,Military Dictionary,JUH-MTF (Joint User Handbook-Message Text Formats),,,,sổ tay về cách trình bày văn bản điện văn của liên quân dành cho người sử dụng,FALSE,,,img_1541.jpg,FALSE
1541,Military Dictionary,JUIC (Joint unit identification code),,,,mã nhận dạng đơn vị liên quân,FALSE,,,img_1541.jpg,FALSE
1541,Military Dictionary,JULL (Joint Universal Lessons Learned (report)),,,,(thông báo) các bài học kinh nghiệm phổ biến của liên quân,FALSE,,,img_1541.jpg,FALSE
1541,Military Dictionary,JULLS (Joint Universal Lessons Learned System),,,,hệ thống các bài học kinh nghiệm phổ biến của liên quân,FALSE,,,img_1541.jpg,FALSE
1541,Military Dictionary,JUSMAG (Joint United States Military Advisory Group),,,,nhóm cố vấn quân sự Mỹ của liên quân,FALSE,,,img_1541.jpg,FALSE
1541,Military Dictionary,JUSMAPG (Joint United States Military Advisory and Planning Group),,,,nhóm cố vấn và lập kế hoạch quân sự Mỹ của liên quân,FALSE,,,img_1541.jpg,FALSE
1541,Military Dictionary,JUSMG (Joint United States Military Group),,,,nhóm quân sự Mỹ của liên quân,FALSE,,,img_1541.jpg,FALSE
1541,Military Dictionary,JUWTF (joint unconventional warfare task force),,,,lực lượng đặc nhiệm tác chiến có sử dụng vũ khí đặc biệt của liên quân; cụm chiến dịch (lâm thời) tác chiến có sử dụng các biện pháp đặc biệt của liên quân,FALSE,,,img_1541.jpg,FALSE
1541,Military Dictionary,JVB (Joint Visitors Bureau),,,,văn phòng về người viếng thăm liên quân,FALSE,,,img_1541.jpg,FALSE
1541,Military Dictionary,JVIDS (Joint Visual Integrated Display System),,,,hệ thống hiển thị hợp nhất nghe nhìn liên quân,FALSE,,,img_1541.jpg,FALSE
1541,Military Dictionary,JWAC (joint warfare analysis center),,,,trung tâm phân tích chiến tranh liên quân,FALSE,,,img_1541.jpg,FALSE
1541,Military Dictionary,JWARN (Joint Warning and Reporting Network),,,,mạng thông báo và báo động liên quân,FALSE,,,img_1541.jpg,FALSE
1541,Military Dictionary,JWARS (Joint Warfare Analysis and Requirements System),,,,hệ thống phân tích tình hình và các nhu cầu tác chiến liên quân,FALSE,,,img_1541.jpg,FALSE
1541,Military Dictionary,JWC (Joint Warfare Center),,,,trung tâm chỉ huy tác chiến liên quân,FALSE,,,img_1541.jpg,FALSE
1541,Military Dictionary,JWCA (joint warfighting capabilities assessment),,,,sự đánh giá các khả năng tác chiến liên quân,FALSE,,,img_1541.jpg,FALSE
1541,Military Dictionary,JWFC (Joint Warfighting Center),,,,trung tâm nghiên cứu tác chiến liên quân,FALSE,,,img_1541.jpg,FALSE
1541,Military Dictionary,JWG (joint working group),,,,nhóm soạn thảo văn kiện (tác chiến) liên quân,FALSE,,,img_1541.jpg,FALSE
1541,Military Dictionary,JWICS (Joint Worldwide Intelligence Communications System (Mỹ)),,,,hệ thống thông tin liên lạc tình báo toàn cầu liên quân,FALSE,,,img_1541.jpg,FALSE
1541,Military Dictionary,JWID (joint warrior interoperability demonstration),,,,sự biểu dương khả năng phối hợp tác chiến liên quân,FALSE,,,img_1541.jpg,FALSE
1541,Military Dictionary,JWTC (Jungle Warfare Training Center),,,,trung tâm huấn luyện chiến đấu ở vùng nhiệt đới,FALSE,,,img_1541.jpg,FALSE
1542,Military Dictionary,K (killed),,,,"bị giết chết, bị giết; người bị chết, người bị thiệt mạng; hy sinh",FALSE,,,img_1542.jpg,FALSE
1542,Military Dictionary,K (killer boat) (k.hiệu),,,,tàu săn ngầm,FALSE,,,img_1542.jpg,FALSE
1542,Military Dictionary,K (tanker) (k.hiệu),,,,phương tiện tiếp dầu; tàu tiếp dầu; máy bay tiếp dầu,FALSE,,,img_1542.jpg,FALSE
1542,Military Dictionary,KA (key area),,,,khu vực tác chiến chiến lược; khu vực quan trọng,FALSE,,,img_1542.jpg,FALSE
1542,Military Dictionary,KAAV (Korean Armoured Amphibious Vehicle),,,,xe bọc thép lội nước Hàn Quốc,FALSE,,,img_1542.jpg,FALSE
1542,Military Dictionary,KAS (killed on active service),,,,"hy sinh khi tại ngũ, chết khi tại ngũ",FALSE,,,img_1542.jpg,FALSE
1542,Military Dictionary,KATUSA (Korean Army personnel attached to the United States Army units),,,,các quân nhân Hàn Quốc biệt phái đến các đơn vị lục quân Mỹ; các quân nhân Hàn Quốc được biệt phái đến các đơn vị quân đội Mỹ,FALSE,,,img_1542.jpg,FALSE
1542,Military Dictionary,KC (kilocycles),,,,kilôxích,FALSE,,,img_1542.jpg,FALSE
1542,Military Dictionary,kc/s (kilocycles per second),,,,kilôxích trên giây,FALSE,,,img_1542.jpg,FALSE
1542,Military Dictionary,KC-135 (Stratotanker multipurpose aerial tanker-transport),,,,"ký hiệu máy bay chở dầu nhiều chức năng, mang tên ""Tàu dầu bay""",FALSE,,,img_1542.jpg,FALSE
1542,Military Dictionary,KC-50 (tactical aerial tanker for refueling aircraft in-flight),,,,ký hiệu máy bay tiếp dầu chiến thuật,FALSE,,,img_1542.jpg,FALSE
1542,Military Dictionary,KC-97 (Stratofreighter strategic tanker-freighter equipped for in-flight),,,,"ký hiệu máy bay chở dầu chiến lược, mang tên ""Tàu vận tải bay""",FALSE,,,img_1542.jpg,FALSE
1542,Military Dictionary,KCAS (knots calibrated air speed),,,,(đồng hồ) tốc độ dòng khí đã hiệu chuẩn theo đơn vị knot,FALSE,,,img_1542.jpg,FALSE
1542,Military Dictionary,kd (killed),,,,"bị giết chết, bị giết; người bị chết, người thiệt mạng",FALSE,,,img_1542.jpg,FALSE
1542,Military Dictionary,KD (knocked down),,,,tháo ra (để chở đi),FALSE,,,img_1542.jpg,FALSE
1542,Military Dictionary,KE (kinetic energy),,,,(đạn) động năng,FALSE,,,img_1542.jpg,FALSE
1542,Military Dictionary,KEK (key encryption key),,,,khóa mật mã,FALSE,,,img_1542.jpg,FALSE
1542,Military Dictionary,KEM (Kinetic Energy Missile (US)),,,,tên lửa động năng (Mỹ),FALSE,,,img_1542.jpg,FALSE
1542,Military Dictionary,KEW (kinetic energy weapon),,,,vũ khí động năng,FALSE,,,img_1542.jpg,FALSE
1542,Military Dictionary,ki (kitchen),,,,bếp ăn lưu động,FALSE,,,img_1542.jpg,FALSE
1542,Military Dictionary,KIA (killed in action),,,,"chết trong trận đánh, tử trận; hy sinh trong chiến đấu, hy sinh",FALSE,,,img_1542.jpg,FALSE
1542,Military Dictionary,KIFV (Korean Infantry Fighting Vehicle),,,,xe chiến đấu bộ binh Hàn Quốc,FALSE,,,img_1542.jpg,FALSE
1542,Military Dictionary,KKV (kinetic kill vehicle),,,,phương tiện sát thương (bằng) động năng,FALSE,,,img_1542.jpg,FALSE
1542,Military Dictionary,KKW (kinetic kill weapon),,,,vũ khí sát thương (bằng) động năng,FALSE,,,img_1542.jpg,FALSE
1542,Military Dictionary,km/h (kilometers per hour),,,,kilômét trên giờ (km/h),FALSE,,,img_1542.jpg,FALSE
1542,Military Dictionary,KMAG (Korean Military Advisory Group),,,,nhóm cố vấn quân sự Mỹ ở Hàn Quốc,FALSE,,,img_1542.jpg,FALSE
1542,Military Dictionary,KN (KiloNewtons),,,,kilôNiutơn,FALSE,,,img_1542.jpg,FALSE
1542,Military Dictionary,KP (key point),,,,địa điểm quan trọng (về mặt chiến thuật),FALSE,,,img_1542.jpg,FALSE
1542,Military Dictionary,KP (kitchen police) (kh.ngữ),,,,tổ nhà bếp,FALSE,,,img_1542.jpg,FALSE
1543,Military Dictionary,KP (kitchen party),,,,đội nhà bếp,FALSE,,,img_1543.jpg,FALSE
1543,Military Dictionary,KPA (Korea People's Army),,,,quân đội nhân dân Triều Tiên,FALSE,,,img_1543.jpg,FALSE
1543,Military Dictionary,KSC (Korean Service Corps) (sử),,,,quân đoàn phục vụ ở Triều Tiên,FALSE,,,img_1543.jpg,FALSE
1543,Military Dictionary,"KSK (ethyl indoacetate, tear gas)",,,,"hơi cay, gây chảy nước mắt (iốt axetat etyl)",FALSE,,,img_1543.jpg,FALSE
1543,Military Dictionary,KSM (Korean Service Medal) (sử),,,,"huy chương ""Vì phục vụ ở Triều Tiên""",FALSE,,,img_1543.jpg,FALSE
1543,Military Dictionary,KT (kiloton),,,,"kilôtôn (đương lượng nổ hạt nhân, tương đương công suất 1.000 tấn thuốc nổ TNT)",FALSE,,,img_1543.jpg,FALSE
1543,Military Dictionary,KTAS (knots true airspeed),,,,tốc độ bay thực tính bằng hải lý/giờ,FALSE,,,img_1543.jpg,FALSE
1543,Military Dictionary,kts (knots),,,,hải lý,FALSE,,,img_1543.jpg,FALSE
1543,Military Dictionary,KVA (kilovolt-amperes),,,,kilôvôn-ampe,FALSE,,,img_1543.jpg,FALSE
1543,Military Dictionary,KW (kilowatt),,,,kilôoát,FALSE,,,img_1543.jpg,FALSE
1543,Military Dictionary,"KWMS (killed, wounded, missing, sick)",,,,"bị giết, bị thương, bị mất tích, ốm",FALSE,,,img_1543.jpg,FALSE
1544,Military Dictionary,L (days before) (launch),,,,số ngày trước khi phóng,FALSE,,,img_1544.jpg,FALSE
1544,Military Dictionary,L (Lancers) (Anh),,,,trung đoàn Lensơ (tên gọi truyền thống của một số đơn vị xe tăng bọc thép),FALSE,,,img_1544.jpg,FALSE
1544,Military Dictionary,L (landing),,,,"hạ cánh, tiếp đất; đổ quân đổ bộ; thả quân đổ bộ",FALSE,,,img_1544.jpg,FALSE
1544,Military Dictionary,L (landingship) (k.hiệu),,,,tàu đổ bộ,FALSE,,,img_1544.jpg,FALSE
1544,Military Dictionary,L (landplane) (k.hiệu),,,,máy bay thường (phân biệt với máy bay hạm tàu),FALSE,,,img_1544.jpg,FALSE
1544,Military Dictionary,L (launcher),,,,bệ phóng; công sự phóng; vị trí phóng; tên lửa mang,FALSE,,,img_1544.jpg,FALSE
1544,Military Dictionary,L (left),,,,bên trái,FALSE,,,img_1544.jpg,FALSE
1544,Military Dictionary,L (length),,,,"độ dài, chiều dài",FALSE,,,img_1544.jpg,FALSE
1544,Military Dictionary,L (letter),,,,bức thư,FALSE,,,img_1544.jpg,FALSE
1544,Military Dictionary,L (lewisite),,,,"chất độc liuzit, chất độc gây bỏng",FALSE,,,img_1544.jpg,FALSE
1544,Military Dictionary,L (liaison),,,,"thông tin liên lạc hiệp đồng, liên lạc hiệp đồng",FALSE,,,img_1544.jpg,FALSE
1544,Military Dictionary,L (lieutenant),,,,trung uý,FALSE,,,img_1544.jpg,FALSE
1544,Military Dictionary,L (line),,,,tuyến; đội ngũ; dây dẫn; cáp,FALSE,,,img_1544.jpg,FALSE
1544,Military Dictionary,L (liquid oxygen),,,,"chất lỏng ôxygen, ôxy lỏng",FALSE,,,img_1544.jpg,FALSE
1544,Military Dictionary,L; l (longitude),,,,độ lâu dài; kinh độ,FALSE,,,img_1544.jpg,FALSE
1544,Military Dictionary,L (search subarea length) (k.hiệu),,,,chiều dài dải tìm kiếm,FALSE,,,img_1544.jpg,FALSE
1544,Military Dictionary,L&L Co (loudspeaker and leaflet company),,,,đại đội tuyên truyền và rải truyền đơn,FALSE,,,img_1544.jpg,FALSE
1544,Military Dictionary,L&S (launch and service),,,,phóng và bảo dưỡng,FALSE,,,img_1544.jpg,FALSE
1544,Military Dictionary,L and B (loss and breakage),,,,thiếu hụt và hư hỏng,FALSE,,,img_1544.jpg,FALSE
1544,Military Dictionary,L Br Tn (light bridge train),,,,trạm cầu vượt sông hạng nhẹ,FALSE,,,img_1544.jpg,FALSE
1544,Military Dictionary,L-hour,,,,giờ L bắt đầu đổ quân,FALSE,,,img_1544.jpg,FALSE
1544,Military Dictionary,L of C (line of communications),,,,tuyến giao thông liên lạc,FALSE,,,img_1544.jpg,FALSE
1544,Military Dictionary,L Tk (light tank),,,,xe tăng hạng nhẹ,FALSE,,,img_1544.jpg,FALSE
1544,Military Dictionary,L.S.G.C.M (Long Service and Good Conduct Medal),,,,"huy chương ""Vì phục vụ lâu năm và có thành tích phục vụ tốt""",FALSE,,,img_1544.jpg,FALSE
1544,Military Dictionary,L/T (long ton),,,,trường tấn (bằng 1.016 kg),FALSE,,,img_1544.jpg,FALSE
1544,Military Dictionary,L/TD (lower tween deck),,,,sàn giữa bên dưới của tàu,FALSE,,,img_1544.jpg,FALSE
1544,Military Dictionary,LA (launch area),,,,khu vực phóng; khu vực bố trí trận địa phóng; khu vực trận địa; sân bay vũ trụ,FALSE,,,img_1544.jpg,FALSE
1544,Military Dictionary,LA (lead agent),,,,học giả quân sự chủ chốt; điệp viên chủ chốt,FALSE,,,img_1544.jpg,FALSE
1544,Military Dictionary,LA (legal adviser),,,,cố vấn pháp luật,FALSE,,,img_1544.jpg,FALSE
1544,Military Dictionary,LA (light artillery),,,,pháo hạng nhẹ; pháo binh hạng nhẹ,FALSE,,,img_1544.jpg,FALSE
1544,Military Dictionary,LA (line amplifier),,,,bộ khuếch đại tuyến thông tin liên lạc hữu tuyến,FALSE,,,img_1544.jpg,FALSE
1544,Military Dictionary,LA (low altitude),,,,độ cao thấp; ở độ cao thấp; bay thấp; bay là là mặt đất,FALSE,,,img_1544.jpg,FALSE
1544,Military Dictionary,LA (low angle),,,,góc bắn thấp,FALSE,,,img_1544.jpg,FALSE
1544,Military Dictionary,LAA (light anti-aircraft),,,,(vũ khí) phòng không hạng nhẹ,FALSE,,,img_1544.jpg,FALSE
1545,Military Dictionary,LAA (light antiaircraft artillery),,,,"pháo phòng không hạng nhẹ, pháo phòng không cỡ nhỏ",FALSE,,,img_1545.jpg,FALSE
1545,Military Dictionary,LAADS (low altitude air defense),,,,phòng không tầm thấp,FALSE,,,img_1545.jpg,FALSE
1545,Military Dictionary,LAADS (low altitude air defense system),,,,hệ thống phòng không tầm thấp,FALSE,,,img_1545.jpg,FALSE
1545,Military Dictionary,LAAAS (low-altitude airfield attack system),,,,tổ hợp vũ khí tiến công sân bay từ độ cao nhỏ,FALSE,,,img_1545.jpg,FALSE
1545,Military Dictionary,LAAG (light anti-aircraft gun),,,,súng phòng không hạng nhẹ; pháo phòng không hạng nhẹ,FALSE,,,img_1545.jpg,FALSE
1545,Military Dictionary,LAAM (light antiaircraft missile),,,,tên lửa phòng không hạng nhẹ,FALSE,,,img_1545.jpg,FALSE
1545,Military Dictionary,LAAMBN (light antiaircraft missile battalion),,,,tiểu đoàn tên lửa phòng không hạng nhẹ,FALSE,,,img_1545.jpg,FALSE
1545,Military Dictionary,lab (laboratory),,,,phòng thí nghiệm,FALSE,,,img_1545.jpg,FALSE
1545,Military Dictionary,LAB (light assault bridge),,,,cầu xung kích hạng nhẹ,FALSE,,,img_1545.jpg,FALSE
1545,Military Dictionary,LABS (Low-Altitude Bombing System),,,,hệ thống ném bom tầm thấp,FALSE,,,img_1545.jpg,FALSE
1545,Military Dictionary,LACE (liquid air cycle engine),,,,động cơ (tên lửa) có dòng khí lỏng tuần hoàn,FALSE,,,img_1545.jpg,FALSE
1545,Military Dictionary,LACH (lightweight amphibious container handler),,,,phương tiện lội nước nâng và điều khiển côngtenơ gọn nhẹ,FALSE,,,img_1545.jpg,FALSE
1545,Military Dictionary,lacr (low-altitude coverage radar),,,,rada cảnh giới tầm thấp,FALSE,,,img_1545.jpg,FALSE
1545,Military Dictionary,LACV (air cushioned vehicle),,,,phương tiện chạy trên đệm không khí,FALSE,,,img_1545.jpg,FALSE
1545,Military Dictionary,LACV (lighter),,,,"xà lan, xuồng chở hàng",FALSE,,,img_1545.jpg,FALSE
1545,Military Dictionary,LAD (latest arrival date),,,,ngày đến chậm nhất (của lực lượng hoặc trang bị kỹ thuật),FALSE,,,img_1545.jpg,FALSE
1545,Military Dictionary,LADA (light air defense artillery),,,,"pháo phòng không hạng nhẹ, pháo phòng không cỡ nhỏ",FALSE,,,img_1545.jpg,FALSE
1545,Military Dictionary,ladar (laser detection and ranging),,,,máy phát hiện và định tầm bằng lade; sự cảnh giới bằng lade,FALSE,,,img_1545.jpg,FALSE
1545,Military Dictionary,LADS (light air defense system (US)),,,,hệ thống phòng không hạng nhẹ (Mỹ),FALSE,,,img_1545.jpg,FALSE
1545,Military Dictionary,LAF (light assault ferry),,,,phà đổ bộ hạng nhẹ,FALSE,,,img_1545.jpg,FALSE
1545,Military Dictionary,LAH (light attack helicopter),,,,máy bay trực thăng tiến công hạng nhẹ,FALSE,,,img_1545.jpg,FALSE
1545,Military Dictionary,"LAINS (Low-Altitude Inertial, Navigation System)",,,,hệ thống dẫn đường quán tính tầm thấp,FALSE,,,img_1545.jpg,FALSE
1545,Military Dictionary,lais (liaison),,,,thông tin liên lạc hiệp đồng; liên lạc hiệp đồng,FALSE,,,img_1545.jpg,FALSE
1545,Military Dictionary,LAL (launch and leave) (chiến thuật),,,,"phóng nhanh cơ động nhanh, phóng nhanh rút nhanh",FALSE,,,img_1545.jpg,FALSE
1545,Military Dictionary,LAM (laser aiming module),,,,môđun ngắm bắn bằng lade,FALSE,,,img_1545.jpg,FALSE
1545,Military Dictionary,LAM (low-altitude missile),,,,tên lửa tầm thấp,FALSE,,,img_1545.jpg,FALSE
1545,Military Dictionary,LAMPS (light airborne multipurpose system),,,,tổ hợp đa năng hạng nhẹ đặt trên máy bay,FALSE,,,img_1545.jpg,FALSE
1545,Military Dictionary,LAMS (local area missile system),,,,hệ thống tên lửa nội bộ khu vực,FALSE,,,img_1545.jpg,FALSE
1545,Military Dictionary,LAN (local area network),,,,mạng thông tin nội bộ khu vực,FALSE,,,img_1545.jpg,FALSE
1545,Military Dictionary,LANA system (low-altitude night attack system),,,,hệ thống tiến công ban đêm ở tầm thấp,FALSE,,,img_1545.jpg,FALSE
1545,Military Dictionary,"Land Cent; LANDCENT (Allied Land Forces, Central Europe (NATO))",,,,các lực lượng mặt đất của liên quân NATO ở Trung Âu,FALSE,,,img_1545.jpg,FALSE
1545,Military Dictionary,LANDCRAB (landing craft and bases),,,,phương tiện vận tải có thiết bị đổ quân đổ bộ,FALSE,,,img_1545.jpg,FALSE
1545,Military Dictionary,LANDSAT (land satellite),,,,đơn vị yểm trợ trên mặt đất,FALSE,,,img_1545.jpg,FALSE
1545,Military Dictionary,LANDSOUTH (Allied Land Forces Southern Europe (NATO)),,,,các lực lượng mặt đất của liên quân NATO ở Nam Âu,FALSE,,,img_1545.jpg,FALSE
1545,Military Dictionary,lang (language),,,,"ngôn ngữ, tiếng",FALSE,,,img_1545.jpg,FALSE
1545,Military Dictionary,lang sp (language specialist),,,,chuyên gia ngôn ngữ,FALSE,,,img_1545.jpg,FALSE
1545,Military Dictionary,LANTCOM (Atlantic Command),,,,bộ tư lệnh NATO ở Đại Tây Dương; bộ tư lệnh Mỹ ở Đại Tây Dương; lực lượng quân đội Mỹ ở khu vực biển Đại Tây Dương,FALSE,,,img_1545.jpg,FALSE
1546,Military Dictionary,"LANTIRN (low-altitude navigation and targeting infrared, night)",,,,thiết bị hồng ngoại dẫn đường và phát hiện mục tiêu ở độ cao thấp ban đêm,FALSE,,,img_1546.jpg,FALSE
1546,Military Dictionary,LANTIRN (low-altitude navigation and targeting infrared for night),,,,sự dẫn đường và bắt mục tiêu ban đêm tầm thấp (bằng) hồng ngoại,FALSE,,,img_1546.jpg,FALSE
1546,Military Dictionary,LAO (limited attack option),,,,sự lựa chọn cuộc tiến công hạn chế,FALSE,,,img_1546.jpg,FALSE
1546,Military Dictionary,LAPADS (lightweight acoustic processing and display system),,,,tổ hợp xử lý âm thanh và hiển thị (gọn) nhẹ,FALSE,,,img_1546.jpg,FALSE
1546,Military Dictionary,LAPES (Low-Altitude Parachute Extraction System),,,,hệ thống thả hàng nặng từ độ cao thấp (của máy bay); hệ thống bật dù ở tầm thấp,FALSE,,,img_1546.jpg,FALSE
1546,Military Dictionary,LAR (light artillery rocket),,,,đạn phản lực pháo binh hạng nhẹ,FALSE,,,img_1546.jpg,FALSE
1546,Military Dictionary,LAR (light automatic rifle),,,,súng trường tự động hạng nhẹ,FALSE,,,img_1546.jpg,FALSE
1546,Military Dictionary,LARA (light armed reconnaissance aircraft),,,,máy bay trinh sát trang bị vũ khí hạng nhẹ,FALSE,,,img_1546.jpg,FALSE
1546,Military Dictionary,"LARC (lighter, amphibious, resupply cargo)",,,,xe lội nước vận tải hạng nhẹ,FALSE,,,img_1546.jpg,FALSE
1546,Military Dictionary,LARC (low-altitude ride control),,,,điều khiển (bay) treo ở độ cao thấp,FALSE,,,img_1546.jpg,FALSE
1546,Military Dictionary,LARS (light artillery rocket system),,,,hệ thống tên lửa pháo binh hạng nhẹ; tổ hợp đạn pháo phản lực hạng nhẹ,FALSE,,,img_1546.jpg,FALSE
1546,Military Dictionary,LARS (lightweight airborne recovery system),,,,hệ thống sửa chữa khôi phục hạng nhẹ cơ động đường không,FALSE,,,img_1546.jpg,FALSE
1546,Military Dictionary,LArty (light artillery),,,,"pháo hạng nhẹ, pháo cỡ nhỏ",FALSE,,,img_1546.jpg,FALSE
1546,Military Dictionary,LASA (large-aperture seismic array),,,,thiết bị đo địa chấn tầm xa (đặt ở Montana để phát hiện các vụ nổ hạt nhân),FALSE,,,img_1546.jpg,FALSE
1546,Military Dictionary,LASH (lighter aboard ship),,,,xà lan bốc dỡ hàng trên tàu biển,FALSE,,,img_1546.jpg,FALSE
1546,Military Dictionary,LASINT (laser intelligence),,,,trinh sát bằng thiết bị lade; tin tức tình báo thu thập bằng phương tiện lade,FALSE,,,img_1546.jpg,FALSE
1546,Military Dictionary,LASIP (Light Artillery System Improvement Plan),,,,"kế hoạch nâng cấp tổ hợp pháo binh cỡ nhỏ, kế hoạch hoàn thiện hệ thống pháo binh hạng nhẹ",FALSE,,,img_1546.jpg,FALSE
1546,Military Dictionary,LASRM (low-altitude short-range missile),,,,"tên lửa chiến thuật tác chiến tầm thấp, tên lửa chiến thuật bắn ở độ cao thấp",FALSE,,,img_1546.jpg,FALSE
1546,Military Dictionary,LAST (low-altitude supersonic target),,,,mục tiêu siêu âm tầm thấp,FALSE,,,img_1546.jpg,FALSE
1546,Military Dictionary,lat (latitude),,,,vĩ độ; song song,FALSE,,,img_1546.jpg,FALSE
1546,Military Dictionary,LAT (light anti-tank),,,,(vũ khí) chống tăng hạng nhẹ,FALSE,,,img_1546.jpg,FALSE
1546,Military Dictionary,LAT (light-artillery tractor),,,,xe kéo pháo hạng nhẹ,FALSE,,,img_1546.jpg,FALSE
1546,Military Dictionary,LATS (Light Armoured Turret System),,,,hệ thống tháp pháo xe bọc thép hạng nhẹ,FALSE,,,img_1546.jpg,FALSE
1546,Military Dictionary,LAU (Light Armoured Unit),,,,đơn vị xe bọc thép hạng nhẹ; phân đội xe thiết giáp hạng nhẹ,FALSE,,,img_1546.jpg,FALSE
1546,Military Dictionary,LAV (light armored vehicle),,,,xe bọc thép hạng nhẹ; xe thiết giáp hạng nhẹ,FALSE,,,img_1546.jpg,FALSE
1546,Military Dictionary,LAV (Light Assault Vehicle (US)),,,,phương tiện tiến công hạng nhẹ (Mỹ),FALSE,,,img_1546.jpg,FALSE
1546,Military Dictionary,LAV-AD (Light Armored Vehicle-Air Defense),,,,xe bọc thép phòng không hạng nhẹ,FALSE,,,img_1546.jpg,FALSE
1546,Military Dictionary,LAV-AG (light armored vehicle-assault gun),,,,xe bọc thép hạng nhẹ mang pháo xung kích,FALSE,,,img_1546.jpg,FALSE
1546,Military Dictionary,LAVS (low-altitude supersonic vehicle),,,,phương tiện bay vượt âm tầm thấp,FALSE,,,img_1546.jpg,FALSE
1546,Military Dictionary,LAVS (low-altitude surface vehicle),,,,"phương tiện bay quan sát mặt (đất, biển) tầm thấp",FALSE,,,img_1546.jpg,FALSE
1546,Military Dictionary,LAW (light anti-tank weapon),,,,"vũ khí chống tăng hạng nhẹ, vũ khí chống tăng xách tay",FALSE,,,img_1546.jpg,FALSE
1546,Military Dictionary,LAW (light assault weapon),,,,vũ khí tiến công hạng nhẹ,FALSE,,,img_1546.jpg,FALSE
1546,Military Dictionary,Law (low-altitude weapon),,,,vũ khí tầm thấp,FALSE,,,img_1546.jpg,FALSE
1547,Military Dictionary,LB (landing boat),,,,xuồng đổ bộ,FALSE,,,img_1547.jpg,FALSE
1547,Military Dictionary,LB (launch bunker),,,,"boongke phóng, hầm bê tông ngầm dưới đất để điều khiển phóng (tên lửa)",FALSE,,,img_1547.jpg,FALSE
1547,Military Dictionary,LB (light bomber),,,,máy bay ném bom hạng nhẹ,FALSE,,,img_1547.jpg,FALSE
1547,Military Dictionary,LB (long barrel),,,,nòng dài (súng pháo),FALSE,,,img_1547.jpg,FALSE
1547,Military Dictionary,Lb (pound),,,,"pao Anh (bằng 0,45 kg)",FALSE,,,img_1547.jpg,FALSE
1547,Military Dictionary,LBP (length between perpendiculars),,,,chiều dài giữa các đường thẳng đứng; khoảng cách giữa các đường thẳng đứng,FALSE,,,img_1547.jpg,FALSE
1547,Military Dictionary,LBR (Laser Beam Rider),,,,tên lửa dẫn bằng chùm tia lade; bom lade,FALSE,,,img_1547.jpg,FALSE
1547,Military Dictionary,LBR (line of bomb release),,,,"tuyến ném bom, tuyến cắt bom, tuyến thả bom",FALSE,,,img_1547.jpg,FALSE
1547,Military Dictionary,Lbr Bn (labor battalion),,,,tiểu đoàn lao công,FALSE,,,img_1547.jpg,FALSE
1547,Military Dictionary,LC (landing craft),,,,"phương tiện nổi đổ bộ, phương tiện đổ quân đổ bộ; ca nô đổ bộ; tàu đổ bộ",FALSE,,,img_1547.jpg,FALSE
1547,Military Dictionary,LC (laser collimator),,,,thiết bị lade chuẩn trực,FALSE,,,img_1547.jpg,FALSE
1547,Military Dictionary,LC (launch complex),,,,tổ hợp phóng,FALSE,,,img_1547.jpg,FALSE
1547,Military Dictionary,LC (launch control),,,,sự điều khiển phóng (tên lửa),FALSE,,,img_1547.jpg,FALSE
1547,Military Dictionary,LC (launch countdown),,,,sự đếm ngược thời gian trước khi phóng,FALSE,,,img_1547.jpg,FALSE
1547,Military Dictionary,LC (lieutenant commander),,,,đại uý hải quân,FALSE,,,img_1547.jpg,FALSE
1547,Military Dictionary,LC; L/C (lieutenant colonel),,,,trung tá,FALSE,,,img_1547.jpg,FALSE
1547,Military Dictionary,LC (line of communication),,,,tuyến giao thông; tuyến thông tin liên lạc,FALSE,,,img_1547.jpg,FALSE
1547,Military Dictionary,LC (line of contact),,,,đường tiếp xúc; tuyến tiếp xúc với địch; tuyến mặt trận,FALSE,,,img_1547.jpg,FALSE
1547,Military Dictionary,"LCA (landing craft, assault)",,,,phương tiện đổ quân đổ bộ; ca nô đổ bộ,FALSE,,,img_1547.jpg,FALSE
1547,Military Dictionary,LCA (launch control area),,,,khu vực điều khiển phóng (tên lửa),FALSE,,,img_1547.jpg,FALSE
1547,Military Dictionary,LCA (light combat aircraft),,,,máy bay chiến đấu hạng nhẹ,FALSE,,,img_1547.jpg,FALSE
1547,Military Dictionary,"LCAC (landing craft, air cushion)",,,,tàu đổ bộ chạy trên đệm không khí,FALSE,,,img_1547.jpg,FALSE
1547,Military Dictionary,LCAP (low combat air patrol),,,,sự tuần tiễu đường không tầm thấp,FALSE,,,img_1547.jpg,FALSE
1547,Military Dictionary,LCAVAT (landing craft and amphibious vehicle assignment table),,,,bảng phân phối phương tiện đổ quân đổ bộ và xe lội nước,FALSE,,,img_1547.jpg,FALSE
1547,Military Dictionary,LCB (launch control building),,,,nhà điều khiển phóng (tên lửa),FALSE,,,img_1547.jpg,FALSE
1547,Military Dictionary,"LCB (Mech) (landing-craft barge, mechanized)",,,,xà lan đổ quân đổ bộ tự hành; phà đổ bộ tự hành,FALSE,,,img_1547.jpg,FALSE
1547,Military Dictionary,"LCBD (landing-craft barge, dumb)",,,,xà lan đổ quân đổ bộ không tự hành; phà đổ bộ không tự hành,FALSE,,,img_1547.jpg,FALSE
1547,Military Dictionary,LCC (land component commander),,,,chỉ huy trưởng thành phần lực lượng mặt đất trong đổ bộ đường biển,FALSE,,,img_1547.jpg,FALSE
1547,Military Dictionary,LCC (Landing Craft Control),,,,sự kiểm soát tàu đổ bộ; sự chỉ huy tàu đổ bộ,FALSE,,,img_1547.jpg,FALSE
1547,Military Dictionary,"LCC (landing craft, control)",,,,tàu đổ bộ điều khiển (đổ quân),FALSE,,,img_1547.jpg,FALSE
1547,Military Dictionary,LCC (launch control center),,,,trung tâm điều khiển phóng (tên lửa); trạm điều khiển phóng (tên lửa),FALSE,,,img_1547.jpg,FALSE
1547,Military Dictionary,LCC (lighterage control center),,,,trung tâm điều khiển các phương tiện đổ bộ từ tàu lớn vào bờ,FALSE,,,img_1547.jpg,FALSE
1547,Military Dictionary,LCC (link communications circuit),,,,mạch liên kết thông tin liên lạc,FALSE,,,img_1547.jpg,FALSE
1547,Military Dictionary,LCC (local command centre),,,,trung tâm chỉ huy tại chỗ,FALSE,,,img_1547.jpg,FALSE
1547,Military Dictionary,LCC (logistical coordination center),,,,trung tâm hiệp đồng bảo đảm hậu cần,FALSE,,,img_1547.jpg,FALSE
1547,Military Dictionary,LCCO (landing combined (operation) control officer),,,,sĩ quan điều khiển đổ quân đổ bộ,FALSE,,,img_1547.jpg,FALSE
1547,Military Dictionary,LCCO (landing-craft control officer),,,,sĩ quan điều khiển phương tiện đổ quân đổ bộ,FALSE,,,img_1547.jpg,FALSE
1547,Military Dictionary,LCCS (landing craft control ship),,,,tàu chỉ huy các phương tiện đổ bộ,FALSE,,,img_1547.jpg,FALSE
1547,Military Dictionary,LCD (liquid crystal display),,,,"màn hình tinh thể lỏng (dùng để hiển thị thông tin về thiết bị, dụng cụ)",FALSE,,,img_1547.jpg,FALSE
1547,Military Dictionary,LCDR; LCdr (lieutenant commander) (Anh),,,,thiếu tá hải quân,FALSE,,,img_1547.jpg,FALSE
1548,Military Dictionary,LCE (launch complex equipment),,,,thiết bị của tổ hợp phóng,FALSE,,,img_1548.jpg,FALSE
1548,Military Dictionary,LCE (load-carrying equipment),,,,thiết bị nâng - xếp hàng,FALSE,,,img_1548.jpg,FALSE
1548,Military Dictionary,LCE (logistics capability estimator),,,,sĩ quan chuyên trách đánh giá khả năng hậu cần,FALSE,,,img_1548.jpg,FALSE
1548,Military Dictionary,LCES (line conditioning equipment scanner),,,,bộ quét thiết bị điều hoà tuyến,FALSE,,,img_1548.jpg,FALSE
1548,Military Dictionary,"LCF (landing craft, flak)",,,,phương tiện đổ bộ phòng không,FALSE,,,img_1548.jpg,FALSE
1548,Military Dictionary,LCF (launch control facility),,,,trạm điều khiển phóng (tên lửa),FALSE,,,img_1548.jpg,FALSE
1548,Military Dictionary,"LCFF (landing craft, force flagship)",,,,tàu chỉ huy đổ bộ,FALSE,,,img_1548.jpg,FALSE
1548,Military Dictionary,"LCG (landing craft, gun)",,,,tàu đổ bộ súng pháo,FALSE,,,img_1548.jpg,FALSE
1548,Military Dictionary,"LCH (landing craft, headquarters)",,,,ca nô chỉ huy đổ bộ,FALSE,,,img_1548.jpg,FALSE
1548,Military Dictionary,lchr (launcher),,,,cơ cấu phóng; bệ phóng; công sự phóng; vị trí phóng,FALSE,,,img_1548.jpg,FALSE
1548,Military Dictionary,"LCI (L) (landing craft, infantry (large))",,,,tàu đổ bộ bộ binh,FALSE,,,img_1548.jpg,FALSE
1548,Military Dictionary,LCL (less than carload),,,,dưới mức chở cần thiết,FALSE,,,img_1548.jpg,FALSE
1548,Military Dictionary,lcl (local) (thuộc),,,,"địa phương, bản xứ; cục bộ",FALSE,,,img_1548.jpg,FALSE
1548,Military Dictionary,"LCM (landing craft, mechanized)",,,,tàu đổ bộ chuyên chở thiết bị kỹ thuật chiến đấu,FALSE,,,img_1548.jpg,FALSE
1548,Military Dictionary,"LCM (landing craft, medium)",,,,phương tiện đổ bộ tự hành hạng trung; tàu đổ bộ tự hành hạng trung,FALSE,,,img_1548.jpg,FALSE
1548,Military Dictionary,"LCN (landing craft, navigation)",,,,tàu đổ bộ trinh sát dẫn đường,FALSE,,,img_1548.jpg,FALSE
1548,Military Dictionary,LCN (load classification number),,,,hệ số phân loại tải,FALSE,,,img_1548.jpg,FALSE
1548,Military Dictionary,LCO (launching control officer),,,,người chỉ huy phóng (tên lửa),FALSE,,,img_1548.jpg,FALSE
1548,Military Dictionary,LCO (lighterage control officer),,,,người chỉ huy điều khiển các phương tiện đổ bộ từ tàu lớn vào bờ,FALSE,,,img_1548.jpg,FALSE
1548,Military Dictionary,"LCP (landing craft, personnel)",,,,"ca nô đổ bộ bộ binh, phương tiện đổ quân đổ bộ",FALSE,,,img_1548.jpg,FALSE
1548,Military Dictionary,LCP (launch-control post),,,,trạm điều khiển phóng (tên lửa),FALSE,,,img_1548.jpg,FALSE
1548,Military Dictionary,LCP (lighterage control point),,,,vị trí chỉ huy các phương tiện đổ bộ từ tàu lớn vào bờ,FALSE,,,img_1548.jpg,FALSE
1548,Military Dictionary,LCPL (lance corporal),,,,hạ sĩ nhì,FALSE,,,img_1548.jpg,FALSE
1548,Military Dictionary,LCPL (landing craft personnel (large)),,,,quân số trên tàu đổ bộ,FALSE,,,img_1548.jpg,FALSE
1548,Military Dictionary,"LCPL (landing craft, personnel, light)",,,,tàu đổ bộ chở quân hạng nhẹ,FALSE,,,img_1548.jpg,FALSE
1548,Military Dictionary,"LCR (landing craft, rocket)",,,,tàu đổ bộ có bệ phóng tên lửa,FALSE,,,img_1548.jpg,FALSE
1548,Military Dictionary,"LCR (landing craft, rubber)",,,,xuồng cao su đổ bộ,FALSE,,,img_1548.jpg,FALSE
1548,Military Dictionary,"LCS (landing craft, support)",,,,tàu đổ bộ chi viện hoả lực (cho quân đổ bộ đường biển),FALSE,,,img_1548.jpg,FALSE
1548,Military Dictionary,"LCT (landing craft, tank)",,,,tàu đổ bộ xe tăng hạng nhẹ,FALSE,,,img_1548.jpg,FALSE
1548,Military Dictionary,LCT (local civil time),,,,giờ địa phương,FALSE,,,img_1548.jpg,FALSE
1548,Military Dictionary,"LCU (landing craft, utility)",,,,tàu đổ bộ đa dạng,FALSE,,,img_1548.jpg,FALSE
1548,Military Dictionary,LCU (launch control unit),,,,khối chỉ huy phóng; thiết bị điều khiển phóng (tên lửa),FALSE,,,img_1548.jpg,FALSE
1548,Military Dictionary,LCV (lorry command vehicle),,,,ô tô chỉ huy,FALSE,,,img_1548.jpg,FALSE
1548,Military Dictionary,"LCVP (landing craft, vehicles and personnel)",,,,tàu đổ bộ phương tiện và quân đổ bộ,FALSE,,,img_1548.jpg,FALSE
1548,Military Dictionary,LCWDS (low-cost weapon delivery system),,,,hệ thống mang vũ khí tiến công mục tiêu giá thành hạ,FALSE,,,img_1548.jpg,FALSE
1548,Military Dictionary,LD (Launching Division),,,,bộ phận thao tác phóng,FALSE,,,img_1548.jpg,FALSE
1548,Military Dictionary,LD (lethal dose),,,,"liều lượng gây tử vong, liều lượng chết người",FALSE,,,img_1548.jpg,FALSE
1548,Military Dictionary,LD (line of departure),,,,tuyến xuất phát tiến công,FALSE,,,img_1548.jpg,FALSE
1548,Military Dictionary,LD (line of duty),,,,phạm vi trách nhiệm,FALSE,,,img_1548.jpg,FALSE
1548,Military Dictionary,LD (long delay),,,,dài hạn,FALSE,,,img_1548.jpg,FALSE
1548,Military Dictionary,LDC (launch detection system),,,,hệ thống phát hiện phóng (tên lửa),FALSE,,,img_1548.jpg,FALSE
1548,Military Dictionary,LDC (local defense center),,,,trung tâm phòng thủ khu vực,FALSE,,,img_1548.jpg,FALSE
1548,Military Dictionary,ldg (landing),,,,"hạ cánh, tiếp đất; đổ quân đổ bộ; đổ hàng đổ bộ",FALSE,,,img_1548.jpg,FALSE
1549,Military Dictionary,"LDGP (low-drag, general-purpose (bombs))",,,,bom đạn công dụng chung lực cản thấp,FALSE,,,img_1549.jpg,FALSE
1549,Military Dictionary,LDO (laser designator operator),,,,sĩ quan điều khiển máy phát tia lade định vị mục tiêu,FALSE,,,img_1549.jpg,FALSE
1549,Military Dictionary,LDO (liaison duty officer),,,,sĩ quan trực liên lạc,FALSE,,,img_1549.jpg,FALSE
1549,Military Dictionary,LDOCF (long distance operational control facility),,,,phương tiện bảo đảm chỉ huy tác chiến tầm xa,FALSE,,,img_1549.jpg,FALSE
1549,Military Dictionary,LDR; ldr (leader),,,,người chỉ huy; xe chỉ huy; máy bay dẫn đường; tàu đi đầu; thủ lĩnh,FALSE,,,img_1549.jpg,FALSE
1549,Military Dictionary,LDR (low data rate),,,,tốc độ truyền dữ liệu thấp,FALSE,,,img_1549.jpg,FALSE
1549,Military Dictionary,LDS (layered defence system),,,,hệ thống phòng thủ nhiều tầng,FALSE,,,img_1549.jpg,FALSE
1549,Military Dictionary,LE (launch emplacement),,,,"bãi phóng; bệ phóng, vị trí phóng",FALSE,,,img_1549.jpg,FALSE
1549,Military Dictionary,LE (launching equipment),,,,thiết bị phóng,FALSE,,,img_1549.jpg,FALSE
1549,Military Dictionary,LE (light equipment),,,,"trang bị được giảm nhẹ (vũ khí, trang bị)",FALSE,,,img_1549.jpg,FALSE
1549,Military Dictionary,LE (low explosive),,,,thuốc cháy chậm,FALSE,,,img_1549.jpg,FALSE
1549,Military Dictionary,LEA (law enforcement agency),,,,cơ quan thi hành pháp luật,FALSE,,,img_1549.jpg,FALSE
1549,Military Dictionary,LEAP (light exoatmospheric projectile),,,,đầu đạn nhẹ vận động trên tầng khí quyển,FALSE,,,img_1549.jpg,FALSE
1549,Military Dictionary,LEASAT (leased satellite),,,,vệ tinh cho thuê,FALSE,,,img_1549.jpg,FALSE
1549,Military Dictionary,LEAU (Law Enforcement Assistance unit (FAA)),,,,cơ quan hỗ trợ thi hành pháp luật (thuộc cơ quan quản lý hàng không liên bang),FALSE,,,img_1549.jpg,FALSE
1549,Military Dictionary,LECOS (light electronic control system),,,,hệ thống điện tử điều khiển bằng sợi quang học,FALSE,,,img_1549.jpg,FALSE
1549,Military Dictionary,LED (light-emitting diode),,,,điốt phát sáng,FALSE,,,img_1549.jpg,FALSE
1549,Military Dictionary,LED (low endo-atmospheric defence),,,,"(tầng) phòng không (trong vùng) nội khí quyển thấp (chống vệ tinh, tên lửa)",FALSE,,,img_1549.jpg,FALSE
1549,Military Dictionary,LEDET (Law Enforcement Detachment (USCG)),,,,đội thi hành pháp luật (thuộc lực lượng cảnh giới bờ biển Mỹ),FALSE,,,img_1549.jpg,FALSE
1549,Military Dictionary,LEED (low energy electron diffraction),,,,sự nhiễu xạ điện tử năng lượng thấp,FALSE,,,img_1549.jpg,FALSE
1549,Military Dictionary,LEL (lower explosive limit),,,,"giới hạn nổ dưới, giới hạn nổ thấp",FALSE,,,img_1549.jpg,FALSE
1549,Military Dictionary,LEO (low earth orbit),,,,quỹ đạo gần trái đất,FALSE,,,img_1549.jpg,FALSE
1549,Military Dictionary,LEP (life extension programme),,,,chương trình kéo dài tuổi thọ vũ khí trang bị,FALSE,,,img_1549.jpg,FALSE
1549,Military Dictionary,LEP (linear error probable),,,,xác suất sai số tuyến tính,FALSE,,,img_1549.jpg,FALSE
1549,Military Dictionary,LERTCON (alert conditions),,,,các trạng thái báo động chiến đấu,FALSE,,,img_1549.jpg,FALSE
1549,Military Dictionary,LES (Lincoln Experimental Satellite),,,,vệ tinh thứ nghiệm Lincôn,FALSE,,,img_1549.jpg,FALSE
1549,Military Dictionary,LESA (Lunar Exploration System-Apollo),,,,hệ thống tàu Apôlô thám hiểm mặt trăng,FALSE,,,img_1549.jpg,FALSE
1549,Military Dictionary,LET (launch & escape time),,,,"thời gian phóng đạn và thoát ly, thời gian phóng và cơ động, thời gian phóng nhanh rút nhanh",FALSE,,,img_1549.jpg,FALSE
1549,Military Dictionary,LET (light equipment transport),,,,sự vận tải thiết bị nhẹ,FALSE,,,img_1549.jpg,FALSE
1549,Military Dictionary,LEWDD (lightweight early warning detection device),,,,thiết bị phát hiện cảnh báo sớm gọn nhẹ,FALSE,,,img_1549.jpg,FALSE
1549,Military Dictionary,LEX (landing exercise),,,,diễn tập đổ quân đổ bộ,FALSE,,,img_1549.jpg,FALSE
1549,Military Dictionary,lf (low frequency (30-300kc)),,,,"hạ tần (30 - 300 kHz), tần số thấp",FALSE,,,img_1549.jpg,FALSE
1549,Military Dictionary,LF (landing forces),,,,lực lượng đổ bộ đường không; quân nhảy dù; lực lượng đổ bộ,FALSE,,,img_1549.jpg,FALSE
1549,Military Dictionary,LF; L/F (launch facility),,,,tổ hợp phóng cố định; công sự phóng; bệ phóng; trạm phóng,FALSE,,,img_1549.jpg,FALSE
1549,Military Dictionary,LF (liquid fluorine),,,,flo lỏng,FALSE,,,img_1549.jpg,FALSE
1549,Military Dictionary,LF (low frequency),,,,"âm tần, hạ tần, tần số thấp",FALSE,,,img_1549.jpg,FALSE
1549,Military Dictionary,LFA (light field artillery),,,,pháo dã chiến hạng nhẹ,FALSE,,,img_1549.jpg,FALSE
1549,Military Dictionary,LFICS (landing force integrated communications system),,,,hệ thống thông tin liên lạc hợp nhất của lực lượng đổ bộ,FALSE,,,img_1549.jpg,FALSE
1549,Military Dictionary,LFM (landing force manual),,,,cẩm nang của lực lượng đổ bộ (đường biển),FALSE,,,img_1549.jpg,FALSE
1550,Military Dictionary,LFM (live firing monitor),,,,thiết bị theo dõi bắn đạn thật,FALSE,,,img_1550.jpg,FALSE
1550,Military Dictionary,LFORM (landing force operational reserve material),,,,phương tiện vật chất dự trữ tác chiến phục vụ lực lượng đổ bộ,FALSE,,,img_1550.jpg,FALSE
1550,Military Dictionary,LFSMS (logistic force structure management system),,,,hệ thống quản lý cơ cấu lực lượng hậu cần - kỹ thuật,FALSE,,,img_1550.jpg,FALSE
1550,Military Dictionary,LFSP (landing force support party),,,,đội bảo đảm của lực lượng đổ bộ,FALSE,,,img_1550.jpg,FALSE
1550,Military Dictionary,LFV (light forces vehicle),,,,xe chở quân hạng nhẹ,FALSE,,,img_1550.jpg,FALSE
1550,Military Dictionary,LG (deputy chief of staff for logistics),,,,"phó tham mưu trưởng về hậu cần, tham mưu phó hậu cần",FALSE,,,img_1550.jpg,FALSE
1550,Military Dictionary,LG (landing gear),,,,bộ càng hạ cánh,FALSE,,,img_1550.jpg,FALSE
1550,Military Dictionary,LG (landing ground),,,,"bãi hạ cánh, khu vực hạ cánh",FALSE,,,img_1550.jpg,FALSE
1550,Military Dictionary,LGB (laser-guided bomb),,,,bom điều khiển bằng lade,FALSE,,,img_1550.jpg,FALSE
1550,Military Dictionary,LGDM (laser-guided dispenser munition),,,,phương tiện phóng bom đạn có điều khiển bằng lade,FALSE,,,img_1550.jpg,FALSE
1550,Military Dictionary,LGM (laser-guided missile),,,,tên lửa điều khiển bằng lade,FALSE,,,img_1550.jpg,FALSE
1550,Military Dictionary,LGM (silo-launched surface attack guided missile),,,,"tên lửa tiến công mặt (đất, biển) phóng từ hầm phóng",FALSE,,,img_1550.jpg,FALSE
1550,Military Dictionary,LGM-30 (Minuteman),,,,tên lửa đạn đạo vượt đại châu Minútman (có ba tầng sử dụng động cơ tên lửa đẩy nhiên liệu rắn),FALSE,,,img_1550.jpg,FALSE
1550,Military Dictionary,LGW (laser guided weapon),,,,vũ khí điều khiển bằng lade,FALSE,,,img_1550.jpg,FALSE
1550,Military Dictionary,LH (lower hold),,,,hầm tàu (dưới),FALSE,,,img_1550.jpg,FALSE
1550,Military Dictionary,LHA (amphibious assault ship),,,,tàu vận tải đổ bộ đường biển,FALSE,,,img_1550.jpg,FALSE
1550,Military Dictionary,"LHA (assault landing ship, helicopter)",,,,tàu đổ bộ tiến công chở máy bay trực thăng,FALSE,,,img_1550.jpg,FALSE
1550,Military Dictionary,"LHD (amphibious transport, dock)",,,,tàu vận tải đổ bộ đường biển có boong đỗ máy bay,FALSE,,,img_1550.jpg,FALSE
1550,Military Dictionary,"LHD (helicopter landing ship, dock)",,,,tàu đổ bộ trực thăng có boong đỗ máy bay,FALSE,,,img_1550.jpg,FALSE
1550,Military Dictionary,LHW (laser-homing weapon),,,,vũ khí tự dẫn bằng lade,FALSE,,,img_1550.jpg,FALSE
1550,Military Dictionary,LIDAR; Lidar (light detection and ranging),,,,sự phát hiện và định tầm bằng ánh sáng; sự phát hiện và định tầm bằng ánh sáng hướng,FALSE,,,img_1550.jpg,FALSE
1550,Military Dictionary,Lieut (lieutenant),,,,trung uý,FALSE,,,img_1550.jpg,FALSE
1550,Military Dictionary,LIMAS (lightweight marking system),,,,tổ hợp đánh dấu cửa mở gọn nhẹ,FALSE,,,img_1550.jpg,FALSE
1550,Military Dictionary,LIMAWS (lightweight mobile artillery weapon system),,,,tổ hợp pháo binh cơ động nhẹ,FALSE,,,img_1550.jpg,FALSE
1550,Military Dictionary,LIN (liquid nitrogen),,,,nitơ lỏng,FALSE,,,img_1550.jpg,FALSE
1550,Military Dictionary,Liq frkt (liquid fuel rocket),,,,tên lửa nhiên liệu lỏng,FALSE,,,img_1550.jpg,FALSE
1550,Military Dictionary,LIRTS (large infrared telescope),,,,kính viễn vọng hồng ngoại cỡ lớn,FALSE,,,img_1550.jpg,FALSE
1550,Military Dictionary,LIS; Lis (logistics information system),,,,hệ thống thông tin hậu cần,FALSE,,,img_1550.jpg,FALSE
1550,Military Dictionary,LITE (laser illuminator target equipment),,,,thiết bị lade chiếu (sáng) mục tiêu,FALSE,,,img_1550.jpg,FALSE
1550,Military Dictionary,LITVC (liquid-injection thrust vector control),,,,sự điều khiển hướng luồng phụt nhiên liệu lỏng,FALSE,,,img_1550.jpg,FALSE
1550,Military Dictionary,LIWA (land information warfare activity),,,,hoạt động tác chiến thông tin mặt đất; cơ quan tác chiến thông tin mặt đất,FALSE,,,img_1550.jpg,FALSE
1550,Military Dictionary,LJ (Little John),,,,tên lửa Líttơ Giôn,FALSE,,,img_1550.jpg,FALSE
1550,Military Dictionary,LJ btry (Little John battery),,,,đại đội tên lửa không điều khiển Líttơ Giôn,FALSE,,,img_1550.jpg,FALSE
1550,Military Dictionary,LKA (assault cargo ship),,,,tàu chở hàng đổ bộ,FALSE,,,img_1550.jpg,FALSE
1550,Military Dictionary,LKA (attack cargo ship),,,,tàu chở hàng tiến công,FALSE,,,img_1550.jpg,FALSE
1550,Military Dictionary,Lkg and Bkg (leakage and breakage),,,,thiếu hụt và hư hỏng,FALSE,,,img_1550.jpg,FALSE
1550,Military Dictionary,LL (light line),,,,tuyến ngụy trang ánh sáng,FALSE,,,img_1550.jpg,FALSE
1550,Military Dictionary,LLAD (low-level air defence),,,,phòng không tầng thấp,FALSE,,,img_1550.jpg,FALSE
1550,Military Dictionary,LLGB (launch & leave guided bomb),,,,"bom có điều khiển phóng và cơ động, bom có điều khiển (dùng trong chiến thuật) đánh nhanh rút nhanh",FALSE,,,img_1550.jpg,FALSE
1551,Military Dictionary,LLGB (low-level guided bomb),,,,bom có điều khiển độ cao nhỏ,FALSE,,,img_1551.jpg,FALSE
1551,Military Dictionary,LLH (light liaison helicopter),,,,máy bay trực thăng liên lạc hạng nhẹ,FALSE,,,img_1551.jpg,FALSE
1551,Military Dictionary,LLLGB (low-level laser-guided bomb),,,,bom tầm thấp điều khiển bằng lade,FALSE,,,img_1551.jpg,FALSE
1551,Military Dictionary,LLLTV (low light level television),,,,vô tuyến truyền hình ở độ sáng thấp,FALSE,,,img_1551.jpg,FALSE
1551,Military Dictionary,LLRV (lunar landing research vehicle),,,,tàu nghiên cứu đổ bộ lên mặt trăng,FALSE,,,img_1551.jpg,FALSE
1551,Military Dictionary,LLS (Lunar Logistics System),,,,hệ thống hậu cần mặt trăng,FALSE,,,img_1551.jpg,FALSE
1551,Military Dictionary,LLSV (Lunar Logistics System Vehicle),,,,tàu (của) hệ thống hậu cần mặt trăng,FALSE,,,img_1551.jpg,FALSE
1551,Military Dictionary,LLTR (low-level transit route),,,,tuyến chuyển tiếp sóng dài tầm thấp,FALSE,,,img_1551.jpg,FALSE
1551,Military Dictionary,LLTV (low-light television),,,,thiết bị truyền hình ở độ sáng thấp,FALSE,,,img_1551.jpg,FALSE
1551,Military Dictionary,LLWD (low-level weapon delivery),,,,phóng rải vũ khí ở độ cao nhỏ,FALSE,,,img_1551.jpg,FALSE
1551,Military Dictionary,LM (land mine),,,,"mìn, địa lôi",FALSE,,,img_1551.jpg,FALSE
1551,Military Dictionary,LM (Legion of Merit),,,,huân chương quân đoàn lê dương danh dự,FALSE,,,img_1551.jpg,FALSE
1551,Military Dictionary,LMAW (light multi-purpose assault weapon),,,,vũ khí tiến công đa dụng hạng nhẹ,FALSE,,,img_1551.jpg,FALSE
1551,Military Dictionary,LMCC (logistic and movement control center),,,,trung tâm chỉ huy hậu cần và cơ động,FALSE,,,img_1551.jpg,FALSE
1551,Military Dictionary,LMG (light machine gun),,,,"súng máy hạng nhẹ, trung liên",FALSE,,,img_1551.jpg,FALSE
1551,Military Dictionary,LMI (logistics management institute),,,,trung tâm chỉ huy hậu cần,FALSE,,,img_1551.jpg,FALSE
1551,Military Dictionary,LML (lightweight multiple launcher),,,,giàn phóng rôcket hạng nhẹ; giàn pháo phản lực hạng nhẹ,FALSE,,,img_1551.jpg,FALSE
1551,Military Dictionary,LMN (linesman),,,,lính đơn vị chiến đấu; chiến sĩ đường dây (điện thoại),FALSE,,,img_1551.jpg,FALSE
1551,Military Dictionary,LMNA (long range multi-purpose naval aircraft),,,,máy bay hải quân đa dụng tầm xa,FALSE,,,img_1551.jpg,FALSE
1551,Military Dictionary,LMR (light machine rifle),,,,trung liên; súng trường tự động,FALSE,,,img_1551.jpg,FALSE
1551,Military Dictionary,"LMSR (large, medium speed roll-on/roll-off)",,,,nhào lên lộn xuống ở tốc độ cao và trung bình,FALSE,,,img_1551.jpg,FALSE
1551,Military Dictionary,LMT (local mean time),,,,giờ trung bình của địa phương,FALSE,,,img_1551.jpg,FALSE
1551,Military Dictionary,LMTR (laser marker & target ranger),,,,thiết bị chỉ báo và định tầm mục tiêu bằng lade,FALSE,,,img_1551.jpg,FALSE
1551,Military Dictionary,LMTV (light medium tactical vehicle),,,,xe chiến đấu hạng trung nhẹ,FALSE,,,img_1551.jpg,FALSE
1551,Military Dictionary,LMTVT (light medium tactical vehicle trailer),,,,xe kéo chiến thuật hạng trung nhẹ,FALSE,,,img_1551.jpg,FALSE
1551,Military Dictionary,LMW (lead mobility wing),,,,phi đoàn không quân cơ động chủ chốt phản ứng nhanh,FALSE,,,img_1551.jpg,FALSE
1551,Military Dictionary,ln (liaison),,,,"thông tin liên lạc (hiệp đồng), liên lạc (hiệp đồng)",FALSE,,,img_1551.jpg,FALSE
1551,Military Dictionary,LN (liquid nitrogen),,,,nitơ lỏng,FALSE,,,img_1551.jpg,FALSE
1551,Military Dictionary,ln sec (liaison section),,,,tiểu đội thông tin liên lạc; phân đội thông tin liên lạc,FALSE,,,img_1551.jpg,FALSE
1551,Military Dictionary,ln sgt (liaison sergeant),,,,trung sĩ thông tin liên lạc,FALSE,,,img_1551.jpg,FALSE
1551,Military Dictionary,LNAV (lateral navigation),,,,thuật bay ngang,FALSE,,,img_1551.jpg,FALSE
1551,Military Dictionary,LNO; LO; LnO (liaison officer),,,,sĩ quan liên lạc (hiệp đồng),FALSE,,,img_1551.jpg,FALSE
1551,Military Dictionary,LNS (Land Navigation System),,,,"hệ thống dẫn đường trên mặt đất, hệ thống đạo hàng mặt đất",FALSE,,,img_1551.jpg,FALSE
1551,Military Dictionary,LNS (Laying and Navigation System),,,,hệ thống ngắm và dẫn đường,FALSE,,,img_1551.jpg,FALSE
1551,Military Dictionary,LO (launch operations),,,,thao tác phóng,FALSE,,,img_1551.jpg,FALSE
1551,Military Dictionary,LO (letter orders),,,,các mệnh lệnh bằng văn bản,FALSE,,,img_1551.jpg,FALSE
1551,Military Dictionary,LO (lubrication order),,,,mệnh lệnh về (bảo đảm) dầu mỡ,FALSE,,,img_1551.jpg,FALSE
1551,Military Dictionary,LO/LO (lift-on/lift-off),,,,nâng phóng (tên lửa),FALSE,,,img_1551.jpg,FALSE
1551,Military Dictionary,LO/RO (lift-on/roll-off),,,,nâng lên/dỡ xuống (hàng hoá),FALSE,,,img_1551.jpg,FALSE
1551,Military Dictionary,LOA (Lead Operational Authority),,,,cơ quan thẩm quyền hàng đầu về tác chiến,FALSE,,,img_1551.jpg,FALSE
1551,Military Dictionary,LOA (leave of absence),,,,nghỉ phép,FALSE,,,img_1551.jpg,FALSE
1551,Military Dictionary,LOA (length overall),,,,chiều dài toàn bộ,FALSE,,,img_1551.jpg,FALSE
1551,Military Dictionary,LOA (letter of assist),,,,văn kiện hợp đồng (của Liên hiệp quốc giao cho một chính phủ cung cấp vật chất hoặc dịch vụ cho lực lượng gìn giữ hoà bình),FALSE,,,img_1551.jpg,FALSE
1552,Military Dictionary,LOA (letter of offer and acceptance),,,,văn kiện chuyển giao và tiếp nhận,FALSE,,,img_1552.jpg,FALSE
1552,Military Dictionary,LOA (light observation aircraft),,,,máy bay do thám hạng nhẹ,FALSE,,,img_1552.jpg,FALSE
1552,Military Dictionary,LOA (limit of advance),,,,giới hạn phát triển tiến công,FALSE,,,img_1552.jpg,FALSE
1552,Military Dictionary,LOA (logistics over-the-shore operation area),,,,khu vực bảo đảm hậu cần - kỹ thuật duyên hải không chuẩn bị,FALSE,,,img_1552.jpg,FALSE
1552,Military Dictionary,LOAC (law of armed conflict),,,,luật xung đột vũ trang,FALSE,,,img_1552.jpg,FALSE
1552,Military Dictionary,LOAD (low-altitude defence),,,,phòng không tầm thấp,FALSE,,,img_1552.jpg,FALSE
1552,Military Dictionary,LOADS (low-altitude defense system),,,,hệ thống phòng không tầm thấp,FALSE,,,img_1552.jpg,FALSE
1552,Military Dictionary,LOAL (Lock-On After Launch),,,,định vị tên lửa sau khi phóng (bám sát mục tiêu),FALSE,,,img_1552.jpg,FALSE
1552,Military Dictionary,LOAL (missile lock-on after launch missile),,,,tên lửa đóng khoá điều khiển tự động sau khi phóng,FALSE,,,img_1552.jpg,FALSE
1552,Military Dictionary,LOB (launch operations building),,,,trạm điều khiển phóng,FALSE,,,img_1552.jpg,FALSE
1552,Military Dictionary,LOB (left out of battle),,,,không tham gia chiến đấu,FALSE,,,img_1552.jpg,FALSE
1552,Military Dictionary,LOB (line-of-bearing),,,,đường phương vị,FALSE,,,img_1552.jpg,FALSE
1552,Military Dictionary,LOBL (Lock-On Before Launch),,,,định vị tên lửa trước khi phóng (hướng vào mục tiêu),FALSE,,,img_1552.jpg,FALSE
1552,Military Dictionary,LOBL (missile lock-on before launch missile),,,,tên lửa đóng khoá điều khiển tự động trước khi phóng,FALSE,,,img_1552.jpg,FALSE
1552,Military Dictionary,LOC (launch operations center),,,,trung tâm điều khiển phóng,FALSE,,,img_1552.jpg,FALSE
1552,Military Dictionary,LOC (launch operations complex),,,,tổ hợp những thao tác phóng,FALSE,,,img_1552.jpg,FALSE
1552,Military Dictionary,LOC (line of communications),,,,tuyến giao thông; tuyến giao thông liên lạc,FALSE,,,img_1552.jpg,FALSE
1552,Military Dictionary,LOC (Line of Control),,,,tuyến kiểm soát,FALSE,,,img_1552.jpg,FALSE
1552,Military Dictionary,LOC (lines of control),,,,hệ thống chỉ huy; mạng điều khiển,FALSE,,,img_1552.jpg,FALSE
1552,Military Dictionary,loc (locality),,,,khu vực; vùng; địa phương; cụm dân cư,FALSE,,,img_1552.jpg,FALSE
1552,Military Dictionary,LOC (localizer),,,,pha vô tuyến chỉ hướng đường băng; pha vô tuyến chỉ hướng hạ cánh,FALSE,,,img_1552.jpg,FALSE
1552,Military Dictionary,loc (locate),,,,định vị,FALSE,,,img_1552.jpg,FALSE
1552,Military Dictionary,loc (location),,,,"địa điểm, vị trí, nơi đóng quân; sự bố trí; sự xác định nơi đóng quân, sự xác định nơi trú quân; phát hiện",FALSE,,,img_1552.jpg,FALSE
1552,Military Dictionary,LOC (logistics operations center),,,,trung tâm chỉ huy tiếp tế hậu cần; trung tâm tác chiến hậu cần,FALSE,,,img_1552.jpg,FALSE
1552,Military Dictionary,LOC ACC (location accuracy),,,,độ chính xác của định vị,FALSE,,,img_1552.jpg,FALSE
1552,Military Dictionary,LOCAP (low combat air patrol),,,,tuần tiễu chiến đấu trên không tầm thấp,FALSE,,,img_1552.jpg,FALSE
1552,Military Dictionary,LOCC (launch operations control centre),,,,trung tâm chỉ huy phóng,FALSE,,,img_1552.jpg,FALSE
1552,Military Dictionary,LOCE (Linked Operational Intelligence Centers Europe),,,,các trung tâm tình báo tác chiến liên kết của châu Âu,FALSE,,,img_1552.jpg,FALSE
1552,Military Dictionary,LOCREP (location report),,,,sự báo cáo vị trí bố trí; báo cáo triển khai,FALSE,,,img_1552.jpg,FALSE
1552,Military Dictionary,LOF (line of fire),,,,"hướng bắn, xạ giới; tuyến mục tiêu",FALSE,,,img_1552.jpg,FALSE
1552,Military Dictionary,LOFD (line of departure),,,,tuyến xuất phát tiến công,FALSE,,,img_1552.jpg,FALSE
1552,Military Dictionary,log (logistics),,,,"hậu cần, sự bảo đảm vật chất - kỹ thuật; cơ quan hậu cần",FALSE,,,img_1552.jpg,FALSE
1552,Military Dictionary,log off (logistics officer),,,,sĩ quan hậu cần,FALSE,,,img_1552.jpg,FALSE
1552,Military Dictionary,LOGAIR (logistics aircraft),,,,máy bay (bảo đảm) hậu cần,FALSE,,,img_1552.jpg,FALSE
1552,Military Dictionary,LOGAIS (logistics automated information system),,,,hệ thống thông tin hậu cần - kỹ thuật tự động hoá,FALSE,,,img_1552.jpg,FALSE
1552,Military Dictionary,LOGCAP (logistics civilian augmentation program),,,,chương trình tăng cường hậu cần nhân dân,FALSE,,,img_1552.jpg,FALSE
1552,Military Dictionary,LOGCAT (logistics capability assessment tool),,,,công cụ đánh giá khả năng hậu cần - kỹ thuật,FALSE,,,img_1552.jpg,FALSE
1552,Military Dictionary,LOGCOM (Logistical Command),,,,bộ chỉ huy hậu cần,FALSE,,,img_1552.jpg,FALSE
1553,Military Dictionary,LOGDET (logistics detail),,,,chi tiết về hậu cần - kỹ thuật,FALSE,,,img_1553.jpg,FALSE
1553,Military Dictionary,LOGEX (logistical exercise),,,,diễn tập (bảo đảm) hậu cần,FALSE,,,img_1553.jpg,FALSE
1553,Military Dictionary,LOGFAC (Logistics Feasibility Assessment Capability),,,,khả năng đánh giá tính khả thi về mặt hậu cần - kỹ thuật,FALSE,,,img_1553.jpg,FALSE
1553,Military Dictionary,LOGFOR (logistics force packaging system),,,,hệ thống bao bì đóng gói của lực lượng hậu cần,FALSE,,,img_1553.jpg,FALSE
1553,Military Dictionary,LOGMARS (logistics applications of automated marking and reading symbols),,,,việc áp dụng hệ thống ký hiệu thanh mã vạch ghi và đọc tự động trong hậu cần,FALSE,,,img_1553.jpg,FALSE
1553,Military Dictionary,LOGMOD (logistics module),,,,môđun hậu cần,FALSE,,,img_1553.jpg,FALSE
1553,Military Dictionary,LOGPLAN (logistics planning system),,,,hệ thống lập kế hoạch hậu cần,FALSE,,,img_1553.jpg,FALSE
1553,Military Dictionary,logs (logistics),,,,"hậu cần, sự bảo đảm vật chất - kỹ thuật; cơ quan hậu cần",FALSE,,,img_1553.jpg,FALSE
1553,Military Dictionary,LOH (light observation helicopter),,,,"máy bay lên thẳng trinh sát hạng nhẹ, máy bay trực thăng trinh sát hạng nhẹ",FALSE,,,img_1553.jpg,FALSE
1553,Military Dictionary,"LOH, Avn bn, CoB (GS) (light observation helicopter company B (General Support), aviation battalion)",,,,đại đội B máy bay trực thăng trinh sát hạng nhẹ (chi viện chung) thuộc tiểu đoàn không quân của lục quân,FALSE,,,img_1553.jpg,FALSE
1553,Military Dictionary,LOHAP (light observation helicopter avionics package),,,,thiết bị điện tử hàng không của máy bay trực thăng trinh sát hạng nhẹ,FALSE,,,img_1553.jpg,FALSE
1553,Military Dictionary,LOMADS (low-altitude missile air defence system),,,,hệ thống phòng không bằng tên lửa tầm thấp,FALSE,,,img_1553.jpg,FALSE
1553,Military Dictionary,LOMEZ (low-altitude missile engagement zone),,,,vùng đảm nhiệm tiêu diệt mục tiêu của tên lửa phòng không tầm thấp; dải tác chiến của tên lửa phòng không tầm thấp,FALSE,,,img_1553.jpg,FALSE
1553,Military Dictionary,LONG (longitude),,,,kinh độ,FALSE,,,img_1553.jpg,FALSE
1553,Military Dictionary,LOP (lunar orbiting photographic (vehicle)),,,,tàu (vũ trụ) quỹ đạo chụp ảnh mặt trăng,FALSE,,,img_1553.jpg,FALSE
1553,Military Dictionary,LOP (line of position),,,,tuyến mục tiêu,FALSE,,,img_1553.jpg,FALSE
1553,Military Dictionary,LORAN (long-range aid to navigation),,,,hệ thống hỗ trợ dẫn đường tầm xa,FALSE,,,img_1553.jpg,FALSE
1553,Military Dictionary,LORAN; Loran (long-range-navigation),,,,sự dẫn đường tầm xa; hệ thống đạo hàng tầm xa,FALSE,,,img_1553.jpg,FALSE
1553,Military Dictionary,LOROP (long-range oblique photography),,,,sự chụp ảnh nghiêng tầm xa (từ máy bay),FALSE,,,img_1553.jpg,FALSE
1553,Military Dictionary,LOS (line of sight),,,,đường tà; đường ngắm,FALSE,,,img_1553.jpg,FALSE
1553,Military Dictionary,LOSAT (line-of-sight anti-tank),,,,chống tăng điều khiển theo đường ngắm,FALSE,,,img_1553.jpg,FALSE
1553,Military Dictionary,LOTAWS (laser obstacle terrain-avoidance warning system),,,,hệ thống lade cảnh báo bay tránh vật cản địa hình,FALSE,,,img_1553.jpg,FALSE
1553,Military Dictionary,LOTS (logistics over-the-shore),,,,các hoạt động bảo đảm hậu cần - kỹ thuật ở vùng duyên hải trong điều kiện không chuẩn bị,FALSE,,,img_1553.jpg,FALSE
1553,Military Dictionary,LOW (launch on warning),,,,phóng theo tín hiệu cảnh báo (tên lửa),FALSE,,,img_1553.jpg,FALSE
1553,Military Dictionary,LOX; lox (liquid oxygen),,,,ôxy lỏng,FALSE,,,img_1553.jpg,FALSE
1553,Military Dictionary,LOZ; loz (liquid ozone),,,,ôzôn lỏng,FALSE,,,img_1553.jpg,FALSE
1553,Military Dictionary,LP (launch pad),,,,bàn phóng; bệ phóng; bãi phóng,FALSE,,,img_1553.jpg,FALSE
1553,Military Dictionary,LP (Liquid Propellant),,,,"nhiên liệu phản lực lỏng, nhiên liệu tên lửa lỏng; chất nổ đẩy thể lỏng",FALSE,,,img_1553.jpg,FALSE
1553,Military Dictionary,LP (listening post),,,,"trạm thu tín hiệu âm thanh, trạm thính sát; trạm nghe trộm",FALSE,,,img_1553.jpg,FALSE
1553,Military Dictionary,LP (low pressure),,,,áp suất thấp,FALSE,,,img_1553.jpg,FALSE
1553,Military Dictionary,LPA (amphibious transport) (k.hiệu),,,,tàu vận tải đổ bộ,FALSE,,,img_1553.jpg,FALSE
1553,Military Dictionary,LPC (launcher pod carrier),,,,giá phóng (dạng) treo,FALSE,,,img_1553.jpg,FALSE
1553,Military Dictionary,LPC (launcher pod container),,,,côngtenơ phóng (dạng) treo,FALSE,,,img_1553.jpg,FALSE
1553,Military Dictionary,LPC (low pressure compressor),,,,máy nén thấp áp,FALSE,,,img_1553.jpg,FALSE
1553,Military Dictionary,LPD (amphibious transport dock) (k.hiệu),,,,cầu tàu phục vụ vận tải đổ bộ,FALSE,,,img_1553.jpg,FALSE
1553,Military Dictionary,"LPD (landing platform, dock)",,,,tàu dốc (vận tải) đổ bộ có sàn đỗ máy bay,FALSE,,,img_1553.jpg,FALSE
1553,Military Dictionary,LPD (low probability of detection),,,,xác suất phát hiện thấp,FALSE,,,img_1553.jpg,FALSE
1554,Military Dictionary,LPG (liquid propellant gun),,,,súng phun lửa,FALSE,,,img_1554.jpg,FALSE
1554,Military Dictionary,LPH (amphibious assault ship) (k.hiệu),,,,"tàu chở máy bay lên thẳng đổ bộ, tàu chở máy bay trực thăng đổ bộ",FALSE,,,img_1554.jpg,FALSE
1554,Military Dictionary,"LPH (landing platform, helicopter)",,,,tàu (vận tải) đổ bộ bằng máy bay trực thăng,FALSE,,,img_1554.jpg,FALSE
1554,Military Dictionary,LPI (low probability of intercept),,,,xác suất đánh chặn thấp,FALSE,,,img_1554.jpg,FALSE
1554,Military Dictionary,LPICBM (liquid-propellant intercontinental ballistic missile),,,,tên lửa đạn đạo xuyên lục địa nhiên liệu lỏng,FALSE,,,img_1554.jpg,FALSE
1554,Military Dictionary,LPR (liquid-propellant rocket),,,,tên lửa nhiên liệu lỏng,FALSE,,,img_1554.jpg,FALSE
1554,Military Dictionary,LPT (low pressure turbine),,,,tuabin áp suất thấp,FALSE,,,img_1554.jpg,FALSE
1554,Military Dictionary,LPT (low-profile turret),,,,tháp (pháo) dáng thấp,FALSE,,,img_1554.jpg,FALSE
1554,Military Dictionary,LPTS (lightweight protected turret system),,,,hệ thống tháp (pháo) nhẹ có phòng hộ,FALSE,,,img_1554.jpg,FALSE
1554,Military Dictionary,LPV (laser-protective visor),,,,tấm chống tia lade,FALSE,,,img_1554.jpg,FALSE
1554,Military Dictionary,LR (liquid rocket),,,,tên lửa nhiên liệu lỏng; động cơ tên lửa nhiên liệu lỏng,FALSE,,,img_1554.jpg,FALSE
1554,Military Dictionary,LR (long-range),,,,"tầm tác động lớn; có dự trữ hành trình lớn, có tầm hoạt động xa; tầm xa",FALSE,,,img_1554.jpg,FALSE
1554,Military Dictionary,LRAACA (long-range air anti-submarine capability aircraft),,,,máy bay chống ngầm tầm xa,FALSE,,,img_1554.jpg,FALSE
1554,Military Dictionary,LRAAS; LRASS (long-range advanced scout system),,,,tổ hợp trinh sát phía trước tầm xa; hệ thống do thám tầm xa cải tiến,FALSE,,,img_1554.jpg,FALSE
1554,Military Dictionary,LRAAS (long-range airborne ASW system),,,,tổ hợp vũ khí chống ngầm tầm xa (đặt) trên máy bay,FALSE,,,img_1554.jpg,FALSE
1554,Military Dictionary,LRAR (Long Range Artillery Rocket),,,,"tên lửa pháo binh tầm xa, phi pháo tầm xa",FALSE,,,img_1554.jpg,FALSE
1554,Military Dictionary,LRAT (long-range anti-tank),,,,chống tăng tầm xa,FALSE,,,img_1554.jpg,FALSE
1554,Military Dictionary,LRATGW (long-range anti-tank guided weapon),,,,vũ khí chống tăng có điều khiển tầm xa,FALSE,,,img_1554.jpg,FALSE
1554,Military Dictionary,LRBB (long-range base bleed) (đạn pháo),,,,tầm xa trích khí đáy,FALSE,,,img_1554.jpg,FALSE
1554,Military Dictionary,LRBH (long-range hollow base) (đạn pháo),,,,tầm xa đáy lõm,FALSE,,,img_1554.jpg,FALSE
1554,Military Dictionary,LRBM (long-range ballistic missile),,,,tên lửa đạn đạo tầm xa,FALSE,,,img_1554.jpg,FALSE
1554,Military Dictionary,LRBR (long-range ballistic rocket),,,,tên lửa đạn đạo tầm xa,FALSE,,,img_1554.jpg,FALSE
1554,Military Dictionary,LRC (logistics readiness center),,,,trung tâm (huấn luyện) sẵn sàng chiến đấu về hậu cần - kỹ thuật,FALSE,,,img_1554.jpg,FALSE
1554,Military Dictionary,LRC (long range cruiser),,,,"tàu tuần tiễu tầm xa, tuần dương hạm tầm xa",FALSE,,,img_1554.jpg,FALSE
1554,Military Dictionary,LRCA (long-range combat aircraft),,,,máy bay chiến đấu tầm xa,FALSE,,,img_1554.jpg,FALSE
1554,Military Dictionary,LRCSOW (long-range conventional stand-off weapon),,,,vũ khí tầm xa mang đầu đạn thông thường (phóng) ngoài tầm hỏa lực phòng thủ,FALSE,,,img_1554.jpg,FALSE
1554,Military Dictionary,LRD (laser range finder-detector),,,,thiết bị phát hiện định tầm bằng lade,FALSE,,,img_1554.jpg,FALSE
1554,Military Dictionary,LRF (laser rangefinder),,,,"máy định tầm bằng lade, thiết bị lade định tầm",FALSE,,,img_1554.jpg,FALSE
1554,Military Dictionary,LRF (low recoil force),,,,"lực giật lùi thấp, lực giật về phía sau thấp",FALSE,,,img_1554.jpg,FALSE
1554,Military Dictionary,LRG (long-range aircraft),,,,máy bay tầm xa,FALSE,,,img_1554.jpg,FALSE
1554,Military Dictionary,"LRGB (long-range, hollow base) (đạn pháo)",,,,"tầm xa, đáy lõm",FALSE,,,img_1554.jpg,FALSE
1554,Military Dictionary,LRGM (long-range guided missile),,,,tên lửa tầm xa có điều khiển,FALSE,,,img_1554.jpg,FALSE
1554,Military Dictionary,LRGW (long-range guided weapon),,,,vũ khí tầm xa có điều khiển,FALSE,,,img_1554.jpg,FALSE
1554,Military Dictionary,LRINF (long-range intermediate nuclear forces),,,,lực lượng hạt nhân trung gian tầm xa (giữa hệ vũ khí hạt nhân chiến thuật và chiến lược),FALSE,,,img_1554.jpg,FALSE
1554,Military Dictionary,LRINF (longer-range intermediate-range nuclear forces),,,,lực lượng hạt nhân tầm trung xa,FALSE,,,img_1554.jpg,FALSE
1554,Military Dictionary,LRIST (long-range infrared search & track),,,,(thiết bị) bắt bám hồng ngoại tầm xa,FALSE,,,img_1554.jpg,FALSE
1554,Military Dictionary,LRL (lightweight rocket launcher),,,,thiết bị phóng tên lửa hạng nhẹ,FALSE,,,img_1554.jpg,FALSE
1555,Military Dictionary,LRM (long-range air-to-air missile),,,,tên lửa không đối không tầm xa,FALSE,,,img_1555.jpg,FALSE
1555,Military Dictionary,LRM (long-range missile),,,,"tên lửa tầm xa, tên lửa tác chiến tầm xa",FALSE,,,img_1555.jpg,FALSE
1555,Military Dictionary,LRM (low rate multiplexer),,,,bộ nén dữ liệu tốc độ thấp,FALSE,,,img_1555.jpg,FALSE
1555,Military Dictionary,LRMP (long-range maritime patrol),,,,máy bay tuần tiễu biển tầm xa,FALSE,,,img_1555.jpg,FALSE
1555,Military Dictionary,LRMTS (laser ranger and marked-target seeker),,,,máy tìm (dấu hiệu) mục tiêu và định tầm bằng lade,FALSE,,,img_1555.jpg,FALSE
1555,Military Dictionary,LRP (load and roll pallet),,,,tấm nâng bốc dỡ hàng,FALSE,,,img_1555.jpg,FALSE
1555,Military Dictionary,LRPA (long-range patrol aircraft),,,,máy bay tuần tiễu tầm xa,FALSE,,,img_1555.jpg,FALSE
1555,Military Dictionary,LRPDS (long-range position determining system),,,,hệ thống xác định vị trí tầm xa,FALSE,,,img_1555.jpg,FALSE
1555,Military Dictionary,LRRCR (long-range chaff rocket),,,,tên lửa phóng nhiều tiêu cực tầm xa,FALSE,,,img_1555.jpg,FALSE
1555,Military Dictionary,LRRP (long-range reconnaissance patrol),,,,tuần tiễu trinh sát tầm xa; đội tuần tiễu trinh sát tầm xa,FALSE,,,img_1555.jpg,FALSE
1555,Military Dictionary,LRRP (lowest required radiating power),,,,công suất phát xạ yêu cầu thấp nhất,FALSE,,,img_1555.jpg,FALSE
1555,Military Dictionary,LRRS (limited remaining radiation service),,,,khả năng hạn chế về tỷ lệ phóng xạ,FALSE,,,img_1555.jpg,FALSE
1555,Military Dictionary,LRS (launch and recovery site),,,,trận địa phóng và thu hồi (máy bay không người lái),FALSE,,,img_1555.jpg,FALSE
1555,Military Dictionary,LRSAM (long-range surface-to-air missile),,,,"tên lửa mặt (đất, biển) đối không tầm xa",FALSE,,,img_1555.jpg,FALSE
1555,Military Dictionary,LRSOM (long-range stand-off missile),,,,tên lửa tầm xa tự điều chỉnh sau khi phóng,FALSE,,,img_1555.jpg,FALSE
1555,Military Dictionary,LRSS (Long-range Survey System),,,,hệ thống cảnh giới tầm xa; hệ thống quan sát tầm xa,FALSE,,,img_1555.jpg,FALSE
1555,Military Dictionary,LRST (long-range surveillance team),,,,đội trinh sát bằng quan sát tầm xa,FALSE,,,img_1555.jpg,FALSE
1555,Military Dictionary,LRSU (long-range surveillance unit),,,,đơn vị trinh sát bằng quan sát tầm xa,FALSE,,,img_1555.jpg,FALSE
1555,Military Dictionary,LRT; LRTGT; LRTgt (last resort target),,,,mục tiêu dự bị; mục tiêu ít quan trọng hơn; mục tiêu tiếp theo,FALSE,,,img_1555.jpg,FALSE
1555,Military Dictionary,LRTNF (long-range theatre nuclear forces),,,,lực lượng hạt nhân chiến thuật tầm xa,FALSE,,,img_1555.jpg,FALSE
1555,Military Dictionary,LRU (launcher replenishment unit),,,,hệ nạp đạn (cho) bệ phóng,FALSE,,,img_1555.jpg,FALSE
1555,Military Dictionary,LRU (line-replaceable unit),,,,các khối (thiết bị) có thể thay thế khi bảo dưỡng dã ngoại (do tháo lắp đơn giản),FALSE,,,img_1555.jpg,FALSE
1555,Military Dictionary,LRU (line-replenishment unit),,,,khối thay thế theo dây chuyền,FALSE,,,img_1555.jpg,FALSE
1555,Military Dictionary,LRV (launch & recovery vehicle),,,,phương tiện mang phóng và thu hồi,FALSE,,,img_1555.jpg,FALSE
1555,Military Dictionary,LRV (light rail vehicle),,,,ô tô ray hạng nhẹ,FALSE,,,img_1555.jpg,FALSE
1555,Military Dictionary,LS (landing ship),,,,tàu đổ bộ; phương tiện vận tải đổ bộ,FALSE,,,img_1555.jpg,FALSE
1555,Military Dictionary,LS (launch(ing) site),,,,vị trí phóng; tổ hợp phóng; bệ phóng cố định,FALSE,,,img_1555.jpg,FALSE
1555,Military Dictionary,ls (low speed),,,,tốc độ thấp,FALSE,,,img_1555.jpg,FALSE
1555,Military Dictionary,LSA (logistic support analysis),,,,phân tích khả năng bảo đảm hậu cần - kỹ thuật,FALSE,,,img_1555.jpg,FALSE
1555,Military Dictionary,LSB (landing support battalion),,,,tiểu đoàn chi viện đổ bộ,FALSE,,,img_1555.jpg,FALSE
1555,Military Dictionary,LSB (lower sideband),,,,tín hiệu điều biên bên dưới,FALSE,,,img_1555.jpg,FALSE
1555,Military Dictionary,LSCDM (low speed cable driver modem),,,,môđem điều khiển cáp tốc độ thấp,FALSE,,,img_1555.jpg,FALSE
1555,Military Dictionary,"LSD (landing ship, dock)",,,,tàu đổ bộ có boong hạ cánh máy bay; tàu dốc vận chuyển quân đổ bộ,FALSE,,,img_1555.jpg,FALSE
1555,Military Dictionary,LSD (launch systems data),,,,dữ liệu của tổ hợp phóng,FALSE,,,img_1555.jpg,FALSE
1555,Military Dictionary,LSFFAR (low-speed folding-fin aircraft rocket),,,,rôcket cánh xếp vận tốc thấp phóng từ máy bay,FALSE,,,img_1555.jpg,FALSE
1555,Military Dictionary,"LSH (landing ship, headquarters)",,,,tàu chỉ huy đổ bộ,FALSE,,,img_1555.jpg,FALSE
1555,Military Dictionary,"LSI (landing ship, infantry)",,,,tàu đổ bộ bộ binh,FALSE,,,img_1555.jpg,FALSE
1555,Military Dictionary,"LSL (landing ship, logistic)",,,,tàu vận tải đổ bộ bảo đảm hậu cần,FALSE,,,img_1555.jpg,FALSE
1555,Military Dictionary,"LSM (landing ship, medium)",,,,"tàu đổ bộ hạng trung, tàu đổ bộ xe tăng",FALSE,,,img_1555.jpg,FALSE
1555,Military Dictionary,LSO (landing safety officer),,,,sĩ quan phụ trách an toàn đổ bộ,FALSE,,,img_1555.jpg,FALSE
1556,Military Dictionary,LSO (landing signal officer),,,,sĩ quan liên lạc hiệp đồng đổ bộ,FALSE,,,img_1556.jpg,FALSE
1556,Military Dictionary,LSOC (logistical support operations center),,,,trung tâm chỉ huy bảo đảm hậu cần chiến dịch,FALSE,,,img_1556.jpg,FALSE
1556,Military Dictionary,"LSP (landing ship, personnel)",,,,"tàu đổ bộ bộ binh, tàu đổ bộ chở quân",FALSE,,,img_1556.jpg,FALSE
1556,Military Dictionary,LSP (logistics support plan),,,,kế hoạch bảo đảm hậu cần,FALSE,,,img_1556.jpg,FALSE
1556,Military Dictionary,LSPR (low speed pulse restorer),,,,bộ khôi phục xung tốc độ thấp,FALSE,,,img_1556.jpg,FALSE
1556,Military Dictionary,LSS (local sensor subsystem),,,,tiểu hệ thống cảm biến khu vực,FALSE,,,img_1556.jpg,FALSE
1556,Military Dictionary,"LSSL (landing ship, support, large)",,,,tàu lớn đổ bộ chi viện hoả lực,FALSE,,,img_1556.jpg,FALSE
1556,Military Dictionary,LSST (laser spot seeker/tracker),,,,đầu tìm / bám (theo dấu) lade,FALSE,,,img_1556.jpg,FALSE
1556,Military Dictionary,LST (landing ship for tanks),,,,tàu đổ bộ xe tăng,FALSE,,,img_1556.jpg,FALSE
1556,Military Dictionary,"LST (landing ship, tank)",,,,tàu lớn đổ bộ xe tăng,FALSE,,,img_1556.jpg,FALSE
1556,Military Dictionary,LST (laser spot tracker),,,,máy định vị mục tiêu bằng lade,FALSE,,,img_1556.jpg,FALSE
1556,Military Dictionary,"LSV (landing ship, vehicle)",,,,tàu đổ bộ xe tăng,FALSE,,,img_1556.jpg,FALSE
1556,Military Dictionary,LSV (logistic supply vehicle),,,,xe tiếp tế hậu cần,FALSE,,,img_1556.jpg,FALSE
1556,Military Dictionary,LSV (logistic support vehicle),,,,xe bảo đảm hậu cần,FALSE,,,img_1556.jpg,FALSE
1556,Military Dictionary,LSV (logistics support vessel),,,,tàu bảo đảm hậu cần,FALSE,,,img_1556.jpg,FALSE
1556,Military Dictionary,"LSVW (logistic support vehicle, wheeler)",,,,xe bảo đảm hậu cần bánh hơi,FALSE,,,img_1556.jpg,FALSE
1556,Military Dictionary,LSW (light support weapon),,,,vũ khí chi viện hạng nhẹ,FALSE,,,img_1556.jpg,FALSE
1556,Military Dictionary,Lt Col (lieutenant-colonel),,,,trung tá,FALSE,,,img_1556.jpg,FALSE
1556,Military Dictionary,LT (landing team),,,,nhóm đổ bộ,FALSE,,,img_1556.jpg,FALSE
1556,Military Dictionary,LT (large tug),,,,tàu kéo tải trọng lớn,FALSE,,,img_1556.jpg,FALSE
1556,Military Dictionary,LT (launch tube),,,,"ống phóng, ống phóng dẫn hướng",FALSE,,,img_1556.jpg,FALSE
1556,Military Dictionary,Lt (lieutenant),,,,trung uý,FALSE,,,img_1556.jpg,FALSE
1556,Military Dictionary,lt (light),,,,đèn chiếu; hạng nhẹ,FALSE,,,img_1556.jpg,FALSE
1556,Military Dictionary,LT (light transportable),,,,nhẹ dễ vận chuyển,FALSE,,,img_1556.jpg,FALSE
1556,Military Dictionary,LT (local terminal),,,,trạm thông tin liên lạc đầu cuối khu vực,FALSE,,,img_1556.jpg,FALSE
1556,Military Dictionary,LT (long ton),,,,đơn vị đo trọng lượng tương đương 1.017 kg,FALSE,,,img_1556.jpg,FALSE
1556,Military Dictionary,LT (low tension),,,,hạ áp,FALSE,,,img_1556.jpg,FALSE
1556,Military Dictionary,lt bmr (light bomber),,,,máy bay ném bom hạng nhẹ,FALSE,,,img_1556.jpg,FALSE
1556,Military Dictionary,Lt Cdr (lieutenant commander),,,,thiếu tá (hải quân),FALSE,,,img_1556.jpg,FALSE
1556,Military Dictionary,lt tk (light tank),,,,xe tăng hạng nhẹ,FALSE,,,img_1556.jpg,FALSE
1556,Military Dictionary,LTA acft (lighter-than-air aircraft),,,,phương tiện bay nhẹ hơn không khí,FALSE,,,img_1556.jpg,FALSE
1556,Military Dictionary,LTA (launch tube assembly),,,,khối ống phóng,FALSE,,,img_1556.jpg,FALSE
1556,Military Dictionary,LTA (light transport aircraft),,,,máy bay vận tải hạng nhẹ,FALSE,,,img_1556.jpg,FALSE
1556,Military Dictionary,LTA (lighter-than-air),,,,nhẹ hơn không khí,FALSE,,,img_1556.jpg,FALSE
1556,Military Dictionary,LTC (lieutenant colonel),,,,trung tá,FALSE,,,img_1556.jpg,FALSE
1556,Military Dictionary,LTD (laser target designator),,,,"máy đo mục tiêu bằng lade, thiết bị chỉ thị mục tiêu bằng lade",FALSE,,,img_1556.jpg,FALSE
1556,Military Dictionary,LTD/R (laser target designator/ranger),,,,thiết bị chỉ thị và định tầm mục tiêu bằng lade,FALSE,,,img_1556.jpg,FALSE
1556,Military Dictionary,LTDP (long-term defence programme),,,,chương trình phòng thủ dài hạn,FALSE,,,img_1556.jpg,FALSE
1556,Military Dictionary,LTDS (laser target designation set),,,,thiết bị chỉ thị mục tiêu bằng lade,FALSE,,,img_1556.jpg,FALSE
1556,Military Dictionary,LTDS (laser target designator system),,,,"hệ thống chỉ thị mục tiêu bằng lade, tổ hợp lade chỉ thị mục tiêu",FALSE,,,img_1556.jpg,FALSE
1556,Military Dictionary,LTFCS (Laser Tank Fire-Control System),,,,"hệ thống điều khiển hoả lực xe tăng bằng lade, tổ hợp lade chỉ huy hoả lực (trên) xe tăng",FALSE,,,img_1556.jpg,FALSE
1556,Military Dictionary,LTG; Lt Gen (lieutenant general),,,,trung tướng,FALSE,,,img_1556.jpg,FALSE
1556,Military Dictionary,Ltge (lighterage),,,,xếp dỡ hàng bằng tàu nhỏ; bốc dỡ hàng bằng tàu nhỏ,FALSE,,,img_1556.jpg,FALSE
1556,Military Dictionary,LTH (light towed howitzer),,,,lựu pháo xe kéo hạng nhẹ,FALSE,,,img_1556.jpg,FALSE
1557,Military Dictionary,LTH (light transport helicopter),,,,máy bay trực thăng vận tải hạng nhẹ,FALSE,,,img_1557.jpg,FALSE
1557,Military Dictionary,Ltjg (lieutenant junior grade),,,,trung uý hải quân,FALSE,,,img_1557.jpg,FALSE
1557,Military Dictionary,LTk (light tank),,,,xe tăng hạng nhẹ,FALSE,,,img_1557.jpg,FALSE
1557,Military Dictionary,LTL (less than truckload),,,,dưới mức trọng tải (của một xe vận chuyển),FALSE,,,img_1557.jpg,FALSE
1557,Military Dictionary,LTM (laser target marker),,,,"thiết bị đánh dấu mục tiêu bằng lade, thiết bị lade chỉ thị mục tiêu",FALSE,,,img_1557.jpg,FALSE
1557,Military Dictionary,LTON (long ton),,,,đơn vị đo trọng lượng tương đương 1.017 kg,FALSE,,,img_1557.jpg,FALSE
1557,Military Dictionary,Ltr (letter),,,,kí tự,FALSE,,,img_1557.jpg,FALSE
1557,Military Dictionary,Ltr Inst (letter of instruction),,,,bản chỉ thị; bản huấn thị; bảng hướng dẫn,FALSE,,,img_1557.jpg,FALSE
1557,Military Dictionary,Ltr O (letter order),,,,bản chỉ thị; bản huấn thị; mệnh lệnh bằng văn bản,FALSE,,,img_1557.jpg,FALSE
1557,Military Dictionary,LTS (low-altitude navigation and targeting infrared for night system),,,,hệ thống hồng ngoại dẫn đường và tìm mục tiêu vào ban đêm ở tầm cao thấp,FALSE,,,img_1557.jpg,FALSE
1557,Military Dictionary,LTT (light tracked tractor),,,,xe kéo bánh xích hạng nhẹ,FALSE,,,img_1557.jpg,FALSE
1557,Military Dictionary,LTT (loss to theater),,,,"không làm chủ được chiến trường, mất quyền làm chủ chiến trường",FALSE,,,img_1557.jpg,FALSE
1557,Military Dictionary,LTU (line termination unit),,,,bộ thiết bị ngắt tuyến,FALSE,,,img_1557.jpg,FALSE
1557,Military Dictionary,LUA (launch under attack),,,,"phóng trong điều kiện bị tiến công, phóng trong tình huống bị tiến công",FALSE,,,img_1557.jpg,FALSE
1557,Military Dictionary,lub (lubricate),,,,"bôi trơn, bôi mỡ",FALSE,,,img_1557.jpg,FALSE
1557,Military Dictionary,LUNOS (lightweight universal night observation system),,,,hệ thống quan sát ban đêm đa năng hạng nhẹ; khí tài nhìn đêm LUNOS,FALSE,,,img_1557.jpg,FALSE
1557,Military Dictionary,lv (leave),,,,sự nghỉ phép; sự vắng mặt (tại đơn vị),FALSE,,,img_1557.jpg,FALSE
1557,Military Dictionary,lv (low voltage),,,,hạ thế,FALSE,,,img_1557.jpg,FALSE
1557,Military Dictionary,LV (landing vehicle),,,,xe vận tải đổ bộ; xe lội nước (dùng cho đổ bộ),FALSE,,,img_1557.jpg,FALSE
1557,Military Dictionary,LV; L/V; lv (launch vehicle),,,,tên lửa mang,FALSE,,,img_1557.jpg,FALSE
1557,Military Dictionary,"LV-3 (Atlas launch vehicle, Convair) (k.hiệu)",,,,xe (tàu) bệ phóng Atlat (hãng Convayơ),FALSE,,,img_1557.jpg,FALSE
1557,Military Dictionary,"LVA (landing vehicle, assault (US))",,,,phương tiện đổ quân đổ bộ (Mỹ),FALSE,,,img_1557.jpg,FALSE
1557,Military Dictionary,LVAA (large vertical aperture antenna),,,,anten dàn đứng lớn,FALSE,,,img_1557.jpg,FALSE
1557,Military Dictionary,LVs (launch vehicles),,,,xe (tàu) bệ phóng,FALSE,,,img_1557.jpg,FALSE
1557,Military Dictionary,LVS (logistic vehicle system),,,,hệ thống phương tiện (vận tải) hậu cần,FALSE,,,img_1557.jpg,FALSE
1557,Military Dictionary,LVS (Logistics Vehicle System (USMC)),,,,hệ thống xe hậu cần - kỹ thuật (của thuỷ quân lục chiến Mỹ),FALSE,,,img_1557.jpg,FALSE
1557,Military Dictionary,"LVT (landing vehicle, tracked (US))",,,,xe đổ bộ bánh xích (Mỹ); xe vận tải lội nước,FALSE,,,img_1557.jpg,FALSE
1557,Military Dictionary,LVTC (landing vehicle tracked command (US)),,,,bộ tư lệnh xe đổ bộ bánh xích lội nước (Mỹ),FALSE,,,img_1557.jpg,FALSE
1557,Military Dictionary,"LVTE (landing vehicle, tracked engineer (US))",,,,xe đổ bộ bánh xích chở công binh (Mỹ),FALSE,,,img_1557.jpg,FALSE
1557,Military Dictionary,"LVTH (landing vehicle, tracked howitzer (US))",,,,xe đổ bộ bánh xích lội nước chở lựu pháo (Mỹ),FALSE,,,img_1557.jpg,FALSE
1557,Military Dictionary,"LVTP (landing vehicle, tracked personnel (US))",,,,xe đổ bộ bánh xích chở quân (Mỹ),FALSE,,,img_1557.jpg,FALSE
1557,Military Dictionary,"LVTR (landing vehicle, tracked recovery (US))",,,,xe đổ bộ bánh xích cứu kéo sửa chữa (Mỹ),FALSE,,,img_1557.jpg,FALSE
1557,Military Dictionary,LW (leeway),,,,"sự trôi giạt (tàu, thuyền); cơ hội tự do hành động",FALSE,,,img_1557.jpg,FALSE
1557,Military Dictionary,LW (limited war),,,,chiến tranh hạn chế; tác chiến mang ý nghĩa cục bộ,FALSE,,,img_1557.jpg,FALSE
1557,Military Dictionary,Lw (long wave),,,,sóng dài,FALSE,,,img_1557.jpg,FALSE
1557,Military Dictionary,LWA (laser warning analyser),,,,bộ phân tích cảnh báo lade,FALSE,,,img_1557.jpg,FALSE
1557,Military Dictionary,LWA (lightly wounded in action),,,,bị thương nhẹ trong trận đánh,FALSE,,,img_1557.jpg,FALSE
1557,Military Dictionary,Lwb (long wheelbase),,,,khung xe dài,FALSE,,,img_1557.jpg,FALSE
1557,Military Dictionary,lwc (lightweight concrete),,,,bê tông nhẹ,FALSE,,,img_1557.jpg,FALSE
1557,Military Dictionary,LWCS (limited war capabilities study),,,,nghiên cứu khả năng tiến hành chiến tranh hạn chế,FALSE,,,img_1557.jpg,FALSE
1558,Military Dictionary,LWD (laser warning device),,,,thiết bị cảnh báo lade,FALSE,,,img_1558.jpg,FALSE
1558,Military Dictionary,LWF (long-weight fighter),,,,máy bay tiêm kích tầm xa hạng nặng,FALSE,,,img_1558.jpg,FALSE
1558,Military Dictionary,LWI (light weapon infantryman),,,,lính bộ binh trang bị vũ khí nhẹ,FALSE,,,img_1558.jpg,FALSE
1558,Military Dictionary,Lwic (lightweight insulating concrete),,,,bê tông nhẹ cách điện,FALSE,,,img_1558.jpg,FALSE
1558,Military Dictionary,LWIR (long wave infrared),,,,hồng ngoại bước sóng dài,FALSE,,,img_1558.jpg,FALSE
1558,Military Dictionary,LWL (length at water line),,,,chiều dài theo đường mực nước,FALSE,,,img_1558.jpg,FALSE
1558,Military Dictionary,LWL (light-weight launcher),,,,thiết bị phóng khối lượng nhẹ,FALSE,,,img_1558.jpg,FALSE
1558,Military Dictionary,LWL (Limited War Laboratory),,,,phòng thí nghiệm chiến tranh hạn chế,FALSE,,,img_1558.jpg,FALSE
1558,Military Dictionary,LWLS (lightweight weapon launch system),,,,hệ thống phóng vũ khí hạng nhẹ,FALSE,,,img_1558.jpg,FALSE
1558,Military Dictionary,LWML (Light Weight Multiple Launcher),,,,giàn phóng hạng nhẹ,FALSE,,,img_1558.jpg,FALSE
1558,Military Dictionary,LWMS (light-weight modular sight),,,,kính ngắm môđun hạng nhẹ,FALSE,,,img_1558.jpg,FALSE
1558,Military Dictionary,LWP (limited war plan),,,,kế hoạch tiến hành chiến tranh hạn chế,FALSE,,,img_1558.jpg,FALSE
1558,Military Dictionary,LWR (laser warning receiver),,,,máy thu cảnh báo lade,FALSE,,,img_1558.jpg,FALSE
1558,Military Dictionary,LWS (laser warning system),,,,"hệ thống cảnh báo bằng lade, hệ thống báo động bằng lade",FALSE,,,img_1558.jpg,FALSE
1558,Military Dictionary,LWT (light weapon turret),,,,tháp vũ khí nhẹ,FALSE,,,img_1558.jpg,FALSE
1558,Military Dictionary,LWT (light-weight torpedo),,,,ngư lôi hạng nhẹ,FALSE,,,img_1558.jpg,FALSE
1558,Military Dictionary,LX (La Crosse),,,,"tên lửa ""La Crosse""",FALSE,,,img_1558.jpg,FALSE
1558,Military Dictionary,LZ (landing zone),,,,khu vực đổ quân đổ bộ đường không; khu vực hạ cánh,FALSE,,,img_1558.jpg,FALSE
1558,Military Dictionary,LZCC (landing zone control center),,,,trung tâm chỉ huy khu vực đổ quân đổ bộ đường không,FALSE,,,img_1558.jpg,FALSE
1558,Military Dictionary,LZCO (landing zone control officer),,,,sĩ quan chỉ huy khu vực đổ quân đổ bộ đường không,FALSE,,,img_1558.jpg,FALSE
1559,Military Dictionary,M (Mach (number)),,,,"chỉ số M, chỉ số Mach (tỷ số giữa tốc độ của vật thể bay với tốc độ của âm thanh trong cùng điều kiện môi trường)",FALSE,,,img_1559.jpg,FALSE
1559,Military Dictionary,M (marines) (k.hiệu),,,,"thủy quân lục chiến, lính thuỷ đánh bộ",FALSE,,,img_1559.jpg,FALSE
1559,Military Dictionary,M (marshal) (k.hiệu),,,,nguyên soái; thống chế,FALSE,,,img_1559.jpg,FALSE
1559,Military Dictionary,M (medium),,,,"trung bình, giữa",FALSE,,,img_1559.jpg,FALSE
1559,Military Dictionary,M (message),,,,"bản báo cáo, điện văn; bức điện vô tuyến",FALSE,,,img_1559.jpg,FALSE
1559,Military Dictionary,m (metre(s)),,,,mét (hệ đơn vị đo độ dài quốc tế),FALSE,,,img_1559.jpg,FALSE
1559,Military Dictionary,M (mile),,,,"dặm Anh (bằng 1,609 km)",FALSE,,,img_1559.jpg,FALSE
1559,Military Dictionary,M; m (military) (thuộc),,,,quân sự,FALSE,,,img_1559.jpg,FALSE
1559,Military Dictionary,m (million),,,,triệu,FALSE,,,img_1559.jpg,FALSE
1559,Military Dictionary,M (mine),,,,"mìn, địa lôi; (hq) thủy lôi",FALSE,,,img_1559.jpg,FALSE
1559,Military Dictionary,M (missile) (k.hiệu),,,,tên lửa,FALSE,,,img_1559.jpg,FALSE
1559,Military Dictionary,M (mobilization),,,,sự động viên,FALSE,,,img_1559.jpg,FALSE
1559,Military Dictionary,M (model),,,,"mẫu, mô hình",FALSE,,,img_1559.jpg,FALSE
1559,Military Dictionary,M (mortar) (k.hiệu),,,,(súng) cối,FALSE,,,img_1559.jpg,FALSE
1559,Military Dictionary,M (munitions) (k.hiệu),,,,đạn dược,FALSE,,,img_1559.jpg,FALSE
1559,Military Dictionary,M (mustard gas) (k.hiệu),,,,hơi cay,FALSE,,,img_1559.jpg,FALSE
1559,Military Dictionary,M&O (maintenance and operation),,,,"bảo dưỡng kỹ thuật và khai thác sử dụng, bảo dưỡng và vận hành",FALSE,,,img_1559.jpg,FALSE
1559,Military Dictionary,M&R (maintenance and repair),,,,bảo dưỡng kỹ thuật và sửa chữa,FALSE,,,img_1559.jpg,FALSE
1559,Military Dictionary,M&S (maintenance and supply),,,,"bảo dưỡng và cấp phát, bảo dưỡng và tiếp tế",FALSE,,,img_1559.jpg,FALSE
1559,Military Dictionary,M&S (modeling and simulation),,,,sự mô hình hoá và mô phỏng,FALSE,,,img_1559.jpg,FALSE
1559,Military Dictionary,M&SC (Missile and Space Council),,,,hội đồng nghiên cứu không gian và tên lửa,FALSE,,,img_1559.jpg,FALSE
1559,Military Dictionary,M and S (maintenance and supply),,,,"bảo dưỡng và cấp phát, bảo dưỡng và tiếp tế",FALSE,,,img_1559.jpg,FALSE
1559,Military Dictionary,M dk (main deck),,,,"sàn tàu chính, boong chính",FALSE,,,img_1559.jpg,FALSE
1559,Military Dictionary,M Tk (medium tank),,,,xe tăng hạng trung,FALSE,,,img_1559.jpg,FALSE
1559,Military Dictionary,"M.B.K (missing, believed killed)",,,,sự mất tích có thể do bị giết,FALSE,,,img_1559.jpg,FALSE
1559,Military Dictionary,m.e. (mean effective),,,,hiệu dụng trung bình,FALSE,,,img_1559.jpg,FALSE
1559,Military Dictionary,M.Ops (military operations),,,,các hoạt động quân sự; tác chiến; chiến đấu,FALSE,,,img_1559.jpg,FALSE
1559,Military Dictionary,"M/CM/S (mobility, countermobility, and/or survivability)",,,,"cơ động, phản cơ động và/hoặc bảo toàn",FALSE,,,img_1559.jpg,FALSE
1559,Military Dictionary,M/E (main effort),,,,nỗ lực chủ yếu; đòn tiến công chủ yếu,FALSE,,,img_1559.jpg,FALSE
1559,Military Dictionary,m/l (missile lift),,,,giàn nâng tên lửa,FALSE,,,img_1559.jpg,FALSE
1559,Military Dictionary,M/R (memorandum receipt),,,,biên nhận,FALSE,,,img_1559.jpg,FALSE
1559,Military Dictionary,M/R (morning report),,,,điểm danh buổi sáng,FALSE,,,img_1559.jpg,FALSE
1559,Military Dictionary,M/Sgt; MSgt (master sergeant) (Mỹ),,,,thượng sĩ,FALSE,,,img_1559.jpg,FALSE
1559,Military Dictionary,M/T (measurement ton),,,,tấn đo lường (trong vận tải đường biển tương đương 40 fit khối),FALSE,,,img_1559.jpg,FALSE
1559,Military Dictionary,M/Y (marshalling yards),,,,ga tập hợp sắp đặt các toa xe lửa,FALSE,,,img_1559.jpg,FALSE
1560,Military Dictionary,M-16 (an army assault rifle),,,,súng trường M-16 của Mỹ,FALSE,,,img_1560.jpg,FALSE
1560,Military Dictionary,M1A1,,,,xe tăng chiến đấu chủ lực của liên quân Mỹ trong chiến tranh vùng Vịnh,FALSE,,,img_1560.jpg,FALSE
1560,Military Dictionary,M20 (SLBM French submarine-launched ballistic missile),,,,tên lửa đạn đạo phóng từ tàu ngầm của Pháp,FALSE,,,img_1560.jpg,FALSE
1560,Military Dictionary,M2F2 (multimode fire & forget),,,,(phương thức) bắn và quên nhiều chế độ,FALSE,,,img_1560.jpg,FALSE
1560,Military Dictionary,M88A1 (recovery vehicle),,,,xe thu hồi (xe máy bị hư hỏng trong chiến đấu) M88A1,FALSE,,,img_1560.jpg,FALSE
1560,Military Dictionary,MA (marshalling area),,,,khu vực tập trung lực lượng (trước khi đưa lên tàu hoặc máy bay),FALSE,,,img_1560.jpg,FALSE
1560,Military Dictionary,MA (medium artillery),,,,"pháo binh hạng trung, pháo cỡ trung; pháo nòng vừa",FALSE,,,img_1560.jpg,FALSE
1560,Military Dictionary,MA (military attaché),,,,tuỳ viên quân sự,FALSE,,,img_1560.jpg,FALSE
1560,Military Dictionary,MA (missile assembly),,,,sự lắp ráp tên lửa có điều khiển,FALSE,,,img_1560.jpg,FALSE
1560,Military Dictionary,MA (mountain artillery),,,,sơn pháo,FALSE,,,img_1560.jpg,FALSE
1560,Military Dictionary,MAA (missile assembly area),,,,"bãi lắp ráp tên lửa, vị trí kỹ thuật",FALSE,,,img_1560.jpg,FALSE
1560,Military Dictionary,MAA (mission area analysis),,,,phân tích khu vực xuất kích (máy bay),FALSE,,,img_1560.jpg,FALSE
1560,Military Dictionary,MAA (monitoring angle of attack),,,,điều khiển góc tấn (máy bay),FALSE,,,img_1560.jpg,FALSE
1560,Military Dictionary,MAAF (Mediterranean Allied Air Force),,,,lực lượng không quân liên quân NATO ở Địa Trung Hải,FALSE,,,img_1560.jpg,FALSE
1560,Military Dictionary,MAAF (Mediterranean Army Air Force),,,,lực lượng không quân của lục quân ở Địa Trung Hải,FALSE,,,img_1560.jpg,FALSE
1560,Military Dictionary,MAAG (military assistance advisory group),,,,"nhóm cố vấn viện trợ quân sự, đoàn cố vấn viện trợ quân sự",FALSE,,,img_1560.jpg,FALSE
1560,Military Dictionary,MAAM (medium antiaircraft missile),,,,tên lửa phòng không có điều khiển tầm trung,FALSE,,,img_1560.jpg,FALSE
1560,Military Dictionary,MAAP (master air attack plan),,,,kế hoạch tiến công đường không chủ đạo,FALSE,,,img_1560.jpg,FALSE
1560,Military Dictionary,MAATC (Mobile Antiaircraft Training Center),,,,trung tâm huấn luyện phòng không cơ động,FALSE,,,img_1560.jpg,FALSE
1560,Military Dictionary,MAB (marine air base),,,,căn cứ không quân của thuỷ quân lục chiến,FALSE,,,img_1560.jpg,FALSE
1560,Military Dictionary,MAB (mobile assault bridge equipment),,,,"thiết bị bắc cầu tiến công tự hành, thiết bị bắc cầu tiến công cơ động",FALSE,,,img_1560.jpg,FALSE
1560,Military Dictionary,MAC (major air command),,,,bộ chỉ huy không quân cơ bản,FALSE,,,img_1560.jpg,FALSE
1560,Military Dictionary,MAC (Medium Armored Car (US)),,,,"ô tô bọc thép hạng trung (Mỹ), xe bọc thép bánh hơi hạng trung (Mỹ)",FALSE,,,img_1560.jpg,FALSE
1560,Military Dictionary,MAC (Military Aircraft Command),,,,bộ chỉ huy không quân,FALSE,,,img_1560.jpg,FALSE
1560,Military Dictionary,MAC (military airlift command),,,,"bộ tư lệnh cầu hàng không quân sự, bộ chỉ huy vận tải đường không; (Mỹ) binh đoàn vận tải đường không quân sự",FALSE,,,img_1560.jpg,FALSE
1560,Military Dictionary,MAC (Missile Advisory Committee),,,,uỷ ban cố vấn tên lửa,FALSE,,,img_1560.jpg,FALSE
1560,Military Dictionary,MACA (military assistance to civil authorities),,,,sự hỗ trợ quân sự cho nhà cầm quyền dân sự,FALSE,,,img_1560.jpg,FALSE
1560,Military Dictionary,MACC (military area control center),,,,trung tâm chỉ huy khu vực quân sự,FALSE,,,img_1560.jpg,FALSE
1560,Military Dictionary,MACCS (Marine air command and control system),,,,hệ thống chỉ huy và kiểm soát không quân hải quân,FALSE,,,img_1560.jpg,FALSE
1560,Military Dictionary,MACCS (mobile adaptable communications countermeasures system),,,,"tổ hợp phương tiện chống tác chiến thông tin liên lạc tương thích, hệ thống đối phó truyền tin tương thích (đặt) trên xe",FALSE,,,img_1560.jpg,FALSE
1560,Military Dictionary,MACE (Missile and Control Equipment),,,,thiết bị điều khiển và tên lửa,FALSE,,,img_1560.jpg,FALSE
1560,Military Dictionary,MACG (Marine air control group),,,,nhóm kiểm soát không quân hải quân,FALSE,,,img_1560.jpg,FALSE
1560,Military Dictionary,MACG (marshalling area control group),,,,nhóm chỉ huy khu vực tập trung lực lượng (trước khi đưa lên tàu hoặc máy bay),FALSE,,,img_1560.jpg,FALSE
1560,Military Dictionary,Mach (machine),,,,máy,FALSE,,,img_1560.jpg,FALSE
1560,Military Dictionary,MACO (marshalling area control officer),,,,người chỉ huy khu vực tập trung lực lượng (trước khi đưa lên tàu hoặc máy bay),FALSE,,,img_1560.jpg,FALSE
1561,Military Dictionary,MACOM (major command (Army)),,,,bộ chỉ huy cơ bản (lục quân),FALSE,,,img_1561.jpg,FALSE
1561,Military Dictionary,MACP (mortuary affairs collection point),,,,địa điểm quy tập tử thi và di vật,FALSE,,,img_1561.jpg,FALSE
1561,Military Dictionary,MACS (modular artillery charge system),,,,hệ thống liều (phóng) pháo (binh) môdun hóa,FALSE,,,img_1561.jpg,FALSE
1561,Military Dictionary,MACS (multi-application control system),,,,hệ thống điều khiển đa dụng,FALSE,,,img_1561.jpg,FALSE
1561,Military Dictionary,MACSS (Medium-altitude Communication Satellite System),,,,hệ thống vệ tinh liên lạc tầm trung,FALSE,,,img_1561.jpg,FALSE
1561,Military Dictionary,MACTIS (mine-hunting action information subsystem),,,,phân hệ thông tin tác chiến săn mìn; (hq) phân hệ thông tin phát hiện và tháo gỡ thủy lôi,FALSE,,,img_1561.jpg,FALSE
1561,Military Dictionary,MAD (magnetic airborne detector),,,,"máy phát hiện từ trường (tàu ngầm) đặt trên máy bay, thiết bị phát hiện từ trường (của) tàu ngầm từ trên không",FALSE,,,img_1561.jpg,FALSE
1561,Military Dictionary,MAD (Magnetic Anomaly Detector-for),,,,máy phát hiện dị từ trường (dùng cho hệ thống phát hiện chống ngầm nhận dạng những vật thể bọc thép trong từ trường địa từ),FALSE,,,img_1561.jpg,FALSE
1561,Military Dictionary,"MAD (maintenance, assembly and disassembly)",,,,tháo lắp và bảo dưỡng,FALSE,,,img_1561.jpg,FALSE
1561,Military Dictionary,MAD (military air distress),,,,tai biến đường không quân sự,FALSE,,,img_1561.jpg,FALSE
1561,Military Dictionary,MADAEC (Military Application Division of the Atomic Energy Commission),,,,cục năng lượng hạt nhân quân sự thuộc uỷ ban năng lượng nguyên tử,FALSE,,,img_1561.jpg,FALSE
1561,Military Dictionary,MADCP (mortuary affairs decontamination collection point),,,,điểm quy tập tiêu độc tử thi và di vật,FALSE,,,img_1561.jpg,FALSE
1561,Military Dictionary,MADLS (Mobile Air Defence Launching System),,,,hệ thống tác chiến phòng không cơ động; hệ thống phóng tên lửa phòng không cơ động,FALSE,,,img_1561.jpg,FALSE
1561,Military Dictionary,MADM (medium atomic demolition munition),,,,liều nổ hạt nhân có công suất trung bình,FALSE,,,img_1561.jpg,FALSE
1561,Military Dictionary,MAE (missile assembly equipment),,,,thiết bị lắp ráp tên lửa,FALSE,,,img_1561.jpg,FALSE
1561,Military Dictionary,MAEB (mean area of effectiveness for blast),,,,khu vực hiệu quả trung bình đối với vụ nổ,FALSE,,,img_1561.jpg,FALSE
1561,Military Dictionary,MAEF (mean area of effectiveness for fragments),,,,vùng hiệu quả trung bình của mảnh (bom đạn),FALSE,,,img_1561.jpg,FALSE
1561,Military Dictionary,MAF (manual acquisition facility),,,,"phương tiện bắt bám mục tiêu (điều khiển) bằng tay, phương tiện bắt bám mục tiêu không tự động",FALSE,,,img_1561.jpg,FALSE
1561,Military Dictionary,MAF (mobile air force),,,,lực lượng cơ động đường không,FALSE,,,img_1561.jpg,FALSE
1561,Military Dictionary,MAF (mobility air forces),,,,lực lượng có thể cơ động đường không,FALSE,,,img_1561.jpg,FALSE
1561,Military Dictionary,MAFC (Marine air-ground task force (MAGTF) all-source fusion center),,,,trung tâm liên kết tổng nguồn của lực lượng đặc nhiệm không - bộ thuỷ quân lục chiến,FALSE,,,img_1561.jpg,FALSE
1561,Military Dictionary,MAG (Maintenance Advisory Group),,,,nhóm cố vấn bảo dưỡng kỹ thuật,FALSE,,,img_1561.jpg,FALSE
1561,Military Dictionary,MAG (marine air group),,,,liên đoàn không quân chiến thuật hải quân,FALSE,,,img_1561.jpg,FALSE
1561,Military Dictionary,MAG (Marine aircraft group),,,,tốp máy bay của thuỷ quân lục chiến,FALSE,,,img_1561.jpg,FALSE
1561,Military Dictionary,MAG (Military Assistance Group) (Mỹ),,,,đoàn viện trợ quân sự,FALSE,,,img_1561.jpg,FALSE
1561,Military Dictionary,MAGTF (Marine air-ground task force),,,,lực lượng đặc nhiệm không - bộ thuỷ quân lục chiến,FALSE,,,img_1561.jpg,FALSE
1561,Military Dictionary,MAGTF ACE (Marine air-ground task force aviation combat element),,,,thành phần không quân chiến đấu của lực lượng đặc nhiệm không - bộ thuỷ quân lục chiến,FALSE,,,img_1561.jpg,FALSE
1561,Military Dictionary,MAI (Military Assistance Institute),,,,viện nghiên cứu viện trợ quân sự cho nước ngoài,FALSE,,,img_1561.jpg,FALSE
1561,Military Dictionary,maint (maintenance),,,,"sự bảo dưỡng kỹ thuật, sự bảo dưỡng; bảo dưỡng",FALSE,,,img_1561.jpg,FALSE
1562,Military Dictionary,Maint bn (maintenance battalion),,,,tiểu đoàn bảo dưỡng,FALSE,,,img_1562.jpg,FALSE
1562,Military Dictionary,Maint of Eq (maintenance of equipment),,,,sự bảo dưỡng khí tài,FALSE,,,img_1562.jpg,FALSE
1562,Military Dictionary,Maint of W (maintenance of way),,,,sự bảo dưỡng đường sắt,FALSE,,,img_1562.jpg,FALSE
1562,Military Dictionary,maint off (maintenance officer),,,,sĩ quan bảo dưỡng,FALSE,,,img_1562.jpg,FALSE
1562,Military Dictionary,maint plat (maintenance platoon),,,,trung đội bảo dưỡng,FALSE,,,img_1562.jpg,FALSE
1562,Military Dictionary,Maint PY (maintenance party),,,,đội bảo dưỡng,FALSE,,,img_1562.jpg,FALSE
1562,Military Dictionary,maint sec (maintenance section),,,,phân đội bảo dưỡng,FALSE,,,img_1562.jpg,FALSE
1562,Military Dictionary,Maj; Maj (major),,,,thiếu tá,FALSE,,,img_1562.jpg,FALSE
1562,Military Dictionary,Maj Gen (major general),,,,thiếu tướng,FALSE,,,img_1562.jpg,FALSE
1562,Military Dictionary,MAJCOM (Major Command) (kq),,,,bộ chỉ huy cơ bản,FALSE,,,img_1562.jpg,FALSE
1562,Military Dictionary,MAK SUT (make suitable),,,,sự thay thế hợp lý,FALSE,,,img_1562.jpg,FALSE
1562,Military Dictionary,MALOS (miniature laser optical sight),,,,"kính ngắm lade thu nhỏ, kính ngắm lade tiểu hình",FALSE,,,img_1562.jpg,FALSE
1562,Military Dictionary,MAM (medium automatize maintenance),,,,bảo dưỡng đến cấp 4,FALSE,,,img_1562.jpg,FALSE
1562,Military Dictionary,MANCLOS (manual command to line-of-sight),,,,điều khiển theo đường ngắm bằng tay; lập lệnh theo đường ngắm không tự động,FALSE,,,img_1562.jpg,FALSE
1562,Military Dictionary,MANFOR (manpower force packaging system),,,,hệ thống hỗ trợ đóng gói của lực lượng chuẩn bị cơ động,FALSE,,,img_1562.jpg,FALSE
1562,Military Dictionary,MANPADS (man-portable air defense system),,,,tổ hợp vũ khí phòng không mang vác,FALSE,,,img_1562.jpg,FALSE
1562,Military Dictionary,MANPER (manpower and personnel module),,,,môdun (mô hình tổ chức) nhân lực và quân lực,FALSE,,,img_1562.jpg,FALSE
1562,Military Dictionary,MANS (missile and nudets surveillance),,,,giám sát tên lửa và (vụ) nổ hạt nhân,FALSE,,,img_1562.jpg,FALSE
1562,Military Dictionary,MANTIS (manpack tactical intelligence system),,,,tổ hợp thu tin tình báo chiến thuật mang vác; tổ hợp trinh sát chiến thuật mang vác,FALSE,,,img_1562.jpg,FALSE
1562,Military Dictionary,MAOT (military assistance observer team),,,,nhóm cố vấn và giám sát quân sự,FALSE,,,img_1562.jpg,FALSE
1562,Military Dictionary,MAOV (Mobile Artillery Observation Vehicle),,,,"phương tiện trinh sát pháo binh cơ động, xe trinh sát pháo binh",FALSE,,,img_1562.jpg,FALSE
1562,Military Dictionary,MAP (Military Aid Program),,,,chương trình viện trợ quân sự,FALSE,,,img_1562.jpg,FALSE
1562,Military Dictionary,MAP (Military Assistance Program),,,,chương trình trợ giúp quân sự,FALSE,,,img_1562.jpg,FALSE
1562,Military Dictionary,MAP (missed approach point),,,,điểm tiếp cận lỡ (không hạ cánh được),FALSE,,,img_1562.jpg,FALSE
1562,Military Dictionary,MAP (missed approach procedure),,,,quy trình xử trí tiếp cận lỡ,FALSE,,,img_1562.jpg,FALSE
1562,Military Dictionary,MAPAG (Military Aid Program Advisory Group),,,,nhóm cố vấn thực hiện chương trình viện trợ quân sự,FALSE,,,img_1562.jpg,FALSE
1562,Military Dictionary,MAPCO (map code),,,,mã bản đồ,FALSE,,,img_1562.jpg,FALSE
1562,Military Dictionary,MAPS (marine asset planning system),,,,hệ thống lập kế hoạch (xây dựng) nguồn nhân mối của thuỷ quân lục chiến,FALSE,,,img_1562.jpg,FALSE
1562,Military Dictionary,MAPS (modular azimuth positioning system),,,,hệ thống định vị môdun hóa,FALSE,,,img_1562.jpg,FALSE
1562,Military Dictionary,MAQ (monetary allowance in lieu of quarters),,,,tiền bồi thường nhà ở,FALSE,,,img_1562.jpg,FALSE
1562,Military Dictionary,mar (march),,,,cuộc hành quân di chuyển,FALSE,,,img_1562.jpg,FALSE
1562,Military Dictionary,Mar (marine),,,,binh chủng lính thuỷ đánh bộ; lính thuỷ quân lục chiến,FALSE,,,img_1562.jpg,FALSE
1562,Military Dictionary,MAR (micro assault rifle),,,,súng trường xung kích cực nhỏ,FALSE,,,img_1562.jpg,FALSE
1562,Military Dictionary,MAR (minimally attended radar),,,,rada (yêu cầu) bảo dưỡng tối thiểu,FALSE,,,img_1562.jpg,FALSE
1562,Military Dictionary,MAR (multiple/multi-function array radar),,,,rada đa mạng / mạng đa năng,FALSE,,,img_1562.jpg,FALSE
1562,Military Dictionary,mar colm (march column),,,,đội hình hành quân,FALSE,,,img_1562.jpg,FALSE
1562,Military Dictionary,Mar div (Marine division),,,,"sư đoàn thuỷ quân lục chiến, sư đoàn lính thuỷ đánh bộ",FALSE,,,img_1562.jpg,FALSE
1562,Military Dictionary,MARAD (Maritime Administration),,,,cơ quan hàng hải,FALSE,,,img_1562.jpg,FALSE
1562,Military Dictionary,MarCor (Marine Corps),,,,binh chủng lính thuỷ đánh bộ,FALSE,,,img_1562.jpg,FALSE
