source_page,dictionary_name,word,phonetic,part_of_speech_raw,part_of_speech_code,meaning_vi,is_subentry,example_en,example_vi,image_path,reviewed
1443,Military Dictionary,Cu ft (cubic feet),,,,"bộ khối (0,3092m³)",FALSE,,,img_1443.jpg,FALSE
1443,Military Dictionary,Cu yd (cubic yard),,,,"thước khối Anh (0,3836 m³)",FALSE,,,img_1443.jpg,FALSE
1443,Military Dictionary,CUL (common-user logistic/logistics),,,,thuộc về hậu cần/ hậu cần sử dụng chung,FALSE,,,img_1443.jpg,FALSE
1443,Military Dictionary,CURR (current; currency),,,,dòng,FALSE,,,img_1443.jpg,FALSE
1443,Military Dictionary,CUSRPG (Canada - United States Regional Planning Group),,,,nhóm lập kế hoạch khu vực Mỹ - Canada,FALSE,,,img_1443.jpg,FALSE
1443,Military Dictionary,CUSW/NAS (Committee on Undersea Warfare-National Academy of Sciences (USA)),,,,ủy ban chiến tranh ngầm dưới biển thuộc viện hàn lâm khoa học quốc gia (Mỹ),FALSE,,,img_1443.jpg,FALSE
1443,Military Dictionary,CV (air plane carriers),,,,"hàng không mẫu hạm, tàu sân bay",FALSE,,,img_1443.jpg,FALSE
1443,Military Dictionary,CV (aircraft carrier),,,,"hàng không mẫu hạm, tàu sân bay",FALSE,,,img_1443.jpg,FALSE
1443,Military Dictionary,CV (combat vehicle),,,,xe chiến đấu,FALSE,,,img_1443.jpg,FALSE
1443,Military Dictionary,CV (curriculum vitae),,,,sơ yếu lý lịch,FALSE,,,img_1443.jpg,FALSE
1443,Military Dictionary,CVA (attack aircraft carrier),,,,"hàng không mẫu hạm đột kích, tàu sân bay tiến công",FALSE,,,img_1443.jpg,FALSE
1443,Military Dictionary,CVAN (nuclear-powered attack aircraft carrier),,,,hàng không mẫu hạm đột kích nguyên tử,FALSE,,,img_1443.jpg,FALSE
1443,Military Dictionary,CVBG (carrier battle group),,,,cụm tác chiến tàu sân bay,FALSE,,,img_1443.jpg,FALSE
1443,Military Dictionary,CVC (combat vehicle crewman),,,,thành viên kíp xe chiến đấu,FALSE,,,img_1443.jpg,FALSE
1443,Military Dictionary,CVEH (combat vehicle),,,,xe chiến đấu,FALSE,,,img_1443.jpg,FALSE
1443,Military Dictionary,CVII (helicopter carrier),,,,(k. hiệu) tàu sân bay trực thăng,FALSE,,,img_1443.jpg,FALSE
1443,Military Dictionary,CVISC (combat visual information support center),,,,trung tâm chi viện thông tin chiến đấu bằng hình ảnh,FALSE,,,img_1443.jpg,FALSE
1443,Military Dictionary,CVL (light aircraft carrier),,,,tàu sân bay hạng nhẹ,FALSE,,,img_1443.jpg,FALSE
1443,Military Dictionary,"cvn (aircraft carrier, nuclear)",,,,tàu sân bay chạy bằng năng lượng hạt nhân,FALSE,,,img_1443.jpg,FALSE
1443,Military Dictionary,CVR (cockpit voice recorder),,,,máy ghi âm tại buồng lái,FALSE,,,img_1443.jpg,FALSE
1443,Military Dictionary,"CVR(T) (combat vehicle, reconnaissance (tracked))",,,,(Anh) xe chiến đấu trinh sát (bánh xích),FALSE,,,img_1443.jpg,FALSE
1443,Military Dictionary,"CVR(W) (combat vehicle, reconnaissance (wheeled))",,,,(Anh) xe chiến đấu trinh sát (bánh hơi),FALSE,,,img_1443.jpg,FALSE
1443,Military Dictionary,CVS (anti-submarine warfare aircraft carrier),,,,tàu sân bay tác chiến chống ngầm,FALSE,,,img_1443.jpg,FALSE
1443,Military Dictionary,CVSD (continuous variable slope delta),,,,máy bay cánh cụp cánh xoè,FALSE,,,img_1443.jpg,FALSE
1443,Military Dictionary,cvt (training aircraft carrier),,,,tàu sân bay huấn luyện,FALSE,,,img_1443.jpg,FALSE
1443,Military Dictionary,CVTS (combat vehicle targeting system),,,,tổ hợp ngắm bắn mục tiêu (trên) xe chiến đấu,FALSE,,,img_1443.jpg,FALSE
1443,Military Dictionary,"CVV (aircraft carrier, medium-sized)",,,,(k.hiệu) tàu sân bay cỡ trung,FALSE,,,img_1443.jpg,FALSE
1443,Military Dictionary,CVV (V/STOL and hel CV),,,,tàu sân bay chở các máy bay cất cánh thẳng đứng hoặc với đường băng ngắn và máy bay trực thăng,FALSE,,,img_1443.jpg,FALSE
1443,Military Dictionary,CVW (carrier air wing),,,,phi đoàn không quân tàu sân bay,FALSE,,,img_1443.jpg,FALSE
1443,Military Dictionary,CVW (cryptovariable weekly (GPS)),,,,mã thay đổi hàng tuần (hệ thống định vị toàn cầu),FALSE,,,img_1443.jpg,FALSE
1443,Military Dictionary,CVWS (combat vehicle weapons system),,,,hệ thống vũ khí của xe chiến đấu; tổ hợp vũ khí của xe chiến đấu,FALSE,,,img_1443.jpg,FALSE
1443,Military Dictionary,CW (carrier wave),,,,sóng mang,FALSE,,,img_1443.jpg,FALSE
1443,Military Dictionary,CW (chemical warfare),,,,chiến tranh hoá học; tác chiến hóa học,FALSE,,,img_1443.jpg,FALSE
1443,Military Dictionary,CW (chemical warhead),,,,phần chiến đấu hoá học; phần chiến đấu mang đầu đạn hóa học,FALSE,,,img_1443.jpg,FALSE
1443,Military Dictionary,CW (chemical weapons),,,,vũ khí hóa học,FALSE,,,img_1443.jpg,FALSE
1443,Military Dictionary,CW atk (chemical warfare attack),,,,tác chiến hoá học; sự sử dụng vũ khí hóa học,FALSE,,,img_1443.jpg,FALSE
1443,Military Dictionary,CW xmsn (continuous wave transmission),,,,sự phát sóng liên tục,FALSE,,,img_1443.jpg,FALSE
1443,Military Dictionary,CWAC (Canadian Women's Army Corps),,,,ngành phụ nữ trợ giúp lục quân Canada,FALSE,,,img_1443.jpg,FALSE
1443,Military Dictionary,cw-bw (chemical warfare-biological warfare),,,,chiến tranh hoá học - sinh học; tác chiến hóa học và sinh học,FALSE,,,img_1443.jpg,FALSE
1443,Military Dictionary,CWC (Chemical Weapons Convention),,,,công ước về vũ khí hoá học,FALSE,,,img_1443.jpg,FALSE
1444,Military Dictionary,CWC (composite warfare commander),,,,tư lệnh (trưởng) tác chiến hợp thành,FALSE,,,img_1444.jpg,FALSE
1444,Military Dictionary,CWCS (common weapons control system),,,,hệ thống chung điều khiển vũ khí,FALSE,,,img_1444.jpg,FALSE
1444,Military Dictionary,CWD (chemical warfare defence),,,,phòng chống chiến tranh hóa học,FALSE,,,img_1444.jpg,FALSE
1444,Military Dictionary,CWDD (chemical warfare directional detector),,,,thiết bị định hướng phòng hóa,FALSE,,,img_1444.jpg,FALSE
1444,Military Dictionary,cwde (chemical warfare defense equipment),,,,thiết bị phòng thủ chiến tranh hoá học,FALSE,,,img_1444.jpg,FALSE
1444,Military Dictionary,CWO (chief warrant-officer),,,,(Mỹ) chuẩn úy,FALSE,,,img_1444.jpg,FALSE
1444,Military Dictionary,CWO (communications watch officer),,,,sĩ quan theo dõi thông tin liên lạc,FALSE,,,img_1444.jpg,FALSE
1444,Military Dictionary,CWP (causeway pier),,,,bến cầu tàu,FALSE,,,img_1444.jpg,FALSE
1444,Military Dictionary,"CWPD (Conventional War Plans Division, Joint Staff)",,,,phòng kế hoạch tác chiến thông thường bộ tham mưu liên quân,FALSE,,,img_1444.jpg,FALSE
1444,Military Dictionary,CWR (calm water ramp),,,,cầu thang lên xuống tàu khi nước lặng,FALSE,,,img_1444.jpg,FALSE
1444,Military Dictionary,CWR (continuous wave radar),,,,rada làm việc ở chế độ sóng liên tục,FALSE,,,img_1444.jpg,FALSE
1444,Military Dictionary,CWS (container weapon system),,,,tổ hợp vũ khí (đặt trong) côngtenơ,FALSE,,,img_1444.jpg,FALSE
1444,Military Dictionary,CWS (cupola weapon station),,,,bầu vũ khí (trên máy bay lên thẳng),FALSE,,,img_1444.jpg,FALSE
1444,Military Dictionary,CWT (hundred weigh (U.S)),,,,1 cental (100 lbs) đơn vị đo lường (100 lbs = 45 kg),FALSE,,,img_1444.jpg,FALSE
1444,Military Dictionary,CWW (cruciform wing weapon),,,,vũ khí có cánh chữ thập,FALSE,,,img_1444.jpg,FALSE
1444,Military Dictionary,CY (calendar year),,,,năm lịch,FALSE,,,img_1444.jpg,FALSE
1444,Military Dictionary,CZ (canal zone),,,,vùng kênh đào,FALSE,,,img_1444.jpg,FALSE
1444,Military Dictionary,CZ (combat zone),,,,"khu vực tác chiến (từ tuyến mặt trận đến khu vực giao thông liên lạc); vùng tác chiến, vùng hoạt động tác chiến",FALSE,,,img_1444.jpg,FALSE
1444,Military Dictionary,CZ (communication zone),,,,vùng giao thông (phía sau mặt trận); khu vực giao thông,FALSE,,,img_1444.jpg,FALSE
1445,Military Dictionary,D (data),,,,"(k.hiệu) dữ liệu, số liệu",FALSE,,,img_1445.jpg,FALSE
1445,Military Dictionary,D (day),,,,(k.hiệu) ngày (trong tuần),FALSE,,,img_1445.jpg,FALSE
1445,Military Dictionary,D (delay),,,,(k.hiệu) nổ chậm; ngăn chặn,FALSE,,,img_1445.jpg,FALSE
1445,Military Dictionary,D (department),,,,(k.hiệu) cục; phòng; bộ; cơ quan,FALSE,,,img_1445.jpg,FALSE
1445,Military Dictionary,D (depot),,,,(k.hiệu) kho,FALSE,,,img_1445.jpg,FALSE
1445,Military Dictionary,D (destroyer),,,,"(k.hiệu) khu trục hạm, tàu khu trục",FALSE,,,img_1445.jpg,FALSE
1445,Military Dictionary,D (distance),,,,"(k.hiệu) khoảng cách, cự ly, tầm (bắn)",FALSE,,,img_1445.jpg,FALSE
1445,Military Dictionary,D (division),,,,(k.hiệu) sư đoàn; phòng; cục; viện,FALSE,,,img_1445.jpg,FALSE
1445,Military Dictionary,D (driver),,,,(k.hiệu) quân nhân lái xe; lính lái xe; chiến sĩ lái xe,FALSE,,,img_1445.jpg,FALSE
1445,Military Dictionary,d (surface drift),,,,(k.hiệu) độ giạt bề mặt,FALSE,,,img_1445.jpg,FALSE
1445,Military Dictionary,D (total drift),,,,(k.hiệu) độ giạt toàn phần,FALSE,,,img_1445.jpg,FALSE
1445,Military Dictionary,D of B (date of birth),,,,ngày sinh,FALSE,,,img_1445.jpg,FALSE
1445,Military Dictionary,D of D (Department of Defense),,,,bộ quốc phòng,FALSE,,,img_1445.jpg,FALSE
1445,Military Dictionary,D of S (day of supply),,,,"định mức cung cấp cho một ngày, định mức đảm bảo một ngày",FALSE,,,img_1445.jpg,FALSE
1445,Military Dictionary,D of W (died of wounds),,,,"bị chết vì vết thương, tử thương",FALSE,,,img_1445.jpg,FALSE
1445,Military Dictionary,D&M (detection and monitoring),,,,phát hiện và theo dõi,FALSE,,,img_1445.jpg,FALSE
1445,Military Dictionary,d.a (direct-acting),,,,sự chạm nổ (ngòi nổ),FALSE,,,img_1445.jpg,FALSE
1445,Military Dictionary,d.a (double-acting),,,,bán tự động; tự động nạp đạn (súng),FALSE,,,img_1445.jpg,FALSE
1445,Military Dictionary,D.C.M (Distinguished Conduct Medal),,,,"huy chương công trạng, huy chương chiến công",FALSE,,,img_1445.jpg,FALSE
1445,Military Dictionary,D/A (digital-to-analog),,,,phép tương tự kỹ thuật số,FALSE,,,img_1445.jpg,FALSE
1445,Military Dictionary,D/B (date of birth),,,,ngày sinh,FALSE,,,img_1445.jpg,FALSE
1445,Military Dictionary,"D/CI&SP (Director, Counterintelligence and Security Programs)",,,,giám đốc các chương trình phản gián và bảo vệ an ninh,FALSE,,,img_1445.jpg,FALSE
1445,Military Dictionary,D/CM (diagnostic & condition monitoring),,,,theo dõi trạng thái hoạt động và chẩn đoán (vũ khí trang bị),FALSE,,,img_1445.jpg,FALSE
1445,Military Dictionary,D/F (direction finding),,,,"sự tìm hướng, sự định phương",FALSE,,,img_1445.jpg,FALSE
1445,Military Dictionary,D/PO (Director of plans and operations),,,,trưởng phòng kế hoạch - tác chiến,FALSE,,,img_1445.jpg,FALSE
1445,Military Dictionary,D/R (date of rank),,,,"ngày thăng cấp, ngày phong quân hàm",FALSE,,,img_1445.jpg,FALSE
1445,Military Dictionary,D/S (direct support),,,,yểm trợ trực tiếp; chi viện trực tiếp,FALSE,,,img_1445.jpg,FALSE
1445,Military Dictionary,D3 (Douglas DC-3 airplane),,,,ký hiệu máy bay DC-3 của hãng Đaglớt,FALSE,,,img_1445.jpg,FALSE
1445,Military Dictionary,"D3A (decide, detect, deliver, and assess)",,,,"quyết định, điều tra, chuyển giao và đánh giá",FALSE,,,img_1445.jpg,FALSE
1445,Military Dictionary,D4 (Douglas DC-4 airplane),,,,ký hiệu máy bay DC-4 của hãng Đaglớt,FALSE,,,img_1445.jpg,FALSE
1445,Military Dictionary,D6 (Douglas DC-6 airplane),,,,ký hiệu máy bay DC-6 của hãng Đaglớt,FALSE,,,img_1445.jpg,FALSE
1445,Military Dictionary,D7 (Douglas DC-7 airplane),,,,ký hiệu máy bay DC-7 của hãng Đaglớt,FALSE,,,img_1445.jpg,FALSE
1445,Military Dictionary,D8F (Douglas D8F fan jet airplane),,,,ký hiệu máy bay D8F phản lực cánh quạt của hãng Đaglớt,FALSE,,,img_1445.jpg,FALSE
1446,Military Dictionary,DA (aerospace drift),,,,sự trôi giạt trong không gian vũ trụ,FALSE,,,img_1446.jpg,FALSE
1446,Military Dictionary,DA (data adapter aerospace drift),,,,thiết bị tiếp hợp dữ liệu trôi giạt trong không gian vũ trụ,FALSE,,,img_1446.jpg,FALSE
1446,Military Dictionary,DA (data administrator),,,,sĩ quan quản lý dữ liệu,FALSE,,,img_1446.jpg,FALSE
1446,Military Dictionary,da (date),,,,ngày tháng,FALSE,,,img_1446.jpg,FALSE
1446,Military Dictionary,DA (delayed action),,,,nổ chậm; sự tác động chậm; hẹn giờ,FALSE,,,img_1446.jpg,FALSE
1446,Military Dictionary,DA (Denmark),,,,Đan Mạch,FALSE,,,img_1446.jpg,FALSE
1446,Military Dictionary,DA (Department of the Army),,,,bộ lục quân,FALSE,,,img_1446.jpg,FALSE
1446,Military Dictionary,DA (deputy assistant),,,,sĩ quan phụ tá; trợ lý,FALSE,,,img_1446.jpg,FALSE
1446,Military Dictionary,DA (direct action),,,,hành động phản ứng trực tiếp bằng vũ lực; chạm nổ (ngòi nổ),FALSE,,,img_1446.jpg,FALSE
1446,Military Dictionary,DA (Director of Artillery),,,,cục trưởng cục pháo binh,FALSE,,,img_1446.jpg,FALSE
1446,Military Dictionary,DA (Directorate for Administration (DIA)),,,,cục quản lý hành chính (cục tình báo bộ quốc phòng),FALSE,,,img_1446.jpg,FALSE
1446,Military Dictionary,DA (drift angel),,,,góc giạt (hàng hải),FALSE,,,img_1446.jpg,FALSE
1446,Military Dictionary,DAA (designated approving authority),,,,thẩm quyền phê chuẩn được giao,FALSE,,,img_1446.jpg,FALSE
1446,Military Dictionary,DAA (display alternate area routing lists),,,,danh sách tuyến đường đi qua khu vực triển khai dự bị,FALSE,,,img_1446.jpg,FALSE
1446,Military Dictionary,DAAA (Department of the Army Administrative Area),,,,khu hành chính của bộ lục quân; khu vực quản lý của quân đội,FALSE,,,img_1446.jpg,FALSE
1446,Military Dictionary,DAAS (defense automatic addressing system),,,,hệ thống địa chỉ tự động quốc phòng,FALSE,,,img_1446.jpg,FALSE
1446,Military Dictionary,DAASO (defense automatic addressing system office),,,,văn phòng địa chỉ tự động quốc phòng,FALSE,,,img_1446.jpg,FALSE
1446,Military Dictionary,DAB (Defense Acquisition Board),,,,hội đồng mua sắm (trang bị vũ khí) bộ quốc phòng,FALSE,,,img_1446.jpg,FALSE
1446,Military Dictionary,DABM (defence against ballistic missile),,,,phòng chống tên lửa đạn đạo,FALSE,,,img_1446.jpg,FALSE
1446,Military Dictionary,DAC (Directorate for Administrative Counterintelligence and Security Activity (US)),,,,cục phản gián hành chính và hoạt động an ninh (Mỹ),FALSE,,,img_1446.jpg,FALSE
1446,Military Dictionary,DAC (division artillery commander),,,,chủ nhiệm pháo binh sư đoàn; chỉ huy trưởng pháo binh sư đoàn,FALSE,,,img_1446.jpg,FALSE
1446,Military Dictionary,DACB (data adapter control block),,,,khối kiểm soát tiếp hợp dữ liệu,FALSE,,,img_1446.jpg,FALSE
1446,Military Dictionary,DACG (departure airfield control group),,,,nhóm kiểm soát sân bay xuất phát,FALSE,,,img_1446.jpg,FALSE
1446,Military Dictionary,DACM (data adapter control mode),,,,phương thức kiểm soát tiếp hợp dữ liệu,FALSE,,,img_1446.jpg,FALSE
1446,Military Dictionary,DACT (dissimilar air combat training),,,,huấn luyện không chiến không theo chiến lệ,FALSE,,,img_1446.jpg,FALSE
1446,Military Dictionary,DAD (deep air defence),,,,phòng không có chiều sâu,FALSE,,,img_1446.jpg,FALSE
1446,Military Dictionary,DAD (deputy assistant director),,,,trợ lý cục trưởng điều hành,FALSE,,,img_1446.jpg,FALSE
1446,Military Dictionary,DADC (digital air data computer),,,,máy tính xử lý dữ liệu không khí ở dạng số,FALSE,,,img_1446.jpg,FALSE
1446,Military Dictionary,DADCAP (dawn and dusk combat air patrol),,,,đội tuần tiễu chiến đấu trên không vào lúc bình minh và hoàng hôn,FALSE,,,img_1446.jpg,FALSE
1446,Military Dictionary,DADS (digital air data system),,,,hệ thống dữ liệu không khí ở dạng số,FALSE,,,img_1446.jpg,FALSE
1446,Military Dictionary,DAF (Department of the Air Force),,,,bộ không quân,FALSE,,,img_1446.jpg,FALSE
1446,Military Dictionary,DAICC (domestic air interdiction coordinator center),,,,trung tâm hiệp đồng cấm bay nội địa,FALSE,,,img_1446.jpg,FALSE
1446,Military Dictionary,DAIP (Department of the Army Intelligence Plan),,,,cục kế hoạch tình báo của bộ lục quân,FALSE,,,img_1446.jpg,FALSE
1446,Military Dictionary,DAISY (data acquisition and interpretation system),,,,hệ thống thu thập và giải đoán dữ liệu,FALSE,,,img_1446.jpg,FALSE
1446,Military Dictionary,DAL (defended asset list),,,,danh sách nhân mối được bảo vệ,FALSE,,,img_1446.jpg,FALSE
1446,Military Dictionary,DALS (Directorate of the Army Legal Service (Anh)),,,,ban quân luật,FALSE,,,img_1446.jpg,FALSE
1446,Military Dictionary,DALS (downed aviator locator system),,,,hệ thống định vị máy bay rơi,FALSE,,,img_1446.jpg,FALSE
1446,Military Dictionary,dam (damaged),,,,(đã) hư hỏng (vũ khí trang bị),FALSE,,,img_1446.jpg,FALSE
1446,Military Dictionary,DAM (Department of Administration and Management (UN)),,,,cục hành chính và quản trị (Liên hiệp quốc),FALSE,,,img_1446.jpg,FALSE
1447,Military Dictionary,DAMA (demand assigned multiple access),,,,(giấy phép) tiếp cận địa điểm làm việc bí mật nhiều lần theo yêu cầu nhiệm vụ,FALSE,,,img_1447.jpg,FALSE
1447,Military Dictionary,DAMES (defense automatic addressing system (DAAS) automated message exchange system),,,,hệ thống trao đổi tin điện tự động thuộc hệ thống địa chỉ tự động quốc phòng,FALSE,,,img_1447.jpg,FALSE
1447,Military Dictionary,DAMS (defense against missile systems),,,,hệ thống phòng chống tên lửa,FALSE,,,img_1447.jpg,FALSE
1447,Military Dictionary,DAN (Diver's Alert Network),,,,mạng thông tin báo động Đivơ,FALSE,,,img_1447.jpg,FALSE
1447,Military Dictionary,"DANC (decontaminating agent, noncorrosive)",,,,chất khử độc không ăn mòn,FALSE,,,img_1447.jpg,FALSE
1447,Military Dictionary,DAO (Defense Attaché Office),,,,phòng tùy viên bộ quốc phòng,FALSE,,,img_1447.jpg,FALSE
1447,Military Dictionary,DAO (defense attaché officer),,,,sĩ quan tuỳ viên bộ quốc phòng,FALSE,,,img_1447.jpg,FALSE
1447,Military Dictionary,DAO (department/agency/organization),,,,(Mỹ) bộ/ cục/ cơ quan,FALSE,,,img_1447.jpg,FALSE
1447,Military Dictionary,DAO (division ammunition officer),,,,người chỉ huy cung cấp đạn dược sư đoàn,FALSE,,,img_1447.jpg,FALSE
1447,Military Dictionary,DAO (double action only),,,,tự động lên đạn (súng),FALSE,,,img_1447.jpg,FALSE
1447,Military Dictionary,DAPS (Director of Army Postal Services),,,,chủ nhiệm ngành quân bưu,FALSE,,,img_1447.jpg,FALSE
1447,Military Dictionary,DAR (defence acquisition regulation),,,,chế độ mua sắm quốc phòng,FALSE,,,img_1447.jpg,FALSE
1447,Military Dictionary,DARCOM (Army Materiel Development and Readiness Command (Mỹ)),,,,bộ tư lệnh phát triển và bảo đảm sẵn sàng chiến đấu cho vũ khí trang bị lục quân,FALSE,,,img_1447.jpg,FALSE
1447,Military Dictionary,DARO (Defense Airborne Reconnaissance Office),,,,văn phòng trinh sát đường không bộ quốc phòng,FALSE,,,img_1447.jpg,FALSE
1447,Military Dictionary,DARPA (Defense Advanced Research Projects Agency),,,,cục đề án nghiên cứu triển vọng bộ quốc phòng,FALSE,,,img_1447.jpg,FALSE
1447,Military Dictionary,DART (disaster assistance response team),,,,đội ứng cứu thảm hoạ,FALSE,,,img_1447.jpg,FALSE
1447,Military Dictionary,DART (downed aircraft recovery team),,,,đội thu hồi máy bay rơi,FALSE,,,img_1447.jpg,FALSE
1447,Military Dictionary,DAS (deep air support (USMC)),,,,chi viện đường không có chiều sâu; chi viện không quân bằng nhiều thê đội (thuỷ quân lục chiến Mỹ),FALSE,,,img_1447.jpg,FALSE
1447,Military Dictionary,DAS (Defensive Aid System),,,,hệ thống hỗ trợ phòng thủ,FALSE,,,img_1447.jpg,FALSE
1447,Military Dictionary,DAS (defensive avionics system),,,,hệ thống thiết bị điện tử hàng không phòng thủ,FALSE,,,img_1447.jpg,FALSE
1447,Military Dictionary,DAS (direct access subscriber),,,,thuê bao truy cập trực tiếp,FALSE,,,img_1447.jpg,FALSE
1447,Military Dictionary,DAS (direct air support),,,,"sự chi viện không quân trực tiếp, sự chi viện trực tiếp của máy bay; sự bảo đảm trực tiếp bằng đường không",FALSE,,,img_1447.jpg,FALSE
1447,Military Dictionary,DAS3 (decentralized automated service support system),,,,hệ thống bảo đảm hậu cần tự động phi tập trung hoá,FALSE,,,img_1447.jpg,FALSE
1447,Military Dictionary,DASA (Defense Atomic Support Agency),,,,cục bảo đảm vũ khí hạt nhân bộ quốc phòng,FALSE,,,img_1447.jpg,FALSE
1447,Military Dictionary,DASA (Department of the Army (DA) staff agencies),,,,các cơ quan tham mưu bộ lục quân,FALSE,,,img_1447.jpg,FALSE
1447,Military Dictionary,DASC (direct air support center),,,,"trung tâm chi viện đường không trực tiếp, trung tâm bảo đảm trực tiếp của không quân",FALSE,,,img_1447.jpg,FALSE
1447,Military Dictionary,DASC-A (direct air support center (airborne)),,,,trung tâm chi viện đường không trực tiếp đặt trên máy bay,FALSE,,,img_1447.jpg,FALSE
1447,Military Dictionary,DASD (Deputy Assistant Secretary of Defense),,,,phó trợ lý bộ trưởng bộ quốc phòng,FALSE,,,img_1447.jpg,FALSE
1447,Military Dictionary,DASD(H&RA) (Deputy Assistant Secretary Defense (Humanitarian & Refugee Affairs)),,,,phó trợ lý bộ trưởng bộ quốc phòng về các vấn đề nhân đạo và người tị nạn,FALSE,,,img_1447.jpg,FALSE
1447,Military Dictionary,DASD(I) (Deputy Assistant Secretary of Defense (Intelligence)),,,,phó trợ lý bộ trưởng bộ quốc phòng về tình báo,FALSE,,,img_1447.jpg,FALSE
1447,Military Dictionary,DASD (P&HA) (Deputy Assistant Secretary Defense (Peacekeeping and Humanitarian Affairs)),,,,phó trợ lý bộ trưởng bộ quốc phòng về các vấn đề gìn giữ hoà bình và nhân đạo,FALSE,,,img_1447.jpg,FALSE
1447,Military Dictionary,DASH (drone anti-submarine helicopter),,,,máy bay trực thăng không người lái chống ngầm,FALSE,,,img_1447.jpg,FALSE
1448,Military Dictionary,DASM (delayed action space missile),,,,tên lửa vũ trụ tác động chậm,FALSE,,,img_1448.jpg,FALSE
1448,Military Dictionary,DASO (Department of the Army Special Order),,,,mệnh lệnh đặc biệt của bộ lục quân,FALSE,,,img_1448.jpg,FALSE
1448,Military Dictionary,DASS (defensive aids subsystem),,,,phân hệ phương tiện bảo đảm phòng thủ,FALSE,,,img_1448.jpg,FALSE
1448,Military Dictionary,DASSS (decentralized automated service support system),,,,hệ thống bảo đảm hậu cần tự động phi tập trung hóa,FALSE,,,img_1448.jpg,FALSE
1448,Military Dictionary,DAST (Director of Army Supply and Transport (Anh)),,,,chủ nhiệm ngành tiếp vận quân đoàn,FALSE,,,img_1448.jpg,FALSE
1448,Military Dictionary,DAT (deployment action team),,,,đội hành động triển khai,FALSE,,,img_1448.jpg,FALSE
1448,Military Dictionary,DATT (defense attaché),,,,tuỳ viên quốc phòng,FALSE,,,img_1448.jpg,FALSE
1448,Military Dictionary,DATU (data adapter termination unit),,,,đơn vị đầu mối tiếp hợp dữ liệu,FALSE,,,img_1448.jpg,FALSE
1448,Military Dictionary,DAW (dedicated all-weather aircraft),,,,máy bay chuyên dụng mọi thời tiết,FALSE,,,img_1448.jpg,FALSE
1448,Military Dictionary,dB (Decibel),,,,đêxiben,FALSE,,,img_1448.jpg,FALSE
1448,Military Dictionary,DB (depth bomb),,,,bom chìm; bom hàng không chống hạm,FALSE,,,img_1448.jpg,FALSE
1448,Military Dictionary,DB (disciplinary barracks),,,,trại giam quân nhân bị phạt,FALSE,,,img_1448.jpg,FALSE
1448,Military Dictionary,DB (double bottom),,,,"đáy đôi, đáy kép (tàu), đế kép (đạn)",FALSE,,,img_1448.jpg,FALSE
1448,Military Dictionary,DB (dynamic braking),,,,sự hãm (bằng) động lực,FALSE,,,img_1448.jpg,FALSE
1448,Military Dictionary,DBA (database administrator),,,,nhân viên quản lý cơ sở dữ liệu,FALSE,,,img_1448.jpg,FALSE
1448,Military Dictionary,DBC (deputy brigade commander),,,,"lữ đoàn phó, phó lữ đoàn trưởng",FALSE,,,img_1448.jpg,FALSE
1448,Military Dictionary,DBG (database generation),,,,thế hệ cơ sở dữ liệu,FALSE,,,img_1448.jpg,FALSE
1448,Military Dictionary,DBI (defense budget issue),,,,vấn đề ngân sách quốc phòng,FALSE,,,img_1448.jpg,FALSE
1448,Military Dictionary,DBMS (database management system),,,,hệ thống quản lý cơ sở dữ liệu,FALSE,,,img_1448.jpg,FALSE
1448,Military Dictionary,DBNS (doppler bombing/navigation system),,,,hệ thống ném bom / dẫn đường đốplơ,FALSE,,,img_1448.jpg,FALSE
1448,Military Dictionary,DBOF (defense business operations fund),,,,quỹ hoạt động doanh nghiệp quốc phòng,FALSE,,,img_1448.jpg,FALSE
1448,Military Dictionary,DC (Davy Crokett),,,,tên lửa Đavi Crôkét,FALSE,,,img_1448.jpg,FALSE
1448,Military Dictionary,DC (Defence Committee (Anh)),,,,ủy ban phòng thủ; ủy ban quốc phòng,FALSE,,,img_1448.jpg,FALSE
1448,Military Dictionary,DC (Dental Corps),,,,ngành nha khoa,FALSE,,,img_1448.jpg,FALSE
1448,Military Dictionary,DC (depth charge),,,,bom chìm; (bóng) cuộc đột kích vào tung thâm,FALSE,,,img_1448.jpg,FALSE
1448,Military Dictionary,DC (Deputies Committee),,,,ủy ban các cấp phó,FALSE,,,img_1448.jpg,FALSE
1448,Military Dictionary,DC (direct current),,,,dòng điện một chiều,FALSE,,,img_1448.jpg,FALSE
1448,Military Dictionary,DC (Direction Center),,,,trung tâm chỉ huy đánh chặn máy bay và tên lửa,FALSE,,,img_1448.jpg,FALSE
1448,Military Dictionary,DC (dislocated civilian),,,,thường dân di tản,FALSE,,,img_1448.jpg,FALSE
1448,Military Dictionary,dc (drift correction),,,,lượng sửa dạt,FALSE,,,img_1448.jpg,FALSE
1448,Military Dictionary,DC (drill and ceremonies),,,,huấn luyện đội ngũ và lễ tiết tác phong,FALSE,,,img_1448.jpg,FALSE
1448,Military Dictionary,DC sec (Davy Crockett section),,,,tiểu đội hoả tiễn Đavi Crôkét,FALSE,,,img_1448.jpg,FALSE
1448,Military Dictionary,DC/S for RA (Deputy Chief of Staff for Reserve Affairs),,,,phó tham mưu trưởng về lực lượng dự bị,FALSE,,,img_1448.jpg,FALSE
1448,Military Dictionary,DC8 (Douglas DC8 jet airplane),,,,ký hiệu máy bay phản lực DC-8 của hãng Đaglớt,FALSE,,,img_1448.jpg,FALSE
1448,Military Dictionary,DC9 (Douglas twin-jet short-range airplane),,,,ký hiệu máy bay hai động cơ phản lực tầm gần DC-9 của hãng Đaglớt,FALSE,,,img_1448.jpg,FALSE
1448,Military Dictionary,DCA (Defense Communications Agency),,,,cục thông tin liên lạc bộ quốc phòng,FALSE,,,img_1448.jpg,FALSE
1448,Military Dictionary,DCA (Defence Co-operation Agreement),,,,hiệp ước hợp tác phòng thủ,FALSE,,,img_1448.jpg,FALSE
1448,Military Dictionary,DCA (defensive counterair),,,,phòng không thụ động,FALSE,,,img_1448.jpg,FALSE
1448,Military Dictionary,DCA (director of civil affairs),,,,cục trưởng cục dân chính,FALSE,,,img_1448.jpg,FALSE
1448,Military Dictionary,DCA (dual-capable aircraft),,,,máy bay hai chức năng,FALSE,,,img_1448.jpg,FALSE
1448,Military Dictionary,DCAA (Defense Contract Audit Agency),,,,cục kiểm toán hợp đồng bộ quốc phòng,FALSE,,,img_1448.jpg,FALSE
1448,Military Dictionary,DCAP (draft conventional armaments plan),,,,kế hoạch dự thảo vũ khí thông thường,FALSE,,,img_1448.jpg,FALSE
1448,Military Dictionary,DCC (damage control center),,,,trung tâm kiểm soát thiệt hại; trung tâm khắc phục hậu quả sau đòn tiến công hạt nhân,FALSE,,,img_1448.jpg,FALSE
1449,Military Dictionary,DCC (deployment control center),,,,trung tâm chỉ huy triển khai (trận địa phóng tên lửa),FALSE,,,img_1449.jpg,FALSE
1449,Military Dictionary,DCCC (defense collection coordination center),,,,trung tâm phối hợp thu thập tin tức quốc phòng,FALSE,,,img_1449.jpg,FALSE
1449,Military Dictionary,DCCEP (developing country combined exercise program),,,,chương trình tập trận hỗn hợp với nước đang phát triển,FALSE,,,img_1449.jpg,FALSE
1449,Military Dictionary,DCD (data collection device),,,,thiết bị thu thập dữ liệu,FALSE,,,img_1449.jpg,FALSE
1449,Military Dictionary,DCI (Defense Capabilities Initiatives),,,,sáng kiến tăng cường khả năng phòng thủ (của liên quân NATO),FALSE,,,img_1449.jpg,FALSE
1449,Military Dictionary,DCI (Director of Central Intelligence),,,,cục trưởng cục tình báo trung ương,FALSE,,,img_1449.jpg,FALSE
1449,Military Dictionary,DCI (dual channel interchange),,,,trao đổi tương hỗ hai kênh,FALSE,,,img_1449.jpg,FALSE
1449,Military Dictionary,DCID (Director of Central Intelligence Directive),,,,chỉ lệnh của giám đốc cục tình báo trung ương,FALSE,,,img_1449.jpg,FALSE
1449,Military Dictionary,DCinC (deputy commander in chief),,,,phó tư lệnh,FALSE,,,img_1449.jpg,FALSE
1449,Military Dictionary,"DCJTF (deputy commander, joint task force)",,,,phó tư lệnh lực lượng đặc nhiệm liên quân; phó tư lệnh cụm chiến dịch (lâm thời) liên quân,FALSE,,,img_1449.jpg,FALSE
1449,Military Dictionary,"DCMC (Office of Deputy Chairman, Military Committee)",,,,văn phòng của phó chủ tịch ủy ban quân sự,FALSE,,,img_1449.jpg,FALSE
1449,Military Dictionary,DCMD (District of Columbia Military District),,,,quân khu bang Columbia,FALSE,,,img_1449.jpg,FALSE
1449,Military Dictionary,DCMO (deputy chief military observer),,,,phó trưởng đoàn quan sát viên quân sự,FALSE,,,img_1449.jpg,FALSE
1449,Military Dictionary,DCN (data link coordination net),,,,mạng hiệp đồng liên kết dữ liệu,FALSE,,,img_1449.jpg,FALSE
1449,Military Dictionary,DCN (defence communications network),,,,mạng thông tin liên lạc quân sự,FALSE,,,img_1449.jpg,FALSE
1449,Military Dictionary,DCNG (District of Columbia National Guard),,,,đội cận vệ khu vực bang Columbia,FALSE,,,img_1449.jpg,FALSE
1449,Military Dictionary,DCNO (Deputy Chief of Naval Operations),,,,phó chỉ huy tác chiến trên biển; phó tham mưu trưởng hải quân,FALSE,,,img_1449.jpg,FALSE
1449,Military Dictionary,DCNS (Deputy Chief of Naval Staff),,,,phó tham mưu trưởng hải quân,FALSE,,,img_1449.jpg,FALSE
1449,Military Dictionary,DCO (deputy commanding officer),,,,"phó chỉ huy trưởng (đơn vị, phân đội)",FALSE,,,img_1449.jpg,FALSE
1449,Military Dictionary,DCOFS; DCOS (deputy chief of staff),,,,"tham mưu phó, phó tham mưu trưởng",FALSE,,,img_1449.jpg,FALSE
1449,Military Dictionary,DCPA (Defense Civil Preparedness Agency),,,,cục sẵn sàng phòng thủ dân sự,FALSE,,,img_1449.jpg,FALSE
1449,Military Dictionary,DCPG (digital clock pulse generator),,,,máy phát xung đồng hồ kỹ thuật số,FALSE,,,img_1449.jpg,FALSE
1449,Military Dictionary,DCR (digitally coded radar),,,,rada mã hóa số,FALSE,,,img_1449.jpg,FALSE
1449,Military Dictionary,DCS (Defense Communications System),,,,hệ thống (phương tiện) thông tin liên lạc bộ quốc phòng,FALSE,,,img_1449.jpg,FALSE
1449,Military Dictionary,DCS (Defense Courier Service),,,,ngành giao thông liên lạc bộ quốc phòng,FALSE,,,img_1449.jpg,FALSE
1449,Military Dictionary,DCS (Deputy Chief of Staff),,,,"tham mưu phó, phó tham mưu trưởng",FALSE,,,img_1449.jpg,FALSE
1449,Military Dictionary,DCS (digital computer system),,,,hệ thống máy tính kỹ thuật số,FALSE,,,img_1449.jpg,FALSE
1449,Military Dictionary,DCS/R&S (deputy chief of staff for research & development),,,,phó tham mưu trưởng về nghiên cứu và phát triển,FALSE,,,img_1449.jpg,FALSE
1449,Military Dictionary,DCSCU (dual capability servo control unit),,,,bộ điều khiển trợ động hai chức năng,FALSE,,,img_1449.jpg,FALSE
1449,Military Dictionary,DCSINT (Deputy Chief of Staff for Intelligence),,,,phó tham mưu trưởng về tình báo,FALSE,,,img_1449.jpg,FALSE
1449,Military Dictionary,"DCSLOG (Deputy Chief of Staff for Logistics, US Army)",,,,phó tham mưu trưởng về hậu cần lục quân Mỹ,FALSE,,,img_1449.jpg,FALSE
1449,Military Dictionary,"DCSOPS (Deputy Chief of Staff for Operations and Plans, United States Army)",,,,phó tham mưu trưởng về tác chiến và kế hoạch lục quân Mỹ,FALSE,,,img_1449.jpg,FALSE
1449,Military Dictionary,"DCSPER (Deputy Chief of Staff for Personnel, United States Army)",,,,phó tham mưu trưởng về quân lực lục quân Mỹ,FALSE,,,img_1449.jpg,FALSE
1449,Military Dictionary,DCU (detection and control unit),,,,thiết bị phát hiện (mục tiêu) và điều khiển (vũ khí),FALSE,,,img_1449.jpg,FALSE
1449,Military Dictionary,DCU (dispencer control unit),,,,khối điều khiển thiết bị phóng rải,FALSE,,,img_1449.jpg,FALSE
1449,Military Dictionary,DD (Department of Defense (Mỹ)),,,,bộ quốc phòng,FALSE,,,img_1449.jpg,FALSE
1450,Military Dictionary,DD (deputy director),,,,cục phó; phó chủ nhiệm ngành,FALSE,,,img_1450.jpg,FALSE
1450,Military Dictionary,DD (destroyer),,,,tàu khu trục,FALSE,,,img_1450.jpg,FALSE
1450,Military Dictionary,DDA (Defence Diversification Agency (Mỹ)),,,,cục chuyển hướng quốc phòng,FALSE,,,img_1450.jpg,FALSE
1450,Military Dictionary,DDA (Deputy Director for Administration (CIA)),,,,phó cục trưởng cục quản lý hành chính (cục tình báo trung ương Mỹ),FALSE,,,img_1450.jpg,FALSE
1450,Military Dictionary,DDA (designated development activity),,,,hoạt động phát triển được giao,FALSE,,,img_1450.jpg,FALSE
1450,Military Dictionary,D-day,,,,ngày N (ngày bắt đầu trận đánh),FALSE,,,img_1450.jpg,FALSE
1450,Military Dictionary,DDBS (digital data broadcast system),,,,hệ thống loan báo dữ liệu số (hỗ trợ điều khiển đường bay),FALSE,,,img_1450.jpg,FALSE
1450,Military Dictionary,DDC (data distribution center),,,,trung tâm điều phối dữ liệu,FALSE,,,img_1450.jpg,FALSE
1450,Military Dictionary,DDC (Deck Decompression Chamber),,,,khoang điều áp trên boong (dùng cho thợ lặn làm việc dưới biển sâu),FALSE,,,img_1450.jpg,FALSE
1450,Military Dictionary,DDCI (Deputy Director of Central Intelligence (CIA)),,,,phó giám đốc tình báo trung ương (CIA),FALSE,,,img_1450.jpg,FALSE
1450,Military Dictionary,DDefS (Director of Defence Studies),,,,cục trưởng cục nghiên cứu bộ quốc phòng,FALSE,,,img_1450.jpg,FALSE
1450,Military Dictionary,DDG (destroyer with area SAM),,,,tàu khu trục trang bị tên lửa hạm đối không khu vực,FALSE,,,img_1450.jpg,FALSE
1450,Military Dictionary,DDG (guided missile destroyer),,,,tàu khu trục trang bị tên lửa có điều khiển,FALSE,,,img_1450.jpg,FALSE
1450,Military Dictionary,DDH (destroyer with hel),,,,tàu khu trục trang bị máy bay trực thăng,FALSE,,,img_1450.jpg,FALSE
1450,Military Dictionary,DDI (Deputy Director of Intelligence (CIA)),,,,phó giám đốc tình báo (CIA),FALSE,,,img_1450.jpg,FALSE
1450,Military Dictionary,DDL (digital data link),,,,liên kết dữ liệu kỹ thuật số,FALSE,,,img_1450.jpg,FALSE
1450,Military Dictionary,DDM (digital data modem),,,,môđem dữ liệu kỹ thuật số,FALSE,,,img_1450.jpg,FALSE
1450,Military Dictionary,DDMS (deputy director for military support),,,,phó giám đốc về chi viện quân sự,FALSE,,,img_1450.jpg,FALSE
1450,Military Dictionary,DDN (Defense Data Network),,,,mạng dữ liệu bộ quốc phòng,FALSE,,,img_1450.jpg,FALSE
1450,Military Dictionary,DDO (Deputy Director of Operations (CIA)),,,,phó giám đốc về tác chiến (CIA),FALSE,,,img_1450.jpg,FALSE
1450,Military Dictionary,DDR (radar picket destroyer),,,,tàu khu trục có rada định vị,FALSE,,,img_1450.jpg,FALSE
1450,Military Dictionary,DDR&E (director of defense research and engineering),,,,giám đốc về nghiên cứu và công trình phòng thủ,FALSE,,,img_1450.jpg,FALSE
1450,Military Dictionary,DDR&E (Directorate of Defense Research and Engineering),,,,cục nghiên cứu phòng thủ và xây dựng,FALSE,,,img_1450.jpg,FALSE
1450,Military Dictionary,DDS (Deep Diving System),,,,hệ thống hỗ trợ lặn (dưới biển sâu),FALSE,,,img_1450.jpg,FALSE
1450,Military Dictionary,DDS (defense dissemination system),,,,hệ thống phổ biến (tin tức) quốc phòng,FALSE,,,img_1450.jpg,FALSE
1450,Military Dictionary,DDS (Deputy Defense Secretary),,,,thứ trưởng bộ quốc phòng; trợ lý bộ trưởng bộ quốc phòng,FALSE,,,img_1450.jpg,FALSE
1450,Military Dictionary,DDS (dry deck shelter),,,,khoang khô tháp tàu ngầm (để ra vào tàu ngầm),FALSE,,,img_1450.jpg,FALSE
1450,Military Dictionary,DDS&T (Deputy Director for Science & Technology (CIA)),,,,phó giám đốc về khoa học và công nghệ (CIA),FALSE,,,img_1450.jpg,FALSE
1450,Military Dictionary,DDU (digital display unit),,,,bộ hiển thị kỹ thuật số,FALSE,,,img_1450.jpg,FALSE
1450,Military Dictionary,"DDWSO (Deputy Director for Wargaming, Simulation, and Operations)",,,,"phó giám đốc về diễn tập, mô phỏng và tác chiến",FALSE,,,img_1450.jpg,FALSE
1450,Military Dictionary,DE (damage expectancy),,,,xác suất thiệt hại,FALSE,,,img_1450.jpg,FALSE
1450,Military Dictionary,DE (delay equalizer),,,,thiết bị cân bằng chậm,FALSE,,,img_1450.jpg,FALSE
1450,Military Dictionary,DE (directed energy),,,,năng lượng được định hướng,FALSE,,,img_1450.jpg,FALSE
1450,Military Dictionary,de (individual drift error),,,,sai số độ giạt riêng,FALSE,,,img_1450.jpg,FALSE
1450,Military Dictionary,de max (maximum drift error),,,,sai số độ giạt cực đại,FALSE,,,img_1450.jpg,FALSE
1450,Military Dictionary,de manimax (minimum-maximum drift error),,,,sai số độ giạt cực tiểu - cực đại,FALSE,,,img_1450.jpg,FALSE
1450,Military Dictionary,de min (minimum drift error),,,,sai số độ giạt cực tiểu,FALSE,,,img_1450.jpg,FALSE
1450,Military Dictionary,De total (drift error),,,,sai số độ giạt toàn phần,FALSE,,,img_1450.jpg,FALSE
1450,Military Dictionary,dea (aerospace drift error),,,,sai số độ giạt trong không gian vũ trụ,FALSE,,,img_1450.jpg,FALSE
1450,Military Dictionary,DEAR (disease and environmental alert report),,,,sự báo cáo về cảnh báo bệnh dịch và môi trường,FALSE,,,img_1450.jpg,FALSE
1451,Military Dictionary,DEARAS (Department of Defense (DOD) Emergency Authorities Retrieval and Analysis System),,,,hệ thống tái lập và phân tích các cơ quan thẩm quyền của bộ quốc phòng trong tình trạng khẩn cấp,FALSE,,,img_1451.jpg,FALSE
1451,Military Dictionary,DEBK (debark),,,,"đổ bộ (đường biển), lên bờ",FALSE,,,img_1451.jpg,FALSE
1451,Military Dictionary,DeCA (Defense Commissary Agency),,,,cục nhu yếu phẩm bộ quốc phòng,FALSE,,,img_1451.jpg,FALSE
1451,Military Dictionary,DECA (Digital Electronic Control Assembly),,,,"cụm điều khiển điện tử kỹ thuật số, cụm kiểm soát điện tử kỹ thuật số",FALSE,,,img_1451.jpg,FALSE
1451,Military Dictionary,DECEA (Defense Communications Engineering Agency),,,,cục kỹ thuật thông tin liên lạc bộ quốc phòng,FALSE,,,img_1451.jpg,FALSE
1451,Military Dictionary,DECL (declassify),,,,hạ cấp độ mật; giải mật,FALSE,,,img_1451.jpg,FALSE
1451,Military Dictionary,DECM (deceptive electronic countermeasures),,,,phương tiện đánh lừa điện tử; các biện pháp nghi binh điện tử,FALSE,,,img_1451.jpg,FALSE
1451,Military Dictionary,decn (decision),,,,quyết tâm chiến đấu; quyết tâm chiến dịch; quyết định,FALSE,,,img_1451.jpg,FALSE
1451,Military Dictionary,decn; decon (decontamination),,,,"sự khử nhiễm, sự khử trùng, sự khử, sự tiêu tẩy",FALSE,,,img_1451.jpg,FALSE
1451,Military Dictionary,decon agt (decontamination agent),,,,"chất khử; chất khử nhiễm, chất tiêu tẩy",FALSE,,,img_1451.jpg,FALSE
1451,Military Dictionary,DECU (digital engine control unit),,,,bộ điều khiển động cơ máy bay ở dạng số,FALSE,,,img_1451.jpg,FALSE
1451,Military Dictionary,def (defense),,,,phòng thủ; phòng ngự; bảo vệ,FALSE,,,img_1451.jpg,FALSE
1451,Military Dictionary,Def; def (defensive),,,,(thuộc) phòng ngự; (thuộc) phòng thủ; (thuộc) bảo vệ; (thuộc) thế thủ,FALSE,,,img_1451.jpg,FALSE
1451,Military Dictionary,def fmn (defensive formation),,,,đội hình chiến đấu phòng ngự,FALSE,,,img_1451.jpg,FALSE
1451,Military Dictionary,def mfld (defensive minefield),,,,bãi mìn phòng ngự,FALSE,,,img_1451.jpg,FALSE
1451,Military Dictionary,def ops (defensive operations),,,,tác chiến phòng ngự,FALSE,,,img_1451.jpg,FALSE
1451,Military Dictionary,def pos (defensive position),,,,vị trí phòng ngự; trận địa phòng ngự,FALSE,,,img_1451.jpg,FALSE
1451,Military Dictionary,DEF.STAN (defence standard),,,,tiêu chuẩn quân sự,FALSE,,,img_1451.jpg,FALSE
1451,Military Dictionary,DEFCONS (defense readiness conditions),,,,các cấp độ sẵn sàng chiến đấu,FALSE,,,img_1451.jpg,FALSE
1451,Military Dictionary,defn (definition),,,,định nghĩa,FALSE,,,img_1451.jpg,FALSE
1451,Military Dictionary,DEFSMAC (Defense Special Missile and Astronautics Center),,,,trung tâm khoa học vũ trụ và tên lửa đặc biệt bộ quốc phòng,FALSE,,,img_1451.jpg,FALSE
1451,Military Dictionary,DEG (guided missile escort ship),,,,tàu hộ tống trang bị tên lửa có điều khiển,FALSE,,,img_1451.jpg,FALSE
1451,Military Dictionary,DEL (deployable equipment list),,,,danh mục thiết bị triển khai được,FALSE,,,img_1451.jpg,FALSE
1451,Military Dictionary,DEM (demolition),,,,sự phá hủy; sự nổ phá,FALSE,,,img_1451.jpg,FALSE
1451,Military Dictionary,DEMARC (demarcation),,,,sự hoạch định,FALSE,,,img_1451.jpg,FALSE
1451,Military Dictionary,DEML (detached enlisted men's list),,,,danh sách quân nhân đang đi công tác,FALSE,,,img_1451.jpg,FALSE
1451,Military Dictionary,demo (demolition),,,,"sự phá huỷ, sự nổ phá",FALSE,,,img_1451.jpg,FALSE
1451,Military Dictionary,demo (demonstration),,,,thao diễn; trình diễn,FALSE,,,img_1451.jpg,FALSE
1451,Military Dictionary,demob (demobilization),,,,"sự giải ngũ, sự phục viên",FALSE,,,img_1451.jpg,FALSE
1451,Military Dictionary,DeMS (deployment management system),,,,hệ thống quản lý triển khai,FALSE,,,img_1451.jpg,FALSE
1451,Military Dictionary,DEMUX (demultiplex),,,,giải nén thông tin,FALSE,,,img_1451.jpg,FALSE
1451,Military Dictionary,dep (departure),,,,vị trí xuất phát; sự cử đi; sự cất cánh; xuất kích; sự rút lui,FALSE,,,img_1451.jpg,FALSE
1451,Military Dictionary,DEP (deployed),,,,đã được triển khai,FALSE,,,img_1451.jpg,FALSE
1451,Military Dictionary,dep (depot),,,,"kho chứa, kho hàng; kho (quân nhu, lương thực...); (Anh) trạm tuyển quân và huấn luyện của đơn vị",FALSE,,,img_1451.jpg,FALSE
1451,Military Dictionary,Dep Bn (depot battalion),,,,tiểu đoàn kho,FALSE,,,img_1451.jpg,FALSE
1451,Military Dictionary,"DEPCJTF (deputy commander, joint task force)",,,,phó tư lệnh lực lượng đặc nhiệm liên quân; phó tư lệnh cụm chiến dịch (lâm thời) liên quân,FALSE,,,img_1451.jpg,FALSE
1451,Military Dictionary,DEPID (deployment indicator code),,,,mã chỉ thị triển khai,FALSE,,,img_1451.jpg,FALSE
1451,Military Dictionary,DEPMEDS (deployable medical systems),,,,các hệ thống y tế có khả năng triển khai,FALSE,,,img_1451.jpg,FALSE
1451,Military Dictionary,DepOpsDeps (Service deputy operations deputies),,,,các trợ lý tác chiến của phó chỉ huy trưởng về hậu cần,FALSE,,,img_1451.jpg,FALSE
1451,Military Dictionary,Dept; dept (department),,,,cục; phòng; bộ; cơ quan,FALSE,,,img_1451.jpg,FALSE
1451,Military Dictionary,DER (radar picket escort ship),,,,tàu hộ tống tuần dương hạm rada,FALSE,,,img_1451.jpg,FALSE
1451,Military Dictionary,DEROS (date eligible for return from overseas),,,,ngày ấn định từ nước ngoài trở về,FALSE,,,img_1451.jpg,FALSE
1452,Military Dictionary,DES (defence engineering service),,,,ngành kỹ thuật quân sự,FALSE,,,img_1452.jpg,FALSE
1452,Military Dictionary,DESC (Defense Electronic Supply Center),,,,trung tâm cung cấp trang thiết bị điện tử bộ quốc phòng (cho các binh chủng),FALSE,,,img_1452.jpg,FALSE
1452,Military Dictionary,DESCOM (Depot System Command (Army)),,,,bộ tư lệnh hệ thống tổng kho (lục quân),FALSE,,,img_1452.jpg,FALSE
1452,Military Dictionary,Dessum (despatch summary),,,,bản tổng kết,FALSE,,,img_1452.jpg,FALSE
1452,Military Dictionary,DEST (destination),,,,vị trí quy định; điểm đến; đích,FALSE,,,img_1452.jpg,FALSE
1452,Military Dictionary,dest pt (destination point),,,,trạm quy định; địa điểm quy định,FALSE,,,img_1452.jpg,FALSE
1452,Military Dictionary,destn (destination),,,,vị trí quy định; điểm đến; đích,FALSE,,,img_1452.jpg,FALSE
1452,Military Dictionary,det (detach),,,,"phối thuộc; biệt phái; thay thế, thay phiên",FALSE,,,img_1452.jpg,FALSE
1452,Military Dictionary,DET; det (detachment),,,,"đơn vị phối thuộc, phân đội biệt phái; đội; sự biệt phái; nhiệm vụ làm thời",FALSE,,,img_1452.jpg,FALSE
1452,Military Dictionary,det (detainee),,,,người bị giam (giữ),FALSE,,,img_1452.jpg,FALSE
1452,Military Dictionary,DET (detonate),,,,nổ,FALSE,,,img_1452.jpg,FALSE
1452,Military Dictionary,Det Bks (detention barracks),,,,trại giam,FALSE,,,img_1452.jpg,FALSE
1452,Military Dictionary,detm (determine),,,,(đã) kết thúc; quyết định,FALSE,,,img_1452.jpg,FALSE
1452,Military Dictionary,DETRESFA (distress phase (ICAO)),,,,giai đoạn có nguy cơ đe dọa (tổ chức hàng không dân dụng quốc tế),FALSE,,,img_1452.jpg,FALSE
1452,Military Dictionary,DEV; dev (development),,,,sự phát triển; sự nghiên cứu; hoạt động thiết kế - thử nghiệm,FALSE,,,img_1452.jpg,FALSE
1452,Military Dictionary,DEW (directed-energy warfare),,,,chiến tranh năng lượng định hướng,FALSE,,,img_1452.jpg,FALSE
1452,Military Dictionary,DEW (directed energy weapon),,,,vũ khí năng lượng định hướng; vũ khí được điều khiển bằng năng lượng phát ra từ mục tiêu,FALSE,,,img_1452.jpg,FALSE
1452,Military Dictionary,DEW (distant early warning),,,,"sự phát hiện từ xa (mục tiêu trên không); sự cảnh báo sớm, sự báo động từ xa",FALSE,,,img_1452.jpg,FALSE
1452,Military Dictionary,DEW line (distance early warning line),,,,"mạng rada báo động từ xa (Canada), mạng rada cảnh báo sớm",FALSE,,,img_1452.jpg,FALSE
1452,Military Dictionary,DEWIZ (distant early warning identification zone),,,,vùng nhận biết và cảnh báo sớm (mục tiêu trên không),FALSE,,,img_1452.jpg,FALSE
1452,Military Dictionary,DF (day of fire),,,,cơ số đạn,FALSE,,,img_1452.jpg,FALSE
1452,Military Dictionary,DF (dead freight),,,,hàng hoá chở không,FALSE,,,img_1452.jpg,FALSE
1452,Military Dictionary,DF (defensive fire),,,,hoả lực phòng ngự; hoả lực chặn,FALSE,,,img_1452.jpg,FALSE
1452,Military Dictionary,DF (direction finder),,,,"máy tìm phương, máy định hướng",FALSE,,,img_1452.jpg,FALSE
1452,Military Dictionary,DF (direction finding),,,,"sự xác định phương, sự tìm phương (bằng vô tuyến)",FALSE,,,img_1452.jpg,FALSE
1452,Military Dictionary,DF (direction of fire),,,,"hướng bắn; sự chỉ huy hoả lực, điều khiển hoả lực",FALSE,,,img_1452.jpg,FALSE
1452,Military Dictionary,DF (dispersion factor),,,,hệ số tản mác,FALSE,,,img_1452.jpg,FALSE
1452,Military Dictionary,DF (disposition form),,,,hình thức bố trí,FALSE,,,img_1452.jpg,FALSE
1452,Military Dictionary,DF radar (direction finding radar),,,,"rada tìm phương, rada định hướng",FALSE,,,img_1452.jpg,FALSE
1452,Military Dictionary,DF/GA (day fighter/ground attack),,,,máy bay tiêm - cường kích đánh ngày,FALSE,,,img_1452.jpg,FALSE
1452,Military Dictionary,DF/SSL (direction finding/single station location),,,,trạm tìm phương và định vị từ đài lẻ,FALSE,,,img_1452.jpg,FALSE
1452,Military Dictionary,DFAS (Defense Finance and Accounting Service),,,,ngành tài chính và kế toán bộ quốc phòng,FALSE,,,img_1452.jpg,FALSE
1452,Military Dictionary,DFC (deputy force commander),,,,phó tư lệnh lực lượng,FALSE,,,img_1452.jpg,FALSE
1452,Military Dictionary,DFC (Distinguished Flying Cross),,,,huân chương chiến công chữ thập,FALSE,,,img_1452.jpg,FALSE
1452,Military Dictionary,DFCS (Digital Fire-Control System),,,,hệ thống điều khiển hoả lực kỹ thuật số,FALSE,,,img_1452.jpg,FALSE
1452,Military Dictionary,DFE (division force equivalent),,,,lực lượng tương đương sư đoàn,FALSE,,,img_1452.jpg,FALSE
1452,Military Dictionary,DFM (deterrent force module),,,,môđun lực lượng răn đe,FALSE,,,img_1452.jpg,FALSE
1452,Military Dictionary,DFM (Distinguished Flying Medal),,,,huy chương chiến công,FALSE,,,img_1452.jpg,FALSE
1452,Military Dictionary,DFO (disaster field office (FEMA)),,,,văn phòng dã ngoại cứu trợ thiên tai (thuộc cơ quan quản lý tình trạng khẩn cấp liên bang Mỹ),FALSE,,,img_1452.jpg,FALSE
1452,Military Dictionary,DFR (Defense Fuel Region),,,,vùng nhiên liệu quốc phòng,FALSE,,,img_1452.jpg,FALSE
1452,Military Dictionary,"DFR/E (Defense Fuel Region, Europe)",,,,vùng nhiên liệu quốc phòng ở châu Âu,FALSE,,,img_1452.jpg,FALSE
1453,Military Dictionary,"DFR/ME (Defense Fuel Region, Middle East)",,,,vùng nhiên liệu quốc phòng Trung Đông,FALSE,,,img_1453.jpg,FALSE
1453,Military Dictionary,DFSC (Defense Fuel Supply Center),,,,trung tâm cung cấp nhiên liệu quốc phòng,FALSE,,,img_1453.jpg,FALSE
1453,Military Dictionary,DFSCOORD (deputy fire support coordinator),,,,phó chỉ huy trưởng về hiệp đồng hỏa lực chi viện,FALSE,,,img_1453.jpg,FALSE
1453,Military Dictionary,DFSP (Defense Fuel Support Point),,,,địa điểm bảo đảm nhiên liệu quốc phòng,FALSE,,,img_1453.jpg,FALSE
1453,Military Dictionary,DFSV (Direct Fire Support Vehicle),,,,"xe bọc thép chi viện hỏa lực trực tiếp, xe thiết giáp chi viện hoả lực trực tiếp",FALSE,,,img_1453.jpg,FALSE
1453,Military Dictionary,DFT (deployment for training),,,,sự triển khai huấn luyện,FALSE,,,img_1453.jpg,FALSE
1453,Military Dictionary,DFV (Desert Fighting Vehicle),,,,"xe bọc thép chiến đấu trên sa mạc, xe thiết giáp chiến đấu trên sa mạc",FALSE,,,img_1453.jpg,FALSE
1453,Military Dictionary,DFWES (direct fire weapons effects simulator),,,,thiết bị mô phỏng tác động (của) vũ khí bắn trực tiếp,FALSE,,,img_1453.jpg,FALSE
1453,Military Dictionary,DG (defense guidance),,,,chỉ dẫn quốc phòng,FALSE,,,img_1453.jpg,FALSE
1453,Military Dictionary,DG (Director General),,,,tổng cục trưởng; tổng giám đốc,FALSE,,,img_1453.jpg,FALSE
1453,Military Dictionary,DGDA (director general of defence accounts),,,,chủ nhiệm tổng cục tài chính bộ quốc phòng; tổng cục trưởng tổng cục tài chính bộ quốc phòng,FALSE,,,img_1453.jpg,FALSE
1453,Military Dictionary,DGIAP (defense General intelligence and Applications Program),,,,chương trình tình báo và ứng dụng chung bộ quốc phòng,FALSE,,,img_1453.jpg,FALSE
1453,Military Dictionary,DGM (digital group multiplex),,,,bộ nén nhóm kỹ thuật số,FALSE,,,img_1453.jpg,FALSE
1453,Military Dictionary,DGZ (desired ground zero),,,,chấn tâm nổ hạt nhân đã dự kiến,FALSE,,,img_1453.jpg,FALSE
1453,Military Dictionary,DGZ (drop ground zone),,,,khu vực ném bom,FALSE,,,img_1453.jpg,FALSE
1453,Military Dictionary,DH (death due to hostilities),,,,tử trận,FALSE,,,img_1453.jpg,FALSE
1453,Military Dictionary,dh (decision height),,,,độ cao quyết định,FALSE,,,img_1453.jpg,FALSE
1453,Military Dictionary,DHA (Department of Humanitarian Affairs (UN)),,,,cục về các vấn đề nhân đạo (Liên hiệp quốc),FALSE,,,img_1453.jpg,FALSE
1453,Military Dictionary,DHHS (Department of Health and Human Services),,,,cục y tế và dịch vụ chăm sóc sức khoẻ,FALSE,,,img_1453.jpg,FALSE
1453,Military Dictionary,DHQ (Division Headquarters),,,,sở chỉ huy sư đoàn; bộ chỉ huy sư đoàn,FALSE,,,img_1453.jpg,FALSE
1453,Military Dictionary,DHS (data handling system),,,,hệ thống xử lý dữ liệu,FALSE,,,img_1453.jpg,FALSE
1453,Military Dictionary,DHS (Defense Human Intelligence (HUMINT) Service),,,,ngành tình báo nhân sự bộ quốc phòng,FALSE,,,img_1453.jpg,FALSE
1453,Military Dictionary,DHSS (data handling subsystem),,,,phân hệ xử lý dữ liệu,FALSE,,,img_1453.jpg,FALSE
1453,Military Dictionary,DI (discrete identifier),,,,dấu hiệu nhận biết riêng,FALSE,,,img_1453.jpg,FALSE
1453,Military Dictionary,DIA (Defense Intelligence Agency (Mỹ)),,,,cục tình báo bộ quốc phòng,FALSE,,,img_1453.jpg,FALSE
1453,Military Dictionary,DIAC (Defense Intelligence Analysis Center),,,,trung tâm phân tích tin tức tình báo bộ quốc phòng,FALSE,,,img_1453.jpg,FALSE
1453,Military Dictionary,DIAM (Defense Intelligence Agency Manual),,,,cẩm nang cục tình báo bộ quốc phòng,FALSE,,,img_1453.jpg,FALSE
1453,Military Dictionary,DIAM (Defense Intelligence Agency Memorandum),,,,bản ghi nhớ của cục tình báo bộ quốc phòng,FALSE,,,img_1453.jpg,FALSE
1453,Military Dictionary,DIANE (digital integrated attack navigation equipment),,,,thiết bị tích hợp số dẫn đường tiến công,FALSE,,,img_1453.jpg,FALSE
1453,Military Dictionary,DIAS (distributed information architecture for ships),,,,kiến trúc thông tin phân tán (dùng cho) hạm tàu,FALSE,,,img_1453.jpg,FALSE
1453,Military Dictionary,DIBITS (digital in-band interswitch trunk signaling),,,,sự đánh tín hiệu trao đổi đường dài băng thông kỹ thuật số,FALSE,,,img_1453.jpg,FALSE
1453,Military Dictionary,DIBRS (defense incident-based reporting system),,,,hệ thống báo cáo quốc phòng trên cơ sở sự kiện,FALSE,,,img_1453.jpg,FALSE
1453,Military Dictionary,DIBTS (digital in-band trunk signaling),,,,tín hiệu đường dài băng thông kỹ thuật số,FALSE,,,img_1453.jpg,FALSE
1453,Military Dictionary,DIBUA (defence in built-up areas),,,,phòng ngự tại khu vực tập kết; phòng ngự tại khu vực tập trung quân,FALSE,,,img_1453.jpg,FALSE
1453,Military Dictionary,DICO (Data Information Coordination Office),,,,văn phòng phối hợp thông tin dữ liệu,FALSE,,,img_1453.jpg,FALSE
1453,Military Dictionary,DID (defence in depth),,,,phòng ngự thành tuyến theo chiều sâu,FALSE,,,img_1453.jpg,FALSE
1454,Military Dictionary,DIDHS (Deployable Intelligence Data Handling System),,,,hệ thống xử lý dữ liệu tình báo có thể triển khai,FALSE,,,img_1454.jpg,FALSE
1454,Military Dictionary,DIDS (Defense Intelligence Dissemination System),,,,hệ thống phổ biến tin tức tình báo quốc phòng,FALSE,,,img_1454.jpg,FALSE
1454,Military Dictionary,DIEB (Defense Intelligence Executive Board),,,,hội đồng quản trị tình báo quốc phòng,FALSE,,,img_1454.jpg,FALSE
1454,Military Dictionary,DIG (digital),,,,(thuộc) kỹ thuật số,FALSE,,,img_1454.jpg,FALSE
1454,Military Dictionary,DII (defense Information Infrastructure),,,,cơ sở hạ tầng tin học quốc phòng,FALSE,,,img_1454.jpg,FALSE
1454,Military Dictionary,DIILS (Defense Institute of International Legal Studies),,,,viện nghiên cứu luật quốc tế bộ quốc phòng,FALSE,,,img_1454.jpg,FALSE
1454,Military Dictionary,DILPA (diphase loop modem-A),,,,môdem-A khoá cuộn hai kỳ,FALSE,,,img_1454.jpg,FALSE
1454,Military Dictionary,DIMA (drilling individual mobilization augmentee),,,,sự tăng cường huấn luyện riêng cho quân động viên,FALSE,,,img_1454.jpg,FALSE
1454,Military Dictionary,DIN (defense intelligence notice),,,,cảnh báo của tình báo quốc phòng,FALSE,,,img_1454.jpg,FALSE
1454,Military Dictionary,DINET (Defense Industrial Net),,,,mạng công nghiệp quốc phòng,FALSE,,,img_1454.jpg,FALSE
1454,Military Dictionary,DINS (digital inertial navigation system),,,,hệ thống dẫn đường cố định kỹ thuật số,FALSE,,,img_1454.jpg,FALSE
1454,Military Dictionary,DIO (duty intelligence officer),,,,"sĩ quan trực tình báo, sĩ quan trực (báo cáo) trinh sát",FALSE,,,img_1454.jpg,FALSE
1454,Military Dictionary,DIOC (drug interdiction operations center),,,,trung tâm tác chiến chống ma tuý,FALSE,,,img_1454.jpg,FALSE
1454,Military Dictionary,DIPC (defense industrial plant equipment center),,,,trung tâm thiết bị nhà máy công nghiệp quốc phòng,FALSE,,,img_1454.jpg,FALSE
1454,Military Dictionary,DIPGM (diphase supergroup modem),,,,môdem siêu nhóm hai kỳ,FALSE,,,img_1454.jpg,FALSE
1454,Military Dictionary,DIR (daily intelligence report),,,,báo cáo tình báo hàng ngày,FALSE,,,img_1454.jpg,FALSE
1454,Military Dictionary,DIR (direct),,,,"thẳng, trực tiếp; tức thời",FALSE,,,img_1454.jpg,FALSE
1454,Military Dictionary,dir (direction),,,,hướng; chỉ thị,FALSE,,,img_1454.jpg,FALSE
1454,Military Dictionary,DIR (directional radio),,,,vô tuyến định hướng,FALSE,,,img_1454.jpg,FALSE
1454,Military Dictionary,DIR (director),,,,giám đốc; hiệu trưởng; viện trưởng; chủ nhiệm; cục trưởng; sĩ quan phụ trách (mảng công việc); máy định hướng; anten định hướng; thiết bị chỉ thị mục tiêu,FALSE,,,img_1454.jpg,FALSE
1454,Military Dictionary,DIRINT (Director of Intelligence),,,,giám đốc tình báo,FALSE,,,img_1454.jpg,FALSE
1454,Military Dictionary,"DIRJIATF (director, joint inter-agency task force)",,,,chỉ huy trưởng lực lượng đặc nhiệm liên ngành,FALSE,,,img_1454.jpg,FALSE
1454,Military Dictionary,DIRLAUTH (direct liaison authorized),,,,thẩm quyền liên lạc trực tiếp,FALSE,,,img_1454.jpg,FALSE
1454,Military Dictionary,DIRM (Directorate for Information and Resource Management),,,,cục quản lý thông tin và các nguồn,FALSE,,,img_1454.jpg,FALSE
1454,Military Dictionary,DIRMOBFOR (director of mobility forces),,,,chỉ huy trưởng các lực lượng cơ động,FALSE,,,img_1454.jpg,FALSE
1454,Military Dictionary,"DIRNSA (Director, National Security Agency)",,,,giám đốc cơ quan an ninh quốc gia,FALSE,,,img_1454.jpg,FALSE
1454,Military Dictionary,DIS (daily intelligence summary),,,,bản tổng hợp tin tình báo ngày,FALSE,,,img_1454.jpg,FALSE
1454,Military Dictionary,DIS (defense Information system),,,,hệ thống thông tin - tin học quân sự,FALSE,,,img_1454.jpg,FALSE
1454,Military Dictionary,DIS (Defense Investigative Service),,,,ngành điều tra hình sự bộ quốc phòng,FALSE,,,img_1454.jpg,FALSE
1454,Military Dictionary,dis (discharge),,,,ra quân; dỡ tải; bắn; phóng,FALSE,,,img_1454.jpg,FALSE
1454,Military Dictionary,dis (dismount),,,,"xuống (xe, ngựa ...); khuân xuống, hạ xuống; tháo dỡ (máy móc)",FALSE,,,img_1454.jpg,FALSE
1454,Military Dictionary,DIS; dis (distant(ce)),,,,"khoảng cách, cự ly, tầm",FALSE,,,img_1454.jpg,FALSE
1454,Military Dictionary,DIS (distributed intelligence system),,,,hệ thống tình báo phân tán,FALSE,,,img_1454.jpg,FALSE
1454,Military Dictionary,Dis Com (district commander),,,,tư lệnh (trưởng) quân khu,FALSE,,,img_1454.jpg,FALSE
1454,Military Dictionary,dis P (dispersal point),,,,trạm phân tán; điểm phân tán,FALSE,,,img_1454.jpg,FALSE
1454,Military Dictionary,DISA (Defense Information Systems Agency (Mỹ)),,,,cục trang thiết bị thông tin bộ quốc phòng,FALSE,,,img_1454.jpg,FALSE
1454,Military Dictionary,Disab (disability),,,,sự tàn phế,FALSE,,,img_1454.jpg,FALSE
1454,Military Dictionary,DISANMOC (Defense Information Systems Agency Network Management and Operations Center),,,,trung tâm quản lý và điều hành mạng thuộc cục hệ thống tin học bộ quốc phòng,FALSE,,,img_1454.jpg,FALSE
1455,Military Dictionary,disb (disbanded),,,,bị giải tán,FALSE,,,img_1455.jpg,FALSE
1455,Military Dictionary,disb (disburse),,,,cấp phát; phát tiền,FALSE,,,img_1455.jpg,FALSE
1455,Military Dictionary,DISCH (discharge),,,,"giải ngũ, ra quân; dỡ tải; bắn; phóng",FALSE,,,img_1455.jpg,FALSE
1455,Military Dictionary,Disch Cert (discharge certificate),,,,"giấy chứng nhận ra quân, giấy quyết định ra quân",FALSE,,,img_1455.jpg,FALSE
1455,Military Dictionary,DISCOM (division support command),,,,bộ chỉ huy bảo đảm hậu cần cấp sư đoàn,FALSE,,,img_1455.jpg,FALSE
1455,Military Dictionary,DISCOM P (division support command post),,,,sở chỉ huy bảo đảm hậu cần sư đoàn,FALSE,,,img_1455.jpg,FALSE
1455,Military Dictionary,disem (disseminate),,,,phổ biến (tin); truyền đạt (lệnh),FALSE,,,img_1455.jpg,FALSE
1455,Military Dictionary,dism (dismissed),,,,bị sa thải; ra quân,FALSE,,,img_1455.jpg,FALSE
1455,Military Dictionary,DISN (Defense Information Systems Network),,,,mạng hệ thống tin học bộ quốc phòng,FALSE,,,img_1455.jpg,FALSE
1455,Military Dictionary,DISN-E (Defense Information Systems Network-Europe),,,,mạng hệ thống tin học quốc phòng - châu Âu,FALSE,,,img_1455.jpg,FALSE
1455,Military Dictionary,DISO (Defense Intelligence Support Office),,,,văn phòng chi viện tình báo bộ quốc phòng,FALSE,,,img_1455.jpg,FALSE
1455,Military Dictionary,Disp (dispensary),,,,"xuống (xe, ngựa); khuân xuống, hạ xuống; tháo dỡ (máy móc)",FALSE,,,img_1455.jpg,FALSE
1455,Military Dictionary,disp (dispersed),,,,được phân tán,FALSE,,,img_1455.jpg,FALSE
1455,Military Dictionary,disp (disposition),,,,đội hình chiến đấu; khoảng cách; sự bố trí; sự triển khai,FALSE,,,img_1455.jpg,FALSE
1455,Military Dictionary,DISP (drug investigation support program (FAA)),,,,chương trình hỗ trợ điều tra chống ma tuý (cơ quan hàng không liên bang Mỹ),FALSE,,,img_1455.jpg,FALSE
1455,Military Dictionary,DIST (digital information transfer system),,,,hệ thống truyền thông tin kỹ thuật số,FALSE,,,img_1455.jpg,FALSE
1455,Military Dictionary,Dist (district),,,,"vùng, khu vực",FALSE,,,img_1455.jpg,FALSE
1455,Military Dictionary,distr (distribution),,,,sự phân bố; sự phân phối; sự điều phối; sự phân chia và cấp phát phương tiện vật chất (cho các đơn vị),FALSE,,,img_1455.jpg,FALSE
1455,Military Dictionary,DISUM (daily intelligence summary),,,,bản tổng hợp tin tình báo hàng ngày,FALSE,,,img_1455.jpg,FALSE
1455,Military Dictionary,DITACS (digital tactical system),,,,tổ hợp chiến thuật kỹ thuật số,FALSE,,,img_1455.jpg,FALSE
1455,Military Dictionary,DITDS (defense information threat data system),,,,hệ thống dữ liệu tin học về mối nguy cơ quân sự,FALSE,,,img_1455.jpg,FALSE
1455,Military Dictionary,DITDS (defense intelligence threat data system),,,,hệ thống dữ liệu tình báo về mối nguy cơ quân sự,FALSE,,,img_1455.jpg,FALSE
1455,Military Dictionary,DITSUM (defense intelligence terrorist summary),,,,bản tổng hợp tin tình báo quốc phòng về chủ nghĩa khủng bố,FALSE,,,img_1455.jpg,FALSE
1455,Military Dictionary,Div; div (division),,,,sư đoàn; cục; phòng; cơ quan,FALSE,,,img_1455.jpg,FALSE
1455,Military Dictionary,Div Arty (division artillery),,,,pháo binh sư đoàn,FALSE,,,img_1455.jpg,FALSE
1455,Military Dictionary,div arty comdr (division artillery commander),,,,tư lệnh (trưởng) pháo binh sư đoàn,FALSE,,,img_1455.jpg,FALSE
1455,Military Dictionary,div arty HQ (division artillery headquarters),,,,"sở chỉ huy sư đoàn pháo binh, bộ chỉ huy sư đoàn pháo binh",FALSE,,,img_1455.jpg,FALSE
1455,Military Dictionary,div C-E off (division communications electronics officer),,,,"chủ nhiệm thông tin liên lạc sư đoàn, người chỉ huy thông tin liên lạc sư đoàn",FALSE,,,img_1455.jpg,FALSE
1455,Military Dictionary,div info sec (division information section),,,,bộ phận thông tin sư đoàn,FALSE,,,img_1455.jpg,FALSE
1455,Military Dictionary,Div OO (division ordnance officer),,,,chủ nhiệm kỹ thuật pháo binh sư đoàn,FALSE,,,img_1455.jpg,FALSE
1455,Military Dictionary,Div QM (division quartermaster),,,,trưởng ban quân nhu sư đoàn,FALSE,,,img_1455.jpg,FALSE
1455,Military Dictionary,div spt comd (division support command),,,,bộ chỉ huy chi viện cấp sư đoàn,FALSE,,,img_1455.jpg,FALSE
1455,Military Dictionary,div tn (division trains),,,,khu vực kho hậu cần - kỹ thuật sư đoàn,FALSE,,,img_1455.jpg,FALSE
1455,Military Dictionary,DIVAD (divisional air defense system),,,,hệ thống phòng không sư đoàn,FALSE,,,img_1455.jpg,FALSE
1455,Military Dictionary,divnl (divisional),,,,(thuộc) sư đoàn,FALSE,,,img_1455.jpg,FALSE
1455,Military Dictionary,"DJS (Director, Joint Staff)",,,,tham mưu trưởng bộ tham mưu liên quân,FALSE,,,img_1455.jpg,FALSE
1455,Military Dictionary,"DJSM (Director, Joint Staff memorandum)",,,,bản ghi nhớ của tham mưu trưởng bộ tham mưu liên quân,FALSE,,,img_1455.jpg,FALSE
1455,Military Dictionary,DJTFAC (deployable joint task force augmentation cell),,,,bộ phận tăng cường có thể triển khai của lực lượng đặc nhiệm liên quân,FALSE,,,img_1455.jpg,FALSE
1455,Military Dictionary,DL (frigate),,,,tàu khu trục nhỏ,FALSE,,,img_1455.jpg,FALSE
1455,Military Dictionary,DLA (Defense Logistics Agency),,,,cục hậu cần bộ quốc phòng,FALSE,,,img_1455.jpg,FALSE
1456,Military Dictionary,DLA (dislocation allowance),,,,phụ cấp chuyển địa điểm,FALSE,,,img_1456.jpg,FALSE
1456,Military Dictionary,DLAM (Defense Logistics Agency manual),,,,cẩm nang cục hậu cần bộ quốc phòng,FALSE,,,img_1456.jpg,FALSE
1456,Military Dictionary,DLAR (Defense Logistics Agency regulation),,,,quy chế cục hậu cần bộ quốc phòng,FALSE,,,img_1456.jpg,FALSE
1456,Military Dictionary,DLC (direct lift control),,,,sự điều khiển nâng trực tiếp,FALSE,,,img_1456.jpg,FALSE
1456,Military Dictionary,DLC (downlink communications),,,,thiết bị truyền tin xuống (cấp dưới),FALSE,,,img_1456.jpg,FALSE
1456,Military Dictionary,DLCC (division logistical control center),,,,trung tâm chỉ huy hậu cần sư đoàn,FALSE,,,img_1456.jpg,FALSE
1456,Military Dictionary,DLCC (division logistics coordinating center),,,,trung tâm hiệp đồng hậu cần sư đoàn,FALSE,,,img_1456.jpg,FALSE
1456,Military Dictionary,"DLCRJ (detect, locate, classify, record & jam)",,,,"(quá trình) phát hiện, định vị, phân loại, ghi thu và gây nhiễu",FALSE,,,img_1456.jpg,FALSE
1456,Military Dictionary,DLG (guided missile frigate),,,,tàu khu trục nhỏ trang bị tên lửa có điều khiển,FALSE,,,img_1456.jpg,FALSE
1456,Military Dictionary,"DLG (large destroyer, guided missile (k.hiệu))",,,,tàu khu trục lớn mang tên lửa có điều khiển,FALSE,,,img_1456.jpg,FALSE
1456,Military Dictionary,DLGS (Doppler landing guidance system),,,,hệ thống hướng dẫn hạ cánh Đốplơ,FALSE,,,img_1456.jpg,FALSE
1456,Military Dictionary,DLI (Defense Language Institute),,,,trường đại học ngoại ngữ quân sự,FALSE,,,img_1456.jpg,FALSE
1456,Military Dictionary,DLIC (detachment left in contact),,,,"phân đội bảo vệ rút lui (khi gặp địch), phân đội chặn hậu",FALSE,,,img_1456.jpg,FALSE
1456,Military Dictionary,DLO (division liaison officer),,,,sĩ quan thông tin liên lạc sư đoàn,FALSE,,,img_1456.jpg,FALSE
1456,Military Dictionary,DLOC (division logistical operations center),,,,trung tâm tác chiến chỉ huy hậu cần sư đoàn,FALSE,,,img_1456.jpg,FALSE
1456,Military Dictionary,DLOS (disturbed line-of-sight),,,,đường ngắm theo vệt nhiễu,FALSE,,,img_1456.jpg,FALSE
1456,Military Dictionary,DLP (data link processor),,,,bộ xử lý liên kết dữ liệu,FALSE,,,img_1456.jpg,FALSE
1456,Military Dictionary,DLQ (deck landing qualification),,,,trình độ hạ cánh trên boong tàu,FALSE,,,img_1456.jpg,FALSE
1456,Military Dictionary,DLR (depot-level repairable),,,,sửa chữa được ở cấp tổng kho,FALSE,,,img_1456.jpg,FALSE
1456,Military Dictionary,DLSA (Defense Legal Services Agency),,,,cơ quan dịch vụ luật pháp bộ quốc phòng,FALSE,,,img_1456.jpg,FALSE
1456,Military Dictionary,DLSS (defense logistics standard systems),,,,trang thiết bị hậu cần quốc phòng tiêu chuẩn,FALSE,,,img_1456.jpg,FALSE
1456,Military Dictionary,DLTM (digital line termination module),,,,môđun đầu cuối tuyến kỹ thuật số,FALSE,,,img_1456.jpg,FALSE
1456,Military Dictionary,DLTU (digital line termination unit),,,,bộ đầu cuối tuyến kỹ thuật số,FALSE,,,img_1456.jpg,FALSE
1456,Military Dictionary,dlvr; dlvy; dly (delivery),,,,sự chở; sự mang; sự phóng; sự rải,FALSE,,,img_1456.jpg,FALSE
1456,Military Dictionary,DM (adamsite (k.hiệu)),,,,chất độc adamzit,FALSE,,,img_1456.jpg,FALSE
1456,Military Dictionary,DM (data management),,,,quản lí số liệu,FALSE,,,img_1456.jpg,FALSE
1456,Military Dictionary,DM (detection and monitoring),,,,sự phát hiện và theo dõi (mục tiêu),FALSE,,,img_1456.jpg,FALSE
1456,Military Dictionary,DM (driving and maintenance),,,,sự lái và bảo dưỡng kỹ thuật xe,FALSE,,,img_1456.jpg,FALSE
1456,Military Dictionary,DMA (Defence Mapping Agency),,,,cục bản đồ bộ quốc phòng,FALSE,,,img_1456.jpg,FALSE
1456,Military Dictionary,DMA (delay arming mechanism),,,,cơ cấu (gây) nổ chậm; cơ cấu (gây) nổ hẹn giờ (mìn),FALSE,,,img_1456.jpg,FALSE
1456,Military Dictionary,DMA (Director of Military Assistance),,,,cục trưởng cục viện trợ quân sự; giám đốc cơ quan viện trợ quân sự,FALSE,,,img_1456.jpg,FALSE
1456,Military Dictionary,dmax (maximum drift distance),,,,cự ly có độ giạt cực đại,FALSE,,,img_1456.jpg,FALSE
1456,Military Dictionary,DMB (datum marker buoy),,,,phao danh dấu cao mực nước,FALSE,,,img_1456.jpg,FALSE
1456,Military Dictionary,DMBL (demobilize),,,,"giải ngũ, xuất ngũ",FALSE,,,img_1456.jpg,FALSE
1456,Military Dictionary,DMC (data mode control),,,,sự kiểm soát dạng dữ liệu,FALSE,,,img_1456.jpg,FALSE
1456,Military Dictionary,DMC (digital magnetic compass),,,,la bàn từ kỹ thuật số,FALSE,,,img_1456.jpg,FALSE
1456,Military Dictionary,DMD (digital message device),,,,thiết bị truyền tin điện kỹ thuật số,FALSE,,,img_1456.jpg,FALSE
1456,Military Dictionary,DMDC (defense management data center),,,,trung tâm quản lý dữ liệu quốc phòng,FALSE,,,img_1456.jpg,FALSE
1456,Military Dictionary,DMDC (defense manpower data center),,,,trung tâm dữ liệu về nhân lực quốc phòng,FALSE,,,img_1456.jpg,FALSE
1456,Military Dictionary,DME (distance measuring equipment (hq)),,,,"thiết bị đo khoảng cách, thiết bị đo cự ly, thiết bị đo xa",FALSE,,,img_1456.jpg,FALSE
1457,Military Dictionary,DME (UHF distance-measuring equipment),,,,thiết bị đo khoảng cách dải tần UHF,FALSE,,,img_1457.jpg,FALSE
1457,Military Dictionary,DMI (director of military intelligence),,,,giám đốc tình báo quân sự,FALSE,,,img_1457.jpg,FALSE
1457,Military Dictionary,DMI (Director of Missile Intelligence),,,,trưởng phòng trinh sát kỹ thuật tên lửa; cục trưởng cục tình báo kỹ thuật tên lửa,FALSE,,,img_1457.jpg,FALSE
1457,Military Dictionary,dmin (minimum drift distance),,,,cự ly có độ giạt tối thiểu,FALSE,,,img_1457.jpg,FALSE
1457,Military Dictionary,DML (data manipulation language),,,,ngôn ngữ điều hành dữ liệu,FALSE,,,img_1457.jpg,FALSE
1457,Military Dictionary,dml (demolition),,,,"sự phá huỷ, sự nổ phá huỷ",FALSE,,,img_1457.jpg,FALSE
1457,Military Dictionary,DMLS (Doppler microwave landing system),,,,hệ thống hạ cánh viba Đốplơ,FALSE,,,img_1457.jpg,FALSE
1457,Military Dictionary,DMO (Director of Military Operations (Anh)),,,,cục trưởng cục tác chiến,FALSE,,,img_1457.jpg,FALSE
1457,Military Dictionary,DMOS (duty military occupational specialty),,,,chuyên nghiệp quân sự,FALSE,,,img_1457.jpg,FALSE
1457,Military Dictionary,DMPI (designated mean point of impact),,,,điểm chạm trung bình xác định; điểm trúng đích trung bình xác định,FALSE,,,img_1457.jpg,FALSE
1457,Military Dictionary,DMRD (defense management resource decision),,,,sự quyết định quản lý nguồn lực quốc phòng,FALSE,,,img_1457.jpg,FALSE
1457,Military Dictionary,DMRIS (defense medical regulating information system),,,,hệ thống điều chỉnh thông tin y tế quốc phòng,FALSE,,,img_1457.jpg,FALSE
1457,Military Dictionary,DMS (defense message system),,,,hệ thống (giao thông) liên lạc quốc phòng,FALSE,,,img_1457.jpg,FALSE
1457,Military Dictionary,DMS (defense meteorological system),,,,hệ thống quan trắc khí tượng quốc phòng,FALSE,,,img_1457.jpg,FALSE
1457,Military Dictionary,DMS (director of military support),,,,cục trưởng cục hỗ trợ quân sự,FALSE,,,img_1457.jpg,FALSE
1457,Military Dictionary,DMSB (Defense Medical Standardization Board),,,,hội đồng tiêu chuẩn hoá về y học bộ quốc phòng,FALSE,,,img_1457.jpg,FALSE
1457,Military Dictionary,DMSO (Defense Modeling and Simulation Office),,,,cục mô hình hoá và mô phỏng bộ quốc phòng,FALSE,,,img_1457.jpg,FALSE
1457,Military Dictionary,DMSO (director of major staff office),,,,trưởng phòng tham mưu chủ yếu,FALSE,,,img_1457.jpg,FALSE
1457,Military Dictionary,DMSO (Division Medical Supply Office),,,,phòng tiếp tế quân y sư đoàn,FALSE,,,img_1457.jpg,FALSE
1457,Military Dictionary,DMSP (Defense Meteorological Satellite Program),,,,chương trình vệ tinh khí tượng bộ quốc phòng,FALSE,,,img_1457.jpg,FALSE
1457,Military Dictionary,DMSSC (defense medical systems support center),,,,trung tâm hỗ trợ các hệ thống y tế quốc phòng,FALSE,,,img_1457.jpg,FALSE
1457,Military Dictionary,dmst (demonstrate),,,,"hoạt động nghi binh, đòn tiến công đánh lạc hướng địch; thu hút dịch, dương công; trình diễn (vũ khí trang bị); phô trương lực lượng; thao diễn",FALSE,,,img_1457.jpg,FALSE
1457,Military Dictionary,DMT (deep mobile target),,,,mục tiêu cơ động trong chiều sâu phòng ngự,FALSE,,,img_1457.jpg,FALSE
1457,Military Dictionary,DMT (disaster management team (UN)),,,,đội quản lý thảm họa (Liên hiệp quốc),FALSE,,,img_1457.jpg,FALSE
1457,Military Dictionary,DMTI (digital moving target indicator),,,,thiết bị chỉ thị mục tiêu di động (kỹ thuật) số,FALSE,,,img_1457.jpg,FALSE
1457,Military Dictionary,DMTS (deck-mounted torpedo-launch system),,,,tổ hợp phóng ngư lôi (đặt trên) boong (tàu),FALSE,,,img_1457.jpg,FALSE
1457,Military Dictionary,DMU (desert mobility vehicle system),,,,hệ thống xe cơ động (trên) sa mạc,FALSE,,,img_1457.jpg,FALSE
1457,Military Dictionary,DMU (disk memory unit),,,,bộ nhớ đĩa,FALSE,,,img_1457.jpg,FALSE
1457,Military Dictionary,DMZ (demilitarized zone),,,,"khu vực phi quân sự, khu phi quân sự",FALSE,,,img_1457.jpg,FALSE
1457,Military Dictionary,DN (Department of the Navy (Mỹ)),,,,bộ hải quân,FALSE,,,img_1457.jpg,FALSE
1457,Military Dictionary,DN (digital nonsecure),,,,không an toàn kỹ thuật số,FALSE,,,img_1457.jpg,FALSE
1457,Military Dictionary,dn (done),,,,"được làm xong, được hoàn thành",FALSE,,,img_1457.jpg,FALSE
1457,Military Dictionary,DNA (Defense Nuclear Agency (Mỹ)),,,,cục hạt nhân bộ quốc phòng,FALSE,,,img_1457.jpg,FALSE
1457,Military Dictionary,DNBI (casualty disease and nonbattle injury casualty),,,,thương vong do dịch bệnh và phục vụ chiến đấu,FALSE,,,img_1457.jpg,FALSE
1457,Military Dictionary,DNBI (disease and nonbattle injury),,,,thương tích do dịch bệnh và phục vụ chiến đấu,FALSE,,,img_1457.jpg,FALSE
1457,Military Dictionary,DNC (digital nautical chart),,,,bản đồ hàng hải kỹ thuật số,FALSE,,,img_1457.jpg,FALSE
1457,Military Dictionary,DND (Department of National Defence (Canada)),,,,bộ quốc phòng,FALSE,,,img_1457.jpg,FALSE
1457,Military Dictionary,DNI (Director of Naval Intelligence (Mỹ)),,,,giám đốc cục tình báo hải quân,FALSE,,,img_1457.jpg,FALSE
1458,Military Dictionary,DNIF (duty not involving flying),,,,nhiệm vụ không liên quan đến bay,FALSE,,,img_1458.jpg,FALSE
1458,Military Dictionary,DNL (do not load),,,,không được chất hàng,FALSE,,,img_1458.jpg,FALSE
1458,Military Dictionary,DNMSP (driftnet monitoring support program),,,,chương trình hỗ trợ theo dõi lưới độ giạt,FALSE,,,img_1458.jpg,FALSE
1458,Military Dictionary,DNO (directorate naval operations),,,,cục tác chiến hải quân,FALSE,,,img_1458.jpg,FALSE
1458,Military Dictionary,DNRS (Day/Night Range Sight),,,,máy ngắm định tầm ngày và đêm,FALSE,,,img_1458.jpg,FALSE
1458,Military Dictionary,DNSO (Defense Network Systems Organization),,,,tổ chức các hệ thống mạng quốc phòng; tổ chức mạng các hệ thống phòng thủ,FALSE,,,img_1458.jpg,FALSE
1458,Military Dictionary,DNSS (defense navigation satellite system),,,,hệ thống vệ tinh phòng thủ dẫn đường,FALSE,,,img_1458.jpg,FALSE
1458,Military Dictionary,DNST (directorate naval shore telecommunications),,,,cục liên lạc viễn thông bờ biển (của) hải quân,FALSE,,,img_1458.jpg,FALSE
1458,Military Dictionary,DNSy (director of naval security),,,,cục trưởng cục an ninh hải quân,FALSE,,,img_1458.jpg,FALSE
1458,Military Dictionary,DNVT (digital nonsecure voice terminal),,,,trạm đầu cuối âm thanh không an toàn kỹ thuật số,FALSE,,,img_1458.jpg,FALSE
1458,Military Dictionary,DNY (display area code routing),,,,gửi theo mã khu vực hiển thị,FALSE,,,img_1458.jpg,FALSE
1458,Military Dictionary,DO (defense order),,,,"mệnh lệnh phòng ngự, mệnh lệnh chuyển sang phòng ngự",FALSE,,,img_1458.jpg,FALSE
1458,Military Dictionary,DO (delivery order),,,,lệnh chuyển phát (tài liệu),FALSE,,,img_1458.jpg,FALSE
1458,Military Dictionary,DO (direct order),,,,"lệnh trực tiếp, mệnh lệnh trực tiếp",FALSE,,,img_1458.jpg,FALSE
1458,Military Dictionary,DO (Directorate for Intelligence Operations (DIA)),,,,phòng tác chiến tình báo (cục tình báo quốc phòng),FALSE,,,img_1458.jpg,FALSE
1458,Military Dictionary,DO (divisional order),,,,mệnh lệnh cho sư đoàn,FALSE,,,img_1458.jpg,FALSE
1458,Military Dictionary,DO (duty officer),,,,sĩ quan trực ban; sĩ quan trực chiến,FALSE,,,img_1458.jpg,FALSE
1458,Military Dictionary,DO CONF (Directors of Operations Conference),,,,hội nghị các cục trưởng cục tác chiến (các nước thuộc vành đai Thái Bình Dương),FALSE,,,img_1458.jpg,FALSE
1458,Military Dictionary,DOA (date of availability),,,,thời hạn có hàng (theo đơn đặt hàng),FALSE,,,img_1458.jpg,FALSE
1458,Military Dictionary,DOA (dead on arrival),,,,đã chết khi đưa đến,FALSE,,,img_1458.jpg,FALSE
1458,Military Dictionary,DOA (direction of arrival),,,,hướng bay đến mục tiêu; hướng (khu vực) mục tiêu,FALSE,,,img_1458.jpg,FALSE
1458,Military Dictionary,DOA (director of administration),,,,cục trưởng cục quản lý hành chính,FALSE,,,img_1458.jpg,FALSE
1458,Military Dictionary,DOB (date of birth),,,,ngày sinh,FALSE,,,img_1458.jpg,FALSE
1458,Military Dictionary,DOB (dispersal operating base),,,,căn cứ tác chiến phân tán,FALSE,,,img_1458.jpg,FALSE
1458,Military Dictionary,DOC (declaration of conduct),,,,tuyên bố về cách ứng xử (của các bên ở biển Đông),FALSE,,,img_1458.jpg,FALSE
1458,Military Dictionary,DOC (designed operational capability),,,,khả năng tác chiến dự kiến,FALSE,,,img_1458.jpg,FALSE
1458,Military Dictionary,doc (documents),,,,tài liệu; văn kiện,FALSE,,,img_1458.jpg,FALSE
1458,Military Dictionary,doc(s); docus (document(s)),,,,tài liệu; văn kiện,FALSE,,,img_1458.jpg,FALSE
1458,Military Dictionary,DOCA (date of current appointment),,,,ngày bổ nhiệm chức vụ,FALSE,,,img_1458.jpg,FALSE
1458,Military Dictionary,DOCC (deep operations coordination cell),,,,toán hiệp đồng tác chiến luồn sâu,FALSE,,,img_1458.jpg,FALSE
1458,Military Dictionary,DOCDIV (documents division),,,,bộ phận văn kiện; phòng tư liệu,FALSE,,,img_1458.jpg,FALSE
1458,Military Dictionary,DOCE (date of current enlistment),,,,ngày ký hợp đồng tái ngũ (sau khi đã hết hạn),FALSE,,,img_1458.jpg,FALSE
1458,Military Dictionary,DOCEX (document exploitation),,,,sự khai thác tư liệu,FALSE,,,img_1458.jpg,FALSE
1458,Military Dictionary,DOCG (date of rank in current grade),,,,ngày phong quân hàm,FALSE,,,img_1458.jpg,FALSE
1458,Military Dictionary,DOD (Department of Defence (Mỹ)),,,,bộ quốc phòng,FALSE,,,img_1458.jpg,FALSE
1458,Military Dictionary,DODAAC (Department of Defense activity address code),,,,mã địa chỉ hoạt động bộ quốc phòng,FALSE,,,img_1458.jpg,FALSE
1458,Military Dictionary,DODAC (DOD ammunition code),,,,mã đạn dược bộ quốc phòng,FALSE,,,img_1458.jpg,FALSE
1458,Military Dictionary,DODD (Department of Defense directive),,,,chỉ thị của bộ quốc phòng,FALSE,,,img_1458.jpg,FALSE
1458,Military Dictionary,DODDAC (Department of Defense Damage Assessment Center),,,,trung tâm đánh giá thiệt hại bộ quốc phòng,FALSE,,,img_1458.jpg,FALSE
1458,Military Dictionary,DODDS (Department of Defense Dependent Schools),,,,các nhà trường trực thuộc bộ quốc phòng,FALSE,,,img_1458.jpg,FALSE
1459,Military Dictionary,DODEX (Department of Defense intelligence system information system extention),,,,sự mở rộng hệ thống thông tin thuộc hệ thống tình báo bộ quốc phòng,FALSE,,,img_1459.jpg,FALSE
1459,Military Dictionary,DODI (Department of Defense Instrution (Mỹ)),,,,chỉ lệnh của bộ quốc phòng,FALSE,,,img_1459.jpg,FALSE
1459,Military Dictionary,DODIC (Department of Defense Identification code),,,,mã nhận biết của bộ quốc phòng,FALSE,,,img_1459.jpg,FALSE
1459,Military Dictionary,DODID (Department of Defense Intelligence Digest),,,,bản tóm tắt tin tình báo bộ quốc phòng,FALSE,,,img_1459.jpg,FALSE
1459,Military Dictionary,DODIIS (Department of Defense Intelligence Information System),,,,hệ thống thông tin tình báo bộ quốc phòng,FALSE,,,img_1459.jpg,FALSE
1459,Military Dictionary,DODIPC (Department of Defense intelligence production community),,,,cộng đồng sản xuất tin tình báo bộ quốc phòng,FALSE,,,img_1459.jpg,FALSE
1459,Military Dictionary,DODIPP (Department of Defense Intelligence Production Program),,,,chương trình sản xuất tin tình báo bộ quốc phòng,FALSE,,,img_1459.jpg,FALSE
1459,Military Dictionary,DOD-JIC (Department of Defense Joint Intelligence Center),,,,trung tâm tình báo liên quân bộ quốc phòng,FALSE,,,img_1459.jpg,FALSE
1459,Military Dictionary,DODM (Department of Defense manual),,,,cẩm nang bộ quốc phòng,FALSE,,,img_1459.jpg,FALSE
1459,Military Dictionary,"DODMPAC (Department of Defense, Military Pay and Allowance Committee)",,,,hội đồng bộ quốc phòng về phụ cấp quân nhân,FALSE,,,img_1459.jpg,FALSE
1459,Military Dictionary,DODR (Department of Defense regulation),,,,quy chế của bộ quốc phòng,FALSE,,,img_1459.jpg,FALSE
1459,Military Dictionary,DOE (date of enlistment (Mỹ)),,,,ngày ký hợp đồng phục vụ quân đội; ngày nhập ngũ,FALSE,,,img_1459.jpg,FALSE
1459,Military Dictionary,DOF (degree of freedom),,,,mức độ không hạn chế,FALSE,,,img_1459.jpg,FALSE
1459,Military Dictionary,DOFS (day of supply),,,,"định mức cấp phát một ngày, tiêu chuẩn cấp phát một ngày; ngày cung cấp",FALSE,,,img_1459.jpg,FALSE
1459,Military Dictionary,DOI (Defense Special Security Communications System (DSSCS) Operating Instructions),,,,văn bản hướng dẫn điều hành hệ thống thông tin liên lạc an ninh đặc biệt bộ quốc phòng,FALSE,,,img_1459.jpg,FALSE
1459,Military Dictionary,DOI (Department of Interior),,,,bộ nội vụ,FALSE,,,img_1459.jpg,FALSE
1459,Military Dictionary,DOI (died of injuries),,,,"chết do bị thương, tử vong",FALSE,,,img_1459.jpg,FALSE
1459,Military Dictionary,DOJ (Department of Justice),,,,bộ tư pháp,FALSE,,,img_1459.jpg,FALSE
1459,Military Dictionary,DOL (detached officer's list),,,,danh sách sĩ quan đang đi công tác,FALSE,,,img_1459.jpg,FALSE
1459,Military Dictionary,DOLOC (Demolition of Obstacles in Landing Operations Committee),,,,uỷ ban nghiên cứu (các biện pháp) phá huỷ vật chướng ngại chống đổ bộ đường biển,FALSE,,,img_1459.jpg,FALSE
1459,Military Dictionary,DOM (day of month),,,,ngày tháng,FALSE,,,img_1459.jpg,FALSE
1459,Military Dictionary,DOMS (director of military support),,,,cục trưởng cục bảo đảm quân sự,FALSE,,,img_1459.jpg,FALSE
1459,Military Dictionary,DON (Department of the Navy (Mỹ)),,,,bộ hải quân,FALSE,,,img_1459.jpg,FALSE
1459,Military Dictionary,DOP (Department of Personnel),,,,cục quân lực,FALSE,,,img_1459.jpg,FALSE
1459,Military Dictionary,DOPMA (Defense Officer Personnel Management Act),,,,luật quản lý nguồn lực sĩ quan của bộ quốc phòng,FALSE,,,img_1459.jpg,FALSE
1459,Military Dictionary,DOR (daily operation report),,,,báo cáo tác chiến ngày; bản báo cáo tác chiến ngày,FALSE,,,img_1459.jpg,FALSE
1459,Military Dictionary,DOR (date of rank),,,,ngày đề bạt quân hàm,FALSE,,,img_1459.jpg,FALSE
1459,Military Dictionary,DOS (date of separation),,,,"ngày ra quân, ngày rời khỏi quân ngũ",FALSE,,,img_1459.jpg,FALSE
1459,Military Dictionary,DOS (day of supply),,,,"định mức cấp phát một ngày, tiêu chuẩn cấp phát một ngày; ngày cung cấp, ngày tiếp tế",FALSE,,,img_1459.jpg,FALSE
1459,Military Dictionary,DOS (denial of service),,,,loại ngũ,FALSE,,,img_1459.jpg,FALSE
1459,Military Dictionary,DOS (Department of State),,,,bộ ngoại giao,FALSE,,,img_1459.jpg,FALSE
1459,Military Dictionary,dos (dose),,,,liều lượng,FALSE,,,img_1459.jpg,FALSE
1459,Military Dictionary,DOT (designating optical tracker),,,,đầu bám quang học,FALSE,,,img_1459.jpg,FALSE
1459,Military Dictionary,DOTEO (Department of Transportation emergency organization),,,,tổ chức tình trạng khẩn cấp của bộ giao thông vận tải,FALSE,,,img_1459.jpg,FALSE
1459,Military Dictionary,DOW (data orderwire),,,,mạch vòng công tác dữ liệu,FALSE,,,img_1459.jpg,FALSE
1459,Military Dictionary,DOW; dow (died of wounds),,,,"chết vì vết thương, tử thương",FALSE,,,img_1459.jpg,FALSE
1459,Military Dictionary,DOX-T (direct operational exchange-tactical),,,,trao đổi tác chiến trực tiếp - cấp chiến thuật,FALSE,,,img_1459.jpg,FALSE
1460,Military Dictionary,DOY (day of year),,,,"ngày, tháng, năm",FALSE,,,img_1460.jpg,FALSE
1460,Military Dictionary,DP (Air Force component plans officer (staff)),,,,sĩ quan (tham mưu) lập kế hoạch của lực lượng không quân hợp thành,FALSE,,,img_1460.jpg,FALSE
1460,Military Dictionary,DP (data processing),,,,sự xử lí dữ liệu,FALSE,,,img_1460.jpg,FALSE
1460,Military Dictionary,DP (debussing point),,,,trạm bốc dỡ hàng trên ô tô,FALSE,,,img_1460.jpg,FALSE
1460,Military Dictionary,DP (defense production),,,,sản phẩm quốc phòng,FALSE,,,img_1460.jpg,FALSE
1460,Military Dictionary,DP (delivery point),,,,khu vực mục tiêu; điểm đến (của phương tiện tiêu diệt mục tiêu),FALSE,,,img_1460.jpg,FALSE
1460,Military Dictionary,DP (direct port),,,,cảng trực tiếp (không qua bến ghé),FALSE,,,img_1460.jpg,FALSE
1460,Military Dictionary,DP (Directorate for Policy Support (DIA)),,,,cục hỗ trợ chính sách (thuộc cục tình báo bộ quốc phòng),FALSE,,,img_1460.jpg,FALSE
1460,Military Dictionary,DP (dispersal point),,,,trạm phân tán; địa điểm phân tán,FALSE,,,img_1460.jpg,FALSE
1460,Military Dictionary,DP (displaced person),,,,người di tản,FALSE,,,img_1460.jpg,FALSE
1460,Military Dictionary,DP (distributing point),,,,trạm phân phối; địa điểm cấp phát,FALSE,,,img_1460.jpg,FALSE
1460,Military Dictionary,DP (dual-purpose),,,,"mục tiêu kép; hai công dụng, hai chức năng, lưỡng dụng",FALSE,,,img_1460.jpg,FALSE
1460,Military Dictionary,DP (dual purpose (gun) for surface or AA use),,,,"pháo công dụng kép (bắn trên mặt đất, mặt biển hoặc dùng bắn mục tiêu trên không)",FALSE,,,img_1460.jpg,FALSE
1460,Military Dictionary,DP (dual purpose (weapon)),,,,"(vũ khí) hai công dụng, (vũ khí) hai chức năng; (vũ khí) công dụng kép",FALSE,,,img_1460.jpg,FALSE
1460,Military Dictionary,dp (parachute drift),,,,độ giạt dù,FALSE,,,img_1460.jpg,FALSE
1460,Military Dictionary,DP ((by) direction of the President),,,,(theo) chỉ thị của tổng thống; theo chỉ thị của chủ tịch nước,FALSE,,,img_1460.jpg,FALSE
1460,Military Dictionary,Dp Trk; dp trk (dump truck),,,,"ô tô tải tự đổ hàng, xe ben",FALSE,,,img_1460.jpg,FALSE
1460,Military Dictionary,DPA (Defense Production Act (US)),,,,luật sản xuất quốc phòng (Mỹ),FALSE,,,img_1460.jpg,FALSE
1460,Military Dictionary,DPA (Department of Political Affairs (UN)),,,,cục về các vấn đề chính trị (Liên hiệp quốc),FALSE,,,img_1460.jpg,FALSE
1460,Military Dictionary,DPAS (Defense Priorities and Allocation System),,,,hệ thống các ưu tiên và phân phối quốc phòng,FALSE,,,img_1460.jpg,FALSE
1460,Military Dictionary,DPC (Defense Planning Committee (NATO)),,,,uỷ ban lập kế hoạch phòng thủ (liên quân NATO),FALSE,,,img_1460.jpg,FALSE
1460,Military Dictionary,DPC (Defense Production Committee),,,,uỷ ban sản xuất quân sự NATO; uỷ ban sản xuất quốc phòng NATO,FALSE,,,img_1460.jpg,FALSE
1460,Military Dictionary,DPG (date of permanent grade),,,,ngày phong quân hàm (cho quân thường trực),FALSE,,,img_1460.jpg,FALSE
1460,Military Dictionary,DPG (Defense Planning Guidance),,,,(văn bản) hướng dẫn lập kế hoạch phòng thủ,FALSE,,,img_1460.jpg,FALSE
1460,Military Dictionary,DPICM (dual purpose improved conventional munitions),,,,đạn dược thông thường cải tiến lưỡng dụng,FALSE,,,img_1460.jpg,FALSE
1460,Military Dictionary,DPKO (Department of Peacekeeping Operations (UN)),,,,cục hoạt động gìn giữ hoà bình (Liên hiệp quốc),FALSE,,,img_1460.jpg,FALSE
1460,Military Dictionary,DPLSM (dipulse group modem),,,,môdem nhóm lưỡng xung,FALSE,,,img_1460.jpg,FALSE
1460,Military Dictionary,DPM (digital plotter map),,,,bản đồ thể hiện tình huống điều khiển (bằng) kỹ thuật số,FALSE,,,img_1460.jpg,FALSE
1460,Military Dictionary,DPM (dissemination program manager),,,,"sĩ quan quản lý kế hoạch sử dụng chất độc, chất phóng xạ và sinh học",FALSE,,,img_1460.jpg,FALSE
1460,Military Dictionary,DPMO (Defense Prisoner of War (POW)/Missing Personnel (MP) Office),,,,văn phòng về quân nhân mất tích và tù binh,FALSE,,,img_1460.jpg,FALSE
1460,Military Dictionary,DPO (Defence Programming Office),,,,cơ quan lập kế hoạch phòng thủ,FALSE,,,img_1460.jpg,FALSE
1460,Military Dictionary,DPO (delayed-pulse oscillator),,,,máy phát xung trễ,FALSE,,,img_1460.jpg,FALSE
1460,Military Dictionary,DPO (distributing post office),,,,trạm phân phát quân bưu dã chiến,FALSE,,,img_1460.jpg,FALSE
1460,Military Dictionary,DPOB (date and place of birth),,,,ngày và nơi sinh,FALSE,,,img_1460.jpg,FALSE
1460,Military Dictionary,DPP (data patch panel),,,,panen mảng dữ liệu,FALSE,,,img_1460.jpg,FALSE
1460,Military Dictionary,DPP (distributed production program),,,,chương trình sản xuất được phân phối,FALSE,,,img_1460.jpg,FALSE
1460,Military Dictionary,DPPDB (digital point positioning database),,,,cơ sở dữ liệu định vị kỹ thuật số,FALSE,,,img_1460.jpg,FALSE
1460,Military Dictionary,DPQ (defense planning questionnaire (NATO)),,,,bộ hỏi đáp về lập kế hoạch phòng thủ liên quân NATO,FALSE,,,img_1460.jpg,FALSE
1461,Military Dictionary,DPRB (Defense Planning and Resources Board),,,,hội đồng lập kế hoạch và xây dựng nguồn lực bộ quốc phòng,FALSE,,,img_1461.jpg,FALSE
1461,Military Dictionary,"DPRE (displaced persons, refugees, and evacuees)",,,,"những người lánh nạn, tị nạn và di tản",FALSE,,,img_1461.jpg,FALSE
1461,Military Dictionary,DPS (data processing system),,,,hệ thống xử lý dữ liệu,FALSE,,,img_1461.jpg,FALSE
1461,Military Dictionary,DPSC (Defense Personnel Support Center),,,,trung tâm bảo đảm nguồn lực bộ quốc phòng,FALSE,,,img_1461.jpg,FALSE
1461,Military Dictionary,DPSK (differential phase shift keying),,,,phím chuyển pha vi sai,FALSE,,,img_1461.jpg,FALSE
1461,Military Dictionary,DQ (detention quarters),,,,"phòng giam, nhà hối cải (trong doanh trại)",FALSE,,,img_1461.jpg,FALSE
1461,Military Dictionary,DQA/TS (Directorate of Quality Assurance/Technical Support),,,,cục đảm bảo chất lượng / bảo đảm kỹ thuật,FALSE,,,img_1461.jpg,FALSE
1461,Military Dictionary,DQMG (deputy quartermaster-general),,,,phó chủ nhiệm (tổng) cục hậu cần,FALSE,,,img_1461.jpg,FALSE
1461,Military Dictionary,DR (dead reckoning),,,,sự định vị của máy bay bằng thuật toán; sự định vị hạm tàu (không dùng quan trắc thiên văn),FALSE,,,img_1461.jpg,FALSE
1461,Military Dictionary,DR (digital receiver),,,,máy thu kỹ thuật số,FALSE,,,img_1461.jpg,FALSE
1461,Military Dictionary,DR (disaster relief),,,,sự giảm nhẹ thiên tai,FALSE,,,img_1461.jpg,FALSE
1461,Military Dictionary,Dr (dragoon),,,,kỵ binh,FALSE,,,img_1461.jpg,FALSE
1461,Military Dictionary,DRA (Defence Research Agency),,,,cơ quan nghiên cứu bộ quốc phòng; (Mỹ) cục nghiên cứu bộ quốc phòng,FALSE,,,img_1461.jpg,FALSE
1461,Military Dictionary,DRA (Director of Royal Artillery),,,,chủ nhiệm pháo binh,FALSE,,,img_1461.jpg,FALSE
1461,Military Dictionary,"DRACAS (data reporting, analysis & corrective action system)",,,,"hệ thống tác nghiệp báo cáo, phân tích và hiệu chỉnh dữ liệu",FALSE,,,img_1461.jpg,FALSE
1461,Military Dictionary,DRB (Defence Research Board),,,,cơ quan nghiên cứu phòng thủ; uỷ ban nghiên cứu quốc phòng,FALSE,,,img_1461.jpg,FALSE
1461,Military Dictionary,DRB (Defense Resources Board),,,,hội đồng về nguồn lực của bộ quốc phòng,FALSE,,,img_1461.jpg,FALSE
1461,Military Dictionary,DRe (dead reckoning error),,,,sai số định vị bằng thuật toán; (hq) sai số định vị hạm tàu bằng la bàn,FALSE,,,img_1461.jpg,FALSE
1461,Military Dictionary,DRF (dual role fighter),,,,máy bay tiêm kích lưỡng dụng,FALSE,,,img_1461.jpg,FALSE
1461,Military Dictionary,DRIU (damage repair instruction unit),,,,khối hướng dẫn khắc phục sự cố,FALSE,,,img_1461.jpg,FALSE
1461,Military Dictionary,Drl (drill),,,,huấn luyện; tập luyện,FALSE,,,img_1461.jpg,FALSE
1461,Military Dictionary,DRMD (deployment requirements manning document),,,,tài liệu nhân lực phục vụ yêu cầu triển khai lực lượng,FALSE,,,img_1461.jpg,FALSE
1461,Military Dictionary,DRMO (Defense Reutilization Marketing Office),,,,văn phòng tiếp thị tái sử dụng bộ quốc phòng,FALSE,,,img_1461.jpg,FALSE
1461,Military Dictionary,DRO (daily routine order),,,,mệnh lệnh (hàng) ngày,FALSE,,,img_1461.jpg,FALSE
1461,Military Dictionary,DROPS (demountable rack off-loading & pick-up system),,,,hệ thống giá bốc xếp để tháo dỡ,FALSE,,,img_1461.jpg,FALSE
1461,Military Dictionary,DROS (date of return from overseas),,,,ngày về nước,FALSE,,,img_1461.jpg,FALSE
1461,Military Dictionary,DRS (data relay satellite),,,,vệ tinh chuyển tiếp dữ liệu,FALSE,,,img_1461.jpg,FALSE
1461,Military Dictionary,DRT (dead reckoning tracer),,,,đạn vạch đường tự động,FALSE,,,img_1461.jpg,FALSE
1461,Military Dictionary,DRTC (designated reporting technical control),,,,báo cáo đặc trách kiểm tra kỹ thuật,FALSE,,,img_1461.jpg,FALSE
1461,Military Dictionary,DRTE (Defense Research Telecommunications Establisment (Canada)),,,,viện nghiên cứu viễn thông,FALSE,,,img_1461.jpg,FALSE
1461,Military Dictionary,"DRTS (detecting, ranging & track system)",,,,"tổ hợp phát hiện, định tầm và bám mục tiêu",FALSE,,,img_1461.jpg,FALSE
1461,Military Dictionary,drv (driver),,,,quân nhân lái xe; lính lái xe; chiến sĩ lái xe,FALSE,,,img_1461.jpg,FALSE
1461,Military Dictionary,DS (danger space),,,,"vùng nguy hiểm, khoảng nguy hiểm",FALSE,,,img_1461.jpg,FALSE
1461,Military Dictionary,DS (detached service),,,,sự đi công tác,FALSE,,,img_1461.jpg,FALSE
1461,Military Dictionary,DS (direct support),,,,chi viện trực tiếp,FALSE,,,img_1461.jpg,FALSE
1461,Military Dictionary,DS (directing staff),,,,ban chỉ huy tham mưu (trong huấn luyện),FALSE,,,img_1461.jpg,FALSE
1461,Military Dictionary,DS (directionally solidified),,,,tăng bền định hướng,FALSE,,,img_1461.jpg,FALSE
1461,Military Dictionary,DS (Directorate for Information Systems and Services (DIA)),,,,cục hệ thống thông tin và phục vụ (cục tình báo bộ quốc phòng),FALSE,,,img_1461.jpg,FALSE
1462,Military Dictionary,DS (discarding sabot),,,,"ốp văng, tách vỏ (đạn dưới cỡ)",FALSE,,,img_1462.jpg,FALSE
1462,Military Dictionary,DS (distance),,,,"khoảng cách, cự ly, tầm (bắn)",FALSE,,,img_1462.jpg,FALSE
1462,Military Dictionary,DS (distant surveillance),,,,quan sát từ xa,FALSE,,,img_1462.jpg,FALSE
1462,Military Dictionary,DS (doctrine sponsor),,,,người bảo trợ học thuyết; sĩ quan soạn thảo nguyên tắc diễn tập,FALSE,,,img_1462.jpg,FALSE
1462,Military Dictionary,DS (Doppler sonar),,,,máy định vị thuỷ âm Đốplơ,FALSE,,,img_1462.jpg,FALSE
1462,Military Dictionary,DS (dressing station),,,,trạm quân y; trạm băng bó lại,FALSE,,,img_1462.jpg,FALSE
1462,Military Dictionary,DS (duty status),,,,sự phục vụ tại ngũ; sự thực hiện nghĩa vụ quân sự,FALSE,,,img_1462.jpg,FALSE
1462,Military Dictionary,DS/T (discarding sabot/tracer),,,,đạn vạch đường tách vỏ (dùng trong luyện tập),FALSE,,,img_1462.jpg,FALSE
1462,Military Dictionary,DSA (defense special assessment (DIA)),,,,sự đánh giá quốc phòng đặc biệt (cục tình báo bộ quốc phòng),FALSE,,,img_1462.jpg,FALSE
1462,Military Dictionary,DSA (Defense Supply Agency (Mỹ)),,,,cục bảo đảm bộ quốc phòng,FALSE,,,img_1462.jpg,FALSE
1462,Military Dictionary,DSA (division service area),,,,khu vực hậu cần sư đoàn,FALSE,,,img_1462.jpg,FALSE
1462,Military Dictionary,DSA (division support area),,,,khu vực bảo đảm của sư đoàn,FALSE,,,img_1462.jpg,FALSE
1462,Military Dictionary,DSAA (Defense Security Assistance Agency (Mỹ)),,,,cục hỗ trợ an ninh bộ quốc phòng,FALSE,,,img_1462.jpg,FALSE
1462,Military Dictionary,DSACS (direct support armored cannon system (Mỹ)),,,,tổ hợp pháo nòng dài (đặt trên xe) bọc thép chi viện trực tiếp,FALSE,,,img_1462.jpg,FALSE
1462,Military Dictionary,DSAR (Defense Supply Agency regulation),,,,quy chế của cục bảo đảm bộ quốc phòng,FALSE,,,img_1462.jpg,FALSE
1462,Military Dictionary,DSAT (defensive satellite),,,,vệ tinh phòng thủ,FALSE,,,img_1462.jpg,FALSE
1462,Military Dictionary,DSB (Defense Science Board),,,,uỷ ban khoa học bộ quốc phòng; cục khoa học phòng vệ Nhật,FALSE,,,img_1462.jpg,FALSE
1462,Military Dictionary,dsb (distribution),,,,sự phân phối; sự phân bố; sự phân bổ; sự bố trí,FALSE,,,img_1462.jpg,FALSE
1462,Military Dictionary,DSC (digital selective calling),,,,sự gọi lựa chọn kỹ thuật số,FALSE,,,img_1462.jpg,FALSE
1462,Military Dictionary,DSC (Distinguished Service Cross (Anh)),,,,huy chương chiến công chữ thập,FALSE,,,img_1462.jpg,FALSE
1462,Military Dictionary,DSCP (division supply control point),,,,trạm phân phối hàng tiếp tế của sư đoàn,FALSE,,,img_1462.jpg,FALSE
1462,Military Dictionary,DSCS (Defense Satellite Communications System),,,,hệ thống thông tin liên lạc vệ tinh quân sự,FALSE,,,img_1462.jpg,FALSE
1462,Military Dictionary,DSCSOC (Defense Satellite Communications System operations center),,,,trung tâm chỉ huy tác chiến của hệ thống thông tin liên lạc vệ tinh quân sự,FALSE,,,img_1462.jpg,FALSE
1462,Military Dictionary,DSDI (digital simple data interface),,,,giao diện dữ liệu đơn giản kỹ thuật số,FALSE,,,img_1462.jpg,FALSE
1462,Military Dictionary,DSEC (Defense Secretary),,,,bộ trưởng bộ quốc phòng,FALSE,,,img_1462.jpg,FALSE
1462,Military Dictionary,DSETS (direct support electrical test system),,,,hệ thống thử nghiệm điện bảo đảm trực tiếp,FALSE,,,img_1462.jpg,FALSE
1462,Military Dictionary,DSG (digital signal generator),,,,máy phát tín hiệu kỹ thuật số,FALSE,,,img_1462.jpg,FALSE
1462,Military Dictionary,DSI (defense simulation internet),,,,mạng internet mô phỏng phòng thủ,FALSE,,,img_1462.jpg,FALSE
1462,Military Dictionary,DSL (display switch locator (SL) routing),,,,lộ trình hiển thị tổng đài định vị,FALSE,,,img_1462.jpg,FALSE
1462,Military Dictionary,DSM (defense suppression missile),,,,tên lửa chế áp phòng không,FALSE,,,img_1462.jpg,FALSE
1462,Military Dictionary,DSM (Distinguished Service Medal),,,,huy chương chiến công,FALSE,,,img_1462.jpg,FALSE
1462,Military Dictionary,DSMAC (digital scene-matching area correlation),,,,đối chiếu tương hợp địa hình kỹ thuật số,FALSE,,,img_1462.jpg,FALSE
1462,Military Dictionary,DSMC (Department for Development Support and Management Services (UN)),,,,cục hỗ trợ phát triển và quản lý dịch vụ (Liên hiệp quốc),FALSE,,,img_1462.jpg,FALSE
1462,Military Dictionary,DSN (Defense Switched Network),,,,mạng tổng đài bộ quốc phòng,FALSE,,,img_1462.jpg,FALSE
1462,Military Dictionary,DSNET (Defense Secure Network),,,,mạng an toàn bộ quốc phòng,FALSE,,,img_1462.jpg,FALSE
1462,Military Dictionary,DSNET-2 (Defense Secure Network-2),,,,mạng an toàn bộ quốc phòng số 2,FALSE,,,img_1462.jpg,FALSE
1462,Military Dictionary,DSO (Defense Sales Organization (Mỹ)),,,,tổ chức viện trợ quân sự có hoàn lại; cơ quan xuất khẩu quốc phòng,FALSE,,,img_1462.jpg,FALSE
1463,Military Dictionary,DSO (Distinguished Service Order),,,,huân chương chiến công,FALSE,,,img_1463.jpg,FALSE
1463,Military Dictionary,DSO (divisional signal officer),,,,"chủ nhiệm thông tin liên lạc sư đoàn, người chỉ huy thông tin liên lạc sư đoàn",FALSE,,,img_1463.jpg,FALSE
1463,Military Dictionary,DSO (domestic support operation),,,,hoạt động bảo đảm trong nước,FALSE,,,img_1463.jpg,FALSE
1463,Military Dictionary,DSOE (deployment schedule of events),,,,kế hoạch các sự kiện triển khai,FALSE,,,img_1463.jpg,FALSE
1463,Military Dictionary,DSP (Defense Satellite Program),,,,chương trình (nghiên cứu phát triển) vệ tinh quốc phòng,FALSE,,,img_1463.jpg,FALSE
1463,Military Dictionary,DSP (Defense Support Program),,,,chương trình chi viện quốc phòng,FALSE,,,img_1463.jpg,FALSE
1463,Military Dictionary,DSP (direct support party),,,,nhóm chi viện trực tiếp; đội yểm trợ trực tiếp,FALSE,,,img_1463.jpg,FALSE
1463,Military Dictionary,dspch (dispatch),,,,"phái, gửi",FALSE,,,img_1463.jpg,FALSE
1463,Military Dictionary,DSPL (display system programming language),,,,ngôn ngữ lập trình hệ thống hiển thị,FALSE,,,img_1463.jpg,FALSE
1463,Military Dictionary,dspo (disposition),,,,sự bố trí,FALSE,,,img_1463.jpg,FALSE
1463,Military Dictionary,DSPS (digital signal processing system),,,,hệ thống xử lí tín hiệu kỹ thuật số,FALSE,,,img_1463.jpg,FALSE
1463,Military Dictionary,"DSPS (Director, Security Plans and Service)",,,,giám đốc về các kế hoạch và bảo đảm an ninh,FALSE,,,img_1463.jpg,FALSE
1463,Military Dictionary,DSRV (deep submergence recovery vessel),,,,tàu lặn sửa chữa ở vùng biển sâu,FALSE,,,img_1463.jpg,FALSE
1463,Military Dictionary,DSRV (Deep Submergence Rescue Vehicle),,,,thiết bị cứu nạn (kíp lái) tàu ngầm vùng biển sâu,FALSE,,,img_1463.jpg,FALSE
1463,Military Dictionary,DSS (data storage set),,,,bộ lưu trữ dữ liệu; bộ lưu nhớ,FALSE,,,img_1463.jpg,FALSE
1463,Military Dictionary,DSS (Defense Supply Service),,,,ngành cung ứng bộ quốc phòng,FALSE,,,img_1463.jpg,FALSE
1463,Military Dictionary,DSS (digital simulator system),,,,hệ thống mô phỏng kỹ thuật số,FALSE,,,img_1463.jpg,FALSE
1463,Military Dictionary,DSSCS (defense special security communications system),,,,tổ hợp phương tiện thông tin liên lạc an ninh đặc biệt bộ quốc phòng,FALSE,,,img_1463.jpg,FALSE
1463,Military Dictionary,DSSO (data system support organization),,,,sự tổ chức bảo đảm hệ thống dữ liệu,FALSE,,,img_1463.jpg,FALSE
1463,Military Dictionary,DSSO (defense systems support organization),,,,sự tổ chức bảo đảm tổ hợp vũ khí phòng thủ,FALSE,,,img_1463.jpg,FALSE
1463,Military Dictionary,DST (defense suppression threat),,,,mối đe dọa chế áp phòng không; nguy cơ chế áp phòng không,FALSE,,,img_1463.jpg,FALSE
1463,Military Dictionary,DST (defense & space talks),,,,đàm phán (về) phòng thủ và vũ trụ,FALSE,,,img_1463.jpg,FALSE
1463,Military Dictionary,DSTP (Director of Strategic Target Planning),,,,giám đốc về lập kế hoạch mục tiêu chiến lược,FALSE,,,img_1463.jpg,FALSE
1463,Military Dictionary,DSTR (destroy),,,,tiêu diệt,FALSE,,,img_1463.jpg,FALSE
1463,Military Dictionary,DSU (direct support unit),,,,đơn vị chi viện trực tiếp; phân đội chi viện trực tiếp,FALSE,,,img_1463.jpg,FALSE
1463,Military Dictionary,DSV (defense suppression vehicle),,,,phương tiện mang phóng vũ khí chế áp phòng không,FALSE,,,img_1463.jpg,FALSE
1463,Military Dictionary,DSVL (doppler sonar velocity log),,,,máy đo tốc độ của hệ thống định vị thuỷ âm Đốplơ,FALSE,,,img_1463.jpg,FALSE
1463,Military Dictionary,DSWS (Division Support Weapon System),,,,tổ hợp vũ khí chi viện sư đoàn,FALSE,,,img_1463.jpg,FALSE
1463,Military Dictionary,DT (data transmission),,,,sự truyền dữ liệu,FALSE,,,img_1463.jpg,FALSE
1463,Military Dictionary,DT (deep tank),,,,thùng chứa nước ở dưới,FALSE,,,img_1463.jpg,FALSE
1463,Military Dictionary,DT (double tire),,,,"bánh đôi, bánh kép, lốp kép",FALSE,,,img_1463.jpg,FALSE
1463,Military Dictionary,DTCS (drone tracking & control system),,,,hệ thống bám sát mục tiêu và điều khiển trên máy bay không người lái; máy bay không người lái bám sát mục tiêu và điều khiển,FALSE,,,img_1463.jpg,FALSE
1463,Military Dictionary,dtd (dated),,,,để ngày,FALSE,,,img_1463.jpg,FALSE
1463,Military Dictionary,DTE (data terminal equipment),,,,thiết bị đầu mối dữ liệu,FALSE,,,img_1463.jpg,FALSE
1463,Military Dictionary,dte (date),,,,ngày,FALSE,,,img_1463.jpg,FALSE
1463,Military Dictionary,DTE (developmental test and evaluation),,,,sự thử nghiệm và đánh giá (hệ thống vũ khí) để quyết định phát triển,FALSE,,,img_1463.jpg,FALSE
1463,Military Dictionary,DTED (digital terrain elevation data),,,,dữ liệu độ cao địa hình kỹ thuật số,FALSE,,,img_1463.jpg,FALSE
1463,Military Dictionary,DTG (date time group),,,,nhóm (ký tự) ngày giờ,FALSE,,,img_1463.jpg,FALSE
1463,Military Dictionary,DTG (digital trunk group (digital transmission group)),,,,nhóm kỹ thuật số truyền phát đường dài,FALSE,,,img_1463.jpg,FALSE
1464,Military Dictionary,DTIS (time distance),,,,khoảng cách (tính theo) thời gian,FALSE,,,img_1464.jpg,FALSE
1464,Military Dictionary,dtl (detail),,,,"đội công tác đặc biệt; đội đặc nhiệm; đội quân; cử đi, phái đi; bổ nhiệm",FALSE,,,img_1464.jpg,FALSE
1464,Military Dictionary,"DTLOMS (doctrine, training, leader development, organization, materiel and soldiers)",,,,"học thuyết, huấn luyện, đào tạo bồi dưỡng chỉ huy, tổ chức, vật chất và binh lính",FALSE,,,img_1464.jpg,FALSE
1464,Military Dictionary,DTMR (defense traffic management regulation),,,,điều lệ quản lý vận chuyển quân sự,FALSE,,,img_1464.jpg,FALSE
1464,Military Dictionary,DTMS (Defense Traffic Management Service),,,,ngành quản lý vận chuyển quân sự,FALSE,,,img_1464.jpg,FALSE
1464,Military Dictionary,DTO (division transportation office),,,,phòng vận tải sư đoàn,FALSE,,,img_1464.jpg,FALSE
1464,Military Dictionary,DTOC (division tactical operations center),,,,trung tâm chỉ huy tác chiến của sư đoàn,FALSE,,,img_1464.jpg,FALSE
1464,Military Dictionary,DTR (defense transportation regulation),,,,điều lệ vận tải quân sự,FALSE,,,img_1464.jpg,FALSE
1464,Military Dictionary,DTRA (Defense Threat Reduction Agency),,,,cục giảm thiểu răn đe quân sự,FALSE,,,img_1464.jpg,FALSE
1464,Military Dictionary,DTRACS (Defense Transportation Reporting and Control System),,,,hệ thống thông báo và kiểm soát vận tải quân sự,FALSE,,,img_1464.jpg,FALSE
1464,Military Dictionary,DTS (Defense Transportation System),,,,hệ thống vận tải quân sự,FALSE,,,img_1464.jpg,FALSE
1464,Military Dictionary,DTS (digital telemetry system),,,,hệ thống đo xa kỹ thuật số,FALSE,,,img_1464.jpg,FALSE
1464,Military Dictionary,DTS (diplomatic telecommunications service),,,,ngành (thông tin liên lạc) viễn thông đối ngoại,FALSE,,,img_1464.jpg,FALSE
1464,Military Dictionary,DTSS (Digital Topographic Support System),,,,hệ thống bảo đảm đồ bản kỹ thuật số,FALSE,,,img_1464.jpg,FALSE
1464,Military Dictionary,DTST (defense technologies study team),,,,nhóm nghiên cứu các công nghệ quốc phòng,FALSE,,,img_1464.jpg,FALSE
1464,Military Dictionary,DTT (drive training tank),,,,xe tăng tập lái,FALSE,,,img_1464.jpg,FALSE
1464,Military Dictionary,DTT (Driver's Training Tank),,,,xe tăng huấn luyện cho người lái,FALSE,,,img_1464.jpg,FALSE
1464,Military Dictionary,DTU (data transmission unit),,,,bộ truyền số liệu,FALSE,,,img_1464.jpg,FALSE
1464,Military Dictionary,DU (depleted uranium),,,,uran nghèo,FALSE,,,img_1464.jpg,FALSE
1464,Military Dictionary,DU (detector unit),,,,khối đầu tìm,FALSE,,,img_1464.jpg,FALSE
1464,Military Dictionary,Du/Sta (duty station),,,,"vị trí phục vụ, vị trí công tác",FALSE,,,img_1464.jpg,FALSE
1464,Military Dictionary,DUAD (dual air defense),,,,hệ thống phòng không kép; (hệ thống) phòng không chống cả tên lửa và máy bay,FALSE,,,img_1464.jpg,FALSE
1464,Military Dictionary,DUB (Distinguished Unit Badge),,,,huy hiệu đơn vị xuất sắc (được trao khi tổng thống khen lần thứ hai),FALSE,,,img_1464.jpg,FALSE
1464,Military Dictionary,"DUDAT (deadline, or due date)",,,,hạn cuối cùng,FALSE,,,img_1464.jpg,FALSE
1464,Military Dictionary,DUE (Distinguished Unit Emblem),,,,biểu tượng đơn vị xuất sắc,FALSE,,,img_1464.jpg,FALSE
1464,Military Dictionary,DUP (duplicate),,,,bản sao,FALSE,,,img_1464.jpg,FALSE
1464,Military Dictionary,DUSA (Deputy Undersecretary of the Army),,,,thứ trưởng bộ lục quân,FALSE,,,img_1464.jpg,FALSE
1464,Military Dictionary,DUSDL (Deputy Under Secretary of Defense for Logistics),,,,trợ lý thứ trưởng bộ quốc phòng về hậu cần,FALSE,,,img_1464.jpg,FALSE
1464,Military Dictionary,DUSDP (Deputy Under Secretary of Defense for Policy),,,,trợ lý thứ trưởng bộ quốc phòng về chính sách,FALSE,,,img_1464.jpg,FALSE
1464,Military Dictionary,DUSTWUN (duty status-whereabouts unknown),,,,tình trạng thất lạc tạm thời khi làm nhiệm vụ,FALSE,,,img_1464.jpg,FALSE
1464,Military Dictionary,DV (discharged veteran),,,,được giải ngũ,FALSE,,,img_1464.jpg,FALSE
1464,Military Dictionary,DVA (Department of Veterans Affairs (Mỹ)),,,,cục cựu chiến binh,FALSE,,,img_1464.jpg,FALSE
1464,Military Dictionary,DVE (Driver's Vision Enhancer),,,,thiết bị nâng cao tầm nhìn của lái xe,FALSE,,,img_1464.jpg,FALSE
1464,Military Dictionary,DVFR (defense visual flight rules),,,,quy tắc (điều khiển) bay bằng mắt thường trong quân sự,FALSE,,,img_1464.jpg,FALSE
1464,Military Dictionary,DVITS (Digital Video Imagery Transmission System),,,,hệ thống phát hình nghe nhìn kỹ thuật số,FALSE,,,img_1464.jpg,FALSE
1464,Military Dictionary,dvn (division),,,,sư đoàn; cục; phòng; cơ quan,FALSE,,,img_1464.jpg,FALSE
1464,Military Dictionary,dvr (driver),,,,quân nhân lái xe; lính lái xe; chiến sĩ lái xe,FALSE,,,img_1464.jpg,FALSE
1464,Military Dictionary,DVRI (direct view radar indicator),,,,bộ chỉ thị (của) rada quan sát trực tiếp,FALSE,,,img_1464.jpg,FALSE
1464,Military Dictionary,DVRP (divisional vehicle recovery point),,,,"trạm tập trung xe bị hư hại của sư đoàn, địa điểm tập trung xe cộ bị hư hại của sư đoàn",FALSE,,,img_1464.jpg,FALSE
1465,Military Dictionary,DW (dangerous weapons),,,,vũ khí nguy hiểm,FALSE,,,img_1465.jpg,FALSE
1465,Military Dictionary,"DWAC (Director, United States Women's Army Corps)",,,,chủ nhiệm ngành phụ nữ trợ giúp lục quân Mỹ,FALSE,,,img_1465.jpg,FALSE
1465,Military Dictionary,dwc (dead-weight capacity),,,,dung lượng tàu không tải,FALSE,,,img_1465.jpg,FALSE
1465,Military Dictionary,DWFK (Deep Water Fording Kit),,,,"bộ vượt qua khu vực nước sâu (của xe tăng, xe bọc thép)",FALSE,,,img_1465.jpg,FALSE
1465,Military Dictionary,DWI (direct wireless installation for exploding mines),,,,thiết bị kích nổ mìn trực tiếp không dây; (hq) máy điểm hỏa thuỷ lôi trực tiếp không dây,FALSE,,,img_1465.jpg,FALSE
1465,Military Dictionary,DWL (displacement waterline),,,,đường mớn nước khi nổi (tàu ngầm),FALSE,,,img_1465.jpg,FALSE
1465,Military Dictionary,DWMCF (double-wide modular causeway ferry),,,,bộ cầu phà lắp ghép rộng gấp đôi,FALSE,,,img_1465.jpg,FALSE
1465,Military Dictionary,DWP (defense white paper),,,,sách trắng bộ quốc phòng,FALSE,,,img_1465.jpg,FALSE
1465,Military Dictionary,DWRIA (died of wounds received in action),,,,chết do bị thương trong chiến đấu,FALSE,,,img_1465.jpg,FALSE
1465,Military Dictionary,DWS (dispenser weapon system),,,,tổ hợp vũ khí phóng,FALSE,,,img_1465.jpg,FALSE
1465,Military Dictionary,DWT; Dwt (deadweight tonnage),,,,trọng lượng không tải (tính bằng tấn),FALSE,,,img_1465.jpg,FALSE
1465,Military Dictionary,DWTS (Digital Wideband Transmission System),,,,hệ thống phát kỹ thuật số băng tần rộng,FALSE,,,img_1465.jpg,FALSE
1465,Military Dictionary,DX (direct exchange),,,,sự trao đổi trực tiếp; tổng đài thông tin liên lạc trực tiếp,FALSE,,,img_1465.jpg,FALSE
1465,Military Dictionary,dx (duplex),,,,"đôi, kép",FALSE,,,img_1465.jpg,FALSE
1465,Military Dictionary,dy (duty),,,,chức vụ; nhiệm vụ; nghĩa vụ; trực ban; trực nhật; (đang) làm nhiệm vụ,FALSE,,,img_1465.jpg,FALSE
1465,Military Dictionary,DZ (drop zone),,,,khu vực đổ bộ đường không; vùng thả trang bị kỹ thuật,FALSE,,,img_1465.jpg,FALSE
1465,Military Dictionary,DZC (drop zone controller),,,,người chỉ huy khu vực đổ bộ đường không,FALSE,,,img_1465.jpg,FALSE
1465,Military Dictionary,DZCO (drop zone control officer),,,,sĩ quan kiểm soát khu vực đổ bộ đường không,FALSE,,,img_1465.jpg,FALSE
1465,Military Dictionary,DZSO (drop zone safety officer),,,,sĩ quan bảo đảm an toàn khu vực đổ bộ đường không,FALSE,,,img_1465.jpg,FALSE
1465,Military Dictionary,DZST (drop zone support team),,,,đội bảo đảm khu vực đổ bộ đường không,FALSE,,,img_1465.jpg,FALSE
1465,Military Dictionary,DZSTL (drop zone support team leader),,,,đội trưởng đội bảo đảm khu vực đổ bộ đường không,FALSE,,,img_1465.jpg,FALSE
1466,Military Dictionary,E (east),,,,phương Đông; (thuộc) phương Đông,FALSE,,,img_1466.jpg,FALSE
1466,Military Dictionary,E (enemy),,,,"quân địch, đối phương, kẻ thù, kẻ địch; tàu địch; của địch; thù địch",FALSE,,,img_1466.jpg,FALSE
1466,Military Dictionary,E (engineer (k.hiệu)),,,,"công binh; kỹ sư, công trình sư",FALSE,,,img_1466.jpg,FALSE
1466,Military Dictionary,E (engineering),,,,"kỹ thuật, công nghệ",FALSE,,,img_1466.jpg,FALSE
1466,Military Dictionary,E (Pay grade),,,,bậc lương,FALSE,,,img_1466.jpg,FALSE
1466,Military Dictionary,E (total probable error),,,,tổng xác suất sai số,FALSE,,,img_1466.jpg,FALSE
1466,Military Dictionary,E&DCP (evaluation and data collection plan),,,,kế hoạch thu thập dữ liệu và đánh giá,FALSE,,,img_1466.jpg,FALSE
1466,Military Dictionary,E&E (evasion and escape),,,,(hoạt động) giải cứu,FALSE,,,img_1466.jpg,FALSE
1466,Military Dictionary,E&M (electrical and mechanical (Engineer Service) (Anh)),,,,ngành sửa chữa và phục hồi; (thuộc) cơ khí điện (ngành động cơ),FALSE,,,img_1466.jpg,FALSE
1466,Military Dictionary,E&R (evasion and recovery),,,,"(hoạt động) giải cứu và rút lui, giải thoát",FALSE,,,img_1466.jpg,FALSE
1466,Military Dictionary,E.C. (engineer-captain),,,,kỹ sư - thuyền trưởng,FALSE,,,img_1466.jpg,FALSE
1466,Military Dictionary,E.M. (electromagnetic),,,,điện từ,FALSE,,,img_1466.jpg,FALSE
1466,Military Dictionary,E.M.F. (electromotive force),,,,sức điện động,FALSE,,,img_1466.jpg,FALSE
1466,Military Dictionary,E.O.T. (enemy occupied territory),,,,"lãnh thổ bị quân địch chiếm đóng, vùng tạm chiếm",FALSE,,,img_1466.jpg,FALSE
1466,Military Dictionary,E.S.V. (earth satellite vehicle),,,,tàu vệ tinh của trái đất,FALSE,,,img_1466.jpg,FALSE
1466,Military Dictionary,e/a (enemy action),,,,hoạt động của (quân) địch,FALSE,,,img_1466.jpg,FALSE
1466,Military Dictionary,E/R (en route),,,,trên tuyến đường dài,FALSE,,,img_1466.jpg,FALSE
1466,Military Dictionary,E1 (Echelon 1),,,,thê đội 1,FALSE,,,img_1466.jpg,FALSE
1466,Military Dictionary,E2 (Echelon 2),,,,thê đội 2,FALSE,,,img_1466.jpg,FALSE
1466,Military Dictionary,E3 (Echelon 3),,,,thê đội 3,FALSE,,,img_1466.jpg,FALSE
1466,Military Dictionary,E3 (electromagnetic environmental effects),,,,các hiệu ứng của môi trường điện từ,FALSE,,,img_1466.jpg,FALSE
1466,Military Dictionary,E4 (Echelon 4),,,,thê đội 4,FALSE,,,img_1466.jpg,FALSE
1466,Military Dictionary,E5 (Echelon 5),,,,thê đội 5,FALSE,,,img_1466.jpg,FALSE
1466,Military Dictionary,E-2C (Hawkeye-airborne early warning aircraft),,,,"máy bay cảnh báo sớm đường không ""Hawkeye""",FALSE,,,img_1466.jpg,FALSE
1466,Military Dictionary,ea (each),,,,"mỗi (bộ phận, đơn vị)",FALSE,,,img_1466.jpg,FALSE
1466,Military Dictionary,EA (electronic attack),,,,tiến công điện tử,FALSE,,,img_1466.jpg,FALSE
1466,Military Dictionary,EA (emergency action),,,,hoạt động khẩn cấp; chiến đấu khẩn cấp,FALSE,,,img_1466.jpg,FALSE
1466,Military Dictionary,EA (enemy aircraft),,,,máy bay địch,FALSE,,,img_1466.jpg,FALSE
1466,Military Dictionary,EA (enemy area),,,,"khu vực đóng quân của địch, khu vực quân địch chiếm giữ",FALSE,,,img_1466.jpg,FALSE
1466,Military Dictionary,EA (engagement area),,,,khu vực giao chiến,FALSE,,,img_1466.jpg,FALSE
1466,Military Dictionary,EA (entertaining allowance),,,,kinh phí hoạt động văn hóa thể thao,FALSE,,,img_1466.jpg,FALSE
1466,Military Dictionary,EA (executive agent),,,,nhân viên hành pháp,FALSE,,,img_1466.jpg,FALSE
1466,Military Dictionary,EA (executive assistant),,,,trợ lý hành pháp,FALSE,,,img_1466.jpg,FALSE
1466,Military Dictionary,EA (experimental aircraft),,,,"máy bay thí nghiệm, máy bay thử nghiệm",FALSE,,,img_1466.jpg,FALSE
1466,Military Dictionary,EAA (Experimental Aircraft Association),,,,hiệp hội máy bay thử nghiệm,FALSE,,,img_1466.jpg,FALSE
1466,Military Dictionary,EAC (echelons above corps (Army)),,,,đội hình trên cấp quân đoàn (lục quân),FALSE,,,img_1466.jpg,FALSE
1466,Military Dictionary,EAC (emergency action),,,,hành động khẩn cấp; chiến đấu khẩn cấp,FALSE,,,img_1466.jpg,FALSE
1466,Military Dictionary,EAC (emergency action committee),,,,uỷ ban đối phó với tình trạng khẩn cấp,FALSE,,,img_1466.jpg,FALSE
1467,Military Dictionary,EAD (earliest arrival date),,,,ngày đến sớm nhất,FALSE,,,img_1467.jpg,FALSE
1467,Military Dictionary,EAD (echelons above division (Army)),,,,đội hình trên cấp sư đoàn (lục quân),FALSE,,,img_1467.jpg,FALSE
1467,Military Dictionary,EAD (estimated arrival draft),,,,độ mớn nước của tàu khi đến,FALSE,,,img_1467.jpg,FALSE
1467,Military Dictionary,EAD (extended active duty),,,,thời hạn phục vụ tại ngũ kéo dài,FALSE,,,img_1467.jpg,FALSE
1467,Military Dictionary,EAD/EAC (echelon above division/echelon above corps (Mỹ)),,,,cấp trên sư đoàn / cấp trên quân đoàn,FALSE,,,img_1467.jpg,FALSE
1467,Military Dictionary,EADC (Eastern Air Defense Command),,,,"bộ tư lệnh phòng không phương Đông, bộ chỉ huy phòng không phương Đông",FALSE,,,img_1467.jpg,FALSE
1467,Military Dictionary,EADC (European Air Defense Command),,,,bộ tư lệnh phòng không châu Âu,FALSE,,,img_1467.jpg,FALSE
1467,Military Dictionary,EADF (Eastern Air Defense Force),,,,lực lượng phòng không phương Đông,FALSE,,,img_1467.jpg,FALSE
1467,Military Dictionary,EAEC (European Atomic Energy Community),,,,cộng đồng năng lượng nguyên tử châu Âu,FALSE,,,img_1467.jpg,FALSE
1467,Military Dictionary,EAES (European Atomic Energy Society),,,,hội năng lượng nguyên tử châu Âu,FALSE,,,img_1467.jpg,FALSE
1467,Military Dictionary,EAF (expeditionary aerospace forces),,,,lực lượng hàng không vũ trụ viễn chinh,FALSE,,,img_1467.jpg,FALSE
1467,Military Dictionary,EAGLE (elevation angle guidance landing equipment),,,,"thiết bị điều khiển góc tiếp đất hạ cánh, thiết bị EAGLE",FALSE,,,img_1467.jpg,FALSE
1467,Military Dictionary,EALT (earliest anticipated launch time),,,,thời gian phóng sớm nhất kỳ vọng,FALSE,,,img_1467.jpg,FALSE
1467,Military Dictionary,EAM (emergency action message),,,,thông báo hành động khẩn cấp,FALSE,,,img_1467.jpg,FALSE
1467,Military Dictionary,EAME (European-African-Middle Eastern Campaign Medal),,,,"huy chương ""Tham gia chiến đấu ở châu Âu, châu Phi và Trung Đông""",FALSE,,,img_1467.jpg,FALSE
1467,Military Dictionary,EAOS (Enhanced Airtillery Observation System),,,,hệ thống tăng cường quan sát pháo binh,FALSE,,,img_1467.jpg,FALSE
1467,Military Dictionary,EAP (emergency action plan),,,,kế hoạch hành động khẩn cấp,FALSE,,,img_1467.jpg,FALSE
1467,Military Dictionary,EAP (emergency action procedures),,,,quy trình hành động trong tình trạng khẩn cấp,FALSE,,,img_1467.jpg,FALSE
1467,Military Dictionary,EAP (experimental aircraft program),,,,chương trình máy bay thử nghiệm,FALSE,,,img_1467.jpg,FALSE
1467,Military Dictionary,EAPC (Euro-Atlantic Partnership Council),,,,hội đồng đối tác (quốc phòng) châu Âu - Đại Tây Dương,FALSE,,,img_1467.jpg,FALSE
1467,Military Dictionary,EAP-CJCS (emergency action procedures of the Chairman of the Joint Chiefs of Staff),,,,biện pháp hành động trong tình trạng khẩn cấp của chủ tịch hội đồng tham mưu trưởng liên quân,FALSE,,,img_1467.jpg,FALSE
1467,Military Dictionary,EAR (electronically agile radar),,,,rađa chuyển hướng cánh sóng (theo nguyên lí) điện tử,FALSE,,,img_1467.jpg,FALSE
1467,Military Dictionary,EARLY (evasion and recovery supplemental data report),,,,báo cáo dữ liệu bổ sung cho hoạt động xâm nhập và giải cứu,FALSE,,,img_1467.jpg,FALSE
1467,Military Dictionary,E-ARTS (en route automated radar-tracking system),,,,hệ thống rađa tự động bắt bám mục tiêu di động,FALSE,,,img_1467.jpg,FALSE
1467,Military Dictionary,EAS (equivalent airspeed),,,,tốc độ bay tương đương,FALSE,,,img_1467.jpg,FALSE
1467,Military Dictionary,EASTCOM (Eastern Command),,,,bộ chỉ huy phương Đông,FALSE,,,img_1467.jpg,FALSE
1467,Military Dictionary,Eastlant (Eastern Atlantic Area),,,,khu vực phía Đông Đại Tây Dương,FALSE,,,img_1467.jpg,FALSE
1467,Military Dictionary,EASTLANT (Eastern Atlantic Command (NATO)),,,,bộ tư lệnh Đông Đại Tây Dương của liên quân NATO,FALSE,,,img_1467.jpg,FALSE
1467,Military Dictionary,EASTPAC (eastern Pacific Ocean),,,,Đông Thái Bình Dương,FALSE,,,img_1467.jpg,FALSE
1467,Military Dictionary,EB (early burst),,,,sự nổ sớm; nổ sớm,FALSE,,,img_1467.jpg,FALSE
1467,Military Dictionary,EB (eastbound),,,,đi về hướng Đông,FALSE,,,img_1467.jpg,FALSE
1467,Military Dictionary,EB (engineer battalion),,,,tiểu đoàn công binh; tiểu đoàn kỹ thuật,FALSE,,,img_1467.jpg,FALSE
1467,Military Dictionary,EB welding (electron beam welding),,,,hàn bằng chùm điện tử,FALSE,,,img_1467.jpg,FALSE
1467,Military Dictionary,EBG (Engin Blindé Génie (armoured combat vehicle) (Pháp)),,,,xe chiến đấu bọc thép,FALSE,,,img_1467.jpg,FALSE
1467,Military Dictionary,E-boat (enemy boat),,,,tàu địch,FALSE,,,img_1467.jpg,FALSE
1467,Military Dictionary,EBR (engin blindé de reconnaissance (armored reconnaissance vehicle) (Pháp)),,,,xe trinh sát bọc thép,FALSE,,,img_1467.jpg,FALSE
1467,Military Dictionary,EBZ (effective beaten zone),,,,"dải tiêu diệt hiệu quả, dải trúng đích 85%",FALSE,,,img_1467.jpg,FALSE
1467,Military Dictionary,EC (earth coverage antenna),,,,anten quét mặt đất,FALSE,,,img_1467.jpg,FALSE
1468,Military Dictionary,EC (Eastern Command (Anh)),,,,quân khu phương Đông,FALSE,,,img_1468.jpg,FALSE
1468,Military Dictionary,EC (educational center),,,,trung tâm giáo dục,FALSE,,,img_1468.jpg,FALSE
1468,Military Dictionary,EC (Educational Corps),,,,ngành giáo dục,FALSE,,,img_1468.jpg,FALSE
1468,Military Dictionary,EC (electronic combat),,,,chiến đấu điện tử,FALSE,,,img_1468.jpg,FALSE
1468,Military Dictionary,EC (Engineer Corps (Mỹ)),,,,quân đoàn công binh,FALSE,,,img_1468.jpg,FALSE
1468,Military Dictionary,EC (error control),,,,kiểm soát sai số; điều chỉnh sai số,FALSE,,,img_1468.jpg,FALSE
1468,Military Dictionary,EC (European Command),,,,bộ tư lệnh châu Âu của liên quân NATO; quân đội Mỹ ở châu Âu,FALSE,,,img_1468.jpg,FALSE
1468,Military Dictionary,EC (European Community),,,,cộng đồng châu Âu,FALSE,,,img_1468.jpg,FALSE
1468,Military Dictionary,"EC/NBC (environment control/nuclear, biological&chemical)",,,,"kiểm soát môi trường / hạt nhân, sinh học và hóa học",FALSE,,,img_1468.jpg,FALSE
1468,Military Dictionary,ECA (electronic confusion area),,,,vùng nhiễu loạn điện tử,FALSE,,,img_1468.jpg,FALSE
1468,Military Dictionary,ECA (European combat aircraft),,,,máy bay chiến đấu châu Âu (chương trình),FALSE,,,img_1468.jpg,FALSE
1468,Military Dictionary,ECA (experimental combat aircraft),,,,máy bay chiến đấu thực nghiệm,FALSE,,,img_1468.jpg,FALSE
1468,Military Dictionary,ECAC (Electromagnetic Compatibility Analysis Center),,,,trung tâm phân tích tương hợp điện tử,FALSE,,,img_1468.jpg,FALSE
1468,Military Dictionary,ECAS (electronic chemical agent alarm system),,,,tổ hợp điện tử báo động hóa học,FALSE,,,img_1468.jpg,FALSE
1468,Military Dictionary,ECB (echelons corps and below (Army)),,,,các thê đội cấp quân đoàn và thấp hơn (lục quân),FALSE,,,img_1468.jpg,FALSE
1468,Military Dictionary,ECB (engineer combat battalion),,,,tiểu đoàn công binh chiến đấu,FALSE,,,img_1468.jpg,FALSE
1468,Military Dictionary,ECC (error checking and correction),,,,kiểm tra và hiệu chỉnh độ lệch,FALSE,,,img_1468.jpg,FALSE
1468,Military Dictionary,ECC (European Coordinating Committee),,,,uỷ ban hợp tác châu Âu,FALSE,,,img_1468.jpg,FALSE
1468,Military Dictionary,ECC (evacuation control center),,,,trung tâm chỉ huy di tản,FALSE,,,img_1468.jpg,FALSE
1468,Military Dictionary,ECCAP (high-explosive anti-tank & anti-personnel),,,,(đạn) nổ lõm chống tăng và chống bộ binh,FALSE,,,img_1468.jpg,FALSE
1468,Military Dictionary,ECCCM (electronic counter-counter-countermeasures),,,,sự hoạt động chống phản tác chiến điện tử; các biện pháp đối phó với phương tiện hoạt động chống phản tác chiến điện tử; các phương tiện đối phó với phương tiện hoạt động chống phản tác chiến điện tử,FALSE,,,img_1468.jpg,FALSE
1468,Military Dictionary,ECCD (electric cockpit control device),,,,thiết bị lái điện tử trong buồng lái (máy bay),FALSE,,,img_1468.jpg,FALSE
1468,Military Dictionary,ECCM (electronic counter-countermeasures),,,,"các biện pháp chống phản tác chiến điện tử, các biện pháp chống trinh sát và đối phó điện tử",FALSE,,,img_1468.jpg,FALSE
1468,Military Dictionary,ECD (East Central District),,,,quân khu Trung Đông,FALSE,,,img_1468.jpg,FALSE
1468,Military Dictionary,EC-EC (earth coverage to earth coverage),,,,(sự) chuyển giữa các vùng phủ sóng toàn cầu (truyền tin vệ tinh),FALSE,,,img_1468.jpg,FALSE
1468,Military Dictionary,ech (echelon),,,,sự bố trí đội hình chiến đấu tuyến; thê đội; tổ; đội; toán; tốp; biên đội; phi đội; cơ quan,FALSE,,,img_1468.jpg,FALSE
1468,Military Dictionary,ECHA (Executive Committee on Humanitarian Affairs),,,,uỷ ban thực thi các vấn đề nhân đạo,FALSE,,,img_1468.jpg,FALSE
1468,Military Dictionary,echd (echeloned),,,,bố trí đội hình chiến đấu tuyến,FALSE,,,img_1468.jpg,FALSE
1468,Military Dictionary,ECIC (European command intelligence center),,,,trung tâm tình báo của quân đội Mỹ ở châu Âu,FALSE,,,img_1468.jpg,FALSE
1468,Military Dictionary,ECL (equipment-component list),,,,bản tổng hợp vũ khí trang bị,FALSE,,,img_1468.jpg,FALSE
1468,Military Dictionary,ECLSS (environment control & life-support system),,,,tổ hợp kiểm soát và bảo đảm độ bền của trang bị kỹ thuật phục vụ hoạt động tác chiến; hệ thống kiểm soát môi trường và bảo đảm tuổi thọ của vũ khí trang bị,FALSE,,,img_1468.jpg,FALSE
1468,Military Dictionary,ECM (electronic countermeasures),,,,trinh sát điện tử và hoạt động chống tác chiến điện tử; các biện pháp chống tác chiến điện tử; các phương tiện đối phó tác chiến điện tử,FALSE,,,img_1468.jpg,FALSE
1468,Military Dictionary,ECMES (electronic combat modelling & evaluation system),,,,hệ thống điện tử mô hình hóa và đánh giá (hoạt động) chiến đấu,FALSE,,,img_1468.jpg,FALSE
1469,Military Dictionary,ECMRITS (electronic countermeasures resistant information transmission system),,,,tổ hợp truyền (thông) tin bền nhiễu điện tử,FALSE,,,img_1469.jpg,FALSE
1469,Military Dictionary,ECN (electronic change notice),,,,thông báo về thay đổi tác chiến điện tử,FALSE,,,img_1469.jpg,FALSE
1469,Military Dictionary,ECN (Minimum Essential Emergency Communications Network),,,,mạng thông tin liên lạc khẩn cấp cốt yếu tối thiểu,FALSE,,,img_1469.jpg,FALSE
1469,Military Dictionary,Ec-nc/ac (earth coverage to narrow coverage/area coverage),,,,từ vùng phủ sóng toàn cầu sang vùng phủ sóng khu vực (truyền tin vệ tinh),FALSE,,,img_1469.jpg,FALSE
1469,Military Dictionary,ECO (exempted by commanding officer),,,,được miễn do lệnh của chỉ huy đơn vị,FALSE,,,img_1469.jpg,FALSE
1469,Military Dictionary,ECOD (estimated completion date),,,,"ngày dự kiến kết thúc, ngày dự kiến hoàn thành",FALSE,,,img_1469.jpg,FALSE
1469,Military Dictionary,ECOM (Electronics Command),,,,bộ tư lệnh trang thiết bị điện tử; bộ tư lệnh phương tiện điện tử,FALSE,,,img_1469.jpg,FALSE
1469,Military Dictionary,ECOP (electronic co-pilot),,,,phi công phụ điều khiển (thiết bị) điện tử,FALSE,,,img_1469.jpg,FALSE
1469,Military Dictionary,ECP (emergency command precedence),,,,quyền ưu tiên chỉ huy trong tình trạng khẩn cấp,FALSE,,,img_1469.jpg,FALSE
1469,Military Dictionary,ECP (engineering change proposal),,,,đề nghị thay đổi kỹ thuật,FALSE,,,img_1469.jpg,FALSE
1469,Military Dictionary,ECR (electronic combat and reconnaissance),,,,chiến đấu và trinh sát điện tử,FALSE,,,img_1469.jpg,FALSE
1469,Military Dictionary,ECR (embeded computer resource),,,,nguồn tài nguyên máy tính lồng ghép,FALSE,,,img_1469.jpg,FALSE
1469,Military Dictionary,"ECRD (education, culture and reorientation division)",,,,"cơ quan phục vụ chuyên môn (phụ trách các vấn đề văn hóa, giáo dục, phong trào thể dục thể thao)",FALSE,,,img_1469.jpg,FALSE
1469,Military Dictionary,ECS (environmental control subsystem),,,,phân hệ kiểm soát môi trường tác chiến,FALSE,,,img_1469.jpg,FALSE
1469,Military Dictionary,ECS (expeditionary combat support),,,,"chi viện chiến đấu viễn chinh, bảo đảm chiến đấu viễn chinh",FALSE,,,img_1469.jpg,FALSE
1469,Military Dictionary,ECSA (European Communications Security Agency),,,,cơ quan an ninh thông tin liên lạc châu Âu,FALSE,,,img_1469.jpg,FALSE
1469,Military Dictionary,ECU (environmental control unit),,,,khối kiểm tra điều kiện môi trường,FALSE,,,img_1469.jpg,FALSE
1469,Military Dictionary,ECW (electronic combat wing),,,,phi đoàn không quân tác chiến điện tử,FALSE,,,img_1469.jpg,FALSE
1469,Military Dictionary,ED (effective dose),,,,liều lượng hiệu quả,FALSE,,,img_1469.jpg,FALSE
1469,Military Dictionary,ED (envelope delay),,,,ngăn chặn bao vây,FALSE,,,img_1469.jpg,FALSE
1469,Military Dictionary,ED (equipment depot),,,,kho khí tài,FALSE,,,img_1469.jpg,FALSE
1469,Military Dictionary,ED (evaluation directive),,,,chỉ thị đánh giá (trạng thái sẵn sàng chiến đấu),FALSE,,,img_1469.jpg,FALSE
1469,Military Dictionary,ED (explosive device),,,,thiết bị nổ (trong đầu đạn),FALSE,,,img_1469.jpg,FALSE
1469,Military Dictionary,ED (extra duty),,,,chế độ công tác ngoài giờ,FALSE,,,img_1469.jpg,FALSE
1469,Military Dictionary,EDB (extruded double base),,,,đế kép lồi (đáy đạn),FALSE,,,img_1469.jpg,FALSE
1469,Military Dictionary,EDC (Eastern Defense Command),,,,bộ tư lệnh phòng không phương Đông,FALSE,,,img_1469.jpg,FALSE
1469,Military Dictionary,EDC (error detection & correction),,,,"sự phát hiện và sửa lỗi, sự phát hiện và hiệu chỉnh độ lệch",FALSE,,,img_1469.jpg,FALSE
1469,Military Dictionary,EDC (estimated date of completion),,,,ngày dự kiến kết thúc; ngày dự kiến hoàn thành,FALSE,,,img_1469.jpg,FALSE
1469,Military Dictionary,EDC (European Defence Community),,,,cộng đồng phòng thủ châu Âu,FALSE,,,img_1469.jpg,FALSE
1469,Military Dictionary,EDCMR (effective date of change in the morning report),,,,ngày loại ngũ có hiệu lực,FALSE,,,img_1469.jpg,FALSE
1469,Military Dictionary,EDD (earliest delivery date),,,,ngày cấp phát sớm nhất,FALSE,,,img_1469.jpg,FALSE
1469,Military Dictionary,EDF (European Defense Force),,,,"lực lượng liên quân NATO ở châu Âu, lực lượng phòng thủ châu Âu",FALSE,,,img_1469.jpg,FALSE
1469,Military Dictionary,EDI (electronic data interchange),,,,trao đổi tương hỗ dữ liệu điện tử,FALSE,,,img_1469.jpg,FALSE
1469,Military Dictionary,EDL (electron discharge laser),,,,thiết bị lade phóng điện tử,FALSE,,,img_1469.jpg,FALSE
1469,Military Dictionary,EDP (electronic data processing),,,,xử lý các dữ liệu điện tử,FALSE,,,img_1469.jpg,FALSE
1469,Military Dictionary,EDPS (electronic data processing system),,,,hệ thống xử lý các dữ liệu điện tử,FALSE,,,img_1469.jpg,FALSE
1469,Military Dictionary,edr (equivalent direct radiation),,,,sự bức xạ trực tiếp tương đương,FALSE,,,img_1469.jpg,FALSE
1469,Military Dictionary,EDRT (effective date of relief from training),,,,ngày kết thúc huấn luyện,FALSE,,,img_1469.jpg,FALSE
1469,Military Dictionary,EDS (Electric Drive System),,,,hệ thống dẫn động điện,FALSE,,,img_1469.jpg,FALSE
1470,Military Dictionary,EDSS (equipment deployment and storage system),,,,hệ thống thiết bị triển khai và lưu giữ,FALSE,,,img_1470.jpg,FALSE
1470,Military Dictionary,EDU (education unit),,,,đơn vị giáo dục phổ thông; phân đội giáo dục phổ thông,FALSE,,,img_1470.jpg,FALSE
1470,Military Dictionary,EE (Electronics Engineering),,,,kỹ thuật điện tử,FALSE,,,img_1470.jpg,FALSE
1470,Military Dictionary,EE (emergency establishment),,,,thiết chế tình trạng khẩn cấp,FALSE,,,img_1470.jpg,FALSE
1470,Military Dictionary,EEAD (extended air defence),,,,phòng không mở rộng,FALSE,,,img_1470.jpg,FALSE
1470,Military Dictionary,EEBD (emergency escape breathing device),,,,dụng cụ dưỡng khí trong thoát hiểm khẩn cấp,FALSE,,,img_1470.jpg,FALSE
1470,Military Dictionary,"EEC (high explosive, general-purpose)",,,,thuốc nổ thông dụng,FALSE,,,img_1470.jpg,FALSE
1470,Military Dictionary,EECT (end of evening civil twilight),,,,thời điểm kết thúc hoàng hôn dân sự,FALSE,,,img_1470.jpg,FALSE
1470,Military Dictionary,EED; eed (electrical explosive device),,,,thiết bị gây nổ bằng điện,FALSE,,,img_1470.jpg,FALSE
1470,Military Dictionary,EEFI (essential elements of friendly information),,,,các tin tức chủ yếu về quân bạn,FALSE,,,img_1470.jpg,FALSE
1470,Military Dictionary,EEI (essential elements of information),,,,thông tin chủ yếu về quân địch; nhiệm vụ trinh sát chủ yếu,FALSE,,,img_1470.jpg,FALSE
1470,Military Dictionary,EENT (end of evening nautical twilight),,,,thời điểm kết thúc hoàng hôn hàng hải,FALSE,,,img_1470.jpg,FALSE
1470,Military Dictionary,EEO (equal employment opportunity),,,,cơ hội tuyển dụng bình đẳng,FALSE,,,img_1470.jpg,FALSE
1470,Military Dictionary,EEPROM (electronic erasable programmable read-only memory),,,,bộ nhớ lập trình để đọc và tẩy xoá được,FALSE,,,img_1470.jpg,FALSE
1470,Military Dictionary,EER (extended echo ranging),,,,sự định tầm bằng tiếng vọng kéo dài,FALSE,,,img_1470.jpg,FALSE
1470,Military Dictionary,EES (European Command exchange system),,,,mạng lưới thương mại của quân đội Mỹ ở châu Âu,FALSE,,,img_1470.jpg,FALSE
1470,Military Dictionary,EET (emergency evacuation trainer),,,,thiết bị huấn luyện sơ tán khẩn cấp,FALSE,,,img_1470.jpg,FALSE
1470,Military Dictionary,EEZ (exclusive economic zone),,,,vùng kinh tế đặc quyền,FALSE,,,img_1470.jpg,FALSE
1470,Military Dictionary,EF (effective fire),,,,hoả lực hiệu quả; hoả lực tiêu diệt; bắn hiệu lực,FALSE,,,img_1470.jpg,FALSE
1470,Military Dictionary,EF (Emergency Fleet),,,,hạm đội (đặc nhiệm) khẩn cấp,FALSE,,,img_1470.jpg,FALSE
1470,Military Dictionary,EF (Expeditionary Force),,,,lực lượng viễn chinh,FALSE,,,img_1470.jpg,FALSE
1470,Military Dictionary,EFAT (essential field artillery task),,,,nhiệm vụ chủ yếu của pháo binh chiến trường,FALSE,,,img_1470.jpg,FALSE
1470,Military Dictionary,EFC (equivalent full charge),,,,liều nguyên tương đương,FALSE,,,img_1470.jpg,FALSE
1470,Military Dictionary,EFCR (equivalent full charge rounds),,,,đạn dược liều nguyên tương đương,FALSE,,,img_1470.jpg,FALSE
1470,Military Dictionary,EFCS (enhanced fire control system),,,,hệ thống tăng cường chỉ huy hỏa lực,FALSE,,,img_1470.jpg,FALSE
1470,Military Dictionary,EFD (enemy forward dispositions),,,,"khu vực phía trước trận địa phòng ngự của địch, tiền duyên phòng ngự của địch",FALSE,,,img_1470.jpg,FALSE
1470,Military Dictionary,eff (effect),,,,"sự hiệu lực, sự hiệu quả; sự tác dụng; sự hiệu dụng; sự ảnh hưởng",FALSE,,,img_1470.jpg,FALSE
1470,Military Dictionary,EFF (effective),,,,có hiệu quả,FALSE,,,img_1470.jpg,FALSE
1470,Military Dictionary,EFIS (electronic flight instrument (action) system),,,,tổ hợp thiết bị điện tử phục vụ bay,FALSE,,,img_1470.jpg,FALSE
1470,Military Dictionary,EFP (Explosively Formed Penetrator),,,,"đầu xuyên nổ định hình, đầu nổ lõm",FALSE,,,img_1470.jpg,FALSE
1470,Military Dictionary,EFS (effective fighting strength),,,,thành phần chiến đấu hiện có; lực lượng chiến đấu hiện có,FALSE,,,img_1470.jpg,FALSE
1470,Military Dictionary,EFST (essential fire support task),,,,nhiệm vụ chi viện hỏa lực chủ yếu,FALSE,,,img_1470.jpg,FALSE
1470,Military Dictionary,EFTO (encrypt for transmission only),,,,mã truyền,FALSE,,,img_1470.jpg,FALSE
1470,Military Dictionary,EFVS (Electronic Fighting Vehicle System (US)),,,,hệ thống điện tử trên xe chiến đấu (Mỹ),FALSE,,,img_1470.jpg,FALSE
1470,Military Dictionary,EG (expert gunner),,,,pháo thủ thiện xạ,FALSE,,,img_1470.jpg,FALSE
1470,Military Dictionary,EG (External Gun),,,,"pháo ngoài xe, pháo ngoài (xe tăng)",FALSE,,,img_1470.jpg,FALSE
1470,Military Dictionary,egcr (experimental gas-cooled reactor),,,,lò phản ứng thực nghiệm được làm lạnh bằng khí,FALSE,,,img_1470.jpg,FALSE
1470,Military Dictionary,EGS (Earth ground station),,,,trạm nghiên cứu mặt đất,FALSE,,,img_1470.jpg,FALSE
1470,Military Dictionary,EGT (exhaust gas temperature),,,,nhiệt độ khí xả,FALSE,,,img_1470.jpg,FALSE
1471,Military Dictionary,EHF; ehf (extreme-high frequency (30.000 - 300.000Mc)),,,,"tần số siêu cao, siêu cao tần (30.000 - 300.000MHz)",FALSE,,,img_1471.jpg,FALSE
1471,Military Dictionary,EHP (effective horsepower),,,,mã lực hiệu dụng,FALSE,,,img_1471.jpg,FALSE
1471,Military Dictionary,ehp (equivalent horsepower),,,,mã lực (lực đẩy) tương đương,FALSE,,,img_1471.jpg,FALSE
1471,Military Dictionary,ehv (extra-high voltage),,,,"thế hiệu điện siêu cao, siêu cao thế",FALSE,,,img_1471.jpg,FALSE
1471,Military Dictionary,EI (exercise item),,,,khoa mục diễn tập; khoa mục huấn luyện,FALSE,,,img_1471.jpg,FALSE
1471,Military Dictionary,EIA (Electronic Industries Association),,,,hiệp hội công nghiệp điện tử,FALSE,,,img_1471.jpg,FALSE
1471,Military Dictionary,EIBAD (Expert Infantryman Badge),,,,huy hiệu người lính bộ binh xuất sắc,FALSE,,,img_1471.jpg,FALSE
1471,Military Dictionary,EICAS (engine indication (and) crew alerting system),,,,hệ thống chỉ thị các thông số động cơ và báo ngay cho đội bay (tổ lái),FALSE,,,img_1471.jpg,FALSE
1471,Military Dictionary,E-in-C (Engineer-in-Chief),,,,kỹ sư trưởng; người chỉ huy lực lượng công binh; chủ nhiệm công binh; tư lệnh (trưởng) binh chủng công binh,FALSE,,,img_1471.jpg,FALSE
1471,Military Dictionary,EIS (entry into service),,,,nhập ngũ,FALSE,,,img_1471.jpg,FALSE
1471,Military Dictionary,EIS (Environmental Impact Statement),,,,tuyên bố về ảnh hưởng môi trường,FALSE,,,img_1471.jpg,FALSE
1471,Military Dictionary,ekW (equivalent kilowatts),,,,công suất tương đương (hệ đơn vị quốc tế dùng để đo lực đẩy của động cơ tuabin cánh quạt),FALSE,,,img_1471.jpg,FALSE
1471,Military Dictionary,el (elevation),,,,"sự nâng lên; sự đưa lên, sự giương lên; góc tầm (hợp bởi giữa nòng súng và mặt phẳng)",FALSE,,,img_1471.jpg,FALSE
1471,Military Dictionary,EL (emitter locator),,,,"thiết bị định vị nguồn phát (âm, sóng điện...)",FALSE,,,img_1471.jpg,FALSE
1471,Military Dictionary,EL (equipment list),,,,danh mục trang thiết bị,FALSE,,,img_1471.jpg,FALSE
1471,Military Dictionary,ELBA (emergency locator beacon),,,,tín hiệu định vị khẩn cấp,FALSE,,,img_1471.jpg,FALSE
1471,Military Dictionary,ELCAS (elevated causeway system),,,,hệ thống cầu tàu được nâng cao,FALSE,,,img_1471.jpg,FALSE
1471,Military Dictionary,ELCAS(M) (elevated causeway system (modular)),,,,hệ thống cầu tàu được nâng cao (tháo lắp được),FALSE,,,img_1471.jpg,FALSE
1471,Military Dictionary,ELCAS(NL) (elevated causeway system (Navy lighterage)),,,,hệ thống cầu tàu được nâng cao (xà lan hải quân),FALSE,,,img_1471.jpg,FALSE
1471,Military Dictionary,elct (electronic),,,,điện tử; (thuộc) điện tử,FALSE,,,img_1471.jpg,FALSE
1471,Military Dictionary,elct (electronics),,,,điện tử,FALSE,,,img_1471.jpg,FALSE
1471,Military Dictionary,ELD (eye-level display),,,,màn hiển thị ngang tầm mắt,FALSE,,,img_1471.jpg,FALSE
1471,Military Dictionary,ELDO (European Launcher Development Organization),,,,tổ chức công nghiệp châu Âu nghiên cứu tên lửa mang,FALSE,,,img_1471.jpg,FALSE
1471,Military Dictionary,elec (electric; electricity),,,,"thuộc về điện,",FALSE,,,img_1471.jpg,FALSE
1471,Military Dictionary,Elec (electrician),,,,thợ điện,FALSE,,,img_1471.jpg,FALSE
1471,Military Dictionary,ELEC COMM (electrical communications),,,,thông tin liên lạc bằng điện,FALSE,,,img_1471.jpg,FALSE
1471,Military Dictionary,electron (electronic(s)),,,,"điện tử, điện tử học",FALSE,,,img_1471.jpg,FALSE
1471,Military Dictionary,ELECTRO-OPTINT (electro-optical intelligence),,,,tình báo điện tử - quang học; trinh sát bằng phương tiện điện - quang,FALSE,,,img_1471.jpg,FALSE
1471,Military Dictionary,ELEV (elevation),,,,sự nâng cao; sự ngắm về tầm,FALSE,,,img_1471.jpg,FALSE
1471,Military Dictionary,ELF (electronic location finder),,,,máy định vị điện tử,FALSE,,,img_1471.jpg,FALSE
1471,Military Dictionary,ELF (extreme low frequency),,,,tần số cực thấp,FALSE,,,img_1471.jpg,FALSE
1471,Military Dictionary,elf (extra-low frequency),,,,tần số cực thấp,FALSE,,,img_1471.jpg,FALSE
1471,Military Dictionary,"ELGMT (erector-launcher, guided missile, transportable)",,,,bệ nâng - phóng vận chuyển được dùng cho tên lửa có điều khiển,FALSE,,,img_1471.jpg,FALSE
1471,Military Dictionary,ELIM (eliminate),,,,loại bỏ,FALSE,,,img_1471.jpg,FALSE
1471,Military Dictionary,ELINT (electronic intelligence),,,,tình báo điện tử; trinh sát điện tử,FALSE,,,img_1471.jpg,FALSE
1471,Military Dictionary,ELKE (Elevated Kinetic Energy Weapon (US)),,,,vũ khí động năng góc bắn cao; đạn động năng góc bắn cao (Mỹ),FALSE,,,img_1471.jpg,FALSE
1471,Military Dictionary,ELLA (European Long Lines Agency),,,,hãng thông tin liên lạc đường dài châu Âu,FALSE,,,img_1471.jpg,FALSE
1471,Military Dictionary,ELM; elm (element),,,,thành phần; bộ phận; phân đội; cặp (máy bay),FALSE,,,img_1471.jpg,FALSE
1471,Military Dictionary,ELOS (extended line of sight),,,,đường ngắm kéo dài,FALSE,,,img_1471.jpg,FALSE
1471,Military Dictionary,ELR (extra-long-range aircraft),,,,máy bay có tầm hoạt động cực xa,FALSE,,,img_1471.jpg,FALSE
1471,Military Dictionary,ELS (Electromagnetic Launcher System),,,,tổ hợp phóng điện từ,FALSE,,,img_1471.jpg,FALSE
1472,Military Dictionary,ELS (emergency landing system),,,,hệ thống hạ cánh khẩn cấp,FALSE,,,img_1472.jpg,FALSE
1472,Military Dictionary,ELS (emitter location system),,,,hệ thống định vị nguồn phát,FALSE,,,img_1472.jpg,FALSE
1472,Military Dictionary,ELSEC (electronic security),,,,"biện pháp nguỵ trang chống rada, biện pháp nguỵ trang chống định vị bằng vô tuyến",FALSE,,,img_1472.jpg,FALSE
1472,Military Dictionary,ELSEC (electronics security),,,,an ninh điện tử; sự bảo đảm bí mật hoạt động của phương tiện điện tử,FALSE,,,img_1472.jpg,FALSE
1472,Military Dictionary,ELSS (environmental life support system),,,,hệ thống bảo đảm sự sống trong môi trường; hệ thống bảo đảm độ bền của trang bị kỹ thuật phục vụ tác chiến,FALSE,,,img_1472.jpg,FALSE
1472,Military Dictionary,ELT (emergency locator transmitter),,,,"máy phát tín hiệu xác định vị trí cấp cứu (máy bay, tàu biển)",FALSE,,,img_1472.jpg,FALSE
1472,Military Dictionary,ELV (expendable launch vehicle),,,,phương tiện mang phóng sử dụng một lần,FALSE,,,img_1472.jpg,FALSE
1472,Military Dictionary,ELVA (emergency low visibility approach),,,,sự tiếp cận khẩn cấp trong điều kiện tầm nhìn hạn chế,FALSE,,,img_1472.jpg,FALSE
1472,Military Dictionary,EM (electromagnetic),,,,(thuộc) điện từ,FALSE,,,img_1472.jpg,FALSE
1472,Military Dictionary,EM (emergency maintenance),,,,sự bảo dưỡng khẩn cấp,FALSE,,,img_1472.jpg,FALSE
1472,Military Dictionary,EM (enlisted man),,,,"chiến sĩ, binh nhì",FALSE,,,img_1472.jpg,FALSE
1472,Military Dictionary,EM (enlisted men),,,,"đội ngũ hạ sĩ quan chiến sĩ, đội ngũ binh sĩ",FALSE,,,img_1472.jpg,FALSE
1472,Military Dictionary,EMATT (expendable mobile ASW training target),,,,mục tiêu huấn luyện chống ngầm sử dụng một lần,FALSE,,,img_1472.jpg,FALSE
1472,Military Dictionary,emb; embkn (embarkation),,,,"sự cho lên tàu, xếp tải",FALSE,,,img_1472.jpg,FALSE
1472,Military Dictionary,EMC (electromagnetic compatibility),,,,khả năng tương hợp điện từ; tính tương thích điện từ,FALSE,,,img_1472.jpg,FALSE
1472,Military Dictionary,EMC (Executive Management Committee),,,,uỷ ban quản lý điều hành,FALSE,,,img_1472.jpg,FALSE
1472,Military Dictionary,EMCCC (European Military Communication Coordinating Committee),,,,uỷ ban liên hợp thông tin liên lạc quân sự châu Âu của liên quân NATO,FALSE,,,img_1472.jpg,FALSE
1472,Military Dictionary,EMCON (emission control),,,,kiểm soát bức xạ điện từ,FALSE,,,img_1472.jpg,FALSE
1472,Military Dictionary,EMCON (emission control (order)),,,,mệnh lệnh kiểm soát bức xạ điện từ,FALSE,,,img_1472.jpg,FALSE
1472,Military Dictionary,EMCON orders (emission control orders),,,,các lệnh kiểm soát bức xạ điện từ,FALSE,,,img_1472.jpg,FALSE
1472,Military Dictionary,EMD (Engineering and Manufacturing Development),,,,sự phát triển kỹ thuật và chế tạo,FALSE,,,img_1472.jpg,FALSE
1472,Military Dictionary,EME (electromagnetic environment),,,,"môi trường điện từ, phương tiện (kỹ thuật) bảo đảm tác chiến điện từ",FALSE,,,img_1472.jpg,FALSE
1472,Military Dictionary,EMEDS (Expeditionary Medical Support),,,,sự bảo đảm quân y viễn chinh,FALSE,,,img_1472.jpg,FALSE
1472,Military Dictionary,EMERG; emerg (emergency),,,,khẩn cấp; tình trạng khẩn cấp; trường hợp đặc biệt,FALSE,,,img_1472.jpg,FALSE
1472,Military Dictionary,EMG (electro-magnetic gun),,,,pháo điện từ,FALSE,,,img_1472.jpg,FALSE
1472,Military Dictionary,EMG (externally mounted gun),,,,pháo lắp ngoài xe,FALSE,,,img_1472.jpg,FALSE
1472,Military Dictionary,EMI (electromagnetic interface),,,,giao diện điện từ,FALSE,,,img_1472.jpg,FALSE
1472,Military Dictionary,EMI (electromagnetic interference),,,,can nhiễu điện từ,FALSE,,,img_1472.jpg,FALSE
1472,Military Dictionary,EML (electro - magnetic launcher),,,,bệ phóng bằng điện từ; pháo điện từ,FALSE,,,img_1472.jpg,FALSE
1472,Military Dictionary,EML (equipment modification list),,,,danh mục bổ sung trang bị (thay đổi phù hợp với bảng biên chế),FALSE,,,img_1472.jpg,FALSE
1472,Military Dictionary,EMP (electromagnetic pulse),,,,xung điện từ,FALSE,,,img_1472.jpg,FALSE
1472,Military Dictionary,EMP (engineering mine plough),,,,cày phá mìn công binh,FALSE,,,img_1472.jpg,FALSE
1472,Military Dictionary,empl (emplacement),,,,"công sự hoả lực; trận địa hoả lực được thiết bị; sự triển khai vào trận địa, sự đưa vào vị trí chiến đấu",FALSE,,,img_1472.jpg,FALSE
1472,Military Dictionary,empl (employment),,,,"sự ứng dụng, sự sử dụng",FALSE,,,img_1472.jpg,FALSE
1472,Military Dictionary,EMR (equipment maintenance record),,,,tính toán bảo dưỡng kỹ thuật,FALSE,,,img_1472.jpg,FALSE
1472,Military Dictionary,EMR hazards (electromagnetic radiation hazards),,,,các rủi ro về bức xạ điện từ,FALSE,,,img_1472.jpg,FALSE
1472,Military Dictionary,EMS (emergency medical service),,,,cấp cứu quân y,FALSE,,,img_1472.jpg,FALSE
1472,Military Dictionary,EMS (enhanced mobility system),,,,hệ thống tăng cường sức cơ động,FALSE,,,img_1472.jpg,FALSE
