source_page,dictionary_name,word,phonetic,part_of_speech_raw,part_of_speech_code,meaning_vi,is_subentry,example_en,example_vi,image_path,reviewed
1563,Military Dictionary,MARDI (mobile advanced robotic defence initiative),,,,sáng kiến phòng thủ cơ động bằng rôbôt cao cấp,FALSE,,,img_1563.jpg,FALSE
1563,Military Dictionary,MarDiv; MarDiv (marine division),,,,"sư đoàn lính thuỷ đánh bộ, sư đoàn thuỷ quân lục chiến",FALSE,,,img_1563.jpg,FALSE
1563,Military Dictionary,MAREQ (military assistance requirement),,,,nhu cầu viện trợ quân sự,FALSE,,,img_1563.jpg,FALSE
1563,Military Dictionary,MARFOR (Marine Corps forces),,,,các lực lượng (của binh chủng) thuỷ quân lục chiến,FALSE,,,img_1563.jpg,FALSE
1563,Military Dictionary,"MARFOREUR (Marine Corps Forces, Europe)",,,,các lực lượng thuỷ quân lục chiến ở châu Âu,FALSE,,,img_1563.jpg,FALSE
1563,Military Dictionary,"MARFORLANT (Marine Corps Forces, Atlantic)",,,,các lực lượng thuỷ quân lục chiến ở Đại Tây Dương,FALSE,,,img_1563.jpg,FALSE
1563,Military Dictionary,"MARFORPAC (Marine Corps Forces, Pacific)",,,,các lực lượng thuỷ quân lục chiến ở Thái Bình Dương,FALSE,,,img_1563.jpg,FALSE
1563,Military Dictionary,MARINCEN (Maritime Intelligence Center),,,,trung tâm tình báo thuỷ quân lục chiến,FALSE,,,img_1563.jpg,FALSE
1563,Military Dictionary,MARINT SUM (maritime intelligence summary),,,,(bản) báo cáo tổng hợp tình báo đường biển,FALSE,,,img_1563.jpg,FALSE
1563,Military Dictionary,MARLO (Marine liaison officer),,,,sĩ quan thông tin liên lạc thuỷ quân lục chiến,FALSE,,,img_1563.jpg,FALSE
1563,Military Dictionary,MAROP (marine operators),,,,bác sĩ phẫu thuật thuỷ quân lục chiến,FALSE,,,img_1563.jpg,FALSE
1563,Military Dictionary,MARRS (modular armored repair and recovery system),,,,tổ hợp xe bọc thép sửa chữa và cứu kéo môđun hóa,FALSE,,,img_1563.jpg,FALSE
1563,Military Dictionary,MARS (Manned Astronomical Research Station),,,,trạm nghiên cứu vũ trụ có người điều khiển,FALSE,,,img_1563.jpg,FALSE
1563,Military Dictionary,MARS (Military Affiliate Radio System),,,,hệ thống vô tuyến điện quân sự hợp nhất,FALSE,,,img_1563.jpg,FALSE
1563,Military Dictionary,MARS (military amphibious reconnaissance system),,,,hệ thống trinh sát đổ bộ (đường biển),FALSE,,,img_1563.jpg,FALSE
1563,Military Dictionary,MARS (mobile automatic reporting system),,,,hệ thống tự động báo cáo đặt trên xe,FALSE,,,img_1563.jpg,FALSE
1563,Military Dictionary,MARS (modular airborne recording system),,,,tổ hợp thu ghi môđun hóa (đặt) trên máy bay,FALSE,,,img_1563.jpg,FALSE
1563,Military Dictionary,MARS (multi-access retrieval system),,,,tổ hợp tìm tin đa truy cập,FALSE,,,img_1563.jpg,FALSE
1563,Military Dictionary,MART (mobile Automatic Digital Network (AUTODIN) remote terminal),,,,trạm đầu cuối ở xa của mạng tự động kỹ thuật số di động,FALSE,,,img_1563.jpg,FALSE
1563,Military Dictionary,MARTEL (missile anti-radar & television),,,,"tên lửa chống rada và (trạm) truyền hình, tên lửa MARTEL",FALSE,,,img_1563.jpg,FALSE
1563,Military Dictionary,MArty (medium artillery),,,,"pháo cỡ trung, pháo hạng trung",FALSE,,,img_1563.jpg,FALSE
1563,Military Dictionary,MARV (maneuverable anti-radar vehicle),,,,máy bay chống phát hiện của rada; tên lửa chống phát hiện của rada; xe chống phát hiện của rada,FALSE,,,img_1563.jpg,FALSE
1563,Military Dictionary,MARV (maneuvering reentry vehicle),,,,khoang trở về khí quyển mang nhiều đầu đạn (hạt nhân) cơ động tiến công mục tiêu (theo lập trình),FALSE,,,img_1563.jpg,FALSE
1563,Military Dictionary,MAS (Military Agency for Standardization),,,,cục tiêu chuẩn hoá quân sự,FALSE,,,img_1563.jpg,FALSE
1563,Military Dictionary,MASA (Military Automotive Supply Agency),,,,cục cung cấp xe cơ giới quân sự,FALSE,,,img_1563.jpg,FALSE
1563,Military Dictionary,MASCAL (mass casualty),,,,"bị sát thương hàng loạt, bị thương vong lớn",FALSE,,,img_1563.jpg,FALSE
1563,Military Dictionary,MASF (mobile aeromedical staging facility),,,,phương tiện bảo đảm quân y hàng không triển khai di động,FALSE,,,img_1563.jpg,FALSE
1563,Military Dictionary,MASH (manned anti-submarine helicopter),,,,máy bay trực thăng có người lái chống tàu ngầm,FALSE,,,img_1563.jpg,FALSE
1563,Military Dictionary,MASH (mobile army surgical hospital),,,,bệnh viện ngoại khoa cơ động của lục quân,FALSE,,,img_1563.jpg,FALSE
1563,Military Dictionary,MASINT (measurement and signature intelligence),,,,lĩnh vực tình báo về đo lường và chữ ký,FALSE,,,img_1563.jpg,FALSE
1563,Military Dictionary,MASSCAI (mass casualties),,,,"tổn thất hàng loạt, tổn thất do vũ khí giết người hàng loạt",FALSE,,,img_1563.jpg,FALSE
1564,Military Dictionary,MAST (military anti-shock trousers),,,,quần giảm chấn quân dụng,FALSE,,,img_1564.jpg,FALSE
1564,Military Dictionary,MAST (military assistance to safety and traffic),,,,sự hỗ trợ quân sự đối với an toàn và giao thông,FALSE,,,img_1564.jpg,FALSE
1564,Military Dictionary,MAST (mobile ashore support terminal),,,,trạm đầu cuối bảo đảm phục vụ cơ động trên bờ,FALSE,,,img_1564.jpg,FALSE
1564,Military Dictionary,MAST (medium altitude supersonic target),,,,mục tiêu di động siêu âm ở độ cao trung bình,FALSE,,,img_1564.jpg,FALSE
1564,Military Dictionary,MASTER (military aircraft satcoms terminal),,,,trạm thông tin liên lạc đầu cuối vệ tinh (đặt) trên máy bay quân sự,FALSE,,,img_1564.jpg,FALSE
1564,Military Dictionary,MAT (manned antitank rocket),,,,tên lửa chống tăng có điều khiển,FALSE,,,img_1564.jpg,FALSE
1564,Military Dictionary,mat (materiel),,,,"vật liệu quân dụng, vật chất - khí tài, trang bị kỹ thuật (chiến đấu)",FALSE,,,img_1564.jpg,FALSE
1564,Military Dictionary,MATA (military assistance training advisor),,,,cố vấn huấn luyện quân sự,FALSE,,,img_1564.jpg,FALSE
1564,Military Dictionary,MATC (Marine air traffic control),,,,sự kiểm soát không lưu của thuỷ quân lục chiến,FALSE,,,img_1564.jpg,FALSE
1564,Military Dictionary,MATCALS (Marine air traffic control and landing system),,,,hệ thống kiểm soát không lưu và hạ cánh của thuỷ quân lục chiến,FALSE,,,img_1564.jpg,FALSE
1564,Military Dictionary,MATCH (manned anti-submarine troop-carrying helicopter),,,,máy bay trực thăng có người lái chở quân chống ngầm,FALSE,,,img_1564.jpg,FALSE
1564,Military Dictionary,MATCH (medium anti-submarine torpedo carrying helicopter),,,,máy bay trực thăng hạng trung mang ngư lôi chống ngầm,FALSE,,,img_1564.jpg,FALSE
1564,Military Dictionary,MATP (military assistance training program),,,,chương trình viện trợ quân sự trong huấn luyện,FALSE,,,img_1564.jpg,FALSE
1564,Military Dictionary,MATS (Military Air Transport Service),,,,dịch vụ vận tải bằng máy bay quân sự,FALSE,,,img_1564.jpg,FALSE
1564,Military Dictionary,MATS (military aircraft target system),,,,hệ thống mục tiêu (máy) bay quân dụng,FALSE,,,img_1564.jpg,FALSE
1564,Military Dictionary,MATS (model aircraft target system),,,,hệ thống mô hình máy bay mục tiêu,FALSE,,,img_1564.jpg,FALSE
1564,Military Dictionary,MATTS (multiple airborne target trajectory system),,,,hệ thống mô phỏng mục tiêu trên không đa quỹ đạo,FALSE,,,img_1564.jpg,FALSE
1564,Military Dictionary,MATZ (military air-traffic zone),,,,vùng không lưu quân sự,FALSE,,,img_1564.jpg,FALSE
1564,Military Dictionary,MAU (marine amphibious unit),,,,đơn vị thủy quân lục chiến đổ bộ đường biển (cỡ tiểu đoàn),FALSE,,,img_1564.jpg,FALSE
1564,Military Dictionary,MAV (maintenance assist vehicle),,,,xe (hỗ trợ) bảo dưỡng,FALSE,,,img_1564.jpg,FALSE
1564,Military Dictionary,MAVD (MLRS aim verification device),,,,khí tài thẩm định đường ngắm pháo phản lực bắn loạt,FALSE,,,img_1564.jpg,FALSE
1564,Military Dictionary,MAW (Marine air wing),,,,phi đoàn không quân của thuỷ quân lục chiến; (hq) liên đoàn không quân của hải quân,FALSE,,,img_1564.jpg,FALSE
1564,Military Dictionary,MAW (medium antitank assault weapon),,,,vũ khí chống tăng tầm trung,FALSE,,,img_1564.jpg,FALSE
1564,Military Dictionary,MAW (missile approach warning system),,,,hệ thống cảnh báo tên lửa tiếp cận,FALSE,,,img_1564.jpg,FALSE
1564,Military Dictionary,MAW (mountain & arctic warfare),,,,tác chiến vùng núi và vùng địa cực,FALSE,,,img_1564.jpg,FALSE
1564,Military Dictionary,MAWTS (marine aviation weapon & tactics squadron),,,,cục vũ khí và chiến thuật không quân của lính thuỷ đánh bộ,FALSE,,,img_1564.jpg,FALSE
1564,Military Dictionary,max (maximum),,,,cực đại; tối đa,FALSE,,,img_1564.jpg,FALSE
1564,Military Dictionary,MB (medium boat),,,,tàu thuyền hạng trung,FALSE,,,img_1564.jpg,FALSE
1564,Military Dictionary,MB (megabyte),,,,mêga bai (đơn vị kỹ thuật số),FALSE,,,img_1564.jpg,FALSE
1564,Military Dictionary,MB (missile battalion),,,,tiểu đoàn tên lửa,FALSE,,,img_1564.jpg,FALSE
1564,Military Dictionary,MB (missile bomber),,,,"máy bay ném bom có trang bị tên lửa, máy bay ném bom mang tên lửa",FALSE,,,img_1564.jpg,FALSE
1564,Military Dictionary,MB (Munitions Board),,,,"uỷ ban quân bị, uỷ ban trang bị",FALSE,,,img_1564.jpg,FALSE
1564,Military Dictionary,MBA (main battle area),,,,khu vực tác chiến chủ yếu,FALSE,,,img_1564.jpg,FALSE
1564,Military Dictionary,MBA (minimum burst altitude),,,,độ cao tối thiểu của vụ nổ (hạt nhân),FALSE,,,img_1564.jpg,FALSE
1564,Military Dictionary,MBAR (multiple beam acquisition radar),,,,rada bắt bám mục tiêu nhiều tia,FALSE,,,img_1564.jpg,FALSE
1564,Military Dictionary,MBBLs (thousands of barrels),,,,hàng ngàn thùng,FALSE,,,img_1564.jpg,FALSE
1564,Military Dictionary,MBC (Military Budget Commitee),,,,uỷ ban ngân sách quân sự,FALSE,,,img_1564.jpg,FALSE
1565,Military Dictionary,MBC (mortar ballistic computer),,,,máy tính phần tử bắn (súng) cối,FALSE,,,img_1565.jpg,FALSE
1565,Military Dictionary,MBI (major budget issue),,,,vấn đề chính của ngân sách,FALSE,,,img_1565.jpg,FALSE
1565,Military Dictionary,MBI (may be issued),,,,(trang bị vũ khí) có thể cấp phát,FALSE,,,img_1565.jpg,FALSE
1565,Military Dictionary,MBL (main battle line),,,,tuyến phòng ngự chủ yếu; dải phòng ngự phía trước,FALSE,,,img_1565.jpg,FALSE
1565,Military Dictionary,mbl (mobile),,,,"di động, cơ động",FALSE,,,img_1565.jpg,FALSE
1565,Military Dictionary,MBL (motor lifeboat),,,,tàu cứu sinh có động cơ,FALSE,,,img_1565.jpg,FALSE
1565,Military Dictionary,mbl catk force (mobile counterattack force),,,,lực lượng cơ động phản kích,FALSE,,,img_1565.jpg,FALSE
1565,Military Dictionary,mbl def (mobile defense),,,,phòng ngự cơ động,FALSE,,,img_1565.jpg,FALSE
1565,Military Dictionary,mbl def (mobility defense),,,,phòng ngự cơ động,FALSE,,,img_1565.jpg,FALSE
1565,Military Dictionary,mblty (mobility),,,,khả năng cơ động,FALSE,,,img_1565.jpg,FALSE
1565,Military Dictionary,MBRLS (multi-barrel rocket launching system),,,,"tổ hợp phóng rốcket nhiều nòng, giàn (phóng) rốcket, giàn pháo phản lực",FALSE,,,img_1565.jpg,FALSE
1565,Military Dictionary,MBRV (maneuverable ballistic re-entry vehicle),,,,khoang chiến đấu (hạt nhân) trở về khí quyển (của) tên lửa đạn đạo cơ động tiến công mục tiêu (theo lập trình),FALSE,,,img_1565.jpg,FALSE
1565,Military Dictionary,Mbs (megabits per second),,,,mêga bít (đơn vị thông tin máy tính),FALSE,,,img_1565.jpg,FALSE
1565,Military Dictionary,MBT (main battle tank),,,,xe tăng chiến đấu chủ lực (có trong trang bị của lực lượng tăng thiết giáp),FALSE,,,img_1565.jpg,FALSE
1565,Military Dictionary,MC (Marine Corps),,,,"binh chủng lính thuỷ đánh bộ, binh chủng thuỷ quân lục chiến",FALSE,,,img_1565.jpg,FALSE
1565,Military Dictionary,MC (Medical Corps),,,,ngành quân y,FALSE,,,img_1565.jpg,FALSE
1565,Military Dictionary,mc (megacycle),,,,mêga xích,FALSE,,,img_1565.jpg,FALSE
1565,Military Dictionary,MC (message center),,,,trung tâm thu phát điện báo,FALSE,,,img_1565.jpg,FALSE
1565,Military Dictionary,MC (military community),,,,cộng đồng quân sự,FALSE,,,img_1565.jpg,FALSE
1565,Military Dictionary,MC (missile control),,,,sự điều khiển tên lửa; (hệ thống) điều khiển tên lửa,FALSE,,,img_1565.jpg,FALSE
1565,Military Dictionary,MC (missile crew),,,,pháo thủ (tên lửa),FALSE,,,img_1565.jpg,FALSE
1565,Military Dictionary,MC (mission-capable),,,,có khả năng hoàn thành nhiệm vụ,FALSE,,,img_1565.jpg,FALSE
1565,Military Dictionary,MC (movement control),,,,sự điều chỉnh cơ động (của phương tiện vận tải),FALSE,,,img_1565.jpg,FALSE
1565,Military Dictionary,MCA (maximum calling area),,,,khu vực gọi (hoả lực chi viện) tối đa,FALSE,,,img_1565.jpg,FALSE
1565,Military Dictionary,MCA (military civic action),,,,hoạt động dân sự của quân sự,FALSE,,,img_1565.jpg,FALSE
1565,Military Dictionary,MCA (mission concept approval),,,,phê chuẩn ý định nhiệm vụ,FALSE,,,img_1565.jpg,FALSE
1565,Military Dictionary,MCA (movement control agency),,,,cơ quan điều hành vận chuyển,FALSE,,,img_1565.jpg,FALSE
1565,Military Dictionary,MCAP (maximum calling area precedence),,,,quyền ưu tiên khu vực gọi tối đa,FALSE,,,img_1565.jpg,FALSE
1565,Military Dictionary,MCAS (Marine Corps air station),,,,căn cứ không quân của thuỷ quân lục chiến,FALSE,,,img_1565.jpg,FALSE
1565,Military Dictionary,MCATT (multi-weapon combined arms tactical trainer),,,,thiết bị huấn luyện chiến thuật quân chủng hợp thành đa vũ khí,FALSE,,,img_1565.jpg,FALSE
1565,Military Dictionary,MCB (mobile construction battalion),,,,tiểu đoàn công binh công trình cơ động,FALSE,,,img_1565.jpg,FALSE
1565,Military Dictionary,"MCC (management, command & control)",,,,"(phương thức) quản lý, chỉ huy và kiểm soát",FALSE,,,img_1565.jpg,FALSE
1565,Military Dictionary,MCC (Marine component commander),,,,tư lệnh (trưởng) bộ phận hợp thành thuỷ quân lục chiến,FALSE,,,img_1565.jpg,FALSE
1565,Military Dictionary,MCC (master control center),,,,trung tâm kiểm soát chủ đạo,FALSE,,,img_1565.jpg,FALSE
1565,Military Dictionary,MCC (Military Coordinating Committee),,,,uỷ ban hợp tác quân sự; uỷ ban quân sự phối hợp,FALSE,,,img_1565.jpg,FALSE
1565,Military Dictionary,MCC (missile control center),,,,trung tâm điều khiển tên lửa; trung tâm chỉ huy tên lửa,FALSE,,,img_1565.jpg,FALSE
1565,Military Dictionary,MCC (missile control console),,,,bàn điều khiển tên lửa,FALSE,,,img_1565.jpg,FALSE
1565,Military Dictionary,MCC (mission control center),,,,trung tâm chỉ huy phi vụ (xuất kích),FALSE,,,img_1565.jpg,FALSE
1565,Military Dictionary,MCC (mobile command centre),,,,"trung tâm chỉ huy cơ động, sở chỉ huy trên xe; xe chỉ huy",FALSE,,,img_1565.jpg,FALSE
1565,Military Dictionary,MCC (mobility control center),,,,trung tâm kiểm soát cơ động,FALSE,,,img_1565.jpg,FALSE
1566,Military Dictionary,MCC (movement control center),,,,trung tâm điều hành vận chuyển,FALSE,,,img_1566.jpg,FALSE
1566,Military Dictionary,"MCC/I/O (mine countermeasures vessel, coastal/inshore/offshore)",,,,"tàu chống thuỷ lôi bờ biển, gần bờ và xa bờ",FALSE,,,img_1566.jpg,FALSE
1566,Military Dictionary,MCCC (mobile consolidated command center),,,,trung tâm chỉ huy hợp nhất cơ động,FALSE,,,img_1566.jpg,FALSE
1566,Military Dictionary,MCCD (ministerial committee on civil defense),,,,uỷ ban liên bộ về phòng thủ dân sự,FALSE,,,img_1566.jpg,FALSE
1566,Military Dictionary,MCCDC (Marine Corps Combat Development Command),,,,bộ chỉ huy tổ chức lực lượng và huấn luyện chiến đấu của thuỷ quân lục chiến,FALSE,,,img_1566.jpg,FALSE
1566,Military Dictionary,"MCCISWG (military command, control, and information systems working group)",,,,"nhóm tác nghiệp các hệ thống chỉ huy, kiểm soát và thông tin quân sự",FALSE,,,img_1566.jpg,FALSE
1566,Military Dictionary,"MCCISWG (military command, control & information system working group)",,,,"nhóm điều hành hệ thống chỉ huy, kiểm soát và thông tin quân sự",FALSE,,,img_1566.jpg,FALSE
1566,Military Dictionary,MCCP (main communications control panel),,,,bảng điều khiển thông tin liên lạc chính,FALSE,,,img_1566.jpg,FALSE
1566,Military Dictionary,MCCS (Marconi Command and Control Systems),,,,hệ thống chỉ huy và điều khiển qua vô tuyến điện,FALSE,,,img_1566.jpg,FALSE
1566,Military Dictionary,MCCS (mine countermeasures control system),,,,hệ thống điều khiển phương tiện phát hiện và tháo gỡ mìn,FALSE,,,img_1566.jpg,FALSE
1566,Military Dictionary,MCD (medical crew director),,,,đội trưởng đội quân y,FALSE,,,img_1566.jpg,FALSE
1566,Military Dictionary,MCDS (modular cargo delivery system),,,,hệ thống phân phát hàng hoá tháo lắp được,FALSE,,,img_1566.jpg,FALSE
1566,Military Dictionary,MCDU (multi-function control and display unit),,,,hệ thống điều khiển và hiển thị đa năng,FALSE,,,img_1566.jpg,FALSE
1566,Military Dictionary,MCE (Ministerial Committee on Emergencies),,,,uỷ ban liên bộ về các biện pháp khẩn cấp,FALSE,,,img_1566.jpg,FALSE
1566,Military Dictionary,MCEB (Military Communications - Electronic Board),,,,hội đồng thông tin liên lạc - điện tử quân sự,FALSE,,,img_1566.jpg,FALSE
1566,Military Dictionary,MCEWG (Military Communications - Electronics Working Group),,,,nhóm tác nghiệp thông tin liên lạc - điện tử quân sự,FALSE,,,img_1566.jpg,FALSE
1566,Military Dictionary,mcflm (microfilm; microfilming),,,,"microphim, vi phim, chụp vi phim",FALSE,,,img_1566.jpg,FALSE
1566,Military Dictionary,MCIA (Marine Corps Intelligence Activity),,,,hoạt động tình báo của thuỷ quân lục chiến; cơ quan tình báo thuỷ quân lục chiến,FALSE,,,img_1566.jpg,FALSE
1566,Military Dictionary,MCIO (military criminal investigation organization),,,,tổ chức điều tra tội phạm quân sự,FALSE,,,img_1566.jpg,FALSE
1566,Military Dictionary,MCL (Mid-Canada line),,,,"tuyến phát hiện vô tuyến định vị ""miền Trung Canada""",FALSE,,,img_1566.jpg,FALSE
1566,Military Dictionary,MCLOS (manual command to line-of-sight),,,,điều khiển theo đường ngắm bằng tay; lập lệnh theo đường ngắm không tự động,FALSE,,,img_1566.jpg,FALSE
1566,Military Dictionary,MCM (Manual for Courts-martial),,,,cẩm nang dùng cho toà án quân sự,FALSE,,,img_1566.jpg,FALSE
1566,Military Dictionary,MCM (military classification manual),,,,cẩm nang phân cấp tài liệu mật quân sự,FALSE,,,img_1566.jpg,FALSE
1566,Military Dictionary,MCM (mine countermeasures),,,,các biện pháp chống mìn và thuỷ lôi,FALSE,,,img_1566.jpg,FALSE
1566,Military Dictionary,mcm (missile-carrying missile),,,,tên lửa mang tên lửa,FALSE,,,img_1566.jpg,FALSE
1566,Military Dictionary,MCMG (Military Committee Meteorological Group (NATO)),,,,nhóm khí tượng của uỷ ban quân sự (liên quân NATO),FALSE,,,img_1566.jpg,FALSE
1566,Military Dictionary,MCMOPS (mine countermeasures operations),,,,tác chiến chống mìn và thuỷ lôi,FALSE,,,img_1566.jpg,FALSE
1566,Military Dictionary,MCMV (mine countermeasures vessel),,,,"tàu sử dụng các phương tiện tự phá thuỷ lôi, tàu phá thuỷ lôi không người lái",FALSE,,,img_1566.jpg,FALSE
1566,Military Dictionary,MCO (main civilian occupation),,,,chuyên môn dân sự chủ yếu,FALSE,,,img_1566.jpg,FALSE
1566,Military Dictionary,MCO (Marine Corps order),,,,điều lệnh thuỷ quân lục chiến,FALSE,,,img_1566.jpg,FALSE
1566,Military Dictionary,MCOO (modified combined obstacle overlay),,,,kỹ thuật rải lớp vật cản kết hợp cải tiến,FALSE,,,img_1566.jpg,FALSE
1567,Military Dictionary,MCP (missile control panel),,,,bảng điều khiển tên lửa,FALSE,,,img_1567.jpg,FALSE
1567,Military Dictionary,MCPO (master chief petty officer),,,,thượng sĩ,FALSE,,,img_1567.jpg,FALSE
1567,Military Dictionary,MCR (Marine Corps Reserve),,,,"lực lượng dự bị lính thuỷ đánh bộ, lực lượng dự bị của thuỷ quân lục chiến",FALSE,,,img_1567.jpg,FALSE
1567,Military Dictionary,MCRV (Mechanied Combat Repair Vehicle),,,,"xe cơ giới sửa chữa trong chiến đấu, công trình xa sửa chữa",FALSE,,,img_1567.jpg,FALSE
1567,Military Dictionary,MCS (maneuver control system),,,,hệ thống chỉ huy cơ động (chiến đấu),FALSE,,,img_1567.jpg,FALSE
1567,Military Dictionary,MCS (microclimate conditioning system),,,,hệ thống điều hòa vi khí hậu,FALSE,,,img_1567.jpg,FALSE
1567,Military Dictionary,MCS (mine countermeasures ship),,,,tàu phá thuỷ lôi,FALSE,,,img_1567.jpg,FALSE
1567,Military Dictionary,MCS (missile control system),,,,hệ thống điều khiển tên lửa,FALSE,,,img_1567.jpg,FALSE
1567,Military Dictionary,"MCS (mobility, countermobility, and/or survivability)",,,,"khả năng cơ động, chống cơ động và / hoặc khả năng sống sót",FALSE,,,img_1567.jpg,FALSE
1567,Military Dictionary,MCS (modular causeway system),,,,"hệ thống cầu tàu tháo lắp được, hệ thống cầu tàu môđun hóa",FALSE,,,img_1567.jpg,FALSE
1567,Military Dictionary,MCS (modular charge system),,,,bộ liều phóng môđun hóa,FALSE,,,img_1567.jpg,FALSE
1567,Military Dictionary,MCSF (mobile cryptologic support facility),,,,phương tiện bảo đảm hỗ trợ mật mã di động,FALSE,,,img_1567.jpg,FALSE
1567,Military Dictionary,MCSK (mine clearance system kit),,,,bộ quét thuỷ lôi trọn bộ,FALSE,,,img_1567.jpg,FALSE
1567,Military Dictionary,MCT (Medium Combat Tractor (US)),,,,xe kéo (bánh xích) hạng trung,FALSE,,,img_1567.jpg,FALSE
1567,Military Dictionary,MCT (medium combat truck),,,,xe chiến đấu bánh hơi hạng trung,FALSE,,,img_1567.jpg,FALSE
1567,Military Dictionary,MCT (movement control team),,,,đội điều chỉnh vận động,FALSE,,,img_1567.jpg,FALSE
1567,Military Dictionary,MCU (maintenance communications unit),,,,đơn vị bảo dưỡng thông tin liên lạc,FALSE,,,img_1567.jpg,FALSE
1567,Military Dictionary,MCU (missile control unit),,,,bộ điều khiển tên lửa,FALSE,,,img_1567.jpg,FALSE
1567,Military Dictionary,MCV (mechanised combat vehicle),,,,xe chiến đấu cơ giới hóa,FALSE,,,img_1567.jpg,FALSE
1567,Military Dictionary,MCW (modulated carrier wave),,,,sóng mang điều biến,FALSE,,,img_1567.jpg,FALSE
1567,Military Dictionary,MCWS (Minor Calibre Weapons Station (US)),,,,"trạm vũ khí thứ yếu (Mỹ), trạm vũ khí cỡ nòng phụ (dưới 30mm)",FALSE,,,img_1567.jpg,FALSE
1567,Military Dictionary,MCWS (minor calibre weapons station),,,,trạm vũ khí cỡ nòng phụ (dưới 30mm),FALSE,,,img_1567.jpg,FALSE
1567,Military Dictionary,MD (map distance),,,,khoảng cách theo bản đồ,FALSE,,,img_1567.jpg,FALSE
1567,Military Dictionary,MD (materiel developments),,,,nghiên cứu mô hình kỹ thuật chiến đấu và vũ khí mới,FALSE,,,img_1567.jpg,FALSE
1567,Military Dictionary,MD (military district),,,,đặc khu quân sự; quân khu,FALSE,,,img_1567.jpg,FALSE
1567,Military Dictionary,MD (missile division),,,,sư đoàn tên lửa; phòng tên lửa (bộ tham mưu),FALSE,,,img_1567.jpg,FALSE
1567,Military Dictionary,MDA (magnetic anomaly detector),,,,"thiết bị phát hiện dị từ trường, máy dò dị từ trường",FALSE,,,img_1567.jpg,FALSE
1567,Military Dictionary,MDA (mobile depot activity),,,,ngành kho lưu động,FALSE,,,img_1567.jpg,FALSE
1567,Military Dictionary,MDAA (Mutual Defense Assistance Act),,,,hiệp ước tương trợ phòng thủ chung,FALSE,,,img_1567.jpg,FALSE
1567,Military Dictionary,MDAP (Mutual Defense Assistance Program),,,,chương trình tương trợ bảo đảm an ninh chung,FALSE,,,img_1567.jpg,FALSE
1567,Military Dictionary,M-DARC (military direct access radar channel),,,,kênh rada quân sự truy cập trực tiếp,FALSE,,,img_1567.jpg,FALSE
1567,Military Dictionary,M-day (mobilization day),,,,ngày động viên,FALSE,,,img_1567.jpg,FALSE
1567,Military Dictionary,M-day (unnamed day on which mobilization of forces begins),,,,mật danh ngày bắt đầu động viên lực lượng,FALSE,,,img_1567.jpg,FALSE
1567,Military Dictionary,MDC (mine data centre),,,,trung tâm dữ liệu mìn; (hq) trung tâm dữ liệu thuỷ lôi,FALSE,,,img_1567.jpg,FALSE
1567,Military Dictionary,MDC (missile direction center),,,,trung tâm điều khiển tên lửa,FALSE,,,img_1567.jpg,FALSE
1567,Military Dictionary,MDF (Main Defense Forces (NATO)),,,,lực lượng phòng thủ chủ lực của liên quân NATO,FALSE,,,img_1567.jpg,FALSE
1567,Military Dictionary,MDF (main distribution frame),,,,khung phân phối chủ yếu,FALSE,,,img_1567.jpg,FALSE
1567,Military Dictionary,MDF (Maritime Defence Force (Nhật)),,,,lực lượng phòng vệ biển; hải quân phòng vệ,FALSE,,,img_1567.jpg,FALSE
1568,Military Dictionary,MDI (modernized demolition initiator),,,,mồi nổ phá huỷ hiện đại hoá,FALSE,,,img_1568.jpg,FALSE
1568,Military Dictionary,MDITDS (migration defense intelligence threat data system),,,,hệ thống dữ liệu tình báo quốc phòng về mối đe doạ di dân,FALSE,,,img_1568.jpg,FALSE
1568,Military Dictionary,MDL (main defense line),,,,"tuyến phòng ngự chủ yếu, tuyến phòng ngự phía trước",FALSE,,,img_1568.jpg,FALSE
1568,Military Dictionary,MDLC (Materiel Development and Logistic Command),,,,cục nghiên cứu mô hình kỹ thuật chiến đấu và vũ khí mới,FALSE,,,img_1568.jpg,FALSE
1568,Military Dictionary,mdm bmr (medium bomber),,,,máy bay ném bom hạng trung,FALSE,,,img_1568.jpg,FALSE
1568,Military Dictionary,MDMP (military dicision-making process),,,,quá trình hạ quyết tâm quân sự,FALSE,,,img_1568.jpg,FALSE
1568,Military Dictionary,MDMR (M-day mobilization requirements),,,,các nhu cầu được động viên trong ngày M,FALSE,,,img_1568.jpg,FALSE
1568,Military Dictionary,MDR (medium data rate),,,,tốc độ dữ liệu trung bình,FALSE,,,img_1568.jpg,FALSE
1568,Military Dictionary,MDS (main dressing station),,,,trạm băng bó lại,FALSE,,,img_1568.jpg,FALSE
1568,Military Dictionary,MDS (meteorological data system),,,,hệ thống dữ liệu khí tượng - thuỷ văn,FALSE,,,img_1568.jpg,FALSE
1568,Military Dictionary,MDSS II (Marine air-ground task force Deployment System II),,,,hệ thống triển khai II của lực lượng không - bộ thuỷ quân lục chiến,FALSE,,,img_1568.jpg,FALSE
1568,Military Dictionary,MDSU (mobile diving and salvage unit),,,,đơn vị người nhái và cứu hộ di động,FALSE,,,img_1568.jpg,FALSE
1568,Military Dictionary,MDU (map display unit),,,,bộ hiển thị bản đồ,FALSE,,,img_1568.jpg,FALSE
1568,Military Dictionary,MDU (mine disposal unit),,,,phân đội dò gỡ mìn,FALSE,,,img_1568.jpg,FALSE
1568,Military Dictionary,MDU (mine distributing unit),,,,thiết bị rải mìn; (hq) thiết bị rải thuỷ lôi,FALSE,,,img_1568.jpg,FALSE
1568,Military Dictionary,MDV (mine detection vehicle),,,,xe dò mìn; tàu phát hiện thuỷ lôi,FALSE,,,img_1568.jpg,FALSE
1568,Military Dictionary,MDW (Military District of Washington),,,,"khu vực quân sự Oasinhtơn, đặc khu quân sự Oasinhtơn",FALSE,,,img_1568.jpg,FALSE
1568,Military Dictionary,MDZ (maritime defense zone),,,,khu vực phòng thủ đường biển; dải phòng thủ biển,FALSE,,,img_1568.jpg,FALSE
1568,Military Dictionary,ME (Middle East),,,,Trung Cận Đông,FALSE,,,img_1568.jpg,FALSE
1568,Military Dictionary,me (military characteristics equipment),,,,thiết bị có đặc tính quân sự,FALSE,,,img_1568.jpg,FALSE
1568,Military Dictionary,ME (military engineer),,,,kỹ sư quân giới,FALSE,,,img_1568.jpg,FALSE
1568,Military Dictionary,ME (military engineering),,,,công tác công binh,FALSE,,,img_1568.jpg,FALSE
1568,Military Dictionary,MEA (minimum enroute altitude),,,,độ cao tối thiểu trên đường bay,FALSE,,,img_1568.jpg,FALSE
1568,Military Dictionary,MEA (munitions effect assessment),,,,đánh giá hiệu quả đạn dược,FALSE,,,img_1568.jpg,FALSE
1568,Military Dictionary,MEA (munitions effectiveness assessment),,,,đánh giá hiệu quả đạn dược,FALSE,,,img_1568.jpg,FALSE
1568,Military Dictionary,MEAB/F (mobile floating assault bridge/ferry),,,,cầu nổi tiến công tự hành,FALSE,,,img_1568.jpg,FALSE
1568,Military Dictionary,MEAB/F unit (mobile floating assault bridge/ferry unit),,,,xe cầu nổi tiến công tự hành,FALSE,,,img_1568.jpg,FALSE
1568,Military Dictionary,MEADS (medium-range extended air defense system),,,,hệ thống vũ khí phòng không tầm trung tăng tầm,FALSE,,,img_1568.jpg,FALSE
1568,Military Dictionary,MEAL (master equipment allowance list),,,,"bảng biên chế trang bị kỹ thuật cơ bản, biểu biên chế trang bị",FALSE,,,img_1568.jpg,FALSE
1568,Military Dictionary,meas (measurements),,,,"kích cỡ, kích thước",FALSE,,,img_1568.jpg,FALSE
1568,Military Dictionary,MEAS (measure),,,,đo lường,FALSE,,,img_1568.jpg,FALSE
1568,Military Dictionary,MEB (marine expeditionary brigade),,,,"trung đoàn thuỷ quân lục chiến viễn chinh, trung đoàn lính thuỷ đánh bộ viễn chinh",FALSE,,,img_1568.jpg,FALSE
1568,Military Dictionary,MEBU (mission essential backup),,,,dự trữ phương tiện vật chất thiết yếu đối với nhiệm vụ,FALSE,,,img_1568.jpg,FALSE
1568,Military Dictionary,MEC (marine expeditionary corps),,,,"quân đoàn thuỷ quân lục chiến viễn chinh, quân đoàn lính thuỷ đánh bộ viễn chinh",FALSE,,,img_1568.jpg,FALSE
1568,Military Dictionary,MEC (medium endurance cutter),,,,dụng cụ cắt (dây neo) thuỷ lôi có độ bền trung bình,FALSE,,,img_1568.jpg,FALSE
1568,Military Dictionary,mech (mechanized),,,,cơ giới hoá,FALSE,,,img_1568.jpg,FALSE
1568,Military Dictionary,mech atk (mechanized attack),,,,tiến công bằng lực lượng cơ giới hoá,FALSE,,,img_1568.jpg,FALSE
1568,Military Dictionary,mech div (mechanized division),,,,sư đoàn cơ giới (hóa),FALSE,,,img_1568.jpg,FALSE
1568,Military Dictionary,mech inf (mechanized infantry),,,,bộ binh cơ giới hoá,FALSE,,,img_1568.jpg,FALSE
1569,Military Dictionary,mech inf bn (mechanized (infantry) battalion),,,,tiểu đoàn bộ binh cơ giới,FALSE,,,img_1569.jpg,FALSE
1569,Military Dictionary,mech inf div (mechanized (infantry) division),,,,sư đoàn bộ binh cơ giới,FALSE,,,img_1569.jpg,FALSE
1569,Military Dictionary,mech inf unit (mechanized infantry unit),,,,đơn vị bộ binh cơ giới hóa,FALSE,,,img_1569.jpg,FALSE
1569,Military Dictionary,MED (manipulative electronic deception),,,,sự nghi binh thu hút bằng điện tử,FALSE,,,img_1569.jpg,FALSE
1569,Military Dictionary,med (medical),,,,(thuộc) quân y; phòng và chữa bệnh,FALSE,,,img_1569.jpg,FALSE
1569,Military Dictionary,Med (Mediterranean),,,,Địa Trung Hải,FALSE,,,img_1569.jpg,FALSE
1569,Military Dictionary,med (medium),,,,hạng trung,FALSE,,,img_1569.jpg,FALSE
1569,Military Dictionary,Med Arty (medium artillery),,,,"pháo binh hạng trung; pháo cỡ trung, pháo nòng vừa",FALSE,,,img_1569.jpg,FALSE
1569,Military Dictionary,Med Bn (medical battalion),,,,tiểu đoàn quân y,FALSE,,,img_1569.jpg,FALSE
1569,Military Dictionary,Med Bty (medium battery),,,,đại đội pháo binh hạng trung,FALSE,,,img_1569.jpg,FALSE
1569,Military Dictionary,"med evac co, amb (medical evacuation company, ambulance)",,,,đại đội tản thương bằng xe cứu thương,FALSE,,,img_1569.jpg,FALSE
1569,Military Dictionary,med plat (medical platoon),,,,trung đội quân y,FALSE,,,img_1569.jpg,FALSE
1569,Military Dictionary,Med Sup Dep (medical supply depot),,,,kho dự trữ dược phẩm,FALSE,,,img_1569.jpg,FALSE
1569,Military Dictionary,Med Tk (medium tank),,,,xe tăng hạng trung,FALSE,,,img_1569.jpg,FALSE
1569,Military Dictionary,"med tk bn, Patton (medium tank battalion, Patton)",,,,tiểu đoàn xe tăng hạng trung Pátton,FALSE,,,img_1569.jpg,FALSE
1569,Military Dictionary,MEDA (military emergency diversion airfield),,,,sân bay quân sự dự phòng (cho trường hợp) khẩn cấp,FALSE,,,img_1569.jpg,FALSE
1569,Military Dictionary,MEDCAP (medical civic action program),,,,chương trình hoạt động quân dân y,FALSE,,,img_1569.jpg,FALSE
1569,Military Dictionary,MEDCENT (Central Mediterranean Area),,,,khu vực trung tâm Địa Trung Hải,FALSE,,,img_1569.jpg,FALSE
1569,Military Dictionary,MEDCOM (US Army Medical Command),,,,bộ tư lệnh quân y lục quân Mỹ,FALSE,,,img_1569.jpg,FALSE
1569,Military Dictionary,MEDEAST (Eastern Mediterranean Area),,,,khu vực phía đông Địa Trung Hải,FALSE,,,img_1569.jpg,FALSE
1569,Military Dictionary,MEDEVAC (medical evacuation),,,,"sự sơ tán thương bệnh binh, sự tản thương",FALSE,,,img_1569.jpg,FALSE
1569,Military Dictionary,MEDINT (medical intelligence),,,,tình báo quân y,FALSE,,,img_1569.jpg,FALSE
1569,Military Dictionary,MEDLOG (medical logistics (USAF AIS)),,,,hậu cần quân y (hệ thống thông tin tự động hoá của không quân Mỹ),FALSE,,,img_1569.jpg,FALSE
1569,Military Dictionary,"MEDLOG JR (medical logistics, junior (USAF))",,,,hậu cần quân y cấp trên của không quân Mỹ,FALSE,,,img_1569.jpg,FALSE
1569,Military Dictionary,MEDLOGCO (medical logistics company),,,,đại đội hậu cần quân y,FALSE,,,img_1569.jpg,FALSE
1569,Military Dictionary,MEDMOB (Medical Mobilization Planning and Execution System),,,,hệ thống lập kế hoạch và thực hành động viên y tế,FALSE,,,img_1569.jpg,FALSE
1569,Military Dictionary,MEDNEO (medical noncombatant evacuation operation),,,,hoạt động tản thương phi chiến đấu,FALSE,,,img_1569.jpg,FALSE
1569,Military Dictionary,MEDNOREAST (Northeastern Mediterranean Area),,,,khu vực đông bắc Địa Trung Hải,FALSE,,,img_1569.jpg,FALSE
1569,Military Dictionary,MEDOC (Western Mediterranean Area),,,,khu vực phía tây Địa Trung Hải,FALSE,,,img_1569.jpg,FALSE
1569,Military Dictionary,MEDREGREP (medical regulating report),,,,báo cáo điều chỉnh quân y,FALSE,,,img_1569.jpg,FALSE
1569,Military Dictionary,MEDRETE (medical readiness training exercise),,,,cuộc diễn tập huấn luyện sẵn sàng chiến đấu quân y,FALSE,,,img_1569.jpg,FALSE
1569,Military Dictionary,MEDS (meteorological data system),,,,hệ thống dữ liệu khí tượng,FALSE,,,img_1569.jpg,FALSE
1569,Military Dictionary,"MEDSOM (medical supply, optical, and maintenance unit)",,,,đơn vị cung cấp và bảo dưỡng dụng cụ quang học quân y,FALSE,,,img_1569.jpg,FALSE
1569,Military Dictionary,MEDSOUEAST (Southeastern Mediterranean Area),,,,khu vực đông nam Địa Trung Hải,FALSE,,,img_1569.jpg,FALSE
1569,Military Dictionary,MEDSTAT (medical status),,,,tình trạng quân y,FALSE,,,img_1569.jpg,FALSE
1569,Military Dictionary,MEE (minimum essential equipment),,,,quân dụng cần thiết tối thiểu (để vận chuyển đường biển cùng với đơn vị),FALSE,,,img_1569.jpg,FALSE
1569,Military Dictionary,MEF (marine expeditionary force),,,,"lực lượng lính thuỷ đánh bộ viễn chinh, lực lượng thuỷ quân lục chiến viễn chinh",FALSE,,,img_1569.jpg,FALSE
1569,Military Dictionary,MEF (FWD) (Marine expeditionary force (forward)),,,,lực lượng thuỷ quân lục chiến viễn chinh phía trước,FALSE,,,img_1569.jpg,FALSE
1570,Military Dictionary,MEF/B/U (Marine Expeditionary Force/ Brigate/ Unit (US)),,,,lực lượng/ lữ đoàn/ đơn vị viễn chinh thuỷ quân lục chiến (Mỹ),FALSE,,,img_1570.jpg,FALSE
1570,Military Dictionary,MEFPAKA (manpower and equipment force packaging),,,,nhân lực và phương tiện đóng gói cho lực lượng chuẩn bị cơ động,FALSE,,,img_1570.jpg,FALSE
1570,Military Dictionary,MEL (maintenance expenditure limit),,,,giới hạn (thời gian) sử dụng cần bảo dưỡng,FALSE,,,img_1570.jpg,FALSE
1570,Military Dictionary,MEL (maneuvering element),,,,thành phần cơ động; phân đội cơ động,FALSE,,,img_1570.jpg,FALSE
1570,Military Dictionary,MEL (minimum equipment list),,,,danh mục trang bị tối thiểu,FALSE,,,img_1570.jpg,FALSE
1570,Military Dictionary,MEL (missile ejector launcher),,,,bệ phóng tên lửa thẳng đứng (từ tầm phóng),FALSE,,,img_1570.jpg,FALSE
1570,Military Dictionary,memo (memorandum),,,,bản ghi nhớ,FALSE,,,img_1570.jpg,FALSE
1570,Military Dictionary,MEO (military electro-optical surveillance system),,,,tổ hợp quan sát điện quang quân dụng,FALSE,,,img_1570.jpg,FALSE
1570,Military Dictionary,MEOSAB (Missile Explosive Ordnance Safety Advisory Board),,,,uỷ ban tư vấn về vấn đề an toàn khi làm việc với liều nổ tên lửa,FALSE,,,img_1570.jpg,FALSE
1570,Military Dictionary,MEP (mean probable error),,,,"độ lệch trung bình ngẫu nhiên, độ lệch trung bình xác suất",FALSE,,,img_1570.jpg,FALSE
1570,Military Dictionary,MEPCOM (military entrance processing command),,,,bộ chỉ huy tuyển quân,FALSE,,,img_1570.jpg,FALSE
1570,Military Dictionary,MEPES (Medical Planning and Execution System),,,,hệ thống lập kế hoạch và thực hành quân y,FALSE,,,img_1570.jpg,FALSE
1570,Military Dictionary,MEPRS (Military Entrance Processing and Reporting System),,,,hệ thống giải quyết và báo cáo quân nhân nhập ngũ,FALSE,,,img_1570.jpg,FALSE
1570,Military Dictionary,MERADCOM (mobility equipment research & development command),,,,bộ tư lệnh (cơ quan) nghiên cứu và phát triển trang thiết bị cơ động,FALSE,,,img_1570.jpg,FALSE
1570,Military Dictionary,MERCO (merchant ship reporting and control),,,,sự kiểm soát và thông báo các hoạt động của tàu buôn,FALSE,,,img_1570.jpg,FALSE
1570,Military Dictionary,MERINT (merchant intelligence),,,,tình báo thương mại,FALSE,,,img_1570.jpg,FALSE
1570,Military Dictionary,MERSHIPS (merchant ships),,,,tàu thương mại; tàu buôn; thương thuyền,FALSE,,,img_1570.jpg,FALSE
1570,Military Dictionary,mes (message),,,,"bức điện báo, điện văn; bản thông báo",FALSE,,,img_1570.jpg,FALSE
1570,Military Dictionary,MESAR (minimum-essential security assistance requirements),,,,các nhu cầu hỗ trợ an ninh chủ yếu,FALSE,,,img_1570.jpg,FALSE
1570,Military Dictionary,MET (mean European time),,,,thời gian Trung Âu,FALSE,,,img_1570.jpg,FALSE
1570,Military Dictionary,MET (medium equipment transporter),,,,xe chở thiết bị hạng trung,FALSE,,,img_1570.jpg,FALSE
1570,Military Dictionary,met (meteorological),,,,(thuộc) khí tượng,FALSE,,,img_1570.jpg,FALSE
1570,Military Dictionary,met equip (meteorological equipment),,,,thiết bị khí tượng,FALSE,,,img_1570.jpg,FALSE
1570,Military Dictionary,METAR (meteorological airfield report),,,,(sự) báo cáo tình hình khí tượng sân bay,FALSE,,,img_1570.jpg,FALSE
1570,Military Dictionary,METAR (meteorological aviation report),,,,(sự) báo cáo tình hình khí tượng hàng không,FALSE,,,img_1570.jpg,FALSE
1570,Military Dictionary,METARS (routine aviation weather report (roughly translated from French)),,,,báo cáo tình hình khí tượng hàng không thường ngày (phỏng dịch từ tiếng Pháp),FALSE,,,img_1570.jpg,FALSE
1570,Military Dictionary,METCON (control of meteorological information (roughly translated from French)),,,,sự kiểm tra và nắm thông tin khí tượng (phỏng dịch từ tiếng Pháp),FALSE,,,img_1570.jpg,FALSE
1570,Military Dictionary,METCON (meteorological control (Navy)),,,,sự kiểm tra và nắm số liệu khí tượng (hải quân),FALSE,,,img_1570.jpg,FALSE
1570,Military Dictionary,METO (maximum except take-off),,,,công suất cất cánh tối đa,FALSE,,,img_1570.jpg,FALSE
1570,Military Dictionary,METOC (meteorological and oceanographic),,,,(thuộc) khí tượng và hải dương học,FALSE,,,img_1570.jpg,FALSE
1570,Military Dictionary,METSAT (meteorological satellite),,,,vệ tinh khí tượng,FALSE,,,img_1570.jpg,FALSE
1570,Military Dictionary,"METT-T (mission, enemy, terrain and weather, troops and support available-time available)",,,,"nhiệm vụ chiến đấu được giao, tình hình địch, tình hình địa hình và thời tiết, ta và các đơn vị bạn có liên quan, sự chi viện và bảo đảm hiện có, thời gian",FALSE,,,img_1570.jpg,FALSE
1571,Military Dictionary,"METT-TC (mission, enemy, terrain and weather, troops and support available-time available, civil considerations (the major factors considered during mission analysis))",,,,"nhiệm vụ chiến đấu được giao, tình hình địch, tình hình địa hình và thời tiết, ta và các đơn vị bạn có liên quan, sự chi viện và bảo đảm hiện có, thời gian, tình hình nhân dân và địa phương (những yếu tố đánh giá trong quá trình phân tích quán triệt nhiệm vụ)",FALSE,,,img_1571.jpg,FALSE
1571,Military Dictionary,MEU (marine expeditionary unit),,,,đội quân lính thuỷ đánh bộ viễn chinh; đơn vị thuỷ quân lục chiến viễn chinh,FALSE,,,img_1571.jpg,FALSE
1571,Military Dictionary,MEU(SOC) (Marine expeditionary unit (special operations capable)),,,,đơn vị thuỷ quân lục chiến viễn chinh có khả năng tác chiến đặc biệt,FALSE,,,img_1571.jpg,FALSE
1571,Military Dictionary,MEV (medical evacuation vehicle (US)),,,,"xe chuyển thương (Mỹ), xe tải thương",FALSE,,,img_1571.jpg,FALSE
1571,Military Dictionary,MEW (microwave early warning),,,,"sự phát hiện từ xa bằng sóng cực ngắn; sự báo động từ xa bằng sóng cực ngắn, sự cảnh báo sớm bằng viba",FALSE,,,img_1571.jpg,FALSE
1571,Military Dictionary,MEWPP (modular electronic warfare pre-processor),,,,bộ tiền xử lí tác chiến điện tử môđun hóa,FALSE,,,img_1571.jpg,FALSE
1571,Military Dictionary,MEWS (Missile Early Warning Station),,,,trạm báo động sớm về tên lửa,FALSE,,,img_1571.jpg,FALSE
1571,Military Dictionary,MEWS (missile early-warning system),,,,hệ thống phát hiện tên lửa đạn đạo từ xa,FALSE,,,img_1571.jpg,FALSE
1571,Military Dictionary,MEWS (Mobile Electronic Warfare System),,,,hệ thống tác chiến điện tử cơ động; hệ thống tác chiến điện tử đặt trên xe; xe tác chiến điện tử,FALSE,,,img_1571.jpg,FALSE
1571,Military Dictionary,MEWSG (Multi-service Electronic Warfare Support Group (NATO)),,,,cụm chi viện chiến tranh điện tử đa quân chủng của liên quân NATO,FALSE,,,img_1571.jpg,FALSE
1571,Military Dictionary,MEWSS (Mobile Electronic Warfare Support System),,,,hệ thống chi viện tác chiến điện tử cơ động; xe bảo đảm tác chiến điện tử,FALSE,,,img_1571.jpg,FALSE
1571,Military Dictionary,MEZ (missile engagement zone),,,,khu vực đánh chặn của tên lửa; vùng chiến sự của tên lửa,FALSE,,,img_1571.jpg,FALSE
1571,Military Dictionary,MF (main force),,,,"lực lượng chủ yếu, chủ lực",FALSE,,,img_1571.jpg,FALSE
1571,Military Dictionary,MF (Medal of Freedom),,,,huy chương tự do (trao cho công dân),FALSE,,,img_1571.jpg,FALSE
1571,Military Dictionary,MF (medium frequency),,,,trung tần,FALSE,,,img_1571.jpg,FALSE
1571,Military Dictionary,MF (mobile facility),,,,phương tiện bảo đảm cơ động,FALSE,,,img_1571.jpg,FALSE
1571,Military Dictionary,MF (multi-frequency),,,,đa tần,FALSE,,,img_1571.jpg,FALSE
1571,Military Dictionary,MF (multifunction),,,,"đa năng, vạn năng",FALSE,,,img_1571.jpg,FALSE
1571,Military Dictionary,MFAB/F (mobile floating assault bridge/ferry),,,,cầu/ phà nổi di động đổ quân đổ bộ đường biển,FALSE,,,img_1571.jpg,FALSE
1571,Military Dictionary,MFBF (multi-function bomb fuze),,,,ngòi (nổ) bom đa năng,FALSE,,,img_1571.jpg,FALSE
1571,Military Dictionary,MFC (meteorological and oceanographic (METOC) forecast center),,,,trung tâm dự báo khí tượng và hải văn,FALSE,,,img_1571.jpg,FALSE
1571,Military Dictionary,MFC (mortar fire controller),,,,người chỉ huy hoả lực súng cối; thiết bị điều khiển hỏa lực súng cối,FALSE,,,img_1571.jpg,FALSE
1571,Military Dictionary,MFC (multinational force commander),,,,tư lệnh (trưởng) lực lượng đa quốc gia,FALSE,,,img_1571.jpg,FALSE
1571,Military Dictionary,MFCD (multifunction colour display),,,,màn hình hiển thị màu đa chức năng,FALSE,,,img_1571.jpg,FALSE
1571,Military Dictionary,MFCS (missile fire control system),,,,hệ thống điều khiển phóng tên lửa,FALSE,,,img_1571.jpg,FALSE
1571,Military Dictionary,MFCV (missile Fire-Control Vehicle),,,,xe điều khiển phóng tên lửa,FALSE,,,img_1571.jpg,FALSE
1571,Military Dictionary,MFD (Military Forwarding Department (Mỹ)),,,,cục cải tiến kỹ thuật quân sự,FALSE,,,img_1571.jpg,FALSE
1571,Military Dictionary,MFD (multifunction (electronic) display),,,,màn hình hiển thị đa chức năng (điện tử),FALSE,,,img_1571.jpg,FALSE
1571,Military Dictionary,MFDS (Modular Fuel Delivery System),,,,hệ thống cung cấp nhiên liệu môđun hóa,FALSE,,,img_1571.jpg,FALSE
1571,Military Dictionary,MFE (manpower force element),,,,thành phần sinh lực; bộ phận binh lực,FALSE,,,img_1571.jpg,FALSE
1571,Military Dictionary,MFF (marine expeditionary force),,,,lực lượng viễn chinh (của) thuỷ quân lục chiến,FALSE,,,img_1571.jpg,FALSE
1571,Military Dictionary,MFF (mixed fighter force),,,,lực lượng máy bay tiêm kích hỗn hợp,FALSE,,,img_1571.jpg,FALSE
1572,Military Dictionary,MFFC (mixed fighter force concept),,,,ý định sử dụng lực lượng máy bay tiêm kích hỗn hợp; quan niệm sử dụng lực lượng máy bay tiêm kích hỗn hợp,FALSE,,,img_1572.jpg,FALSE
1572,Military Dictionary,MFFIMS (mass fatality field information management system),,,,hệ thống quản lý thông tin dã chiến về sát thương hàng loạt,FALSE,,,img_1572.jpg,FALSE
1572,Military Dictionary,MFIC (Military Flight Information Center),,,,trung tâm thông tin các chuyến bay quân sự,FALSE,,,img_1572.jpg,FALSE
1572,Military Dictionary,mfld (mine field),,,,bãi mìn,FALSE,,,img_1572.jpg,FALSE
1572,Military Dictionary,MFMS (military flight management system),,,,hệ thống quản lý bay quân sự,FALSE,,,img_1572.jpg,FALSE
1572,Military Dictionary,MFO (multinational force and observers),,,,lực lượng và các quan sát viên đa quốc gia,FALSE,,,img_1572.jpg,FALSE
1572,Military Dictionary,MFP (major force program),,,,nhiệm vụ của lực lượng chủ yếu,FALSE,,,img_1572.jpg,FALSE
1572,Military Dictionary,MFPF (minefield planning folder),,,,cặp hồ sơ bãi mìn,FALSE,,,img_1572.jpg,FALSE
1572,Military Dictionary,MFR (multi-function radar),,,,"rada đa chức năng, rada vạn năng, rada thông dụng",FALSE,,,img_1572.jpg,FALSE
1572,Military Dictionary,MFS (multifunction switch),,,,tổng đài đa chức năng,FALSE,,,img_1572.jpg,FALSE
1572,Military Dictionary,Mg; MG; mg (machine gun),,,,súng máy; súng liên thanh; súng đại liên,FALSE,,,img_1572.jpg,FALSE
1572,Military Dictionary,MG (major general),,,,thiếu tướng,FALSE,,,img_1572.jpg,FALSE
1572,Military Dictionary,MG (military government),,,,"cơ quan quân quản (ở lãnh thổ chiếm được của địch), cơ quan hành chính quân sự; chính phủ quân sự",FALSE,,,img_1572.jpg,FALSE
1572,Military Dictionary,mg (milligrammes),,,,miligam,FALSE,,,img_1572.jpg,FALSE
1572,Military Dictionary,MG3 (German general-purpose machine gun),,,,súng đại liên đa năng MG3 của Đức,FALSE,,,img_1572.jpg,FALSE
1572,Military Dictionary,MGB (medium girder bridge),,,,cầu dầm hạng trung,FALSE,,,img_1572.jpg,FALSE
1572,Military Dictionary,MGC (missile guidance and control),,,,sự dẫn đường và điều khiển tên lửa,FALSE,,,img_1572.jpg,FALSE
1572,Military Dictionary,MGE (missile ground equipment),,,,thiết bị mặt đất của tổ hợp tên lửa,FALSE,,,img_1572.jpg,FALSE
1572,Military Dictionary,MGGB (modular guided glide bomb),,,,bom liệng có điều khiển môđun hóa,FALSE,,,img_1572.jpg,FALSE
1572,Military Dictionary,MGL (multiple grenade launcher),,,,súng phóng lựu liên thanh,FALSE,,,img_1572.jpg,FALSE
1572,Military Dictionary,MGM (mobile guided missile),,,,tổ hợp tên lửa (có điều khiển) cơ động,FALSE,,,img_1572.jpg,FALSE
1572,Military Dictionary,MGM (mobile surface attack guided missile),,,,"tên lửa cơ động tiến công mục tiêu mặt (đất, nước)",FALSE,,,img_1572.jpg,FALSE
1572,Military Dictionary,MGO (master general of the ordnance (Anh)),,,,chủ nhiệm kỹ thuật pháo binh; cục trưởng (cục) kỹ thuật pháo binh,FALSE,,,img_1572.jpg,FALSE
1572,Military Dictionary,MGO (military government officer),,,,"sĩ quan hành chính, sĩ quan quản lý hành chính",FALSE,,,img_1572.jpg,FALSE
1572,Military Dictionary,MGRS (military grid reference system),,,,hệ toạ độ quân sự,FALSE,,,img_1572.jpg,FALSE
1572,Military Dictionary,mgs (missile guidance set (system)),,,,hệ thống dẫn đường tên lửa,FALSE,,,img_1572.jpg,FALSE
1572,Military Dictionary,MGS (missile guidance system),,,,hệ thống dẫn đường tên lửa,FALSE,,,img_1572.jpg,FALSE
1572,Military Dictionary,MGS (mobile ground station),,,,trạm thông tin liên lạc vệ tinh mặt đất cơ động,FALSE,,,img_1572.jpg,FALSE
1572,Military Dictionary,MGS (mobile ground system),,,,hệ thống (truyền tin vệ tinh) mặt đất cơ động,FALSE,,,img_1572.jpg,FALSE
1572,Military Dictionary,MGSA (military general supplies items),,,,trang bị tiếp tế đảm bảo chung,FALSE,,,img_1572.jpg,FALSE
1572,Military Dictionary,MGSGT (master gunnery sergeant),,,,thượng sĩ pháo thủ,FALSE,,,img_1572.jpg,FALSE
1572,Military Dictionary,MGT; mgt (management),,,,sự lãnh đạo; sự chỉ huy; sự quản lý; sự điều hành hành chính,FALSE,,,img_1572.jpg,FALSE
1572,Military Dictionary,MGT (mobile ground terminals),,,,trạm thông tin liên lạc vệ tinh đầu cuối mặt đất cơ động,FALSE,,,img_1572.jpg,FALSE
1572,Military Dictionary,MGTS (MultiGun Turret System),,,,tổ hợp tháp pháo giàn,FALSE,,,img_1572.jpg,FALSE
1572,Military Dictionary,MGU (Mid-course Guidance Unit),,,,bộ điều khiển tên lửa giữa đường bay,FALSE,,,img_1572.jpg,FALSE
1572,Military Dictionary,MH (main hatch),,,,cửa chất hàng chính,FALSE,,,img_1572.jpg,FALSE
1572,Military Dictionary,MH (Medal of Honor),,,,huy chương danh dự (huy chương cao nhất của Mỹ),FALSE,,,img_1572.jpg,FALSE
1572,Military Dictionary,MH (minehunter),,,,"tàu săn thủy lôi, tàu phát hiện và tháo gỡ thủy lôi",FALSE,,,img_1572.jpg,FALSE
1572,Military Dictionary,MHA (Medal for Humane Action),,,,"huy chương ""Vì cuộc sống con người""",FALSE,,,img_1572.jpg,FALSE
1572,Military Dictionary,"MHC/I/O (mine hunter, coastal/ inshore/ off shore)",,,,"tàu săn thuỷ lôi bờ biển, ven bờ và xa bờ",FALSE,,,img_1572.jpg,FALSE
1573,Military Dictionary,MHD (magneto-hydrodynamic power),,,,năng lượng từ trường thuỷ động lực học,FALSE,,,img_1573.jpg,FALSE
1573,Military Dictionary,MHE (material handling equipment),,,,thiết bị xách tay,FALSE,,,img_1573.jpg,FALSE
1573,Military Dictionary,mhf (medium high frequency),,,,"trung cao tần, tần số trung cao",FALSE,,,img_1573.jpg,FALSE
1573,Military Dictionary,MHN (moving haven (k.hiệu)),,,,khu cấm tàu,FALSE,,,img_1573.jpg,FALSE
1573,Military Dictionary,MHQ (maritime headquarters),,,,sở chỉ huy vùng duyên hải,FALSE,,,img_1573.jpg,FALSE
1573,Military Dictionary,MHSV (multi-purpose high-speed vehicle),,,,tàu cao tốc đa dụng,FALSE,,,img_1573.jpg,FALSE
1573,Military Dictionary,MHV (miniature homing vehicle),,,,"tên lửa tự dẫn cực nhỏ, tên lửa tự dẫn mini",FALSE,,,img_1573.jpg,FALSE
1573,Military Dictionary,MHW (mean high water),,,,mực nước cao trung bình,FALSE,,,img_1573.jpg,FALSE
1573,Military Dictionary,MHz (megahertz),,,,mêgahéc,FALSE,,,img_1573.jpg,FALSE
1573,Military Dictionary,MI (military intelligence),,,,tình báo quân sự; quân báo,FALSE,,,img_1573.jpg,FALSE
1573,Military Dictionary,MI (movement instructions),,,,các hướng dẫn hành quân cơ động,FALSE,,,img_1573.jpg,FALSE
1573,Military Dictionary,MI Coy (military intelligence company),,,,"đại đội tình báo quân sự; đại đội quân báo, đại đội trinh sát quân sự",FALSE,,,img_1573.jpg,FALSE
1573,Military Dictionary,MIA (missing in action),,,,mất tích trong chiến đấu,FALSE,,,img_1573.jpg,FALSE
1573,Military Dictionary,MIB (military intelligence battalion),,,,tiểu đoàn tình báo quân sự; tiểu đoàn trinh sát quân sự,FALSE,,,img_1573.jpg,FALSE
1573,Military Dictionary,MIB (Military Intelligence Board),,,,hội đồng tình báo quân sự,FALSE,,,img_1573.jpg,FALSE
1573,Military Dictionary,MICAP (mission capable/mission capability),,,,có khả năng hoàn thành nhiệm vụ/ khả năng hoàn thành nhiệm vụ,FALSE,,,img_1573.jpg,FALSE
1573,Military Dictionary,MICLIC (mine-clearing line charge),,,,lượng nổ kéo dài để phá mìn,FALSE,,,img_1573.jpg,FALSE
1573,Military Dictionary,MICOM (Missile Command (US)),,,,"bộ tư lệnh tên lửa (Mỹ), bộ chỉ huy tên lửa (Mỹ)",FALSE,,,img_1573.jpg,FALSE
1573,Military Dictionary,MICON (mission concept),,,,ý định chiến đấu; ý định chiến dịch,FALSE,,,img_1573.jpg,FALSE
1573,Military Dictionary,MICRO-MICS (micro-medical inventory control system),,,,hệ thống điều khiển kiểm kê trang bị quân y vi mô,FALSE,,,img_1573.jpg,FALSE
1573,Military Dictionary,MICRO-SNAP (micro-shipboard non-tactical automated data processing system),,,,hệ thống xử lý dữ liệu tự động phi chiến thuật vi mô trên tàu biển,FALSE,,,img_1573.jpg,FALSE
1573,Military Dictionary,MICS (mobile integrated communications system),,,,"hệ thống thông tin liên lạc hợp nhất cơ động, hệ thống thông tin liên lạc hợp nhất (đặt) trên xe; xe truyền tin tích hợp",FALSE,,,img_1573.jpg,FALSE
1573,Military Dictionary,MICV (mechanized infantry combat vehicle),,,,"xe chiến đấu bộ binh cơ giới, xe vận tải bọc thép",FALSE,,,img_1573.jpg,FALSE
1573,Military Dictionary,MICV-80 (British infantry fighting vehicle),,,,xe chiến đấu bộ binh MICV-80 của Anh,FALSE,,,img_1573.jpg,FALSE
1573,Military Dictionary,MID (military intelligence detachment),,,,phân ban tình báo quân sự; phân đội trinh sát; đội quân báo,FALSE,,,img_1573.jpg,FALSE
1573,Military Dictionary,MIDAS (Missile Defense Alarm System),,,,"hệ thống báo động chống tên lửa, hệ thống báo động phòng thủ tên lửa",FALSE,,,img_1573.jpg,FALSE
1573,Military Dictionary,MIDB (modernized integrated database),,,,cơ sở dữ liệu hợp nhất hiện đại hoá,FALSE,,,img_1573.jpg,FALSE
1573,Military Dictionary,MIDB (modernized intelligence database),,,,cơ sở dữ liệu tình báo hiện đại hoá,FALSE,,,img_1573.jpg,FALSE
1573,Military Dictionary,MIF (maritime interception force),,,,lực lượng đánh chặn đường biển,FALSE,,,img_1573.jpg,FALSE
1573,Military Dictionary,MIFASS (marine integrated fire & air support system),,,,hệ thống chi viện hỏa lực pháo binh và không quân hợp nhất (của) thuỷ quân lục chiến,FALSE,,,img_1573.jpg,FALSE
1573,Military Dictionary,MIFV (mechanised infantry fighting vehicle),,,,xe chiến đấu bộ binh cơ giới (hóa),FALSE,,,img_1573.jpg,FALSE
1573,Military Dictionary,MIIDS/IDB (Military Intelligence Integrated Data System/Integrated Database),,,,hệ thống dữ liệu tình báo quân sự hợp nhất hoặc cơ sở dữ liệu hợp nhất,FALSE,,,img_1573.jpg,FALSE
1573,Military Dictionary,"MIJI (meaconing, interference, jamming, and intrusion)",,,,"sự phát tin giả, can thiệp, gây nhiễu và xâm nhập (thông tin liên lạc)",FALSE,,,img_1573.jpg,FALSE
1573,Military Dictionary,MIL; mil (military),,,,(thuộc) quân sự,FALSE,,,img_1573.jpg,FALSE
1573,Military Dictionary,mil pers (military personnel),,,,nhân viên quân sự,FALSE,,,img_1573.jpg,FALSE
1574,Military Dictionary,MIL INTEL DET (military intelligence detachment),,,,phân ban tình báo quân sự; đội quân báo; phân đội trinh sát,FALSE,,,img_1574.jpg,FALSE
1574,Military Dictionary,mil scty (military security),,,,"an ninh quân sự, sự bảo đảm bí mật quân sự",FALSE,,,img_1574.jpg,FALSE
1574,Military Dictionary,MILAN (Missile d'infantrie Léger Antichar (light infantry anti-tank missile) (Pháp)),,,,"tên lửa chống tăng xách tay, tên lửa chống tăng mang vác",FALSE,,,img_1574.jpg,FALSE
1574,Military Dictionary,MILCON (military construction),,,,sự xây dựng công trình quân sự; công trình quân sự,FALSE,,,img_1574.jpg,FALSE
1574,Military Dictionary,MILDEC (military deception),,,,sự nghi binh quân sự,FALSE,,,img_1574.jpg,FALSE
1574,Military Dictionary,MILDEP (Military Department),,,,"bộ quân sự (lục quân, hải quân, không quân)",FALSE,,,img_1574.jpg,FALSE
1574,Military Dictionary,MILES (multiple integrated laser engagement system (Mỹ)),,,,hệ thống tác chiến lade đa tích hợp,FALSE,,,img_1574.jpg,FALSE
1574,Military Dictionary,MILGP (military group (assigned to American Embassy in host nation)),,,,nhóm tuỳ viên quân sự (được chỉ định tại đại sứ quán Mỹ ở nước sở tại),FALSE,,,img_1574.jpg,FALSE
1574,Military Dictionary,MIL-HDBK (military handbook),,,,sổ tay quân sự,FALSE,,,img_1574.jpg,FALSE
1574,Military Dictionary,MILOB (military observer),,,,quan sát viên quân sự,FALSE,,,img_1574.jpg,FALSE
1574,Military Dictionary,MILOC (military oceanography group (NATO)),,,,nhóm hải dương học quân sự của liên quân NATO,FALSE,,,img_1574.jpg,FALSE
1574,Military Dictionary,MILPERS (military personnel),,,,nhân viên quân sự,FALSE,,,img_1574.jpg,FALSE
1574,Military Dictionary,MILSATCOM (military satellite communications),,,,thông tin liên lạc vệ tinh quân sự,FALSE,,,img_1574.jpg,FALSE
1574,Military Dictionary,MIL-SPEC (military specification),,,,tính năng chiến thuật,FALSE,,,img_1574.jpg,FALSE
1574,Military Dictionary,MILSPEC (military performance specification),,,,bản hướng dẫn chi tiết về thực hiện nhiệm vụ quân sự,FALSE,,,img_1574.jpg,FALSE
1574,Military Dictionary,MILSTAMP (military standard transportation and movement procedures),,,,bản hướng dẫn tổ chức vận chuyển quân; bản hướng dẫn quy trình cơ động và vận tải quân sự tiêu chuẩn,FALSE,,,img_1574.jpg,FALSE
1574,Military Dictionary,MILSTAN (military standard),,,,tiêu chuẩn quân sự,FALSE,,,img_1574.jpg,FALSE
1574,Military Dictionary,MILSTAR (military strategic & tactical relay),,,,thông tin liên lạc tiếp sức chiến lược và chiến thuật quân sự,FALSE,,,img_1574.jpg,FALSE
1574,Military Dictionary,MILSTAR (military strategic and tactical relay system),,,,hệ thống thông tin tiếp sức chiến lược và chiến thuật quân sự,FALSE,,,img_1574.jpg,FALSE
1574,Military Dictionary,MIL-STD; Mil-Std (Military Standard),,,,tiêu chuẩn quân sự; tiêu chí quân sự,FALSE,,,img_1574.jpg,FALSE
1574,Military Dictionary,MILSTRAP (military standard record and accounting procedures),,,,bản hướng dẫn công tác kiểm kê tính toán trong lực lượng vũ trang; bản hướng dẫn quy trình kiểm toán quân sự tiêu chuẩn,FALSE,,,img_1574.jpg,FALSE
1574,Military Dictionary,MILSTRIP (military standard requisitioning and issue procedures),,,,bản hướng dẫn yêu cầu và cấp phát phương tiện vật tư; bản hướng dẫn quy trình yêu cầu và cấp phát phương tiện vật chất quân sự tiêu chuẩn,FALSE,,,img_1574.jpg,FALSE
1574,Military Dictionary,MILTAG (Military Technical Assistance Group),,,,nhóm viện trợ kỹ thuật quân sự,FALSE,,,img_1574.jpg,FALSE
1574,Military Dictionary,MILTRACS (military airtraffic control system),,,,hệ thống kiểm soát không lưu quân sự,FALSE,,,img_1574.jpg,FALSE
1574,Military Dictionary,MILTECH (military technician),,,,kỹ thuật viên quân sự,FALSE,,,img_1574.jpg,FALSE
1574,Military Dictionary,MILU (missile interface & logic unit),,,,khối giao diện và lôgic (của) tên lửa,FALSE,,,img_1574.jpg,FALSE
1574,Military Dictionary,MILVAN (military van (container)),,,,xe tải quân sự (xe chở côngtenơ),FALSE,,,img_1574.jpg,FALSE
1574,Military Dictionary,MIM (maintenance instruction manual),,,,sổ tay hướng dẫn bảo dưỡng,FALSE,,,img_1574.jpg,FALSE
1574,Military Dictionary,MINEOPS (joint minelaying operations),,,,hoạt động rải mìn của liên quân,FALSE,,,img_1574.jpg,FALSE
1574,Military Dictionary,MINISID (miniature seismic intrusion detector),,,,máy dò địa chấn cỡ nhỏ,FALSE,,,img_1574.jpg,FALSE
1574,Military Dictionary,MIO (maritime interception operations),,,,tác chiến đánh chặn của hải quân; đánh chặn trên biển,FALSE,,,img_1574.jpg,FALSE
1575,Military Dictionary,MIP (missile impact predictor),,,,thiết bị dự báo điểm trúng đích (của) tên lửa,FALSE,,,img_1575.jpg,FALSE
1575,Military Dictionary,MIPE (mobile Intelligence processing element),,,,bộ phận xử lý tin tức tình báo di động,FALSE,,,img_1575.jpg,FALSE
1575,Military Dictionary,MIPR (Military Interdepartmental Procurement Request),,,,yêu cầu liên quân chủng về cung ứng thiết bị quân sự,FALSE,,,img_1575.jpg,FALSE
1575,Military Dictionary,MIPS (medium integrated propulsion system (Mỹ)),,,,tổ hợp động lực hợp nhất hạng trung,FALSE,,,img_1575.jpg,FALSE
1575,Military Dictionary,MIPS (missile impact prediction set),,,,bộ dự báo điểm trúng đích (của) tên lửa,FALSE,,,img_1575.jpg,FALSE
1575,Military Dictionary,MIR (multiple-target instrumentation radar),,,,rada quan trắc (đồng thời) nhiều mục tiêu,FALSE,,,img_1575.jpg,FALSE
1575,Military Dictionary,MIRACL (mid-infrared advanced chemical laser),,,,lade hóa học tiên tiến (làm việc trong dải) hồng ngoại trung,FALSE,,,img_1575.jpg,FALSE
1575,Military Dictionary,MIRADOR (minefield reconnaissance and detector system),,,,"hệ thống trinh sát và phát hiện bãi mìn; (hq) hệ thống trinh sát và phát hiện bãi thủy lôi, hệ thống MIRADOR",FALSE,,,img_1575.jpg,FALSE
1575,Military Dictionary,MIRV (multi indepently targeted reentry vehicle),,,,khoang trở về khí quyển mang nhiều đầu đạn (hạt nhân) tiến công các mục tiêu độc lập,FALSE,,,img_1575.jpg,FALSE
1575,Military Dictionary,MIS (maritime intelligence summary),,,,bản tổng hợp tin tình báo đường biển,FALSE,,,img_1575.jpg,FALSE
1575,Military Dictionary,MIS (military information system),,,,hệ thống thông tin quân sự,FALSE,,,img_1575.jpg,FALSE
1575,Military Dictionary,MIS (Military Intelligence Service),,,,ngành tình báo quân sự,FALSE,,,img_1575.jpg,FALSE
1575,Military Dictionary,MIS (mission),,,,sứ mạng; nhiệm vụ; phái đoàn,FALSE,,,img_1575.jpg,FALSE
1575,Military Dictionary,MISC; misc (miscellaneous),,,,những chỉ dẫn khác (tiểu mục trong văn kiện tác chiến),FALSE,,,img_1575.jpg,FALSE
1575,Military Dictionary,MISCAP (mission capability),,,,khả năng hoàn thành nhiệm vụ,FALSE,,,img_1575.jpg,FALSE
1575,Military Dictionary,MISHAP (Missile High-Speed Assembly Program),,,,chương trình lắp ráp tên lửa cao tốc,FALSE,,,img_1575.jpg,FALSE
1575,Military Dictionary,MISO (Military Intelligence Service Organization),,,,tổ chức tình báo quân sự,FALSE,,,img_1575.jpg,FALSE
1575,Military Dictionary,MISR (major item statute report),,,,bảng kê số lưu trữ vật chất – kỹ thuật quan trọng,FALSE,,,img_1575.jpg,FALSE
1575,Military Dictionary,MISRAN (missile range),,,,trường bắn tên lửa,FALSE,,,img_1575.jpg,FALSE
1575,Military Dictionary,MISREP (mission report),,,,báo cáo nhiệm vụ (chiến đấu),FALSE,,,img_1575.jpg,FALSE
1575,Military Dictionary,MISS (missing),,,,sự mất tích,FALSE,,,img_1575.jpg,FALSE
1575,Military Dictionary,MIST (military information support team),,,,đội bảo đảm thông tin quân sự; đội chi viện tin học quân sự,FALSE,,,img_1575.jpg,FALSE
1575,Military Dictionary,MISTF (Military Information Task Force),,,,lực lượng đặc nhiệm tin học quân sự,FALSE,,,img_1575.jpg,FALSE
1575,Military Dictionary,MISTRAM (Missile Trajectory Measurement System),,,,hệ thống đo đạc đường đạn tên lửa,FALSE,,,img_1575.jpg,FALSE
1575,Military Dictionary,MITASK (mission tasking),,,,sự giao nhiệm vụ (cho cấp dưới theo nhiệm vụ chiến đấu chung của đơn vị),FALSE,,,img_1575.jpg,FALSE
1575,Military Dictionary,MITO (minimum interval takeoff),,,,khoảng thời gian tối thiểu giữa hai lần cất cánh,FALSE,,,img_1575.jpg,FALSE
1575,Military Dictionary,MITT (mobile integrated tactical terminal),,,,trạm đầu cuối cơ động tác chiến hợp nhất,FALSE,,,img_1575.jpg,FALSE
1575,Military Dictionary,MIU (missile interface unit),,,,khối giao diện (của) tên lửa,FALSE,,,img_1575.jpg,FALSE
1575,Military Dictionary,MIUW (mobile inshore undersea warfare),,,,chiến tranh ngầm cơ động ở khu vực biển gần bờ,FALSE,,,img_1575.jpg,FALSE
1575,Military Dictionary,MIUWU (mobile inshore undersea warfare unit),,,,đơn vị tác chiến ngầm cơ động ở khu vực biển gần bờ,FALSE,,,img_1575.jpg,FALSE
1575,Military Dictionary,MIW (mine warfare),,,,"chiến tranh mìn, chiến tranh địa lôi",FALSE,,,img_1575.jpg,FALSE
1575,Military Dictionary,MJCS (Joint Chiefs of Staff memorandum),,,,bản ghi nhớ của hội đồng tham mưu trưởng liên quân,FALSE,,,img_1575.jpg,FALSE
1575,Military Dictionary,MJSOTF (multinational joint special operations task force),,,,lực lượng đặc nhiệm tác chiến đặc biệt liên quân đa quốc gia,FALSE,,,img_1575.jpg,FALSE
1575,Military Dictionary,mk (mark),,,,"bia; đánh dấu; vật định hướng, mốc định hướng, điểm định hướng; mẫu, mô hình; sự biến dạng, sự biến thể",FALSE,,,img_1575.jpg,FALSE
1576,Military Dictionary,MKC (multiple kill capacity),,,,khả năng tiêu diệt nhiều mục tiêu,FALSE,,,img_1576.jpg,FALSE
1576,Military Dictionary,MKM (marksman),,,,"lính thiện xạ, xạ thủ xuất sắc",FALSE,,,img_1576.jpg,FALSE
1576,Military Dictionary,MKV (miniature kill vehicle),,,,phương tiện tiêu diệt tiểu hình (vũ trụ),FALSE,,,img_1576.jpg,FALSE
1576,Military Dictionary,ML (minelayer),,,,xe rải mìn; (hq) tàu rải thuỷ lôi,FALSE,,,img_1576.jpg,FALSE
1576,Military Dictionary,ML (missile launcher),,,,"bệ phóng tên lửa có điều khiển, thiết bị phóng tên lửa",FALSE,,,img_1576.jpg,FALSE
1576,Military Dictionary,MLA (mission load allowance),,,,cơ số tải trọng hàng hóa theo nhiệm vụ,FALSE,,,img_1576.jpg,FALSE
1576,Military Dictionary,MLBM (modern large ballistic missile),,,,tên lửa đạn đạo hiện đại cỡ lớn,FALSE,,,img_1576.jpg,FALSE
1576,Military Dictionary,MLC (Marine Logistics Command),,,,bộ tư lệnh hậu cần thuỷ quân lục chiến,FALSE,,,img_1576.jpg,FALSE
1576,Military Dictionary,MLC (Military Liaison Committee),,,,uỷ ban liên lạc quân sự,FALSE,,,img_1576.jpg,FALSE
1576,Military Dictionary,MLC (military load class),,,,loại tải trọng quân sự,FALSE,,,img_1576.jpg,FALSE
1576,Military Dictionary,MLC (military load classification),,,,sự phân loại tải trọng quân sự,FALSE,,,img_1576.jpg,FALSE
1576,Military Dictionary,MLC (motor landing craft),,,,xuồng đổ bộ có động cơ; ca nô đổ bộ có động cơ,FALSE,,,img_1576.jpg,FALSE
1576,Military Dictionary,MLCAEC (Military Liaison Committee to the Atomic Energy Commission),,,,uỷ ban liên lạc quân sự với hội đồng năng lượng nguyên tử,FALSE,,,img_1576.jpg,FALSE
1576,Military Dictionary,MLCC (mobile launch control center),,,,trung tâm chỉ huy phóng tên lửa cơ động,FALSE,,,img_1576.jpg,FALSE
1576,Military Dictionary,MLD (medium lethal dose),,,,liều trung bình gây tử vong,FALSE,,,img_1576.jpg,FALSE
1576,Military Dictionary,MLE (maritime law enforcement),,,,sự thực thi luật đường biển,FALSE,,,img_1576.jpg,FALSE
1576,Military Dictionary,MLE (missile launch envelope),,,,giới hạn phóng (của) tên lửa,FALSE,,,img_1576.jpg,FALSE
1576,Military Dictionary,MLF (multi-lateral force),,,,lực lượng hạt nhân đa quốc gia,FALSE,,,img_1576.jpg,FALSE
1576,Military Dictionary,MLI (Mid-Life Improvement),,,,sự (cải tiến) nâng cấp tuổi thọ trung bình của vũ khí,FALSE,,,img_1576.jpg,FALSE
1576,Military Dictionary,MLLV (medium lift launch vehicle),,,,tên lửa mang hạng trung,FALSE,,,img_1576.jpg,FALSE
1576,Military Dictionary,MLM (mobile-launched surface-to-air missile),,,,tên lửa đất đối không (có) bệ phóng lưu động,FALSE,,,img_1576.jpg,FALSE
1576,Military Dictionary,"MLMS (multi-purpose, lightweight missile system)",,,,hệ thống tên lửa hạng nhẹ đa năng,FALSE,,,img_1576.jpg,FALSE
1576,Military Dictionary,MLO (military liaison office),,,,cục thông tin liên lạc quân sự,FALSE,,,img_1576.jpg,FALSE
1576,Military Dictionary,MLO (muzzle load ordnance),,,,đạn nạp từ miệng nòng,FALSE,,,img_1576.jpg,FALSE
1576,Military Dictionary,MLP (message load plan),,,,kế hoạch nhập nội dung điện văn,FALSE,,,img_1576.jpg,FALSE
1576,Military Dictionary,MLPP (multilevel precedence and preemption),,,,quyền ưu tiên và quyền hành động trước đa cấp,FALSE,,,img_1576.jpg,FALSE
1576,Military Dictionary,MLR (main line of resistance),,,,"tuyến phòng ngự chủ yếu, khu vực phòng ngự phía trước",FALSE,,,img_1576.jpg,FALSE
1576,Military Dictionary,MLRS (multiple launch rocket system),,,,hệ thống giàn phóng tên lửa đa hướng,FALSE,,,img_1576.jpg,FALSE
1576,Military Dictionary,MLS (microwave landing system),,,,"hệ thống điều khiển hạ cánh bằng sóng cực ngắn, hệ thống điều khiển hạ cánh vi ba",FALSE,,,img_1576.jpg,FALSE
1576,Military Dictionary,MLS (multilevel security),,,,hệ thống an ninh đa cấp,FALSE,,,img_1576.jpg,FALSE
1576,Military Dictionary,MLST (Multilateral Logistics Staff Talks),,,,cuộc đàm phán bộ tham mưu hậu cần đa phương,FALSE,,,img_1576.jpg,FALSE
1576,Military Dictionary,MLT (mean lethal time),,,,thời gian tử vong trung bình,FALSE,,,img_1576.jpg,FALSE
1576,Military Dictionary,MLT (missile loader transport),,,,phương tiện chuyên chở và nạp tên lửa,FALSE,,,img_1576.jpg,FALSE
1576,Military Dictionary,MLV (mobile launch vehicle),,,,thiết bị phóng (tên lửa) cơ động,FALSE,,,img_1576.jpg,FALSE
1576,Military Dictionary,"MLVW (medium logistic vehicle, wheeled)",,,,xe hậu cần hạng trung bánh hơi,FALSE,,,img_1576.jpg,FALSE
1576,Military Dictionary,MLW (maximum landing weight),,,,trọng lượng hạ cánh tối đa,FALSE,,,img_1576.jpg,FALSE
1576,Military Dictionary,MLW (mean low water),,,,mực nước thấp trung bình,FALSE,,,img_1576.jpg,FALSE
1576,Military Dictionary,MM (maintenance manual),,,,"sách hướng dẫn bảo dưỡng, cẩm nang bảo dưỡng",FALSE,,,img_1576.jpg,FALSE
1576,Military Dictionary,MM (Medal for Merit),,,,"huy chương ""Vì có thành tích phục vụ"" (tặng thưởng cao nhất cho công dân)",FALSE,,,img_1576.jpg,FALSE
1577,Military Dictionary,MM (mercantile marine),,,,tàu buôn,FALSE,,,img_1577.jpg,FALSE
1577,Military Dictionary,MM (middle marker),,,,mốc vô tuyến chỉ chuẩn giữa đường băng,FALSE,,,img_1577.jpg,FALSE
1577,Military Dictionary,MM (millimeter),,,,người bắn súng giỏi; lính thiện xạ; xạ thủ xuất sắc,FALSE,,,img_1577.jpg,FALSE
1577,Military Dictionary,mm (millimetres),,,,milimét,FALSE,,,img_1577.jpg,FALSE
1577,Military Dictionary,MM (Minuteman),,,,"tên lửa ""Minuteman""",FALSE,,,img_1577.jpg,FALSE
1577,Military Dictionary,MM (Missile Master),,,,"hệ thống ""Missile Master""",FALSE,,,img_1577.jpg,FALSE
1577,Military Dictionary,mm bat (main missile battery),,,,bộ nguồn chính của tên lửa,FALSE,,,img_1577.jpg,FALSE
1577,Military Dictionary,MMA (monomethylaniline),,,,monometyl anilin (chất nổ),FALSE,,,img_1577.jpg,FALSE
1577,Military Dictionary,MMA (multimission aircraft),,,,"máy bay đa dụng, máy bay thông dụng",FALSE,,,img_1577.jpg,FALSE
1577,Military Dictionary,MMA (Multi-mission Maritime Aircraft),,,,máy bay đa năng của hải quân,FALSE,,,img_1577.jpg,FALSE
1577,Military Dictionary,MMBF (mean miles between failures),,,,quãng đường hoạt động trung bình giữa hai lần hỏng hóc (tính bằng dặm),FALSE,,,img_1577.jpg,FALSE
1577,Military Dictionary,MMC (coastal minelayer),,,,tàu rải thuỷ lôi ven bờ,FALSE,,,img_1577.jpg,FALSE
1577,Military Dictionary,MMC (materiel management center),,,,trung tâm quản lý trang bị kỹ thuật,FALSE,,,img_1577.jpg,FALSE
1577,Military Dictionary,MMDS (moving map display equipment),,,,thiết bị hiển thị thể hiện bản đồ động,FALSE,,,img_1577.jpg,FALSE
1577,Military Dictionary,MMFF (multimode fire & forget),,,,(phương thức) điều khiển bắn và quên nhiều chế độ,FALSE,,,img_1577.jpg,FALSE
1577,Military Dictionary,MMG DOD (Master Mobilization Guide),,,,đường lối động viên chủ đạo của bộ quốc phòng,FALSE,,,img_1577.jpg,FALSE
1577,Military Dictionary,MMG (medium machine gun),,,,"súng đại liên; súng máy hạng trung, thượng liên",FALSE,,,img_1577.jpg,FALSE
1577,Military Dictionary,MMIMS (modular multi-influence minesweeping system),,,,hệ thống quét mìn đa hiệu ứng môđun hóa; (hq) môđun quét thuỷ lôi đa hiệu ứng,FALSE,,,img_1577.jpg,FALSE
1577,Military Dictionary,MMLC (medium mobility load carrier),,,,xe nạp tên lửa hạng trung,FALSE,,,img_1577.jpg,FALSE
1577,Military Dictionary,MMLS (mobile microwave landing system),,,,hệ thống điều khiển hạ cánh vi ba di động,FALSE,,,img_1577.jpg,FALSE
1577,Military Dictionary,MMO (Maximum operating Mach number),,,,số Mach khi bay với tốc độ tối đa,FALSE,,,img_1577.jpg,FALSE
1577,Military Dictionary,MMR (minimum military requirement),,,,nhu cầu quân sự tối thiểu,FALSE,,,img_1577.jpg,FALSE
1577,Military Dictionary,MMRBM (mobile midrange ballistic missile),,,,tên lửa đạn đạo tầm trung trên bệ phóng cơ động,FALSE,,,img_1577.jpg,FALSE
1577,Military Dictionary,MMS (mast-mounted sight),,,,máy ngắm (khi sử dụng được lắp vào trụ lắp máy ngắm),FALSE,,,img_1577.jpg,FALSE
1577,Military Dictionary,MMS (missile management system),,,,hệ thống quản lý tên lửa,FALSE,,,img_1577.jpg,FALSE
1577,Military Dictionary,MMT (miniature mobile target),,,,"bia di động thu nhỏ, bia di động tiểu hình",FALSE,,,img_1577.jpg,FALSE
1577,Military Dictionary,MMT (missile maintenance technician),,,,kỹ thuật viên bảo dưỡng tên lửa,FALSE,,,img_1577.jpg,FALSE
1577,Military Dictionary,MMV (modular military vehicle),,,,xe quân dụng môđun hóa,FALSE,,,img_1577.jpg,FALSE
1577,Military Dictionary,MMV (multi mission vehicle),,,,"thiết bị vận chuyển đa dụng (tàu xe, máy bay)",FALSE,,,img_1577.jpg,FALSE
1577,Military Dictionary,MMW (medium multi-purpose wheeled),,,,xe bánh hơi hạng trung đa dụng,FALSE,,,img_1577.jpg,FALSE
1577,Military Dictionary,MMW (millimeter waves),,,,sóng milimét,FALSE,,,img_1577.jpg,FALSE
1577,Military Dictionary,MMW (milimetre wave radar),,,,rada sóng milimét,FALSE,,,img_1577.jpg,FALSE
1577,Military Dictionary,MNBA (minimum normal burst altitude),,,,độ cao chuẩn tối thiểu của vụ nổ (hạt nhân),FALSE,,,img_1577.jpg,FALSE
1577,Military Dictionary,MNECP (mobile national emergency command posts),,,,trạm cơ động chỉ huy toàn bộ lực lượng vũ trang quốc gia trong tình trạng khẩn cấp,FALSE,,,img_1577.jpg,FALSE
1577,Military Dictionary,MNF (maritime nuclear forces),,,,lực lượng hạt nhân (của) hải quân,FALSE,,,img_1577.jpg,FALSE
1577,Military Dictionary,MNF (multinational force),,,,lực lượng đa quốc gia,FALSE,,,img_1577.jpg,FALSE
1577,Military Dictionary,MNFC (multinational force commander),,,,tư lệnh (trưởng) lực lượng đa quốc gia,FALSE,,,img_1577.jpg,FALSE
1577,Military Dictionary,Mno (normal operating Mach number),,,,số Mach khi bay bình thường,FALSE,,,img_1577.jpg,FALSE
1577,Military Dictionary,MNP (master navigation plan),,,,kế hoạch dẫn đường hàng hải chủ đạo,FALSE,,,img_1577.jpg,FALSE
1577,Military Dictionary,MNPD (missile and nuclear programing data),,,,dữ kiện lập trình cho đòn đột kích tên lửa hạt nhân,FALSE,,,img_1577.jpg,FALSE
1578,Military Dictionary,MNS (mine neutralisation system),,,,"hệ thống vô hiệu hóa mìn, hệ thống dò gỡ mìn",FALSE,,,img_1578.jpg,FALSE
1578,Military Dictionary,MNS (mine neutralization system (USN)),,,,hệ thống vô hiệu hoá thuỷ lôi (của hải quân Mỹ),FALSE,,,img_1578.jpg,FALSE
1578,Military Dictionary,MNS (mission needs statement),,,,bản báo cáo các nhu cầu cần thiết cho nhiệm vụ chiến đấu,FALSE,,,img_1578.jpg,FALSE
1578,Military Dictionary,MO (Master Oscillator),,,,bộ dao động chủ,FALSE,,,img_1578.jpg,FALSE
1578,Military Dictionary,Mo (Maximum permitted operating Mach number),,,,số Mach khi bay với tốc độ tối đa cho phép,FALSE,,,img_1578.jpg,FALSE
1578,Military Dictionary,MO (medical officer),,,,sĩ quan quân y,FALSE,,,img_1578.jpg,FALSE
1578,Military Dictionary,MO (month),,,,tháng,FALSE,,,img_1578.jpg,FALSE
1578,Military Dictionary,MO (movement order),,,,"mệnh lệnh di chuyển, mệnh lệnh hành quân cơ động",FALSE,,,img_1578.jpg,FALSE
1578,Military Dictionary,moa (medium observation aircraft),,,,"máy bay trinh sát tầm trung, máy bay quan sát tầm trung",FALSE,,,img_1578.jpg,FALSE
1578,Military Dictionary,MOA (memorandum of agreement),,,,bản ghi nhớ thoả thuận,FALSE,,,img_1578.jpg,FALSE
1578,Military Dictionary,MOA (military operating area),,,,"khu vực hoạt động quân sự, vùng chiến sự",FALSE,,,img_1578.jpg,FALSE
1578,Military Dictionary,MOA (Ministry of Aviation),,,,bộ không quân,FALSE,,,img_1578.jpg,FALSE
1578,Military Dictionary,MOADS (maneuver-oriented ammunition distribution system),,,,hệ thống phân phối đạn dược theo định hướng cơ động,FALSE,,,img_1578.jpg,FALSE
1578,Military Dictionary,MOAT (minewarfare operational analysis tool),,,,phương tiện vận trù tác chiến mìn; (hq) dụng cụ phân tích tác chiến thủy lôi,FALSE,,,img_1578.jpg,FALSE
1578,Military Dictionary,MOB (main operations base),,,,căn cứ tác chiến chủ yếu,FALSE,,,img_1578.jpg,FALSE
1578,Military Dictionary,MOB (missile order of battle),,,,đội hình chiến đấu của đơn vị tên lửa,FALSE,,,img_1578.jpg,FALSE
1578,Military Dictionary,mob (mobile),,,,cơ động; di động,FALSE,,,img_1578.jpg,FALSE
1578,Military Dictionary,mob (mobilization),,,,động viên,FALSE,,,img_1578.jpg,FALSE
1578,Military Dictionary,MOB; mob (mobilize),,,,động viên,FALSE,,,img_1578.jpg,FALSE
1578,Military Dictionary,mob def (mobile defense),,,,phòng ngự cơ động,FALSE,,,img_1578.jpg,FALSE
1578,Military Dictionary,MOBCON (mobilization control),,,,sự chỉ huy động viên lực lượng,FALSE,,,img_1578.jpg,FALSE
1578,Military Dictionary,MOBREP (military manpower mobilization and accession status report),,,,báo cáo tình trạng động viên và bổ sung quân sự,FALSE,,,img_1578.jpg,FALSE
1578,Military Dictionary,MOBSS (mobility support squadron),,,,tiểu đoàn bảo đảm cơ động,FALSE,,,img_1578.jpg,FALSE
1578,Military Dictionary,MOC (missile operations center),,,,trung tâm chỉ huy tác chiến của đơn vị tên lửa; trung tâm chỉ huy tác chiến của phân đội tên lửa,FALSE,,,img_1578.jpg,FALSE
1578,Military Dictionary,MOC (modular operations centre),,,,trung tâm tác nghiệp môđun hóa,FALSE,,,img_1578.jpg,FALSE
1578,Military Dictionary,MOCC (mobile operations control center),,,,"trung tâm chỉ huy tác chiến (đặt) trên xe, trạm chỉ huy tác chiến cơ động, xe chỉ huy tác chiến",FALSE,,,img_1578.jpg,FALSE
1578,Military Dictionary,MOD (Minister of Defense),,,,bộ trưởng bộ quốc phòng,FALSE,,,img_1578.jpg,FALSE
1578,Military Dictionary,MOD; MoD (Ministry of Defence (Mỹ)),,,,bộ quốc phòng,FALSE,,,img_1578.jpg,FALSE
1578,Military Dictionary,mod (modification),,,,"sự biến dạng, sự biến thể; sự thay đổi, sự cải tiến, sự sửa đổi",FALSE,,,img_1578.jpg,FALSE
1578,Military Dictionary,MODEM (modulator/demodulator),,,,bộ điều biến/bộ giải điều biến,FALSE,,,img_1578.jpg,FALSE
1578,Military Dictionary,MOE (measure of effectiveness),,,,biện pháp có hiệu lực,FALSE,,,img_1578.jpg,FALSE
1578,Military Dictionary,MOF (Maritime Operations Force),,,,lực lượng tác chiến trên biển,FALSE,,,img_1578.jpg,FALSE
1578,Military Dictionary,MOFA (multi-option fuze artillery),,,,ngòi nổ tuỳ chọn nhiều chế độ (dùng cho) pháo binh,FALSE,,,img_1578.jpg,FALSE
1578,Military Dictionary,MOFLAB (mobile floating assault bridge),,,,cầu phao tiến công tự hành,FALSE,,,img_1578.jpg,FALSE
1578,Military Dictionary,MOG (maximum (aircraft) on ground),,,,số lượng máy bay tối đa trên mặt đất,FALSE,,,img_1578.jpg,FALSE
1578,Military Dictionary,MOG (movement on ground (aircraft)),,,,sự di chuyển của máy bay trên mặt đất,FALSE,,,img_1578.jpg,FALSE
1578,Military Dictionary,MOG (multinational observer group),,,,nhóm quan sát viên đa quốc gia,FALSE,,,img_1578.jpg,FALSE
1578,Military Dictionary,MOGAS (motor gasoline),,,,xăng động cơ,FALSE,,,img_1578.jpg,FALSE
1578,Military Dictionary,MOGUL (modular gun laying system),,,,hệ thống lấy hướng pháo môđun hóa,FALSE,,,img_1578.jpg,FALSE
1578,Military Dictionary,MOH (medical officer of health),,,,sĩ quan quân y,FALSE,,,img_1578.jpg,FALSE
1578,Military Dictionary,MOL (manned orbital laboratory),,,,phòng thí nghiệm quỹ đạo có người lái,FALSE,,,img_1578.jpg,FALSE
1579,Military Dictionary,MOLAR (mortar/artillery locating radar),,,,rada định vị pháo / cối,FALSE,,,img_1579.jpg,FALSE
1579,Military Dictionary,MOLE (multichannel operational line evaluator),,,,sĩ quan đánh giá tuyến vận hành đa kênh,FALSE,,,img_1579.jpg,FALSE
1579,Military Dictionary,MOLF (Module Laser Fire Control (Germany)),,,,thiết bị lade điều khiển hoả lực môđun hóa (Đức),FALSE,,,img_1579.jpg,FALSE
1579,Military Dictionary,Molink (Moscou link),,,,đường dây nóng liên lạc giữa Cremli (Matxcơva) và Nhà Trắng (Oasinhtơn),FALSE,,,img_1579.jpg,FALSE
1579,Military Dictionary,MOM (military ordinary mail),,,,bưu phẩm quân sự thông thường,FALSE,,,img_1579.jpg,FALSE
1579,Military Dictionary,MOMAT (mobility matting),,,,tấm ghi cơ động (trên nền đất yếu),FALSE,,,img_1579.jpg,FALSE
1579,Military Dictionary,MOMSS (mode and message selection system),,,,hệ thống tuyến lựa điện tín và phương thức chuyển,FALSE,,,img_1579.jpg,FALSE
1579,Military Dictionary,MOOIL (motor oil),,,,dầu máy,FALSE,,,img_1579.jpg,FALSE
1579,Military Dictionary,MOOTW (military operations other than war),,,,các hoạt động quân sự khác chiến tranh,FALSE,,,img_1579.jpg,FALSE
1579,Military Dictionary,MOP (measure of performance),,,,biện pháp hoàn thành (nhiệm vụ),FALSE,,,img_1579.jpg,FALSE
1579,Military Dictionary,MOP (memorandum of policy),,,,biên bản ghi nhớ về chính sách,FALSE,,,img_1579.jpg,FALSE
1579,Military Dictionary,MOPMS (modular pack mine system),,,,tổ hợp mìn đóng gói môđun,FALSE,,,img_1579.jpg,FALSE
1579,Military Dictionary,MOPP (mission-oriented protective posture),,,,trạng thái phòng chống tiến công hoá học được định hướng theo nhiệm vụ,FALSE,,,img_1579.jpg,FALSE
1579,Military Dictionary,MOPS (missile operations),,,,tác chiến có sử dụng tên lửa,FALSE,,,img_1579.jpg,FALSE
1579,Military Dictionary,MOR (military operational requirement),,,,nhu cầu hoạt động tác chiến,FALSE,,,img_1579.jpg,FALSE
1579,Military Dictionary,MOR (missile operationally ready),,,,sẵn sàng phóng tên lửa,FALSE,,,img_1579.jpg,FALSE
1579,Military Dictionary,MORT; Mort; mort (mortar),,,,"pháo cối; súng cối, moócchê",FALSE,,,img_1579.jpg,FALSE
1579,Military Dictionary,MORTREP; mortrep (mortar report),,,,sự báo cáo kết quả bắn pháo cối,FALSE,,,img_1579.jpg,FALSE
1579,Military Dictionary,MOS (military occupational speciality),,,,chuyên nghiệp quân sự,FALSE,,,img_1579.jpg,FALSE
1579,Military Dictionary,MoS (Ministry of Supply (Anh)),,,,bộ tiếp tế,FALSE,,,img_1579.jpg,FALSE
1579,Military Dictionary,MOS (missile on site),,,,tên lửa ở vị trí phóng,FALSE,,,img_1579.jpg,FALSE
1579,Military Dictionary,mos (missile on stand),,,,tên lửa sẵn sàng phóng,FALSE,,,img_1579.jpg,FALSE
1579,Military Dictionary,MOSS (mobile submarine simulator system),,,,hệ thống thiết bị mô phỏng tàu ngầm cơ động,FALSE,,,img_1579.jpg,FALSE
1579,Military Dictionary,mot (motor),,,,môtô; động cơ,FALSE,,,img_1579.jpg,FALSE
1579,Military Dictionary,mot (motorized),,,,cơ giới hoá,FALSE,,,img_1579.jpg,FALSE
1579,Military Dictionary,MOTEC (maritime operations tactical evaluation centre),,,,trung tâm đánh giá chiến thuật tác chiến (của) hải quân,FALSE,,,img_1579.jpg,FALSE
1579,Military Dictionary,motor off (motor transport officer),,,,người chỉ huy vận tải cơ giới,FALSE,,,img_1579.jpg,FALSE
1579,Military Dictionary,MOU; Mou (memorandum of understanding),,,,"biên bản thoả thuận, biên bản ghi nhớ",FALSE,,,img_1579.jpg,FALSE
1579,Military Dictionary,MOUT (military operations in urban terrain),,,,các hoạt động quân sự trên địa hình thành phố; tác chiến trên địa hình đô thị,FALSE,,,img_1579.jpg,FALSE
1579,Military Dictionary,MOUT (military operations on urbanized terrain),,,,tác chiến trên địa hình đô thị hoá,FALSE,,,img_1579.jpg,FALSE
1579,Military Dictionary,MOUT (mobile operations in urban terrain),,,,tác chiến cơ động trên địa bàn thành phố,FALSE,,,img_1579.jpg,FALSE
1579,Military Dictionary,mov (movement),,,,"cơ động, di chuyển; chuyển quân",FALSE,,,img_1579.jpg,FALSE
1579,Military Dictionary,MOVREP (movement report),,,,sự báo cáo hành quân cơ động,FALSE,,,img_1579.jpg,FALSE
1579,Military Dictionary,MOWAM (mobile water mine),,,,"thủy lôi di động, thủy lôi trôi",FALSE,,,img_1579.jpg,FALSE
1579,Military Dictionary,MP (maneuver programmer),,,,sĩ quan lập phương án diễn tập,FALSE,,,img_1579.jpg,FALSE
1579,Military Dictionary,MP (military police),,,,"quân cảnh, hiến binh, cảnh sát quân sự",FALSE,,,img_1579.jpg,FALSE
1579,Military Dictionary,MPA (Man-powered aircraft),,,,phương tiện bay động cơ bằng sức người,FALSE,,,img_1579.jpg,FALSE
1579,Military Dictionary,MPA (maritime patrol aircraft),,,,máy bay tuần tiễu trên biển,FALSE,,,img_1579.jpg,FALSE
1579,Military Dictionary,"MPA (military personnel, Army)",,,,nhân viên quân sự của tập đoàn quân; nhân viên quân sự của lục quân,FALSE,,,img_1579.jpg,FALSE
1579,Military Dictionary,MPA (mission and payload assessment),,,,đánh giá tình hình nhiệm vụ và dự kiến lượng vật chất sử dụng,FALSE,,,img_1579.jpg,FALSE
1580,Military Dictionary,MPA (mission planning agent),,,,sĩ quan lập kế hoạch chiến đấu,FALSE,,,img_1580.jpg,FALSE
1580,Military Dictionary,MPAT (military Patient administration team),,,,đội quản lý hành chính thương bệnh binh,FALSE,,,img_1580.jpg,FALSE
1580,Military Dictionary,MPAT (multi-purpose anti-tank),,,,(vũ khí) chống tăng đa dụng,FALSE,,,img_1580.jpg,FALSE
1580,Military Dictionary,MPBA (multiple practice bomb adapter),,,,bộ đa tiếp hợp (dùng cho) bom huấn luyện,FALSE,,,img_1580.jpg,FALSE
1580,Military Dictionary,MPBAV (MultiPurpose Base Armoured Vehicle),,,,"xe bọc thép chủ lực đa năng, xe thiết giáp chủ lực vạn năng",FALSE,,,img_1580.jpg,FALSE
1580,Military Dictionary,MPC (military payment certificate),,,,trái phiếu quân sự,FALSE,,,img_1580.jpg,FALSE
1580,Military Dictionary,MPC (military personnel centre),,,,trung tâm quân lực,FALSE,,,img_1580.jpg,FALSE
1580,Military Dictionary,MPC (Military Police Corps),,,,ngành cảnh sát quân sự; quân đoàn quân cảnh,FALSE,,,img_1580.jpg,FALSE
1580,Military Dictionary,MPC (Missile Production Center),,,,trung tâm sản xuất tên lửa,FALSE,,,img_1580.jpg,FALSE
1580,Military Dictionary,MPC (MultiPurpose Carrier),,,,phương tiện vận tải đa năng; tàu sân bay đa năng,FALSE,,,img_1580.jpg,FALSE
1580,Military Dictionary,MPCD (Multipurpose colour display),,,,màn hình hiển thị màu đa năng,FALSE,,,img_1580.jpg,FALSE
1580,Military Dictionary,MPCo (military police company),,,,"đại đội cảnh sát quân sự, đại đội quân cảnh",FALSE,,,img_1580.jpg,FALSE
1580,Military Dictionary,MPCSW (multipurpose close support weapon),,,,"phương tiện chiến đấu đa năng chi viện trực tiếp, phương tiện chiến đấu nhiều công dụng yểm trợ trực tiếp",FALSE,,,img_1580.jpg,FALSE
1580,Military Dictionary,MPD (maximum permissible dosage),,,,liều lượng tối đa cho phép,FALSE,,,img_1580.jpg,FALSE
1580,Military Dictionary,MPD (Missile Products Division),,,,cục sản xuất tên lửa,FALSE,,,img_1580.jpg,FALSE
1580,Military Dictionary,MPD (Multipurpose display),,,,màn hình đa năng,FALSE,,,img_1580.jpg,FALSE
1580,Military Dictionary,MPE (maximum permissible exposure),,,,liều lượng chiếu sáng tối đa cho phép,FALSE,,,img_1580.jpg,FALSE
1580,Military Dictionary,MPE/S (maritime pre-positioning equipment and supplies),,,,sự triển khai trước thiết bị và các nguồn tiếp tế đường biển,FALSE,,,img_1580.jpg,FALSE
1580,Military Dictionary,MPF (maritime pre-positioning force),,,,lực lượng tác chiến đường biển triển khai trước; lực lượng triển khai trước trên biển,FALSE,,,img_1580.jpg,FALSE
1580,Military Dictionary,MPF (multi-purpose fighter),,,,máy bay tiêm kích đa dụng,FALSE,,,img_1580.jpg,FALSE
1580,Military Dictionary,MPG (meansurated point graphic),,,,đồ hoạ đo đạc điểm mốc,FALSE,,,img_1580.jpg,FALSE
1580,Military Dictionary,MPGS (mobile protected gun system),,,,tổ hợp pháo nòng dài bọc thép cơ động,FALSE,,,img_1580.jpg,FALSE
1580,Military Dictionary,mph (miles per hour),,,,dặm trên giờ (dặm/h),FALSE,,,img_1580.jpg,FALSE
1580,Military Dictionary,MPI (mean point of impact),,,,"điểm chạm trung bình, điểm trúng đích trung bình",FALSE,,,img_1580.jpg,FALSE
1580,Military Dictionary,MPLAN (Marine Corps Mobilization Management Plan),,,,kế hoạch quản lý động viên của binh chủng thuỷ quân lục chiến,FALSE,,,img_1580.jpg,FALSE
1580,Military Dictionary,MPM (medical planning module),,,,môđun lập kế hoạch quân y,FALSE,,,img_1580.jpg,FALSE
1580,Military Dictionary,mpm (meters per minute),,,,mét trên phút (m/phút),FALSE,,,img_1580.jpg,FALSE
1580,Military Dictionary,MPM (multi-purpose munition),,,,bom đạn đa dụng,FALSE,,,img_1580.jpg,FALSE
1580,Military Dictionary,MPMS (missile performance monitoring system),,,,hệ thống theo dõi tính năng (của) tên lửa,FALSE,,,img_1580.jpg,FALSE
1580,Military Dictionary,MPO (Military Post Office),,,,quân bưu; phòng quân bưu,FALSE,,,img_1580.jpg,FALSE
1580,Military Dictionary,MPR (medium power radar),,,,rada có công suất cỡ vừa,FALSE,,,img_1580.jpg,FALSE
1580,Military Dictionary,MPS (Marine pre-positioning squadron),,,,hải đoàn thuỷ quân lục chiến triển khai trước,FALSE,,,img_1580.jpg,FALSE
1580,Military Dictionary,MPS (maritime pre-positioning ship (Mỹ)),,,,hạm tàu triển khai trước trên biển,FALSE,,,img_1580.jpg,FALSE
1580,Military Dictionary,MPS (message processor shelter),,,,hầm xử lý điện tín,FALSE,,,img_1580.jpg,FALSE
1580,Military Dictionary,MPS (Military Postal Service),,,,ngành quân bưu,FALSE,,,img_1580.jpg,FALSE
1580,Military Dictionary,MPSA (Military Postal Service Agency),,,,cục quân bưu,FALSE,,,img_1580.jpg,FALSE
1580,Military Dictionary,MPSB (Military Production and Supply Board),,,,uỷ ban sản xuất và tiếp tế quân sự,FALSE,,,img_1580.jpg,FALSE
1580,Military Dictionary,MPSRON (maritime pre-positioning ships squadron),,,,hải đoàn tàu hải quân triển khai trước,FALSE,,,img_1580.jpg,FALSE
1581,Military Dictionary,MPU (missile power unit),,,,khối động cơ tên lửa,FALSE,,,img_1581.jpg,FALSE
1581,Military Dictionary,MPV (Multi-Purpose Vehicle),,,,"phương tiện đa năng (tàu, xe, máy bay...)",FALSE,,,img_1581.jpg,FALSE
1581,Military Dictionary,MPWS (mobile protected weapon system (Mỹ)),,,,tổ hợp vũ khí bọc thép cơ động,FALSE,,,img_1581.jpg,FALSE
1581,Military Dictionary,MR (map reference),,,,toạ độ theo bản đồ,FALSE,,,img_1581.jpg,FALSE
1581,Military Dictionary,MR (maritime reconnaissance),,,,sự trinh sát đường biển,FALSE,,,img_1581.jpg,FALSE
1581,Military Dictionary,MR; mr (medium range),,,,tầm trung,FALSE,,,img_1581.jpg,FALSE
1581,Military Dictionary,MR (Military Railroad),,,,đường sắt quân sự,FALSE,,,img_1581.jpg,FALSE
1581,Military Dictionary,MR (military region),,,,quân khu,FALSE,,,img_1581.jpg,FALSE
1581,Military Dictionary,MR (military representative),,,,(người) đại diện quân sự,FALSE,,,img_1581.jpg,FALSE
1581,Military Dictionary,mr (milliroentgen),,,,miliroentgen,FALSE,,,img_1581.jpg,FALSE
1581,Military Dictionary,MR (mobile reserve),,,,lực lượng dự bị cơ động,FALSE,,,img_1581.jpg,FALSE
1581,Military Dictionary,MR (mobilization regulations),,,,lệnh động viên,FALSE,,,img_1581.jpg,FALSE
1581,Military Dictionary,MR (morning report),,,,bản báo cáo hàng ngày,FALSE,,,img_1581.jpg,FALSE
1581,Military Dictionary,MR (motor rifle),,,,súng trường tự động; (k.hiệu) bộ binh cơ giới,FALSE,,,img_1581.jpg,FALSE
1581,Military Dictionary,MR/HR; mr/hr (milliroentgen per hour),,,,miliroentgen/giờ,FALSE,,,img_1581.jpg,FALSE
1581,Military Dictionary,MRAALS (Marine remote area approach and landing system),,,,hệ thống tiếp cận và hạ cánh chiến trường xa của máy bay thuỷ quân lục chiến,FALSE,,,img_1581.jpg,FALSE
1581,Military Dictionary,MRAAM (medium range air-to-air missile),,,,tên lửa không đối không tầm trung,FALSE,,,img_1581.jpg,FALSE
1581,Military Dictionary,MRASM (medium range air-to-surface missile),,,,"tên lửa không đối mặt (đất, nước) tầm trung",FALSE,,,img_1581.jpg,FALSE
1581,Military Dictionary,MRAV (MultiRole Armoured Vehicle),,,,xe bọc thép đa năng,FALSE,,,img_1581.jpg,FALSE
1581,Military Dictionary,MRB (Missile Review Board),,,,uỷ ban giám sát sự hoạt động của tên lửa,FALSE,,,img_1581.jpg,FALSE
1581,Military Dictionary,MRBF (mean rounds before failure),,,,số lượng phát bắn trung bình trước khi hỏng hóc (dùng để tính tuổi thọ trung bình của nòng súng pháo),FALSE,,,img_1581.jpg,FALSE
1581,Military Dictionary,MRBM (medium-range ballistic missile),,,,tên lửa đạn đạo tầm trung,FALSE,,,img_1581.jpg,FALSE
1581,Military Dictionary,MRC (Military Representatives Committee),,,,uỷ ban đại diện quân sự (thuộc hội đồng liên quân NATO),FALSE,,,img_1581.jpg,FALSE
1581,Military Dictionary,MRCA (multirole combat aircraft),,,,máy bay chiến đấu đa năng,FALSE,,,img_1581.jpg,FALSE
1581,Military Dictionary,MRCCs (Maritime Rescue Coordination Centers),,,,các trung tâm hiệp đồng cứu nạn trên biển,FALSE,,,img_1581.jpg,FALSE
1581,Military Dictionary,MRCI (maximum rescue coverage intercept),,,,tầm hoạt động đánh chặn ứng cứu tối đa,FALSE,,,img_1581.jpg,FALSE
1581,Military Dictionary,MRCLOS (missile reference command-to-line-of-sight),,,,lệnh ban đầu điều khiển tên lửa theo đường ngắm,FALSE,,,img_1581.jpg,FALSE
1581,Military Dictionary,MRCP (mobile radar control post),,,,trạm rada cơ động điều khiển dẫn đường,FALSE,,,img_1581.jpg,FALSE
1581,Military Dictionary,MRCS (Marconi Radar and Control Systems),,,,hệ thống điều khiển và rada Macconi,FALSE,,,img_1581.jpg,FALSE
1581,Military Dictionary,MRCS (mobile reporting & control system),,,,hệ thống thông báo và điều khiển cơ động; xe thông báo và điều khiển,FALSE,,,img_1581.jpg,FALSE
1581,Military Dictionary,MRD (motor rifle division),,,,sư đoàn bộ binh cơ động bằng cơ giới,FALSE,,,img_1581.jpg,FALSE
1581,Military Dictionary,MRE (materiel readiness evaluation),,,,đánh giá mức độ sẵn sàng của trang bị kỹ thuật chiến đấu,FALSE,,,img_1581.jpg,FALSE
1581,Military Dictionary,"MRE (meal, ready to eat)",,,,bữa ăn khô chế sẵn,FALSE,,,img_1581.jpg,FALSE
1581,Military Dictionary,MRG (movement requirements generator),,,,người đề xuất các nhu cầu cơ động,FALSE,,,img_1581.jpg,FALSE
1581,Military Dictionary,MRICC (Missile and Rocket Inventory Control Center),,,,trung tâm chỉ huy kiểm tra tên lửa có điều khiển và không điều khiển,FALSE,,,img_1581.jpg,FALSE
1581,Military Dictionary,MRL (modular rocket launcher),,,,"thiết bị phóng tên lửa môđun hóa, môđun phóng đạn phản lực",FALSE,,,img_1581.jpg,FALSE
1581,Military Dictionary,MRL (multiple rocket launcher),,,,giàn phóng tên lửa; giàn phóng đạn phản lực; giàn phóng tên lửa đa hướng,FALSE,,,img_1581.jpg,FALSE
1581,Military Dictionary,MRMC US Army (Medical Research and Materiel Command),,,,bộ chỉ huy nghiên cứu và bảo đảm vật chất quân y lục quân Mỹ,FALSE,,,img_1581.jpg,FALSE
1582,Military Dictionary,MRO (medical regulating office),,,,văn phòng điều hành quân y,FALSE,,,img_1582.jpg,FALSE
1582,Military Dictionary,MRO (motor rout order),,,,mệnh lệnh vận tải bằng ô tô,FALSE,,,img_1582.jpg,FALSE
1582,Military Dictionary,MROC (multicommand required operational capability),,,,khả năng tác chiến theo yêu cầu của nhiều bộ tư lệnh,FALSE,,,img_1582.jpg,FALSE
1582,Military Dictionary,MROS (multi-role operations cabin),,,,cabin tác nghiệp đa năng,FALSE,,,img_1582.jpg,FALSE
1582,Military Dictionary,MRPV (mini remotely piloted vehicle),,,,phương tiện bay mini điều khiển từ xa,FALSE,,,img_1582.jpg,FALSE
1582,Military Dictionary,MRR (minimum-risk route),,,,tuyến đường ít nguy hiểm nhất,FALSE,,,img_1582.jpg,FALSE
1582,Military Dictionary,MRR (motor rifle regiment),,,,trung đoàn bộ binh cơ giới,FALSE,,,img_1582.jpg,FALSE
1582,Military Dictionary,MRRR (mobility requirement resource roster),,,,bảng phân công nguồn lực bảo đảm nhu cầu cơ động,FALSE,,,img_1582.jpg,FALSE
1582,Military Dictionary,MRS (meteorological radar subsystem),,,,phân hệ rada khí tượng,FALSE,,,img_1582.jpg,FALSE
1582,Military Dictionary,MRS (Military Railway Service),,,,ngành đường sắt quân sự,FALSE,,,img_1582.jpg,FALSE
1582,Military Dictionary,"MRS (Military Representative, Standing Group)",,,,(người) đại diện quân sự (thuộc nhóm thường trực liên quân NATO),FALSE,,,img_1582.jpg,FALSE
1582,Military Dictionary,MRS (mobilization reserve stocks),,,,nguồn dự trữ được động viên,FALSE,,,img_1582.jpg,FALSE
1582,Military Dictionary,MRS (movement report system),,,,hệ thống thông báo hành quân cơ động,FALSE,,,img_1582.jpg,FALSE
1582,Military Dictionary,MRS (multiple rocket system),,,,tổ hợp giàn tên lửa,FALSE,,,img_1582.jpg,FALSE
1582,Military Dictionary,MRSA (Materiel Readiness Support Agency),,,,cục bảo đảm trang bị kỹ thuật cho sẵn sàng chiến đấu,FALSE,,,img_1582.jpg,FALSE
1582,Military Dictionary,MRSAM (medium range surface-to-air missile),,,,"tên lửa mặt (đất, biển) đối không tầm trung",FALSE,,,img_1582.jpg,FALSE
1582,Military Dictionary,MRSV (multi-role support vessel),,,,tàu chi viện đa năng,FALSE,,,img_1582.jpg,FALSE
1582,Military Dictionary,MRT (maintenance recovery team),,,,đội thu hồi bảo dưỡng và sửa chữa,FALSE,,,img_1582.jpg,FALSE
1582,Military Dictionary,MRT (multi-radar tracking),,,,(phương thức) bám mục tiêu (bằng) nhiều rada,FALSE,,,img_1582.jpg,FALSE
1582,Military Dictionary,MRT (multi-role turret),,,,tháp (pháo) đa năng,FALSE,,,img_1582.jpg,FALSE
1582,Military Dictionary,MRU (mountain rescue unit),,,,đơn vị giải cứu trên địa hình núi,FALSE,,,img_1582.jpg,FALSE
1582,Military Dictionary,MRV (maintenance-recovery vehicle),,,,xe bảo dưỡng và cứu kéo,FALSE,,,img_1582.jpg,FALSE
1582,Military Dictionary,MRV (multiple reentry vehicles),,,,khoang chiến đấu trở về khí quyển mang nhiều đầu đạn (hạt nhân),FALSE,,,img_1582.jpg,FALSE
1582,Military Dictionary,MRV(R) (Mechanized Recovery Vehicle (Repair)),,,,xe cơ giới cứu kéo (sửa chữa),FALSE,,,img_1582.jpg,FALSE
1582,Military Dictionary,MRVR (Mechanized Repair and Recovery Vehicle (US)),,,,xe cơ giới cứu kéo và sửa chữa (Mỹ),FALSE,,,img_1582.jpg,FALSE
1582,Military Dictionary,MRX (mission rehearsal exercise),,,,cuộc diễn tập theo nhiệm vụ chiến đấu,FALSE,,,img_1582.jpg,FALSE
1582,Military Dictionary,ms (message),,,,"bản báo cáo, bản thông báo; bức điện vô tuyến",FALSE,,,img_1582.jpg,FALSE
1582,Military Dictionary,MS (message switch),,,,tổng đài truyền tin,FALSE,,,img_1582.jpg,FALSE
1582,Military Dictionary,MS (military science),,,,khoa học quân sự,FALSE,,,img_1582.jpg,FALSE
1582,Military Dictionary,ms (millisecond),,,,miligiây,FALSE,,,img_1582.jpg,FALSE
1582,Military Dictionary,MS (missile station),,,,trạm (thử nghiệm) tên lửa,FALSE,,,img_1582.jpg,FALSE
1582,Military Dictionary,MS (motor ship),,,,tàu máy,FALSE,,,img_1582.jpg,FALSE
1582,Military Dictionary,MSA (maritime safety agency),,,,cục an toàn đường biển,FALSE,,,img_1582.jpg,FALSE
1582,Military Dictionary,MSA (Mutual Security Act),,,,bộ luật về bảo đảm an ninh chung,FALSE,,,img_1582.jpg,FALSE
1582,Military Dictionary,MSAM (medium range surface-to-air missile),,,,"tên lửa mặt (đất, biển) đối không tầm trung",FALSE,,,img_1582.jpg,FALSE
1582,Military Dictionary,M-SAM (medium surface-to-air missile),,,,"tên lửa mặt (đất, biển) đối không hạng trung",FALSE,,,img_1582.jpg,FALSE
1582,Military Dictionary,MSAT-Air (multi-sensor aided targeting-airborne),,,,sự xác định dữ liệu mục tiêu bằng nhiều xenxơ (đặt) trên máy bay,FALSE,,,img_1582.jpg,FALSE
1582,Military Dictionary,MSAW (minimum safe altitude warning),,,,sự cảnh báo độ cao bay an toàn tối thiểu,FALSE,,,img_1582.jpg,FALSE
1582,Military Dictionary,MSBLS (microwave scan beam landing system),,,,hệ thống hạ cánh bằng chùm viba,FALSE,,,img_1582.jpg,FALSE
1582,Military Dictionary,MSC (major subordinate command),,,,bộ chỉ huy chính thuộc quyền,FALSE,,,img_1582.jpg,FALSE
1583,Military Dictionary,MSC (Medical Service Corps),,,,đoàn sĩ quan quân y,FALSE,,,img_1583.jpg,FALSE
1583,Military Dictionary,MSC (Military Sealift Command),,,,bộ tư lệnh vận tải biển,FALSE,,,img_1583.jpg,FALSE
1583,Military Dictionary,MSC (Military Space Command),,,,bộ tư lệnh vũ trụ quân sự,FALSE,,,img_1583.jpg,FALSE
1583,Military Dictionary,MSC (Military Staff Committee),,,,uỷ ban tham mưu quân sự (thuộc Liên hiệp quốc),FALSE,,,img_1583.jpg,FALSE
1583,Military Dictionary,"MSC (minesweeper, coastal)",,,,tàu quét mìn ven bờ (biển),FALSE,,,img_1583.jpg,FALSE
1583,Military Dictionary,MSC (mission support confirmation),,,,sự phê chuẩn kế hoạch đảm bảo chiến đấu,FALSE,,,img_1583.jpg,FALSE
1583,Military Dictionary,"MSC/I/O (minesweeper, coastal/ inshore/ offshore)",,,,"tàu quét thuỷ lôi bờ biển, ven bờ và xa bờ",FALSE,,,img_1583.jpg,FALSE
1583,Military Dictionary,MSCA (military support to civil authorities),,,,sự hỗ trợ quân sự cho nhà cầm quyền dân sự,FALSE,,,img_1583.jpg,FALSE
1583,Military Dictionary,MSCD (military support to civil defense),,,,sự hỗ trợ quân sự cho phòng thủ dân sự,FALSE,,,img_1583.jpg,FALSE
1583,Military Dictionary,MSCLEA (military support to civilian law enforcement agencies),,,,sự hỗ trợ quân sự cho các cơ quan thực thi luật pháp dân sự,FALSE,,,img_1583.jpg,FALSE
1583,Military Dictionary,MSCO (Military Sealift Command Office),,,,văn phòng bộ tư lệnh vận tải quân sự,FALSE,,,img_1583.jpg,FALSE
1583,Military Dictionary,MSD (marginal support date),,,,ngày đến hạn bảo đảm,FALSE,,,img_1583.jpg,FALSE
1583,Military Dictionary,MSD (minimum safe distance),,,,khoảng cách an toàn tối thiểu,FALSE,,,img_1583.jpg,FALSE
1583,Military Dictionary,MSD (mobile security division),,,,sư đoàn cơ động bảo đảm an ninh,FALSE,,,img_1583.jpg,FALSE
1583,Military Dictionary,MSDS (mission specific data set),,,,bộ dữ liệu đặc trưng của nhiệm vụ (chiến đấu),FALSE,,,img_1583.jpg,FALSE
1583,Military Dictionary,MSE (missile support equipment),,,,thiết bị để bảo dưỡng và phóng tên lửa,FALSE,,,img_1583.jpg,FALSE
1583,Military Dictionary,MSE (mission support element),,,,thành phần chi viện bảo đảm chiến đấu,FALSE,,,img_1583.jpg,FALSE
1583,Military Dictionary,MSEL (master scenario events list),,,,danh mục các tình huống diễn tập theo tưởng định (chiến thuật) chủ đạo,FALSE,,,img_1583.jpg,FALSE
1583,Military Dictionary,"MSF (Medicins Sans Frontieres (""Doctors Without Borders""))",,,,"tổ chức ""Bác sĩ không biên giới""",FALSE,,,img_1583.jpg,FALSE
1583,Military Dictionary,MSF (mission support force),,,,lực lượng bảo đảm thực hiện nhiệm vụ (chiến đấu),FALSE,,,img_1583.jpg,FALSE
1583,Military Dictionary,MSF (mobile striking force),,,,lực lượng xung kích cơ động,FALSE,,,img_1583.jpg,FALSE
1583,Military Dictionary,MSG (Marine Security Guard),,,,đội cận vệ thuỷ quân lục chiến,FALSE,,,img_1583.jpg,FALSE
1583,Military Dictionary,MSG (master sergeant (Mỹ)),,,,thượng sĩ,FALSE,,,img_1583.jpg,FALSE
1583,Military Dictionary,msg (message),,,,"bản thông báo, bản báo cáo, bức công điện; bức điện vô tuyến",FALSE,,,img_1583.jpg,FALSE
1583,Military Dictionary,Msg Cen; msgcen (message center),,,,trạm thu thập và chuyển báo cáo,FALSE,,,img_1583.jpg,FALSE
1583,Military Dictionary,Msg DPU (message dropping and picking-up),,,,gửi và nhận công điện,FALSE,,,img_1583.jpg,FALSE
1583,Military Dictionary,msg form (message form),,,,mẫu viết bức điện vô tuyến,FALSE,,,img_1583.jpg,FALSE
1583,Military Dictionary,MSGID (message identification),,,,sự nhận dạng công điện; sự nhận biết bức điện vô tuyến,FALSE,,,img_1583.jpg,FALSE
1583,Military Dictionary,MSGL (multi-salvo grenade launcher),,,,súng phóng lựu liên thanh,FALSE,,,img_1583.jpg,FALSE
1583,Military Dictionary,msgr (messenger),,,,"thông tin viên, người đưa tin; lính quân bưu",FALSE,,,img_1583.jpg,FALSE
1583,Military Dictionary,MSGR (mobile support group),,,,nhóm chi viện cơ động; nhóm bảo đảm cơ động,FALSE,,,img_1583.jpg,FALSE
1583,Military Dictionary,msgr comm (messenger communication),,,,thông tin liên lạc quân bưu,FALSE,,,img_1583.jpg,FALSE
1583,Military Dictionary,msgr svc (messenger service),,,,ngành thông tin quân bưu,FALSE,,,img_1583.jpg,FALSE
1583,Military Dictionary,MSGT; MSgt (master sergeant),,,,trung sĩ quản lý hành chính,FALSE,,,img_1583.jpg,FALSE
1583,Military Dictionary,MSHB (minimum safe height of burst),,,,độ cao an toàn tối thiểu của vụ nổ (hạt nhân),FALSE,,,img_1583.jpg,FALSE
1583,Military Dictionary,MSI (maintenance significant item),,,,khâu bảo dưỡng quan trọng,FALSE,,,img_1583.jpg,FALSE
1583,Military Dictionary,MSIC (Missile and Space Intelligence Center),,,,trung tâm tình báo tên lửa và vũ trụ,FALSE,,,img_1583.jpg,FALSE
1583,Military Dictionary,MSIS (Marine safety information system),,,,hệ thống an toàn thông tin của thuỷ quân lục chiến,FALSE,,,img_1583.jpg,FALSE
1583,Military Dictionary,MSK (mission support kit),,,,bộ thiết bị hỗ trợ nhiệm vụ (chiến đấu),FALSE,,,img_1583.jpg,FALSE
1584,Military Dictionary,msl atk (missile attack),,,,cuộc tiến công bằng tên lửa,FALSE,,,img_1584.jpg,FALSE
1584,Military Dictionary,MSL (master station log),,,,nhật ký của trưởng đài quan sát - chỉ huy,FALSE,,,img_1584.jpg,FALSE
1584,Military Dictionary,MSL (mean sea level),,,,mực nước biển trung bình,FALSE,,,img_1584.jpg,FALSE
1584,Military Dictionary,msl (missile),,,,tên lửa (có điều khiển),FALSE,,,img_1584.jpg,FALSE
1584,Military Dictionary,Msl Bn (missile battalion),,,,tiểu đoàn tên lửa,FALSE,,,img_1584.jpg,FALSE
1584,Military Dictionary,msl btry (missile battery),,,,đại đội tên lửa,FALSE,,,img_1584.jpg,FALSE
1584,Military Dictionary,msl div (missile division),,,,sư đoàn tên lửa,FALSE,,,img_1584.jpg,FALSE
1584,Military Dictionary,msl site (missile site),,,,"trận địa phóng tên lửa, vị trí phóng tên lửa",FALSE,,,img_1584.jpg,FALSE
1584,Military Dictionary,msl sys (missile system),,,,hệ thống tên lửa; tổ hợp tên lửa,FALSE,,,img_1584.jpg,FALSE
1584,Military Dictionary,MSLC (Missile Sites Labor Commission),,,,hội đồng cho phép đấu thầu xây dựng căn cứ tên lửa,FALSE,,,img_1584.jpg,FALSE
1584,Military Dictionary,MSLCOM (Missile Command),,,,bộ tư lệnh tên lửa,FALSE,,,img_1584.jpg,FALSE
1584,Military Dictionary,msn (mission),,,,"nhiệm vụ (chiến đấu); (kq) phi vụ (xuất kích); sứ mệnh, sứ mạng, trách nhiệm công tác",FALSE,,,img_1584.jpg,FALSE
1584,Military Dictionary,MSNAP (merchant ship naval augmentation program),,,,chương trình nâng cấp tàu hàng của hải quân,FALSE,,,img_1584.jpg,FALSE
1584,Military Dictionary,MSO (marine safety office),,,,phòng an toàn đường biển,FALSE,,,img_1584.jpg,FALSE
1584,Military Dictionary,MSO (military satellite communications (MILSAT-COM) systems organization),,,,tổ chức các hệ thống thông tin liên lạc vệ tinh quân sự,FALSE,,,img_1584.jpg,FALSE
1584,Military Dictionary,"MSO (mine sweeper, ocean)",,,,tàu quét thuỷ lôi trên đại dương,FALSE,,,img_1584.jpg,FALSE
1584,Military Dictionary,MSO (mobilization staff officer),,,,sĩ quan tham mưu về động viên,FALSE,,,img_1584.jpg,FALSE
1584,Military Dictionary,MSOW (modular stand-off weapons),,,,vũ khí phóng ngoài tầm hoả lực phòng thủ trực tiếp môđun hóa,FALSE,,,img_1584.jpg,FALSE
1584,Military Dictionary,MSP (Military Support Program),,,,chương trình viện trợ quân sự,FALSE,,,img_1584.jpg,FALSE
1584,Military Dictionary,MSP (mission support plan),,,,kế hoạch bảo đảm nhiệm vụ tác chiến,FALSE,,,img_1584.jpg,FALSE
1584,Military Dictionary,MSP (Mutual Support Program),,,,chương trình bảo đảm an ninh chung,FALSE,,,img_1584.jpg,FALSE
1584,Military Dictionary,"MSPES (mobilization stationing, planning, and execution system)",,,,"hệ thống bố trí trạm, lập kế hoạch và thực hành động viên",FALSE,,,img_1584.jpg,FALSE
1584,Military Dictionary,MSPF (maritime special purpose force),,,,lực lượng hải quân (được giao nhiệm vụ) thực hiện mục tiêu tác chiến đặc biệt,FALSE,,,img_1584.jpg,FALSE
1584,Military Dictionary,MSPS (mobilization stationing and planning system),,,,hệ thống bố trí trạm và lập kế hoạch động viên,FALSE,,,img_1584.jpg,FALSE
1584,Military Dictionary,MSR (main supply route),,,,tuyến đường tiếp tế chủ yếu,FALSE,,,img_1584.jpg,FALSE
1584,Military Dictionary,MSR (missile site radar),,,,rada định vị (điểm phóng) tên lửa,FALSE,,,img_1584.jpg,FALSE
1584,Military Dictionary,MSR (mission support request),,,,yêu cầu chi viện chiến đấu,FALSE,,,img_1584.jpg,FALSE
1584,Military Dictionary,MSRR (modeling and simulation resource repository),,,,kho thiết bị mô hình và mô phỏng,FALSE,,,img_1584.jpg,FALSE
1584,Military Dictionary,MSRS (miniature sonobuoy receiver system),,,,tổ hợp máy thu tiểu hình dùng cho phao thủy âm,FALSE,,,img_1584.jpg,FALSE
1584,Military Dictionary,MSS (meteorological satellite subsystem),,,,tiểu hệ vệ tinh khí tượng,FALSE,,,img_1584.jpg,FALSE
1584,Military Dictionary,MSS (mine search system),,,,hệ thống phát hiện thủy lôi,FALSE,,,img_1584.jpg,FALSE
1584,Military Dictionary,MSS (missile support subsystem),,,,phân hệ bảo đảm (kỹ thuật) tên lửa,FALSE,,,img_1584.jpg,FALSE
1584,Military Dictionary,MSS (mission support system),,,,hệ thống bảo đảm thực hiện nhiệm vụ,FALSE,,,img_1584.jpg,FALSE
1584,Military Dictionary,MSSCC (Military Space Surveillance Control Center),,,,trung tâm trinh sát vũ trụ; trung tâm quan sát thiết bị bay quân sự trong vũ trụ,FALSE,,,img_1584.jpg,FALSE
1584,Military Dictionary,MSSG (Marine expeditionary unit (MEU) Service support group),,,,cụm bảo đảm phục vụ đơn vị thuỷ quân lục chiến viễn chinh,FALSE,,,img_1584.jpg,FALSE
1584,Military Dictionary,mst (measurement),,,,"phép đo, sự đo; kích thước",FALSE,,,img_1584.jpg,FALSE
1584,Military Dictionary,MST (missile surveillance technology),,,,công nghệ giám sát tên lửa,FALSE,,,img_1584.jpg,FALSE
1585,Military Dictionary,MST (mission support team),,,,đội bảo đảm cho nhiệm vụ (chiến đấu),FALSE,,,img_1585.jpg,FALSE
1585,Military Dictionary,MSTAR (manportable surveillance & target acquisition radar),,,,"rada giám sát và tìm kiếm mục tiêu mang vác, rada xách tay giám sát và tìm kiếm mục tiêu",FALSE,,,img_1585.jpg,FALSE
1585,Military Dictionary,MSTART (missile system to attack relocatable targets),,,,tổ hợp tên lửa đánh mục tiêu di chuyển,FALSE,,,img_1585.jpg,FALSE
1585,Military Dictionary,MSTS (Military Sea Transport Service),,,,ngành vận tải đường biển quân sự,FALSE,,,img_1585.jpg,FALSE
1585,Military Dictionary,MSV (modular support vehicle),,,,xe bảo đảm (hậu cần) môđun hóa,FALSE,,,img_1585.jpg,FALSE
1585,Military Dictionary,MSV (multipurpose submersible vessel),,,,"tàu ngầm đa dụng, tàu ngầm đa năng",FALSE,,,img_1585.jpg,FALSE
1585,Military Dictionary,MSVD (Missile and Space Vehicle Department),,,,cục nghiên cứu tên lửa và thiết bị bay vũ trụ,FALSE,,,img_1585.jpg,FALSE
1585,Military Dictionary,MSVO (Missile and Space Vehicle Office),,,,cơ quan nghiên cứu tên lửa và thiết bị bay vũ trụ,FALSE,,,img_1585.jpg,FALSE
1585,Military Dictionary,MT (measurement ton),,,,tấn đo lường (trong vận tải đường biển tương đương 40 fit khối),FALSE,,,img_1585.jpg,FALSE
1585,Military Dictionary,MT (mechanical time),,,,sự định giờ cơ học; sự hẹn giờ cơ học,FALSE,,,img_1585.jpg,FALSE
1585,Military Dictionary,MT (mechanical transport),,,,vận tải cơ giới,FALSE,,,img_1585.jpg,FALSE
1585,Military Dictionary,MT (medium tank),,,,xe tăng hạng trung,FALSE,,,img_1585.jpg,FALSE
1585,Military Dictionary,MT (megaton),,,,mêgatôn (dương lượng nổ hạt nhân tương đương công suất 1 triệu tấn thuốc nổ TNT),FALSE,,,img_1585.jpg,FALSE
1585,Military Dictionary,MT (military technician),,,,kỹ thuật viên quân sự,FALSE,,,img_1585.jpg,FALSE
1585,Military Dictionary,MT (military training),,,,sự huấn luyện quân sự,FALSE,,,img_1585.jpg,FALSE
1585,Military Dictionary,MT (Military Transport),,,,vận tải quân sự,FALSE,,,img_1585.jpg,FALSE
1585,Military Dictionary,MT (ministry team),,,,đội phái viên của bộ,FALSE,,,img_1585.jpg,FALSE
1585,Military Dictionary,MT (motor transport),,,,vận tải cơ giới,FALSE,,,img_1585.jpg,FALSE
1585,Military Dictionary,MT (missile target),,,,mục tiêu tên lửa,FALSE,,,img_1585.jpg,FALSE
1585,Military Dictionary,MT (mountain),,,,núi,FALSE,,,img_1585.jpg,FALSE
1585,Military Dictionary,MT Bn (motor transport battalion),,,,tiểu đoàn vận tải cơ giới,FALSE,,,img_1585.jpg,FALSE
1585,Military Dictionary,MT/D (measurement tons per day),,,,khối lượng vận chuyển tính bằng tấn/ngày,FALSE,,,img_1585.jpg,FALSE
1585,Military Dictionary,MTA (military training agreement),,,,sự thoả thuận về huấn luyện quân sự,FALSE,,,img_1585.jpg,FALSE
1585,Military Dictionary,MTA (military training area),,,,khu vực huấn luyện quân sự,FALSE,,,img_1585.jpg,FALSE
1585,Military Dictionary,MTA (missile transfer area),,,,khu vực trung chuyển của tên lửa,FALSE,,,img_1585.jpg,FALSE
1585,Military Dictionary,MTACS (marine tactical air control system),,,,hệ thống chỉ huy không quân lính thủy đánh bộ (cấp) chiến thuật,FALSE,,,img_1585.jpg,FALSE
1585,Military Dictionary,MTAS (millimetric target acquisition system),,,,hệ thống phát hiện mục tiêu (bằng rada) sóng milimét,FALSE,,,img_1585.jpg,FALSE
1585,Military Dictionary,MTAS (modular target acquisition system),,,,hệ thống phát hiện mục tiêu môđun hóa; môđun phát hiện mục tiêu,FALSE,,,img_1585.jpg,FALSE
1585,Military Dictionary,MTAS (multi-sensor target acquisition system),,,,tổ hợp đa xenxơ phát hiện mục tiêu,FALSE,,,img_1585.jpg,FALSE
1585,Military Dictionary,MTB (medium tank battalion),,,,tiểu đoàn xe tăng hạng trung,FALSE,,,img_1585.jpg,FALSE
1585,Military Dictionary,MTB (Mobility Test Bed),,,,giàn thí nghiệm cơ động,FALSE,,,img_1585.jpg,FALSE
1585,Military Dictionary,MTB (motor torpedo boat),,,,tàu ngư lôi tiến công nhanh,FALSE,,,img_1585.jpg,FALSE
1585,Military Dictionary,MTBF (mean time between failures),,,,thời gian trung bình giữa hai lần hỏng hóc,FALSE,,,img_1585.jpg,FALSE
1585,Military Dictionary,MTBR (mean time between removals),,,,thời gian trung bình giữa hai lần tháo; thời gian trung bình giữa hai lần di chuyển,FALSE,,,img_1585.jpg,FALSE
1585,Military Dictionary,MTC (medical training center),,,,trung tâm huấn luyện quân y,FALSE,,,img_1585.jpg,FALSE
1585,Military Dictionary,MTC (missile test center),,,,trung tâm thử nghiệm tên lửa,FALSE,,,img_1585.jpg,FALSE
1585,Military Dictionary,MTCAS (marine corps tactical command and control system (Mỹ)),,,,hệ thống chỉ huy và điều khiển (cấp) chiến thuật lính thủy đánh bộ,FALSE,,,img_1585.jpg,FALSE
1585,Military Dictionary,MTCR (Missile Technology Control Regime),,,,chế độ kiểm soát công nghệ tên lửa (hiệp ước hiện có 33 nước tham gia),FALSE,,,img_1585.jpg,FALSE
1586,Military Dictionary,MTD (mobile training detachment),,,,đội huấn luyện cơ động,FALSE,,,img_1586.jpg,FALSE
1586,Military Dictionary,mtd (mounted),,,,"lắp trên xe tăng; được lắp ráp, được đặt; được cơ giới hoá (bộ binh)",FALSE,,,img_1586.jpg,FALSE
1586,Military Dictionary,MTD (moving target detection),,,,(thiết bị) phát hiện mục tiêu di động,FALSE,,,img_1586.jpg,FALSE
1586,Military Dictionary,MTEL (manning table and equipment list),,,,biểu biên chế và bảng trang thiết bị,FALSE,,,img_1586.jpg,FALSE
1586,Military Dictionary,MTF (medical treatment facility),,,,trang thiết bị bảo đảm điều trị quân y,FALSE,,,img_1586.jpg,FALSE
1586,Military Dictionary,MTF (message text format),,,,thể thức văn bản bức điện vô tuyến,FALSE,,,img_1586.jpg,FALSE
1586,Military Dictionary,MTG (master timing generator),,,,người đặt mốc thời gian chính,FALSE,,,img_1586.jpg,FALSE
1586,Military Dictionary,MTI (moving-target indication (radar)),,,,sự định vị mục tiêu di động (của rada),FALSE,,,img_1586.jpg,FALSE
1586,Military Dictionary,MTI; mti (moving target Indicator (tl)),,,,thiết bị chỉ thị mục tiêu di động,FALSE,,,img_1586.jpg,FALSE
1586,Military Dictionary,MTI (multiple target interception),,,,(phương tiện) đánh chặn đồng thời nhiều mục tiêu,FALSE,,,img_1586.jpg,FALSE
1586,Military Dictionary,Mtk (medium-gun tank),,,,"xe tăng hạng trung, xe tăng cỡ pháo hạng trung",FALSE,,,img_1586.jpg,FALSE
1586,Military Dictionary,MTLS (magazine torpedo launch system),,,,tổ hợp thùng phóng ngư lôi,FALSE,,,img_1586.jpg,FALSE
1586,Military Dictionary,MTLV (missile transport & loading vehicle),,,,xe chuyên chở và nạp tên lửa,FALSE,,,img_1586.jpg,FALSE
1586,Military Dictionary,MTM (moving target mechanism),,,,cơ cấu bia di động,FALSE,,,img_1586.jpg,FALSE
1586,Military Dictionary,MTMA (military traffic management agency),,,,cục vận tải quân sự,FALSE,,,img_1586.jpg,FALSE
1586,Military Dictionary,MTMC (Military Traffic Management Command),,,,bộ chỉ huy quản lý giao thông vận tải quân sự,FALSE,,,img_1586.jpg,FALSE
1586,Military Dictionary,MTMCTEA (Military Traffic Management Command Transportation Engineering Agency),,,,cục công trình vận tải thuộc bộ chỉ huy quản lý giao thông vận tải quân sự,FALSE,,,img_1586.jpg,FALSE
1586,Military Dictionary,MTMS (maritime tactical message system),,,,hệ thống điện tín chiến thuật đường biển,FALSE,,,img_1586.jpg,FALSE
1586,Military Dictionary,MTMT (multiple target & missile tracker),,,,thiết bị bám nhiều mục tiêu và tên lửa,FALSE,,,img_1586.jpg,FALSE
1586,Military Dictionary,MTMTS (Military Transport Management and Terminal Service),,,,ngành quản lý vận tải quân sự và dịch vụ đầu cuối,FALSE,,,img_1586.jpg,FALSE
1586,Military Dictionary,mtn (mountain),,,,núi,FALSE,,,img_1586.jpg,FALSE
1586,Military Dictionary,MTO (Military Transport Service Overseas),,,,ngành vận tải quân sự ở nước ngoài,FALSE,,,img_1586.jpg,FALSE
1586,Military Dictionary,MTO (motor transport officer),,,,chủ nhiệm ngành ô tô vận tải,FALSE,,,img_1586.jpg,FALSE
1586,Military Dictionary,MTOE (modified table of organization and equipment),,,,biểu tổ chức biên chế và trang bị cải tiến,FALSE,,,img_1586.jpg,FALSE
1586,Military Dictionary,MTOGW (maximum take-off gross weight),,,,tổng trọng lượng cất cánh tối đa,FALSE,,,img_1586.jpg,FALSE
1586,Military Dictionary,MTON (measurement ton),,,,tấn đo lường (trong vận tải đường biển tương đương 40 fit khối),FALSE,,,img_1586.jpg,FALSE
1586,Military Dictionary,MTOW (maximum design take-off weight),,,,trọng lượng cất cánh tối đa theo thiết kế,FALSE,,,img_1586.jpg,FALSE
1586,Military Dictionary,MTP (military training pamphlet),,,,điều lệ huấn luyện chiến đấu,FALSE,,,img_1586.jpg,FALSE
1586,Military Dictionary,MTP (mission tasking package),,,,(bộ) văn kiện giao nhiệm vụ chiến đấu,FALSE,,,img_1586.jpg,FALSE
1586,Military Dictionary,MTP (Mobilization Training Program),,,,chương trình huấn luyện quân động viên,FALSE,,,img_1586.jpg,FALSE
1586,Military Dictionary,MTR (marked target receiver),,,,đầu tìm mục tiêu (đã) đánh dấu,FALSE,,,img_1586.jpg,FALSE
1586,Military Dictionary,MTR (military training route),,,,lộ trình huấn luyện quân sự,FALSE,,,img_1586.jpg,FALSE
1586,Military Dictionary,MTR (missile tracking radar),,,,rada bám tên lửa,FALSE,,,img_1586.jpg,FALSE
1586,Military Dictionary,MTR (motor),,,,động cơ,FALSE,,,img_1586.jpg,FALSE
1586,Military Dictionary,mtr mar (motor march),,,,cuộc hành quân bằng cơ giới,FALSE,,,img_1586.jpg,FALSE
1586,Military Dictionary,mtr trans (motor transport),,,,vận tải cơ giới,FALSE,,,img_1586.jpg,FALSE
1586,Military Dictionary,Mtrcl (motorcycle),,,,xe mô tô,FALSE,,,img_1586.jpg,FALSE
1586,Military Dictionary,mtre (missile test and readiness equipment),,,,thiết bị thử nghiệm và kiểm tra mức độ sẵn sàng của tên lửa,FALSE,,,img_1586.jpg,FALSE
1586,Military Dictionary,MTRR (multiple track radar range),,,,hệ thống rada phát hiện và định tầm nhiều mục tiêu,FALSE,,,img_1586.jpg,FALSE
1586,Military Dictionary,MTS (maintenance training simulator),,,,mô hình huấn luyện bảo dưỡng,FALSE,,,img_1586.jpg,FALSE
1587,Military Dictionary,MTS (maritime tactical school),,,,trường chiến thuật hải quân,FALSE,,,img_1587.jpg,FALSE
1587,Military Dictionary,MTS (marked target seeker),,,,đầu tìm mục tiêu (đã) đánh dấu,FALSE,,,img_1587.jpg,FALSE
1587,Military Dictionary,MTS (military tactical systems),,,,hệ thống chiến thuật quân sự,FALSE,,,img_1587.jpg,FALSE
1587,Military Dictionary,MTS (Missile Test Stand),,,,bệ thử tên lửa,FALSE,,,img_1587.jpg,FALSE
1587,Military Dictionary,MTS (Missile Test Station),,,,trung tâm thử nghiệm tên lửa; trạm thử nghiệm tên lửa,FALSE,,,img_1587.jpg,FALSE
1587,Military Dictionary,MTS (modular tactical switch),,,,tổng đài (cấp) chiến thuật môđun hóa; môđun tổng đài (cấp) chiến thuật,FALSE,,,img_1587.jpg,FALSE
1587,Military Dictionary,MTS (moving target simulator),,,,thiết bị mô phỏng mục tiêu di động,FALSE,,,img_1587.jpg,FALSE
1587,Military Dictionary,MTSQ (mechanical time and semi-quick),,,,hẹn giờ cơ học và bán tức thì (ngòi nổ),FALSE,,,img_1587.jpg,FALSE
1587,Military Dictionary,MTSQ (mechanical time and super-quick),,,,"(ngòi) định giờ cơ học và (nổ) tức thì, (ngòi) hẹn giờ cơ học và (nổ) tức thì",FALSE,,,img_1587.jpg,FALSE
1587,Military Dictionary,MTSS (mine warfare tactical support system),,,,hệ thống bảo đảm tác chiến mìn (cấp) chiến thuật; (hq) hệ thống bảo đảm tác chiến thủy lôi (cấp) chiến thuật,FALSE,,,img_1587.jpg,FALSE
1587,Military Dictionary,MTT (medium tactical truck),,,,xe tải chiến thuật hạng trung,FALSE,,,img_1587.jpg,FALSE
1587,Military Dictionary,MTT (mobile training team),,,,nhóm huấn luyện cơ động,FALSE,,,img_1587.jpg,FALSE
1587,Military Dictionary,MTT (moving turning target),,,,bia di động; mục tiêu di động,FALSE,,,img_1587.jpg,FALSE
1587,Military Dictionary,MTT (multiple target tracking),,,,bám đồng thời nhiều mục tiêu,FALSE,,,img_1587.jpg,FALSE
1587,Military Dictionary,MTTR (mean time to repair),,,,thời gian sửa chữa trung bình,FALSE,,,img_1587.jpg,FALSE
1587,Military Dictionary,MTTR (multi-target tracking radar),,,,rada bám đồng thời nhiều mục tiêu,FALSE,,,img_1587.jpg,FALSE
1587,Military Dictionary,MTTS (multi-task training system),,,,hệ thống huấn luyện nhiều nhiệm vụ (chiến đấu); (kq) hệ thống huấn luyện nhiều thuật bay,FALSE,,,img_1587.jpg,FALSE
1587,Military Dictionary,MTU (missile training unit),,,,đơn vị huấn luyện tên lửa; phân đội huấn luyện tên lửa,FALSE,,,img_1587.jpg,FALSE
1587,Military Dictionary,MTU (mobile training unit),,,,đơn vị huấn luyện cơ động; phân đội huấn luyện cơ động,FALSE,,,img_1587.jpg,FALSE
1587,Military Dictionary,MTV (medium tactical vehicle),,,,xe chiến thuật hạng trung,FALSE,,,img_1587.jpg,FALSE
1587,Military Dictionary,"MTVL (mobile tactical vehicle, light)",,,,xe cơ động chiến thuật hạng nhẹ,FALSE,,,img_1587.jpg,FALSE
1587,Military Dictionary,"MTVT (medium tactical vehicle, trailer)",,,,xe moóc chiến thuật hạng trung,FALSE,,,img_1587.jpg,FALSE
1587,Military Dictionary,MTW (major theater war),,,,chiến tranh trên chiến trường chính,FALSE,,,img_1587.jpg,FALSE
1587,Military Dictionary,MTX (message text format),,,,thể thức văn bản điện tín,FALSE,,,img_1587.jpg,FALSE
1587,Military Dictionary,Mtz (motorized),,,,cơ giới hoá,FALSE,,,img_1587.jpg,FALSE
1587,Military Dictionary,MU (marry up),,,,"lắp ráp đúng, khớp với nhau",FALSE,,,img_1587.jpg,FALSE
1587,Military Dictionary,MUE (Meritorious Unit Emblem),,,,biểu trưng đơn vị xuất sắc,FALSE,,,img_1587.jpg,FALSE
1587,Military Dictionary,MUF; muf (maximum usable frequency),,,,tần số sử dụng tối đa,FALSE,,,img_1587.jpg,FALSE
1587,Military Dictionary,MUFTI (minimum use of force tactical intervention),,,,can thiệp chiến thuật (theo nguyên tắc) sử dụng lực lượng tối thiểu,FALSE,,,img_1587.jpg,FALSE
1587,Military Dictionary,MUGS (multipurpose universal gunner sight),,,,kính ngắm pháo thủ thông dụng vạn năng tăng thiết giáp,FALSE,,,img_1587.jpg,FALSE
1587,Military Dictionary,MUL (master urgency list (DOD)),,,,danh mục các tình trạng khẩn cấp chủ đạo (bộ quốc phòng Mỹ),FALSE,,,img_1587.jpg,FALSE
1587,Military Dictionary,MULE (Modular Universal Laser Equipment (US)),,,,thiết bị lade môđun hóa vạn năng (Mỹ),FALSE,,,img_1587.jpg,FALSE
1587,Military Dictionary,MUN (munitions),,,,đạn dược,FALSE,,,img_1587.jpg,FALSE
1587,Military Dictionary,MUREP (munitions report),,,,sự báo cáo về tình hình đạn dược,FALSE,,,img_1587.jpg,FALSE
1587,Military Dictionary,MUSA (multi-unit steerable antenna),,,,anten giàn chỉnh hướng,FALSE,,,img_1587.jpg,FALSE
1587,Military Dictionary,MUSARC (major United States Army reserve commands),,,,các bộ tư lệnh lực lượng dự bị chính của lục quân Mỹ,FALSE,,,img_1587.jpg,FALSE
1587,Military Dictionary,must (manned undersea station),,,,trạm ngầm (dưới biển) có người điều khiển,FALSE,,,img_1587.jpg,FALSE
1587,Military Dictionary,"MUST (Medical Unit, Self-Contained, Transportable)",,,,đơn vị quân y vận chuyển độc lập; đơn vị quân y độc lập cơ động bằng phương tiện vận tải,FALSE,,,img_1587.jpg,FALSE
1588,Military Dictionary,MV (merchant vessel),,,,thương thuyền,FALSE,,,img_1588.jpg,FALSE
1588,Military Dictionary,MV (motor vessel),,,,tàu thuyền có động cơ,FALSE,,,img_1588.jpg,FALSE
1588,Military Dictionary,mv (move),,,,"sự chuyên chở; sự di chuyển; sự tiếp cận, sự đến gần",FALSE,,,img_1588.jpg,FALSE
1588,Military Dictionary,MV (muzzle velocity),,,,"sơ tốc, vận tốc miệng nòng; tốc độ tại điểm bay ra",FALSE,,,img_1588.jpg,FALSE
1588,Military Dictionary,mvmt (movement),,,,vận động chiến; sự chuyển động; sự cơ động; sự vận chuyển; di chuyển; vận hành,FALSE,,,img_1588.jpg,FALSE
1588,Military Dictionary,mvmto; mvmtO (movement order),,,,mệnh lệnh hành quân cơ động,FALSE,,,img_1588.jpg,FALSE
1588,Military Dictionary,mvr (maneuver),,,,"vận động, cơ động; thủ đoạn cơ động (trong chiến đấu)",FALSE,,,img_1588.jpg,FALSE
1588,Military Dictionary,mvr elm (maneuver element),,,,thành phần cơ động; phân đội cơ động; bộ phận cơ động,FALSE,,,img_1588.jpg,FALSE
1588,Military Dictionary,MVRS (Muzzle Velocity Radar System),,,,hệ thống rada xác định tốc độ miệng nòng,FALSE,,,img_1588.jpg,FALSE
1588,Military Dictionary,MW (MegaWatt),,,,mêgaoát,FALSE,,,img_1588.jpg,FALSE
1588,Military Dictionary,MW (mine warfare),,,,tác chiến mìn; (hq) tác chiến thủy lôi,FALSE,,,img_1588.jpg,FALSE
1588,Military Dictionary,MWA (multiple weapons adapter),,,,"thiết bị đa tiếp hợp cho vũ khí, bộ tiếp hợp vũ khí đa dụng; nòng phụ đa dụng",FALSE,,,img_1588.jpg,FALSE
1588,Military Dictionary,MWBP (missile warning bypass),,,,mạch vòng cảnh báo tên lửa (tiến công),FALSE,,,img_1588.jpg,FALSE
1588,Military Dictionary,MWC (missile warning center),,,,trung tâm cảnh báo tên lửa,FALSE,,,img_1588.jpg,FALSE
1588,Military Dictionary,MWC (Missile Warning Center (NORAD)),,,,trung tâm cảnh báo tiến công đường không của tên lửa (thuộc bộ tư lệnh phòng thủ không gian vũ trụ Bắc Mỹ),FALSE,,,img_1588.jpg,FALSE
1588,Military Dictionary,MWD (military working dog),,,,"chó nghiệp vụ quân sự, quân khuyển",FALSE,,,img_1588.jpg,FALSE
1588,Military Dictionary,MWD (Mutual Weapons Development),,,,sự hợp tác nghiên cứu phát triển vũ khí; sự nghiên cứu phát triển vũ khí chung giữa các bên,FALSE,,,img_1588.jpg,FALSE
1588,Military Dictionary,MWDDEA (Mutual Weapons Development Data Exchange Agreement),,,,hiệp định trao đổi số liệu nghiên cứu phát triển vũ khí chung giữa các bên,FALSE,,,img_1588.jpg,FALSE
1588,Military Dictionary,MWDP (Mutual Weapons Development Program),,,,"chương trình hợp tác nghiên cứu vũ khí, chương trình nghiên cứu phát triển vũ khí chung giữa các bên",FALSE,,,img_1588.jpg,FALSE
1588,Military Dictionary,MWDT (military working dog team),,,,"đội chó nghiệp vụ quân sự, đội quân khuyển",FALSE,,,img_1588.jpg,FALSE
1588,Military Dictionary,MWF (medical working file),,,,hồ sơ công tác quân y,FALSE,,,img_1588.jpg,FALSE
1588,Military Dictionary,MWOD (multiple word-of-day),,,,bộ từ mật khẩu thay đổi hàng ngày,FALSE,,,img_1588.jpg,FALSE
1588,Military Dictionary,mwp (maximum working pressure),,,,áp suất hoạt động tối đa,FALSE,,,img_1588.jpg,FALSE
1588,Military Dictionary,MWR (mine warfare range),,,,thao trường thử nghiệm tác chiến mìn,FALSE,,,img_1588.jpg,FALSE
1588,Military Dictionary,MWR (missile warning receiver),,,,máy thu tín hiệu báo động tên lửa,FALSE,,,img_1588.jpg,FALSE
1588,Military Dictionary,MWS (Manned Weapon Station (US)),,,,trạm vũ khí có người điều khiển (Mỹ),FALSE,,,img_1588.jpg,FALSE
1588,Military Dictionary,MWS (master warning system),,,,hệ thống cảnh báo chính,FALSE,,,img_1588.jpg,FALSE
1588,Military Dictionary,MWS (modular weapon system),,,,tổ hợp vũ khí môđun hóa,FALSE,,,img_1588.jpg,FALSE
1588,Military Dictionary,MWSS (Marine wing support squadron),,,,phi đội máy bay chi viện của phi đoàn không quân thuỷ quân lục chiến,FALSE,,,img_1588.jpg,FALSE
1588,Military Dictionary,mwv (maximum working voltage),,,,thế hiệu làm việc tối đa,FALSE,,,img_1588.jpg,FALSE
1588,Military Dictionary,MWVS (mission weapon visionics system),,,,tổ hợp tác xạ quang điện tử,FALSE,,,img_1588.jpg,FALSE
1588,Military Dictionary,"MX (missile, experimental/missile-X)",,,,"tên lửa đạn đạo vượt đại châu thử nghiệm MX (sau gọi là tên lửa ""Peacekeeper"" - Người bảo vệ hòa bình); tên lửa thử nghiệm",FALSE,,,img_1588.jpg,FALSE
1588,Military Dictionary,mxm (maximum),,,,"cực đại, tối đa",FALSE,,,img_1588.jpg,FALSE
1588,Military Dictionary,MZFW (maximum zero-fuel weight),,,,"trọng lượng tối đa không kể nhiên liệu, trọng lượng nhiên liệu rỗng",FALSE,,,img_1588.jpg,FALSE
1589,Military Dictionary,N (nuclear-propelled-vessel),,,,ký hiệu tàu chạy bằng năng lượng hạt nhân (ký hiệu của hải quân),FALSE,,,img_1589.jpg,FALSE
1589,Military Dictionary,N (napalm) (k.hiệu),,,,napan,FALSE,,,img_1589.jpg,FALSE
1589,Military Dictionary,"N (naval, navy) (k.hiệu)",,,,hải quân,FALSE,,,img_1589.jpg,FALSE
1589,Military Dictionary,N (navigation) (k.hiệu),,,,"dẫn đường, đạo hàng",FALSE,,,img_1589.jpg,FALSE
1589,Military Dictionary,N (Navy Department),,,,bộ hải quân,FALSE,,,img_1589.jpg,FALSE
1589,Military Dictionary,N (Newton),,,,Niutơn (đơn vị chuẩn quốc tế về lực),FALSE,,,img_1589.jpg,FALSE
1589,Military Dictionary,N (north),,,,hướng bắc; (thuộc) hướng bắc,FALSE,,,img_1589.jpg,FALSE
1589,Military Dictionary,N (number of search and rescue units (SRUs)),,,,số hiệu của các đơn vị tìm kiếm và giải cứu,FALSE,,,img_1589.jpg,FALSE
1589,Military Dictionary,N Hq (Navy Headquarters),,,,bộ tư lệnh hải quân,FALSE,,,img_1589.jpg,FALSE
1589,Military Dictionary,N.E. (non-effective),,,,vô hiệu,FALSE,,,img_1589.jpg,FALSE
1589,Military Dictionary,n.k. (not known),,,,không được biết,FALSE,,,img_1589.jpg,FALSE
1589,Military Dictionary,N.L. (north latitude),,,,vĩ độ bắc,FALSE,,,img_1589.jpg,FALSE
1589,Military Dictionary,n.l. (not less than),,,,không ít hơn so với,FALSE,,,img_1589.jpg,FALSE
1589,Military Dictionary,N/A; N-A (Nike Ajax),,,,"tên lửa phòng không ""Nike Ajax""",FALSE,,,img_1589.jpg,FALSE
1589,Military Dictionary,N/C (no change),,,,không thay đổi,FALSE,,,img_1589.jpg,FALSE
1589,Military Dictionary,N/H; N-H (Nike Hercules),,,,"tên lửa phòng không ""Nike Hercules""",FALSE,,,img_1589.jpg,FALSE
1589,Military Dictionary,N/m (no mark (bill of lading)),,,,không ghi trên vận đơn,FALSE,,,img_1589.jpg,FALSE
1589,Military Dictionary,N/O (not observed),,,,không bị phát hiện; không nhận thấy,FALSE,,,img_1589.jpg,FALSE
1589,Military Dictionary,N-1 (navy component manpower or personnel staff officer),,,,sĩ quan tham mưu về quân lực hoặc nhân lực binh chủng hợp thành hải quân,FALSE,,,img_1589.jpg,FALSE
1589,Military Dictionary,N-1 (navy staff officer for manpower or personnel) (k.hiệu),,,,sĩ quan tham mưu về quân lực hải quân; sĩ quan quân lực hải quân,FALSE,,,img_1589.jpg,FALSE
1589,Military Dictionary,N-2 (navy component intelligence staff officer),,,,sĩ quan tham mưu về tình báo binh chủng hợp thành hải quân,FALSE,,,img_1589.jpg,FALSE
1589,Military Dictionary,N-2 (navy staff officer for intelligence) (k.hiệu),,,,sĩ quan tham mưu về quân báo hải quân; sĩ quan quân báo hải quân,FALSE,,,img_1589.jpg,FALSE
1589,Military Dictionary,N-3 (navy component operations officer),,,,sĩ quan tham mưu về tác chiến binh chủng hợp thành hải quân,FALSE,,,img_1589.jpg,FALSE
1589,Military Dictionary,N-3 (navy staff officer for operations) (k.hiệu),,,,sĩ quan tham mưu về tác chiến hải quân; sĩ quan tác chiến hải quân,FALSE,,,img_1589.jpg,FALSE
1589,Military Dictionary,N-4 (navy component logistics staff officer),,,,sĩ quan tham mưu về hậu cần binh chủng hợp thành hải quân,FALSE,,,img_1589.jpg,FALSE
1589,Military Dictionary,N-4 (navy staff officer for logistics) (k.hiệu),,,,sĩ quan tham mưu về hậu cần hải quân; sĩ quan hậu cần hải quân,FALSE,,,img_1589.jpg,FALSE
1589,Military Dictionary,N-5 (navy component plans staff officer),,,,sĩ quan tham mưu về kế hoạch binh chủng hợp thành hải quân,FALSE,,,img_1589.jpg,FALSE
1589,Military Dictionary,N-5 (navy staff officer for plans (planning)) (k.hiệu),,,,sĩ quan tham mưu về kế hoạch tổng hợp hải quân; sĩ quan kế hoạch tổng hợp hải quân,FALSE,,,img_1589.jpg,FALSE
1590,Military Dictionary,N-6 (navy component communications staff officer),,,,sĩ quan tham mưu về thông tin liên lạc binh chủng hợp thành hải quân,FALSE,,,img_1590.jpg,FALSE
1590,Military Dictionary,N-6 (navy staff officer for communications) (k.hiệu),,,,sĩ quan tham mưu về thông tin liên lạc hải quân; sĩ quan thông tin liên lạc hải quân,FALSE,,,img_1590.jpg,FALSE
1590,Military Dictionary,NA (naval Academy),,,,học viện hải quân,FALSE,,,img_1590.jpg,FALSE
1590,Military Dictionary,NA (North Atlantic),,,,Bắc Đại Tây Dương; (thuộc) Bắc Đại Tây Dương,FALSE,,,img_1590.jpg,FALSE
1590,Military Dictionary,NA (not applicable),,,,"không thể dùng được, không thể áp dụng được; không thích hợp",FALSE,,,img_1590.jpg,FALSE
1590,Military Dictionary,NA (not available),,,,"không có sẵn, không có trong tay",FALSE,,,img_1590.jpg,FALSE
1590,Military Dictionary,naa (not always afloat),,,,không nổi trên mặt nước,FALSE,,,img_1590.jpg,FALSE
1590,Military Dictionary,"NAAFI (Navy, Army and Air Force Institute (Anh))",,,,"ngành thương mại của hải quân, không quân và lục quân",FALSE,,,img_1590.jpg,FALSE
1590,Military Dictionary,NAAG (North Atlantic Treaty Organization (NATO) Army Armaments Group),,,,cụm lực lượng vũ trang lục quân của tổ chức hiệp ước Bắc Đại Tây Dương (NATO),FALSE,,,img_1590.jpg,FALSE
1590,Military Dictionary,NABS (Nuclear Armed Bombardment Satellite),,,,vệ tinh cường kích hạt nhân,FALSE,,,img_1590.jpg,FALSE
1590,Military Dictionary,NAC (North American Aerospace Defense Command (NORAD) Air Center),,,,trung tâm không quân của bộ tư lệnh phòng thủ không gian vũ trụ Bắc Mỹ (NORAD),FALSE,,,img_1590.jpg,FALSE
1590,Military Dictionary,NAC (North Atlantic Council),,,,"hội đồng NATO, hội đồng khối Bắc Đại Tây Dương",FALSE,,,img_1590.jpg,FALSE
1590,Military Dictionary,NACA (US National Advisory Committee for Aeronautics (now NASA)),,,,uỷ ban cố vấn hàng không quốc gia Mỹ (nay là cơ quan NASA),FALSE,,,img_1590.jpg,FALSE
1590,Military Dictionary,NACE (National Military Command System (NMCS) Automated Control Executive),,,,uỷ viên quản trị điều khiển tự động thuộc hệ thống chỉ huy quốc phòng,FALSE,,,img_1590.jpg,FALSE
1590,Military Dictionary,NACISA (North Atlantic Treaty Organization (NATO) Communications and Information Systems Agency),,,,cục các hệ thống thông tin liên lạc và tin học thuộc tổ chức hiệp ước Bắc Đại Tây Dương (NATO),FALSE,,,img_1590.jpg,FALSE
1590,Military Dictionary,NACISC (North Atlantic Treaty Organization (NATO) Communications and Information Systems Committee),,,,uỷ ban các hệ thống thông tin liên lạc và tin học thuộc tổ chức hiệp ước Bắc Đại Tây Dương (NATO),FALSE,,,img_1590.jpg,FALSE
1590,Military Dictionary,NACOM (Northern Area Command),,,,bộ tư lệnh (quân đội Mỹ) ở khu vực phía Bắc (Đức),FALSE,,,img_1590.jpg,FALSE
1590,Military Dictionary,NACSEM (National Communications Security/emanations Security (COMSEC/EMSEC) Information Memorandum),,,,biên bản ghi nhớ thông tin về an ninh thông tin liên lạc/an ninh phát tin quốc gia,FALSE,,,img_1590.jpg,FALSE
1590,Military Dictionary,NACSI (national communications security (COMSEC) instruction),,,,chỉ thị về an ninh thông tin liên lạc quốc gia,FALSE,,,img_1590.jpg,FALSE
1590,Military Dictionary,NACSIM (national communications security (COMSEC) information memorandum),,,,biên bản ghi nhớ thông tin về an ninh thông tin liên lạc quốc gia,FALSE,,,img_1590.jpg,FALSE
1590,Military Dictionary,NAD (not on active duty),,,,không phục vụ tại ngũ,FALSE,,,img_1590.jpg,FALSE
1590,Military Dictionary,NADAC (National Damage Assessment Center),,,,trung tâm quốc gia về đánh giá mức độ thiệt hại (sau đòn tiến công hạt nhân),FALSE,,,img_1590.jpg,FALSE
1590,Military Dictionary,NADC (naval aide-de-camp),,,,sĩ quan tùy tùng hải quân,FALSE,,,img_1590.jpg,FALSE
1590,Military Dictionary,NADEFCL; NaDefCol (NATO Defense College),,,,trường quân sự của liên quân NATO,FALSE,,,img_1590.jpg,FALSE
1590,Military Dictionary,NADEP (naval aircraft depot),,,,kho chứa máy bay hải quân,FALSE,,,img_1590.jpg,FALSE
1590,Military Dictionary,NADGE (NATO Air Defense Ground Environment),,,,hệ thống phòng không mặt đất của liên quân NATO,FALSE,,,img_1590.jpg,FALSE
1590,Military Dictionary,NADTC (North Atlantic Air Defense Technical Center),,,,trung tâm kỹ thuật phòng không của liên quân NATO,FALSE,,,img_1590.jpg,FALSE
1590,Military Dictionary,NAEWF (NATO Airborne and Early Warning Force),,,,lực lượng cơ động đường không và báo động sớm của liên quân NATO,FALSE,,,img_1590.jpg,FALSE
1591,Military Dictionary,NAF (naval air facility),,,,phương tiện bảo đảm không quân của hải quân,FALSE,,,img_1591.jpg,FALSE
1591,Military Dictionary,NAF (naval assault force),,,,đội đổ bộ tiến công đường biển,FALSE,,,img_1591.jpg,FALSE
1591,Military Dictionary,NAF (nonappropriated funds),,,,các quỹ dành riêng cho mục đích đặc biệt (không được sử dụng vào việc khác),FALSE,,,img_1591.jpg,FALSE
1591,Military Dictionary,NAFAG (North Atlantic Treaty Organization (NATO) Air Force Armaments Group),,,,cụm lực lượng vũ trang không quân của tổ chức hiệp ước Bắc Đại Tây Dương (NATO),FALSE,,,img_1591.jpg,FALSE
1591,Military Dictionary,NAFEC (North Atlantic Agency for Equipment Codification),,,,cục mã hoá vũ khí và thiết bị kỹ thuật liên quân NATO,FALSE,,,img_1591.jpg,FALSE
1591,Military Dictionary,NAG (naval advisory group),,,,nhóm cố vấn hải quân,FALSE,,,img_1591.jpg,FALSE
1591,Military Dictionary,NAG (Northern Army Group),,,,cụm tập đoàn quân phương Bắc của liên quân NATO,FALSE,,,img_1591.jpg,FALSE
1591,Military Dictionary,NAI (named area of interest),,,,khu vực trinh sát được đặt tên,FALSE,,,img_1591.jpg,FALSE
1591,Military Dictionary,NAIAD (nerve agent immobilised enzyme detection system),,,,hệ thống phát hiện tác nhân thần kinh (bằng phương pháp) cố định endim,FALSE,,,img_1591.jpg,FALSE
1591,Military Dictionary,NAIC (National Air Intelligence Center),,,,trung tâm tình báo không quân quốc gia,FALSE,,,img_1591.jpg,FALSE
1591,Military Dictionary,NAICC (Nuclear Accident and Incident Control Center),,,,trung tâm kiểm soát tai nạn và thảm hoạ vũ khí hạt nhân,FALSE,,,img_1591.jpg,FALSE
1591,Military Dictionary,NAICP (nuclear accident and incident control plan),,,,kế hoạch kiểm soát tai nạn và thảm hoạ vũ khí hạt nhân,FALSE,,,img_1591.jpg,FALSE
1591,Military Dictionary,NAK (negative acknowledgement),,,,sự không quán triệt hết nhiệm vụ (trong khi nhận nhiệm vụ),FALSE,,,img_1591.jpg,FALSE
1591,Military Dictionary,NALC (naval ammunition logistic code),,,,mã hậu cần đạn dược hải quân,FALSE,,,img_1591.jpg,FALSE
1591,Military Dictionary,NALE (naval and amphibious liaison element),,,,bộ phận thông tin liên lạc hải quân và đổ bộ đường biển,FALSE,,,img_1591.jpg,FALSE
1591,Military Dictionary,NALLA (National Long Lines Agency),,,,cục thông tin liên lạc viễn thông quốc gia,FALSE,,,img_1591.jpg,FALSE
1591,Military Dictionary,NALSS (naval advanced logistic support site),,,,địa điểm bảo đảm hậu cần hải quân phía trước,FALSE,,,img_1591.jpg,FALSE
1591,Military Dictionary,NAMFI (NATO Missile-Firing Installations),,,,trung tâm huấn luyện và thử nghiệm tên lửa của liên quân NATO,FALSE,,,img_1591.jpg,FALSE
1591,Military Dictionary,NAMILCOM; NAMilCom (North Atlantic Military Committee),,,,"hội đồng quân sự khối Bắc Đại Tây Dương, hội đồng quân sự liên quân NATO",FALSE,,,img_1591.jpg,FALSE
1591,Military Dictionary,NAMILREPCOM; NAMilRepCom (North Atlantic Military Representatives Committee),,,,"uỷ ban đại diện quân sự khối Bắc Đại Tây Dương, uỷ ban đại diện quân sự liên quân NATO",FALSE,,,img_1591.jpg,FALSE
1591,Military Dictionary,NAMISCEN (Naval Missile Center),,,,trung tâm tên lửa hải quân,FALSE,,,img_1591.jpg,FALSE
1591,Military Dictionary,NAMP (North Atlantic Treaty Organization (NATO) Annual Manpower Plan),,,,kế hoạch nhân lực hàng năm của tổ chức hiệp ước Bắc Đại Tây Dương (NATO),FALSE,,,img_1591.jpg,FALSE
1591,Military Dictionary,NAMTO (Navy material transportation office),,,,phòng vận tải phương tiện vật chất hải quân,FALSE,,,img_1591.jpg,FALSE
1591,Military Dictionary,NAOC (national airborne operations center (E-4B aircraft)),,,,trung tâm tác chiến đường không quốc gia (máy bay E-4B),FALSE,,,img_1591.jpg,FALSE
1591,Military Dictionary,NAPMA (North Atlantic Treaty Organization (NATO) Airborne Early Warning and Control Program Management Agency),,,,cơ quan quản lý chương trình cảnh báo sớm và kiểm soát đường không của tổ chức hiệp ước Bắc Đại Tây Dương (NATO),FALSE,,,img_1591.jpg,FALSE
1591,Military Dictionary,NAR (National Association of Rocketry),,,,hiệp hội kỹ thuật tên lửa quốc gia,FALSE,,,img_1591.jpg,FALSE
1591,Military Dictionary,NAR (notice of ammunition reclassification),,,,thông báo về phân loại đạn dược (trong quá trình sử dụng bảo quản),FALSE,,,img_1591.jpg,FALSE
1591,Military Dictionary,NARC (non-automatic relay center),,,,trung tâm tiếp âm không tự động hoá,FALSE,,,img_1591.jpg,FALSE
1591,Military Dictionary,NAROCTESTSTA (Naval Air Rocket Test Station),,,,trạm thử nghiệm tên lửa hàng không của hải quân,FALSE,,,img_1591.jpg,FALSE
1592,Military Dictionary,NAS (naval air station),,,,trạm không quân của hải quân,FALSE,,,img_1592.jpg,FALSE
1592,Military Dictionary,NAS computer (national airspace system computer),,,,máy tính của hệ thống không gian vũ trụ quốc gia,FALSE,,,img_1592.jpg,FALSE
1592,Military Dictionary,NAS (US Naval Air Station),,,,trạm hàng không hải quân Mỹ; căn cứ không quân của hải quân,FALSE,,,img_1592.jpg,FALSE
1592,Military Dictionary,NASA (National Aeronautics and Space Administration),,,,cơ quan hàng không và vũ trụ quốc gia Mỹ,FALSE,,,img_1592.jpg,FALSE
1592,Military Dictionary,NASAR (National Association for Search and Rescue),,,,hiệp hội quốc gia về tìm kiếm và cứu nạn,FALSE,,,img_1592.jpg,FALSE
1592,Military Dictionary,NASC (NATO Supply Center),,,,trung tâm tiếp tế của liên quân NATO,FALSE,,,img_1592.jpg,FALSE
1592,Military Dictionary,NASC (North Atlantic Studies Committee),,,,uỷ ban nghiên cứu của liên quân NATO,FALSE,,,img_1592.jpg,FALSE
1592,Military Dictionary,NASC (North Atlantic Supreme Command),,,,bộ tư lệnh tối cao của liên quân NATO,FALSE,,,img_1592.jpg,FALSE
1592,Military Dictionary,NASC (US Naval Air Systems Command),,,,bộ tư lệnh các hệ thống hàng không hải quân Mỹ,FALSE,,,img_1592.jpg,FALSE
1592,Military Dictionary,NASO (non-acoustic systems operator),,,,sĩ quan điều hành các hệ thống phi âm thanh (để giám sát vùng biển),FALSE,,,img_1592.jpg,FALSE
1592,Military Dictionary,NASR (naval & air staff requirement (Anh)),,,,nhu cầu (của cơ quan) tham mưu tác chiến hải quân và không quân,FALSE,,,img_1592.jpg,FALSE
1592,Military Dictionary,NAT (nonair-transportable (cargo)),,,,hàng hoá không vận tải được bằng đường không,FALSE,,,img_1592.jpg,FALSE
1592,Military Dictionary,NATC (US Naval Air Training Command or Test Center),,,,bộ tư lệnh huấn luyện không quân hoặc trung tâm thử nghiệm hải quân Mỹ,FALSE,,,img_1592.jpg,FALSE
1592,Military Dictionary,NATCS (National Air Traffic Control Service (Anh)),,,,cơ quan kiểm soát không lưu quốc gia,FALSE,,,img_1592.jpg,FALSE
1592,Military Dictionary,NATO (North Atlantic Treaty Organisation),,,,"tổ chức hiệp ước Bắc Đại Tây Dương, tổ chức hiệp ước khối NATO",FALSE,,,img_1592.jpg,FALSE
1592,Military Dictionary,NATOPS (Naval Air Training and Operating Procedures Standardization),,,,sự tiêu chuẩn hoá quy trình huấn luyện và tác chiến không quân của hải quân,FALSE,,,img_1592.jpg,FALSE
1592,Military Dictionary,NATOSG (North Atlantic Treaty Organization Group),,,,"nhóm thường trực khối hiệp ước Bắc Đại Tây Dương, nhóm thường trực khối NATO",FALSE,,,img_1592.jpg,FALSE
1592,Military Dictionary,NAU (Narcotics Assistance Unit),,,,đơn vị hỗ trợ chống ma tuý,FALSE,,,img_1592.jpg,FALSE
1592,Military Dictionary,NAUTIC (naval autonomous intelligence console),,,,bàn tự hoạt biểu diễn tin tình báo hải quân,FALSE,,,img_1592.jpg,FALSE
1592,Military Dictionary,nav (naval),,,,(thuộc) hải quân,FALSE,,,img_1592.jpg,FALSE
1592,Military Dictionary,Nav Opns (naval operations),,,,tác chiến trên biển; chiến đấu trên biển,FALSE,,,img_1592.jpg,FALSE
1592,Military Dictionary,NAVAIDS; navaids (navigational aids),,,,các phương tiện hỗ trợ dẫn đường hàng hải; các thiết bị hỗ trợ dẫn đường,FALSE,,,img_1592.jpg,FALSE
1592,Military Dictionary,NAVAIR (naval air),,,,không quân của hải quân,FALSE,,,img_1592.jpg,FALSE
1592,Military Dictionary,NAVAIR (Naval Air Systems Command),,,,bộ chỉ huy các hệ thống không quân của hải quân; bộ tư lệnh tổ hợp vũ khí không quân của hải quân,FALSE,,,img_1592.jpg,FALSE
1592,Military Dictionary,"NAVAIRLANT (Naval Air Forces, Atlantic)",,,,lực lượng không quân của hải quân khu vực Đại Tây Dương,FALSE,,,img_1592.jpg,FALSE
1592,Military Dictionary,"NAVAIRPAC (Naval Air Forces, Pacific)",,,,lực lượng không quân của hải quân khu vực Thái Bình Dương,FALSE,,,img_1592.jpg,FALSE
1592,Military Dictionary,NAVAIRSYSCOM (Naval Air Systems Command (also called NAVAIR)),,,,bộ chỉ huy các hệ thống không quân của hải quân (còn gọi là NAVAIR),FALSE,,,img_1592.jpg,FALSE
1592,Military Dictionary,NAVAR (combined navigation and radar system),,,,hệ thống rada và dẫn đường binh chủng hợp thành,FALSE,,,img_1592.jpg,FALSE
1592,Military Dictionary,NAVATAC (Navy Antiterrorism Analysis Center),,,,trung tâm phân tích chống khủng bố hải quân,FALSE,,,img_1592.jpg,FALSE
1592,Military Dictionary,NAVATAC (Navy Antiterrorist Alert Center),,,,trung tâm cảnh báo chống khủng bố hải quân,FALSE,,,img_1592.jpg,FALSE
1592,Military Dictionary,"NAVBALTAP (Allied Naval Forces, Baltic Approaches)",,,,lực lượng liên quân hải quân của bộ tư lệnh Bantích,FALSE,,,img_1592.jpg,FALSE
