source_page,dictionary_name,word,phonetic,part_of_speech_raw,part_of_speech_code,meaning_vi,is_subentry,example_en,example_vi,image_path,reviewed
1593,Military Dictionary,NAVBASE (Naval Base),,,,căn cứ hải quân,FALSE,,,img_1593.jpg,FALSE
1593,Military Dictionary,NAVBMC (Naval Ballistic Missile Committee),,,,uỷ ban tên lửa đạn đạo hải quân liên quân NATO,FALSE,,,img_1593.jpg,FALSE
1593,Military Dictionary,"NAVCAG (Allied Naval Forces, Central Army Group)",,,,hải quân liên quân NATO ở khu vực tập đoàn quân trung tâm,FALSE,,,img_1593.jpg,FALSE
1593,Military Dictionary,"NAVCENT; NavCent (Allied Naval Forces, Central Europe)",,,,hải quân liên quân NATO ở khu vực Trung Âu,FALSE,,,img_1593.jpg,FALSE
1593,Military Dictionary,NAVCHAPDET (naval cargo handling and port group detachment),,,,đội biệt phái của cụm điều hành hàng hoá và quân cảng hải quân,FALSE,,,img_1593.jpg,FALSE
1593,Military Dictionary,NAVCHAPGRU (Navy cargo handling and port group),,,,cụm điều hành hàng hoá và quân cảng hải quân,FALSE,,,img_1593.jpg,FALSE
1593,Military Dictionary,NAVCOM officer (navigation and communication officer),,,,sĩ quan thông tin liên lạc và dẫn đường,FALSE,,,img_1593.jpg,FALSE
1593,Military Dictionary,NAVCOMSTA (naval communications station),,,,trạm thông tin liên lạc hải quân,FALSE,,,img_1593.jpg,FALSE
1593,Military Dictionary,NAVDAC (navigation data assimilation center),,,,trung tâm thu thập và xử lý thông tin dẫn đường,FALSE,,,img_1593.jpg,FALSE
1593,Military Dictionary,"NAVEASTLANTMED; NavEastLanstMed (Naval Forces, Eastern Atlantic and Mediterranean)",,,,(lực lượng) hải quân Mỹ ở Bắc Đại Tây Dương và Địa Trung Hải,FALSE,,,img_1593.jpg,FALSE
1593,Military Dictionary,NAVFACENGCOM (naval facilities engineering command),,,,bộ chỉ huy công binh công trình hải quân,FALSE,,,img_1593.jpg,FALSE
1593,Military Dictionary,"NAVFE (Naval Forces, Far East)",,,,lực lượng hải quân ở Viễn Đông,FALSE,,,img_1593.jpg,FALSE
1593,Military Dictionary,NAVFOR (Naval Forces),,,,"hải quân, lực lượng hải quân",FALSE,,,img_1593.jpg,FALSE
1593,Military Dictionary,"NAVFOREASTLANT; NavForEastLant (Naval Forces, Eastern Atlantic)",,,,hải quân Mỹ ở Bắc Đại Tây Dương,FALSE,,,img_1593.jpg,FALSE
1593,Military Dictionary,"NAVFORFE; NavForFE (Naval Forces, Far East)",,,,(lực lượng) hải quân Mỹ ở Viễn Đông,FALSE,,,img_1593.jpg,FALSE
1593,Military Dictionary,"NAVFORJAP (Naval Forces, Japan)",,,,lực lượng hải quân Mỹ ở Nhật Bản,FALSE,,,img_1593.jpg,FALSE
1593,Military Dictionary,NavGer (Naval Forces in Germany),,,,lực lượng hải quân Mỹ ở Đức,FALSE,,,img_1593.jpg,FALSE
1593,Military Dictionary,NAVGMU (naval guided missile unit),,,,đơn vị tên lửa có điều khiển của hải quân; phân đội tên lửa có điều khiển của hải quân,FALSE,,,img_1593.jpg,FALSE
1593,Military Dictionary,"NAVLANT (Naval Forces, Atlantic)",,,,(lực lượng) hải quân Mỹ ở Đại Tây Dương,FALSE,,,img_1593.jpg,FALSE
1593,Military Dictionary,NAVMAG (naval magazine),,,,kho vũ khí hải quân; tạp chí hải quân,FALSE,,,img_1593.jpg,FALSE
1593,Military Dictionary,NAVMEDCOMINST (Navy medical command instruction),,,,hướng dẫn của bộ tư lệnh quân y hải quân,FALSE,,,img_1593.jpg,FALSE
1593,Military Dictionary,NAVMEDLOGCOM (Navy Medical Logistical Command),,,,bộ chỉ huy hậu cần quân y hải quân,FALSE,,,img_1593.jpg,FALSE
1593,Military Dictionary,NAVMEDP (Navy medical pamphlet),,,,sổ tay quân y hải quân,FALSE,,,img_1593.jpg,FALSE
1593,Military Dictionary,NAVMTO (naval military transportation office),,,,phòng vận tải quân sự hải quân,FALSE,,,img_1593.jpg,FALSE
1593,Military Dictionary,NAvn (naval aviation),,,,"(lực lượng) không quân của hải quân, không quân hải quân",FALSE,,,img_1593.jpg,FALSE
1593,Military Dictionary,"NAVNORCENT (Allied Naval Forces, Northern Area, Central Europe)",,,,hải quân liên quân NATO ở khu vực Bắc Trung Âu,FALSE,,,img_1593.jpg,FALSE
1593,Military Dictionary,"NAVNORTH (Allied Naval Forces, Northern Europe)",,,,hải quân liên quân NATO ở Bắc Âu,FALSE,,,img_1593.jpg,FALSE
1593,Military Dictionary,NAVORD (naval ordnance),,,,ngành trang bị kỹ thuật hải quân,FALSE,,,img_1593.jpg,FALSE
1593,Military Dictionary,NAVORDSTA (naval ordnance station),,,,trạm trang bị kỹ thuật hải quân,FALSE,,,img_1593.jpg,FALSE
1593,Military Dictionary,NAVSAFECEN (naval safety center),,,,trung tâm về an toàn hải quân,FALSE,,,img_1593.jpg,FALSE
1593,Military Dictionary,NAVSAT (navigation satellite),,,,"vệ tinh hỗ trợ hàng không và hàng hải, vệ tinh dẫn đường (không quân và hải quân)",FALSE,,,img_1593.jpg,FALSE
1593,Military Dictionary,NAVSEA (naval sea),,,,thuộc về biển của hải quân,FALSE,,,img_1593.jpg,FALSE
1593,Military Dictionary,NAVSEAINST (naval sea instruction),,,,chỉ dẫn về biển của hải quân,FALSE,,,img_1593.jpg,FALSE
1594,Military Dictionary,NAVSEALOGCEN (naval sea logistics center),,,,trung tâm hậu cần trên biển của hải quân,FALSE,,,img_1594.jpg,FALSE
1594,Military Dictionary,NAVSEASYSCOM (Naval Sea Systems Command),,,,bộ chỉ huy các hệ thống trên biển của hải quân,FALSE,,,img_1594.jpg,FALSE
1594,Military Dictionary,"NAVSO (United States Navy Forces, Southern Command)",,,,lực lượng hải quân Mỹ thuộc bộ tư lệnh miền Nam,FALSE,,,img_1594.jpg,FALSE
1594,Military Dictionary,NAVSOC (naval special operations command),,,,bộ chỉ huy tác chiến đặc biệt hải quân,FALSE,,,img_1594.jpg,FALSE
1594,Military Dictionary,NAVSOC (naval special operations component),,,,binh chủng tác chiến đặc biệt hải quân,FALSE,,,img_1594.jpg,FALSE
1594,Military Dictionary,NAVSOC (naval special warfare special operations component),,,,binh chủng tác chiến đặc biệt trong lực lượng chiến tranh đặc biệt của hải quân,FALSE,,,img_1594.jpg,FALSE
1594,Military Dictionary,NAVSOF (naval special operations forces),,,,lực lượng tác chiến đặc biệt của hải quân,FALSE,,,img_1594.jpg,FALSE
1594,Military Dictionary,NAVSPACECOM (Naval Space Command),,,,bộ chỉ huy vũ trụ của hải quân,FALSE,,,img_1594.jpg,FALSE
1594,Military Dictionary,NAVSPECWARCOM (Naval Special Warfare Command),,,,bộ tư lệnh chiến tranh đặc biệt của hải quân,FALSE,,,img_1594.jpg,FALSE
1594,Military Dictionary,NAVSPOC (Naval Space Operations Center),,,,trung tâm tác chiến vũ trụ của hải quân,FALSE,,,img_1594.jpg,FALSE
1594,Military Dictionary,NAVSTA (Naval Station),,,,căn cứ hải quân,FALSE,,,img_1594.jpg,FALSE
1594,Military Dictionary,NAVSTAR (navigation satellite timing and ranging),,,,(Mỹ) (phương thức) định thời và định tầm theo vệ tinh dẫn đường,FALSE,,,img_1594.jpg,FALSE
1594,Military Dictionary,NAVSTAR (navigation system using time and ranging),,,,hệ thống vệ tinh định thời và định tầm đạo hàng,FALSE,,,img_1594.jpg,FALSE
1594,Military Dictionary,NAVSTARCODE (naval staff target and requirement code),,,,(Anh) mã mục tiêu và nhu cầu theo cơ quan tham mưu hải quân,FALSE,,,img_1594.jpg,FALSE
1594,Military Dictionary,NAVSUP (naval supply),,,,"sự cung cấp hậu cần hải quân, sự tiếp tế hậu cần hải quân; sự bảo đảm của hải quân",FALSE,,,img_1594.jpg,FALSE
1594,Military Dictionary,NAVSUPINST (Navy Support Instruction),,,,hướng dẫn về chi viện và bảo đảm của hải quân,FALSE,,,img_1594.jpg,FALSE
1594,Military Dictionary,NAVSUPSYSCOM (Naval Supply Systems Command),,,,bộ chỉ huy các hệ thống bảo đảm hậu cần của hải quân,FALSE,,,img_1594.jpg,FALSE
1594,Military Dictionary,NAVTAG (naval tactical game),,,,tập bài đối kháng chiến thuật hải quân,FALSE,,,img_1594.jpg,FALSE
1594,Military Dictionary,NAVTRACEN (Naval Training Center),,,,trung tâm huấn luyện hải quân,FALSE,,,img_1594.jpg,FALSE
1594,Military Dictionary,NAVWASS (navigation & weapon aiming subsystem),,,,phân hệ dẫn đường và ngắm bắn,FALSE,,,img_1594.jpg,FALSE
1594,Military Dictionary,NAWAS (National Warning System),,,,"hệ thống báo động phòng không và phòng chống tên lửa quốc gia, hệ thống cảnh báo phòng không quốc gia",FALSE,,,img_1594.jpg,FALSE
1594,Military Dictionary,NAWC (Naval War College),,,,trường sĩ quan hải quân,FALSE,,,img_1594.jpg,FALSE
1594,Military Dictionary,"NAWCAD (Naval Air Warfare Center, Aircraft Division)",,,,sư đoàn máy bay thuộc trung tâm chiến tranh đường không của hải quân,FALSE,,,img_1594.jpg,FALSE
1594,Military Dictionary,NAWST (night attack weapon systems trainer),,,,thiết bị huấn luyện tổ hợp vũ khí đánh đêm,FALSE,,,img_1594.jpg,FALSE
1594,Military Dictionary,NB (narrowband),,,,dải (tần) hẹp,FALSE,,,img_1594.jpg,FALSE
1594,Military Dictionary,NB (naval bases),,,,căn cứ hải quân,FALSE,,,img_1594.jpg,FALSE
1594,Military Dictionary,NB (northbound),,,,đi về hướng bắc,FALSE,,,img_1594.jpg,FALSE
1594,Military Dictionary,NBAA (US National Business Aircraft Association),,,,liên đoàn hàng không thương mại quốc gia Mỹ,FALSE,,,img_1594.jpg,FALSE
1594,Military Dictionary,NBC (nonbattle casualty),,,,thương vong không do chiến đấu,FALSE,,,img_1594.jpg,FALSE
1594,Military Dictionary,"NBC (nuclear, biological and chemical)",,,,"(thuộc) hạt nhân, sinh học và hoá học",FALSE,,,img_1594.jpg,FALSE
1594,Military Dictionary,"NBC (nuclear, biological and chemical warfare)",,,,"chiến tranh hạt nhân, sinh học và hoá học",FALSE,,,img_1594.jpg,FALSE
1594,Military Dictionary,"NBCCS (nuclear, biological, and chemical (NBC) contamination survivability)",,,,"khả năng sống còn trước nhiễm độc hạt nhân, sinh học và hoá học",FALSE,,,img_1594.jpg,FALSE
1594,Military Dictionary,"NBCD (nuclear, biological & chemical defense)",,,,"phòng chống (vũ khí) hạt nhân, sinh học và hóa học",FALSE,,,img_1594.jpg,FALSE
1595,Military Dictionary,"NBCD (Nuclear, Biological, Chemical Defense and Damage Control)",,,,"phòng chống và khắc phục hậu quả tiến công hạt nhân, sinh học và hoá học",FALSE,,,img_1595.jpg,FALSE
1595,Military Dictionary,"NBCF (nuclear, biological, chemical & fire)",,,,"vũ khí hạt nhân, sinh học, hóa học và vũ khí cháy",FALSE,,,img_1595.jpg,FALSE
1595,Military Dictionary,"NBCPC (nuclear, biological & chemical protective cover)",,,,"lớp phủ bảo vệ (chống tiến công) hạt nhân, sinh học và hóa học, lớp phủ bảo vệ NBC",FALSE,,,img_1595.jpg,FALSE
1595,Military Dictionary,"NBCRS (nuclear, biological & chemical reconnaissance system)",,,,"hệ thống trinh sát hạt nhân, sinh học và hóa học",FALSE,,,img_1595.jpg,FALSE
1595,Military Dictionary,"NBCSS (nuclear, biological & chemical shelter system)",,,,"hệ thống hầm phòng tránh hạt nhân, sinh học và hóa học",FALSE,,,img_1595.jpg,FALSE
1595,Military Dictionary,"NBCW (Nuclear, Biological, Chemical Warfare)",,,,"chiến tranh sử dụng vũ khí hạt nhân, sinh học và hoá học",FALSE,,,img_1595.jpg,FALSE
1595,Military Dictionary,NBDP (narrow band direct printing),,,,in trực tiếp dải hẹp,FALSE,,,img_1595.jpg,FALSE
1595,Military Dictionary,NBG (naval beach group),,,,nhóm đổ bộ đường biển,FALSE,,,img_1595.jpg,FALSE
1595,Military Dictionary,NBI (nonbattle injury),,,,thương tích không phải do chiến đấu,FALSE,,,img_1595.jpg,FALSE
1595,Military Dictionary,NBMG (Navigation Bombing and Missile Guidance System),,,,hệ thống dẫn đường ném bom và điều khiển tên lửa,FALSE,,,img_1595.jpg,FALSE
1595,Military Dictionary,NBMR (NATO Basic Military Requirement),,,,yêu cầu quân sự cơ bản của liên quân NATO,FALSE,,,img_1595.jpg,FALSE
1595,Military Dictionary,n-bomb (neutron bomb),,,,bom notron,FALSE,,,img_1595.jpg,FALSE
1595,Military Dictionary,NBP (naval beach party),,,,nhóm đổ bộ đường biển; đội đổ bộ đường biển,FALSE,,,img_1595.jpg,FALSE
1595,Military Dictionary,NBS (National Bureau of Standards),,,,cục tiêu chuẩn hoá quốc gia,FALSE,,,img_1595.jpg,FALSE
1595,Military Dictionary,NBST (narrowband secure terminal),,,,trạm đầu cuối an toàn dải tần hẹp,FALSE,,,img_1595.jpg,FALSE
1595,Military Dictionary,nc (nitrocellulose),,,,nitroxenluloza,FALSE,,,img_1595.jpg,FALSE
1595,Military Dictionary,NC; N/C (nose cone),,,,phần đầu; hình côn phía mũi; đầu nhọn,FALSE,,,img_1595.jpg,FALSE
1595,Military Dictionary,"NC3A (nuclear command, control, and communications (C3) assessment)",,,,"sự đánh giá chỉ huy, kiểm soát và thông tin liên lạc hạt nhân.",FALSE,,,img_1595.jpg,FALSE
1595,Military Dictionary,NCA (national command authorities),,,,các nhà cầm quyền lãnh đạo quốc gia; các cơ quan chức trách lãnh đạo quốc gia,FALSE,,,img_1595.jpg,FALSE
1595,Military Dictionary,NCAA (North Atlantic Treaty Organization (NATO) Civil Airlift Agency),,,,cục vận tải hàng không của tổ chức hiệp ước Bắc Đại Tây Dương (NATO),FALSE,,,img_1595.jpg,FALSE
1595,Military Dictionary,NCAP (night combat air patrol),,,,tuần tra chiến đấu đêm trên không,FALSE,,,img_1595.jpg,FALSE
1595,Military Dictionary,NCB (naval construction brigade),,,,lữ đoàn xây dựng công trình hải quân,FALSE,,,img_1595.jpg,FALSE
1595,Military Dictionary,NCC (naval component commander),,,,tư lệnh (trưởng) binh chủng hợp thành hải quân,FALSE,,,img_1595.jpg,FALSE
1595,Military Dictionary,NCC (Navy component command),,,,bộ chỉ huy binh chủng hợp thành hải quân,FALSE,,,img_1595.jpg,FALSE
1595,Military Dictionary,NCC (network control center),,,,trung tâm kiểm soát mạng,FALSE,,,img_1595.jpg,FALSE
1595,Military Dictionary,NCC (NORAD control center),,,,trung tâm điều hành của bộ tư lệnh phòng thủ không quân vũ trụ Bắc Mỹ,FALSE,,,img_1595.jpg,FALSE
1595,Military Dictionary,NCCS (Nuclear Command and Control System),,,,hệ thống chỉ huy và kiểm soát hạt nhân,FALSE,,,img_1595.jpg,FALSE
1595,Military Dictionary,NCCT (Non-cooperative Countries and Territories),,,,các quốc gia và lãnh thổ bất hợp tác,FALSE,,,img_1595.jpg,FALSE
1595,Military Dictionary,NCD (net control device),,,,dụng cụ điều khiển mạng,FALSE,,,img_1595.jpg,FALSE
1595,Military Dictionary,NCF (naval construction force),,,,lực lượng xây dựng công trình hải quân,FALSE,,,img_1595.jpg,FALSE
1595,Military Dictionary,NCFSU (naval construction force support unit),,,,đơn vị bảo đảm phục vụ lực lượng xây dựng công trình hải quân,FALSE,,,img_1595.jpg,FALSE
1595,Military Dictionary,NCIS (Naval Criminal Investigative Service),,,,ngành điều tra tội phạm của hải quân,FALSE,,,img_1595.jpg,FALSE
1595,Military Dictionary,NCISRA (Naval Criminal Investigative Service resident agent),,,,điều tra viên tại chỗ của ngành điều tra tội phạm hải quân,FALSE,,,img_1595.jpg,FALSE
1595,Military Dictionary,NCISRO (Naval Criminal Investigative Service regional office),,,,văn phòng khu vực của ngành điều tra tội phạm hải quân,FALSE,,,img_1595.jpg,FALSE
1596,Military Dictionary,NCISRU (Naval Criminal Investigative Service resident unit),,,,đơn vị tại chỗ của ngành điều tra tội phạm hải quân,FALSE,,,img_1596.jpg,FALSE
1596,Military Dictionary,NCMP (Navy Capabilities and Mobilization Plan),,,,kế hoạch về các khả năng và động viên hải quân,FALSE,,,img_1596.jpg,FALSE
1596,Military Dictionary,NCO (noncombat operations),,,,các hoạt động phi chiến đấu,FALSE,,,img_1596.jpg,FALSE
1596,Military Dictionary,NCO; noncom (noncommissioned officer),,,,hạ sĩ quan,FALSE,,,img_1596.jpg,FALSE
1596,Military Dictionary,NCOIC (noncommissioned officer in charge),,,,hạ sĩ quan chỉ huy,FALSE,,,img_1596.jpg,FALSE
1596,Military Dictionary,NCR (national cryptologic representative),,,,đại diện ngành mật mã quốc gia,FALSE,,,img_1596.jpg,FALSE
1596,Military Dictionary,NCR (National Security Agency/central Security Service Representative),,,,đại diện ngành an ninh trung ương/cơ quan an ninh quốc gia,FALSE,,,img_1596.jpg,FALSE
1596,Military Dictionary,NCR (naval construction regiment),,,,trung đoàn xây dựng công trình hải quân,FALSE,,,img_1596.jpg,FALSE
1596,Military Dictionary,NCRDEF (national cryptologic representative defense),,,,đại diện ngành mật mã quốc gia về phòng thủ,FALSE,,,img_1596.jpg,FALSE
1596,Military Dictionary,NCRP (National Committee on Radiation Protection),,,,uỷ ban quốc gia phòng chống phóng xạ,FALSE,,,img_1596.jpg,FALSE
1596,Military Dictionary,NCS (National Communications System),,,,hệ thống thông tin liên lạc quốc gia,FALSE,,,img_1596.jpg,FALSE
1596,Military Dictionary,NCS (naval combat system),,,,hệ thống chiến đấu hải quân,FALSE,,,img_1596.jpg,FALSE
1596,Military Dictionary,NCS (naval control of shipping),,,,kiểm soát vận tải đường biển của hải quân,FALSE,,,img_1596.jpg,FALSE
1596,Military Dictionary,NCS (net control station),,,,đài kiểm soát mạng vô tuyến điện,FALSE,,,img_1596.jpg,FALSE
1596,Military Dictionary,NCSC (National Computer Security Center),,,,trung tâm an ninh máy tính quốc gia,FALSE,,,img_1596.jpg,FALSE
1596,Military Dictionary,NCSE (national intelligence support team (NIST) communications support element),,,,phân đội hỗ trợ thông tin liên lạc của đội hỗ trợ tình báo quốc gia,FALSE,,,img_1596.jpg,FALSE
1596,Military Dictionary,NCSORG (naval control of shipping organization),,,,tổ chức kiểm soát vận tải đường biển của hải quân,FALSE,,,img_1596.jpg,FALSE
1596,Military Dictionary,NCT (network control terminal),,,,trạm đầu cuối điều khiển mạng,FALSE,,,img_1596.jpg,FALSE
1596,Military Dictionary,NCT (non-cooperative target),,,,mục tiêu không tương tác; mục tiêu không phát xạ vô tuyến,FALSE,,,img_1596.jpg,FALSE
1596,Military Dictionary,NCTAMS (naval computer and telecommunications area master station),,,,trạm chủ đạo về máy tính và liên lạc viễn thông khu vực của hải quân,FALSE,,,img_1596.jpg,FALSE
1596,Military Dictionary,NCTR (Non-cooperative target recognition),,,,sự nhận biết mục tiêu không tương tác; sự nhận dạng mục tiêu không phát xạ vô tuyến,FALSE,,,img_1596.jpg,FALSE
1596,Military Dictionary,NCTS (naval computer and telecommunications station),,,,trạm máy tính và thông tin liên lạc hải quân,FALSE,,,img_1596.jpg,FALSE
1596,Military Dictionary,NCU (navigation computer unit),,,,máy tính dẫn đường,FALSE,,,img_1596.jpg,FALSE
1596,Military Dictionary,NCW (naval coastal warfare),,,,chiến tranh bờ biển của hải quân; tác chiến bờ biển của hải quân,FALSE,,,img_1596.jpg,FALSE
1596,Military Dictionary,NCWC (naval coastal warfare commander),,,,chỉ huy trưởng tác chiến bờ biển của hải quân; tư lệnh (trưởng) chiến tranh bờ biển của hải quân,FALSE,,,img_1596.jpg,FALSE
1596,Military Dictionary,ND (navigation display),,,,hiển thị dẫn đường,FALSE,,,img_1596.jpg,FALSE
1596,Military Dictionary,ND (Navy Department),,,,bộ hải quân Mỹ,FALSE,,,img_1596.jpg,FALSE
1596,Military Dictionary,ND (non-detectable),,,,"không thể (bị) phát hiện, không phát hiện được",FALSE,,,img_1596.jpg,FALSE
1596,Military Dictionary,ND (noonday),,,,không kỳ hạn,FALSE,,,img_1596.jpg,FALSE
1596,Military Dictionary,NDA (national defense area),,,,khu vực quốc phòng,FALSE,,,img_1596.jpg,FALSE
1596,Military Dictionary,NDAA (National Defense Authorization Act),,,,đạo luật về thẩm quyền quốc phòng,FALSE,,,img_1596.jpg,FALSE
1596,Military Dictionary,NDAC (nuclear defense affairs committee),,,,uỷ ban giám sát hoạt động phòng thủ vũ khí hạt nhân,FALSE,,,img_1596.jpg,FALSE
1596,Military Dictionary,N-day (day an active duty unit is notified for deployment or redeployment),,,,"ngày N, ngày thông báo lệnh triển khai",FALSE,,,img_1596.jpg,FALSE
1596,Military Dictionary,NDB (non-directional beacon),,,,đèn hiệu không định hướng (ánh sáng toả đi mọi hướng),FALSE,,,img_1596.jpg,FALSE
1597,Military Dictionary,NDB (nuclear depth bomb),,,,bom hạt nhân chống ngầm,FALSE,,,img_1597.jpg,FALSE
1597,Military Dictionary,NDC (North Atlantic Defense College),,,,trường quân sự liên quân NATO,FALSE,,,img_1597.jpg,FALSE
1597,Military Dictionary,NDCC (National Defense Cadet Corp),,,,quân đoàn học viên sĩ quan (tổ chức toàn nước Mỹ huấn luyện quân sự cho thanh niên trước nhập ngũ),FALSE,,,img_1597.jpg,FALSE
1597,Military Dictionary,NDCS (national drug control strategy),,,,chiến lược kiểm soát ma tuý quốc gia,FALSE,,,img_1597.jpg,FALSE
1597,Military Dictionary,NDDP (NATO Defense Data Program),,,,chương trình nghiên cứu dữ kiện về phòng thủ của liên quân NATO,FALSE,,,img_1597.jpg,FALSE
1597,Military Dictionary,NDEW (nuclear directed energy weapon),,,,vũ khí hạt nhân hiệu ứng trội,FALSE,,,img_1597.jpg,FALSE
1597,Military Dictionary,NDFRS (Nuclear Detonation and Fallout Reporting System),,,,hệ thống báo cáo về các vụ nổ hạt nhân và phóng xạ,FALSE,,,img_1597.jpg,FALSE
1597,Military Dictionary,"NDHQ (National Defence Headquarters, Canada)",,,,tổng hành dinh quốc phòng Canada,FALSE,,,img_1597.jpg,FALSE
1597,Military Dictionary,NDI (non-development item),,,,trang thiết bị không triển khai,FALSE,,,img_1597.jpg,FALSE
1597,Military Dictionary,NDL (national desired ground zero list),,,,danh sách (vị trí) tâm nổ hạt nhân kỳ vọng quốc gia,FALSE,,,img_1597.jpg,FALSE
1597,Military Dictionary,NDMC (North Atlantic Treaty Organization (NATO) Defense Manpower Committee),,,,uỷ ban quân lực thuộc tổ chức hiệp ước Bắc Đại Tây Dương (NATO),FALSE,,,img_1597.jpg,FALSE
1597,Military Dictionary,NDMS (National Disaster Medical System),,,,hệ thống y tế cứu trợ thảm hoạ quốc gia,FALSE,,,img_1597.jpg,FALSE
1597,Military Dictionary,NDOC (National Defense Operations Center),,,,trung tâm tác chiến phòng thủ quốc gia,FALSE,,,img_1597.jpg,FALSE
1597,Military Dictionary,NDP (national disclosure policy),,,,chính sách về tiết lộ bí mật quốc gia,FALSE,,,img_1597.jpg,FALSE
1597,Military Dictionary,NDPB (National Drug Policy Board),,,,hội đồng chính sách về chống ma tuý quốc gia,FALSE,,,img_1597.jpg,FALSE
1597,Military Dictionary,NDPC (National Disclosure Policy Committee),,,,uỷ ban chính sách về tiết lộ bí mật quốc gia,FALSE,,,img_1597.jpg,FALSE
1597,Military Dictionary,NDR (normal daily requirement),,,,"định mức tiêu chuẩn một ngày, nhu cầu trung bình một ngày đêm",FALSE,,,img_1597.jpg,FALSE
1597,Military Dictionary,NDRF (National Defense Reserve Fleet),,,,hạm đội dự bị quốc phòng,FALSE,,,img_1597.jpg,FALSE
1597,Military Dictionary,NDS (nuclear detection/detonation system),,,,hệ thống phát hiện và phá huỷ hạt nhân,FALSE,,,img_1597.jpg,FALSE
1597,Military Dictionary,NDS (nuclear detection satellite),,,,vệ tinh phát hiện các vụ nổ hạt nhân,FALSE,,,img_1597.jpg,FALSE
1597,Military Dictionary,NDSF (National Defense Sealift Fund),,,,quỹ quốc gia về cầu vận tải đường biển quốc phòng,FALSE,,,img_1597.jpg,FALSE
1597,Military Dictionary,NDT (non-destructive testing),,,,sự thử nghiệm không phá huỷ mẫu,FALSE,,,img_1597.jpg,FALSE
1597,Military Dictionary,NDU (National Defense University),,,,trường đại học quốc phòng,FALSE,,,img_1597.jpg,FALSE
1597,Military Dictionary,NDU (Navigation Display Unit),,,,thiết bị hiển thị dẫn đường,FALSE,,,img_1597.jpg,FALSE
1597,Military Dictionary,NDV (nuclear delivery vehicle),,,,phương tiện phóng vũ khí hạt nhân,FALSE,,,img_1597.jpg,FALSE
1597,Military Dictionary,NE (Netherlands),,,,Hà Lan,FALSE,,,img_1597.jpg,FALSE
1597,Military Dictionary,NE (northeast),,,,đông bắc,FALSE,,,img_1597.jpg,FALSE
1597,Military Dictionary,NEA (Northeast Asia),,,,Đông Bắc Á,FALSE,,,img_1597.jpg,FALSE
1597,Military Dictionary,NEACP (national emergency airborne command post),,,,trạm trên không chỉ huy toàn bộ lực lượng vũ trang quốc gia trong tình trạng khẩn cấp,FALSE,,,img_1597.jpg,FALSE
1597,Military Dictionary,NEAR (National Emergency Alarm Repeater System),,,,hệ thống báo động quốc gia trong tình trạng khẩn cấp,FALSE,,,img_1597.jpg,FALSE
1597,Military Dictionary,NEAT (naval embarked advisory team),,,,đội cố vấn về bốc xếp lên tàu của hải quân,FALSE,,,img_1597.jpg,FALSE
1597,Military Dictionary,"NEB (nuclear, electronic, biological)",,,,"(thuộc) hạt nhân, điện tử, sinh học",FALSE,,,img_1597.jpg,FALSE
1597,Military Dictionary,NEC (National Emergency Council),,,,hội đồng khẩn cấp quốc gia,FALSE,,,img_1597.jpg,FALSE
1597,Military Dictionary,NEC (Northern Europe Command),,,,bộ tư lệnh liên quân NATO ở Bắc Âu,FALSE,,,img_1597.jpg,FALSE
1597,Military Dictionary,NECPA (National Emergency Command Post Afloat),,,,"sở chỉ huy trên hạm của lực lượng vũ trang quốc gia trong tình trạng khẩn cấp, sở chỉ huy lực lượng vũ trang quốc gia trong tình trạng khẩn cấp trên hạm tàu",FALSE,,,img_1597.jpg,FALSE
1598,Military Dictionary,NEES (Naval Engineering Experiment Station),,,,trạm thí nghiệm kỹ thuật hải quân,FALSE,,,img_1598.jpg,FALSE
1598,Military Dictionary,NELM (Naval Elements Atlantic and Mediterranean),,,,hải quân Mỹ ở phần phía đông Đại Tây Dương và Địa Trung Hải,FALSE,,,img_1598.jpg,FALSE
1598,Military Dictionary,NEMT (National Emergency Management Team),,,,đội quản lý tình trạng khẩn cấp quốc gia,FALSE,,,img_1598.jpg,FALSE
1598,Military Dictionary,NEO (noncombatant evacuation operation),,,,hoạt động sơ tán những người không tham gia chiến đấu,FALSE,,,img_1598.jpg,FALSE
1598,Military Dictionary,NEOPACK (noncombatant evacuation operation package),,,,bộ tài liệu và phương tiện phục vụ cho hoạt động sơ tán những người không tham gia chiến đấu,FALSE,,,img_1598.jpg,FALSE
1598,Military Dictionary,NEREP (Nuclear Execution and Reporting Plan),,,,kế hoạch thực hiện và báo cáo tác chiến hạt nhân,FALSE,,,img_1598.jpg,FALSE
1598,Military Dictionary,NESS (naval engineering support system),,,,hệ thống bảo đảm công binh hải quân,FALSE,,,img_1598.jpg,FALSE
1598,Military Dictionary,NET; Net (net registered tonnage),,,,tải trọng tịnh đăng ký,FALSE,,,img_1598.jpg,FALSE
1598,Military Dictionary,NET (new equipment training),,,,sự huấn luyện thiết bị kỹ thuật mới,FALSE,,,img_1598.jpg,FALSE
1598,Military Dictionary,NETS (Nationwide Emergency Telecommunications System),,,,hệ thống thông tin liên lạc viễn thông phục vụ tình trạng khẩn cấp toàn quốc,FALSE,,,img_1598.jpg,FALSE
1598,Military Dictionary,NETSYO (network security officer),,,,sĩ quan an ninh mạng (thông tin),FALSE,,,img_1598.jpg,FALSE
1598,Military Dictionary,NETT (new equipment training team),,,,đội huấn luyện sử dụng thiết bị mới,FALSE,,,img_1598.jpg,FALSE
1598,Military Dictionary,NEW (naval expeditionary warfare),,,,cuộc chiến tranh viễn chinh của hải quân,FALSE,,,img_1598.jpg,FALSE
1598,Military Dictionary,NEW (net explosive weight),,,,trọng lượng thuốc nổ tịnh,FALSE,,,img_1598.jpg,FALSE
1598,Military Dictionary,NEW (nuclear weapons employment),,,,sự sử dụng vũ khí hạt nhân,FALSE,,,img_1598.jpg,FALSE
1598,Military Dictionary,NEWAC (North Atlantic Treaty Organization (NATO) Electronic Warfare Advisory Committee),,,,uỷ ban cố vấn về chiến tranh điện tử của tổ chức hiệp ước Bắc Đại Tây Dương (NATO),FALSE,,,img_1598.jpg,FALSE
1598,Military Dictionary,NEWLC (NATO Electronic Warfare Liaison Committee),,,,"uỷ ban liên quân NATO về tổ chức hiệp đồng trong sử dụng phương tiện điện tử, uỷ ban liên quân NATO về thông tin liên lạc hiệp đồng trong tác chiến điện tử",FALSE,,,img_1598.jpg,FALSE
1598,Military Dictionary,NFA (no-fire area),,,,khu vực cấm bắn,FALSE,,,img_1598.jpg,FALSE
1598,Military Dictionary,NFCS (nuclear forces communications satellite),,,,vệ tinh thông tin liên lạc (của) lực lượng hạt nhân,FALSE,,,img_1598.jpg,FALSE
1598,Military Dictionary,NFD (nodal fault diagnostics),,,,xác định nguyên nhân sai sót,FALSE,,,img_1598.jpg,FALSE
1598,Military Dictionary,NFIB (National Foreign Intelligence Board),,,,cục tình báo nước ngoài của quốc gia,FALSE,,,img_1598.jpg,FALSE
1598,Military Dictionary,NFIP (National Foreign Intelligence Program),,,,"chương trình tình báo nước ngoài của quốc gia, chương trình quốc gia về tình báo nước ngoài",FALSE,,,img_1598.jpg,FALSE
1598,Military Dictionary,NFL (no fire line),,,,"tuyến khoảng cách bắn an toàn, tuyến an toàn bắn",FALSE,,,img_1598.jpg,FALSE
1598,Military Dictionary,NFLS (naval forward logistic site),,,,trạm hậu cần - kỹ thuật phía trước của hải quân,FALSE,,,img_1598.jpg,FALSE
1598,Military Dictionary,NFO (naval flight officer),,,,sĩ quan chỉ huy bay hải quân,FALSE,,,img_1598.jpg,FALSE
1598,Military Dictionary,NFP (nuclear fire plan),,,,"kế hoạch sử dụng vũ khí hạt nhân, kế hoạch chuẩn bị tiến công [đổ bộ] hạt nhân",FALSE,,,img_1598.jpg,FALSE
1598,Military Dictionary,NFR (no further requirement),,,,không đòi hỏi gì thêm,FALSE,,,img_1598.jpg,FALSE
1598,Military Dictionary,NG (National Guard),,,,đội cận vệ quốc gia; (Mỹ) cảnh vệ quốc gia,FALSE,,,img_1598.jpg,FALSE
1598,Military Dictionary,"NGASR (navy, army & air staff requirement)",,,,"(Anh) nhu cầu (của cơ quan) tham mưu (về) tác chiến hải, lục và không quân",FALSE,,,img_1598.jpg,FALSE
1598,Military Dictionary,"NGAST (navy, army & air staff target)",,,,"(Anh) nhiệm vụ (do cơ quan) tham mưu (đề ra về) tác chiến hải, lục, không quân",FALSE,,,img_1598.jpg,FALSE
1598,Military Dictionary,NGB (National Guard Bureau),,,,"(Mỹ) cục cảnh vệ quốc gia, cục cận vệ quốc gia",FALSE,,,img_1598.jpg,FALSE
1598,Military Dictionary,NGF (naval gunfire),,,,"hoả lực pháo tàu, hỏa lực pháo hạm",FALSE,,,img_1598.jpg,FALSE
1599,Military Dictionary,NGFL (naval gunfire liaison),,,,thông tin liên lạc hiệp đồng hỏa lực pháo tàu,FALSE,,,img_1599.jpg,FALSE
1599,Military Dictionary,NGFO (naval gunfire officer),,,,"sĩ quan điều khiển hoả lực pháo tàu, sĩ quan chỉ huy hỏa lực pháo tàu",FALSE,,,img_1599.jpg,FALSE
1599,Military Dictionary,NGFS (naval gunfire support),,,,sự chi viện hoả lực của pháo binh hải quân,FALSE,,,img_1599.jpg,FALSE
1599,Military Dictionary,NGIC (National Ground Intelligence Center),,,,trung tâm tình báo mặt đất quốc gia,FALSE,,,img_1599.jpg,FALSE
1599,Military Dictionary,NGR (National Guard Regulation),,,,điều lệ của đội cận vệ quốc gia,FALSE,,,img_1599.jpg,FALSE
1599,Military Dictionary,NGS (naval gun support),,,,sự chi viện hỏa lực (của) pháo binh hải quân,FALSE,,,img_1599.jpg,FALSE
1599,Military Dictionary,NGUS (National Guard of the United States),,,,đội cận vệ quốc gia Mỹ,FALSE,,,img_1599.jpg,FALSE
1599,Military Dictionary,NGW (nuclear gravity weapon),,,,vũ khí hạt nhân rơi tự do,FALSE,,,img_1599.jpg,FALSE
1599,Military Dictionary,NHCS (nonhostile casualty),,,,thương vong không trực tiếp chiến đấu,FALSE,,,img_1599.jpg,FALSE
1599,Military Dictionary,NI (naval infantry),,,,"thủy quân lục chiến, lính thủy đánh bộ, hải quân đánh bộ",FALSE,,,img_1599.jpg,FALSE
1599,Military Dictionary,NI (Naval Intelligence),,,,tình báo hải quân,FALSE,,,img_1599.jpg,FALSE
1599,Military Dictionary,Ni (Nike),,,,"tên lửa phòng không ""Nike""",FALSE,,,img_1599.jpg,FALSE
1599,Military Dictionary,ni atk (night attack),,,,cuộc tiến công ban đêm; tiến công ban đêm,FALSE,,,img_1599.jpg,FALSE
1599,Military Dictionary,Ni-A (Nike Ajax),,,,"tên lửa phòng không ""Nike Ajax""",FALSE,,,img_1599.jpg,FALSE
1599,Military Dictionary,NIA (not in action),,,,"không tham gia chiến đấu, không tham chiến",FALSE,,,img_1599.jpg,FALSE
1599,Military Dictionary,NIC (National Intelligence Council),,,,hội đồng tình báo quốc gia,FALSE,,,img_1599.jpg,FALSE
1599,Military Dictionary,NIC (naval intelligence center),,,,trung tâm tình báo hải quân,FALSE,,,img_1599.jpg,FALSE
1599,Military Dictionary,NICAP (National Investigation Committee on Aerial Phenomena),,,,uỷ ban quốc gia điều tra nghiên cứu các hiện tượng trong không trung,FALSE,,,img_1599.jpg,FALSE
1599,Military Dictionary,NICP (nuclear incident control plan),,,,kế hoạch kiểm soát tai nạn vũ khí hạt nhân,FALSE,,,img_1599.jpg,FALSE
1599,Military Dictionary,NID (naval intelligence database),,,,cơ sở dữ liệu tình báo hải quân,FALSE,,,img_1599.jpg,FALSE
1599,Military Dictionary,NIDMS (National Military Command System (NMCS) Information for Decision Makers System),,,,thông tin phục vụ hệ thống ra quyết định của hệ thống chỉ huy quân sự quốc gia,FALSE,,,img_1599.jpg,FALSE
1599,Military Dictionary,NIDS (National Military Command Center (NMCC) information display system),,,,hệ thống hiển thị thông tin của trung tâm chỉ huy quân sự quốc gia,FALSE,,,img_1599.jpg,FALSE
1599,Military Dictionary,NIE (national intelligence estimate),,,,sự đánh giá các tin tức của tình báo quốc gia,FALSE,,,img_1599.jpg,FALSE
1599,Military Dictionary,NIEX (no-notice interoperability exercise),,,,diễn tập không thông báo về khả năng phối hợp tác chiến,FALSE,,,img_1599.jpg,FALSE
1599,Military Dictionary,NIEXPG (No-notice interoperability Exercise Planning Group),,,,nhóm lập kế hoạch diễn tập không thông báo về khả năng phối hợp tác chiến,FALSE,,,img_1599.jpg,FALSE
1599,Military Dictionary,Ni-H (Nike Hercules),,,,"tên lửa phòng không ""Nike Hercules""",FALSE,,,img_1599.jpg,FALSE
1599,Military Dictionary,NII (national information infrastructure),,,,cơ sở hạ tầng tin học quốc gia,FALSE,,,img_1599.jpg,FALSE
1599,Military Dictionary,NILU (national intelligence liaison unit),,,,ban liên lạc tình báo quốc gia,FALSE,,,img_1599.jpg,FALSE
1599,Military Dictionary,NIMA (National Imagery and Mapping Agency),,,,cơ quan chụp ảnh hàng không và lập bản đồ quốc gia,FALSE,,,img_1599.jpg,FALSE
1599,Military Dictionary,NIMCAMP (National Information Management and Communications Master Plan),,,,kế hoạch chủ đạo của quốc gia về quản lý tin học và thông tin liên lạc,FALSE,,,img_1599.jpg,FALSE
1599,Military Dictionary,NIPRNET (Non-secure Internet Protocol Router Network),,,,mạng Internet lộ trình báo cáo kết quả quan sát không an toàn,FALSE,,,img_1599.jpg,FALSE
1599,Military Dictionary,NIPS (Naval Intelligence Processing System),,,,hệ thống xử lý tin tình báo hải quân,FALSE,,,img_1599.jpg,FALSE
1599,Military Dictionary,NIS (NATO identification system),,,,hệ thống nhận biết (của) liên quân NATO,FALSE,,,img_1599.jpg,FALSE
1599,Military Dictionary,NISH (noncombatant evacuation operation (NEO) intelligence support handbook),,,,sổ tay bảo đảm tình báo cho hoạt động sơ tán người không tham gia chiến đấu,FALSE,,,img_1599.jpg,FALSE
1599,Military Dictionary,NISP (Nuclear Weapons Intelligence Support Plan),,,,kế hoạch bảo đảm tình báo vũ khí hạt nhân,FALSE,,,img_1599.jpg,FALSE
1600,Military Dictionary,NIST (National Institute of Standards and Technology),,,,viện nghiên cứu quốc gia về tiêu chí và công nghệ,FALSE,,,img_1600.jpg,FALSE
1600,Military Dictionary,NIST (national intelligence support team),,,,đội chi viện tình báo quốc gia,FALSE,,,img_1600.jpg,FALSE
1600,Military Dictionary,NITF (national imagery transmission format),,,,thể thức phát (truyền) dữ liệu hình ảnh quốc gia,FALSE,,,img_1600.jpg,FALSE
1600,Military Dictionary,NIU (North Atlantic Treaty Organization (NATO) interface unit),,,,đơn vị giao diện của tổ chức hiệp ước Bắc Đại Tây Dương (NATO),FALSE,,,img_1600.jpg,FALSE
1600,Military Dictionary,NIWA (naval information warfare activity),,,,cơ quan tác chiến thông tin hải quân,FALSE,,,img_1600.jpg,FALSE
1600,Military Dictionary,Ni-Z (Nike Zeus),,,,"tên lửa phòng không ""Nike Zeus""",FALSE,,,img_1600.jpg,FALSE
1600,Military Dictionary,NK; nk (not known),,,,không biết; vô danh,FALSE,,,img_1600.jpg,FALSE
1600,Military Dictionary,NKPA (North Korea People's Army),,,,quân đội nhân dân Bắc Triều Tiên,FALSE,,,img_1600.jpg,FALSE
1600,Military Dictionary,NL (Netherlands),,,,Hà Lan,FALSE,,,img_1600.jpg,FALSE
1600,Military Dictionary,NLCM (non-lethal countermeasures),,,,"phương tiện đối phó phi sát thương, phương tiện đối phó không gây tử vong",FALSE,,,img_1600.jpg,FALSE
1600,Military Dictionary,NLD (not in line of duty),,,,ngoài phiên trực,FALSE,,,img_1600.jpg,FALSE
1600,Military Dictionary,nlf (nearest landing field),,,,sân bay hạ cánh gần nhất; bãi hạ cánh gần nhất,FALSE,,,img_1600.jpg,FALSE
1600,Military Dictionary,NLG (nose landing gear),,,,bộ càng hạ cánh đằng mũi,FALSE,,,img_1600.jpg,FALSE
1600,Military Dictionary,NLO (naval liaison officer),,,,sĩ quan liên lạc hiệp đồng hỏa lực pháo tàu,FALSE,,,img_1600.jpg,FALSE
1600,Military Dictionary,NLOC (non-line-of-sight),,,,sự quan sát qua kính tiềm vọng,FALSE,,,img_1600.jpg,FALSE
1600,Military Dictionary,NLT (not later than),,,,không muộn hơn so với,FALSE,,,img_1600.jpg,FALSE
1600,Military Dictionary,nm (nautical miles),,,,hải lý,FALSE,,,img_1600.jpg,FALSE
1600,Military Dictionary,NM (network management),,,,sự quản lý mạng lưới,FALSE,,,img_1600.jpg,FALSE
1600,Military Dictionary,NMB (North Atlantic Treaty Organization (NATO) military body),,,,cơ cấu quân sự của tổ chức hiệp ước Bắc Đại Tây Dương (NATO),FALSE,,,img_1600.jpg,FALSE
1600,Military Dictionary,NMC (Naval Missile Center),,,,trung tâm tên lửa hải quân,FALSE,,,img_1600.jpg,FALSE
1600,Military Dictionary,NMCB (naval mobile construction battalion),,,,tiểu đoàn xây dựng công trình lưu động hải quân,FALSE,,,img_1600.jpg,FALSE
1600,Military Dictionary,NMCC (National Military Command Center),,,,"trung tâm chỉ huy toàn bộ lực lượng vũ trang quốc gia, trung tâm chỉ huy quân sự quốc gia",FALSE,,,img_1600.jpg,FALSE
1600,Military Dictionary,"NMCM (not mission capable, maintenance)",,,,không có khả năng hoàn thành nhiệm vụ cần phải bảo dưỡng,FALSE,,,img_1600.jpg,FALSE
1600,Military Dictionary,NMCS (National Military Command System),,,,"hệ thống chỉ huy chiến dịch - chiến lược quân sự quốc gia, hệ thống chỉ huy quân sự quốc gia",FALSE,,,img_1600.jpg,FALSE
1600,Military Dictionary,NMCS (not mission capable supply),,,,không đủ khả năng hoàn thành nhiệm vụ cần phải tiếp tế,FALSE,,,img_1600.jpg,FALSE
1600,Military Dictionary,NMD (national missile defense),,,,(chương trình) phòng thủ tên lửa quốc gia,FALSE,,,img_1600.jpg,FALSE
1600,Military Dictionary,NME (National Military Establishment),,,,các lực lượng vũ trang của quốc gia,FALSE,,,img_1600.jpg,FALSE
1600,Military Dictionary,NMET (naval mobile environmental team),,,,đội bảo vệ môi trường cơ động của hải quân,FALSE,,,img_1600.jpg,FALSE
1600,Military Dictionary,NMIST (National Military Intelligence Support Team (DIA)),,,,đội chi viện tình báo quân sự quốc gia (cục tình báo quốc phòng),FALSE,,,img_1600.jpg,FALSE
1600,Military Dictionary,NMJIC (National Military Joint Intelligence Center),,,,trung tâm tình báo quốc phòng liên quân,FALSE,,,img_1600.jpg,FALSE
1600,Military Dictionary,NML (naval multiple launcher),,,,giàn phóng tên lửa hải quân,FALSE,,,img_1600.jpg,FALSE
1600,Military Dictionary,NMOC (network management operations center),,,,trung tâm hoạt động quản lý mạng lưới,FALSE,,,img_1600.jpg,FALSE
1600,Military Dictionary,NMPS (Navy mobilization processing site),,,,địa điểm chuẩn bị tiếp nhận quân dự bị động viên vào các đơn vị của hải quân,FALSE,,,img_1600.jpg,FALSE
1600,Military Dictionary,NMR (National Military Representative),,,,người đại diện quân sự quốc gia,FALSE,,,img_1600.jpg,FALSE
1600,Military Dictionary,NMR (Naval Missile Range),,,,trường bắn tên lửa của hải quân,FALSE,,,img_1600.jpg,FALSE
1601,Military Dictionary,NMR (news media representative),,,,đại diện báo chí và phương tiện truyền thông đại chúng,FALSE,,,img_1601.jpg,FALSE
1601,Military Dictionary,NMS (National Map Service),,,,ngành bản đồ quốc gia,FALSE,,,img_1601.jpg,FALSE
1601,Military Dictionary,NMS (national military strategy),,,,chiến lược quân sự quốc gia,FALSE,,,img_1601.jpg,FALSE
1601,Military Dictionary,NMSA (North Atlantic Treaty Organization (NATO) Mutual Support Act),,,,luật chi viện tương hỗ của tổ chức hiệp ước Bắc Đại Tây Dương (NATO),FALSE,,,img_1601.jpg,FALSE
1601,Military Dictionary,NMSSA (NATO Maintenance Supply Service Agency),,,,cục bảo đảm vật chất - kỹ thuật liên quân NATO,FALSE,,,img_1601.jpg,FALSE
1601,Military Dictionary,NMSSS (NATO Maintenance Supply Services System),,,,hệ thống bảo đảm vật chất - kỹ thuật liên quân NATO,FALSE,,,img_1601.jpg,FALSE
1601,Military Dictionary,NNAG (North Atlantic Treaty Organization (NATO) Naval Armaments Group),,,,cụm lực lượng vũ trang hải quân của tổ chức hiệp ước Bắc Đại Tây Dương (NATO),FALSE,,,img_1601.jpg,FALSE
1601,Military Dictionary,NNK (non-nuclear kill),,,,hủy diệt bằng vũ khí phi hạt nhân; tiêu diệt bằng vũ khí thông thường,FALSE,,,img_1601.jpg,FALSE
1601,Military Dictionary,NNMSB (Non-nuclear Munitions Safety Board),,,,(Mỹ) cục an toàn vũ khí đạn phi hạt nhân,FALSE,,,img_1601.jpg,FALSE
1601,Military Dictionary,NNRDC (National Nuclear Rocket Development Center),,,,trung tâm nghiên cứu phát triển tên lửa hạt nhân quốc gia,FALSE,,,img_1601.jpg,FALSE
1601,Military Dictionary,NNSC (Neutral Nations' Supervisory Commission),,,,uỷ ban giám sát của các quốc gia trung lập,FALSE,,,img_1601.jpg,FALSE
1601,Military Dictionary,NNSC (Neutral Nations' Supervisory Commission for Korea),,,,(sử) uỷ ban giám sát của các quốc gia trung lập đối với vấn đề Triều Tiên.,FALSE,,,img_1601.jpg,FALSE
1601,Military Dictionary,NNSS (Navy Navigational Satellite System),,,,hệ thống vệ tinh dẫn đường của hải quân,FALSE,,,img_1601.jpg,FALSE
1601,Military Dictionary,NO (naval operations),,,,"tác chiến trên biển, hoạt động tác chiến của hải quân",FALSE,,,img_1601.jpg,FALSE
1601,Military Dictionary,NO (Norway),,,,Na Uy,FALSE,,,img_1601.jpg,FALSE
1601,Military Dictionary,No (number),,,,số lượng; số hiệu,FALSE,,,img_1601.jpg,FALSE
1601,Military Dictionary,NOA (non-operational aircraft),,,,máy bay phi chiến đấu,FALSE,,,img_1601.jpg,FALSE
1601,Military Dictionary,NOAA (US National Oceanic and Atmospheric Administration),,,,cơ quan đại dương và khí quyển quốc gia Mỹ,FALSE,,,img_1601.jpg,FALSE
1601,Military Dictionary,NOACT (Navy overseas air cargo terminal),,,,trạm bốc dỡ hàng hoá vận tải đường không của hải quân ở nước ngoài,FALSE,,,img_1601.jpg,FALSE
1601,Military Dictionary,NOC (network operations center),,,,trung tâm điều hành mạng,FALSE,,,img_1601.jpg,FALSE
1601,Military Dictionary,NOD (night observation device),,,,"thiết bị quan sát ban đêm, khí tài nhìn đêm",FALSE,,,img_1601.jpg,FALSE
1601,Military Dictionary,"NODLR (night observation device, long-range)",,,,thiết bị quan sát đêm tầm xa,FALSE,,,img_1601.jpg,FALSE
1601,Military Dictionary,NODS (night observation & detection system),,,,hệ thống quan sát và phát hiện ban đêm,FALSE,,,img_1601.jpg,FALSE
1601,Military Dictionary,NOE (nap-of-the-earth),,,,sự bay sát mặt đất (trực thăng); sự bay bám địa hình,FALSE,,,img_1601.jpg,FALSE
1601,Military Dictionary,NOEA (nuclear operations emergency action),,,,hành động tác chiến hạt nhân trong tình trạng khẩn cấp,FALSE,,,img_1601.jpg,FALSE
1601,Military Dictionary,NOG (Nuclear Operations Group),,,,cụm tác chiến hạt nhân,FALSE,,,img_1601.jpg,FALSE
1601,Military Dictionary,NOGS (night observation gunship system),,,,hệ thống quan sát ban đêm (dùng cho) pháo hạm,FALSE,,,img_1601.jpg,FALSE
1601,Military Dictionary,NOIC (naval officer in charge),,,,sĩ quan chỉ huy hải quân,FALSE,,,img_1601.jpg,FALSE
1601,Military Dictionary,NOIC (Naval Operational Intelligence Center),,,,trung tâm tình báo tác chiến hải quân,FALSE,,,img_1601.jpg,FALSE
1601,Military Dictionary,NOMIS (naval operations management information system),,,,hệ thống thông tin quản lý tác chiến hải quân,FALSE,,,img_1601.jpg,FALSE
1601,Military Dictionary,NOMS (Nuclear Operations Monitoring System),,,,hệ thống theo dõi tác chiến hạt nhân,FALSE,,,img_1601.jpg,FALSE
1601,Military Dictionary,Noncom (noncommissioned officer),,,,hạ sĩ quan,FALSE,,,img_1601.jpg,FALSE
1601,Military Dictionary,nondiv (nondivisional),,,,không trong biên chế sư đoàn,FALSE,,,img_1601.jpg,FALSE
1601,Military Dictionary,nonnuc cbt (nonnuclear combat),,,,trận chiến đấu không sử dụng hạt nhân,FALSE,,,img_1601.jpg,FALSE
1601,Military Dictionary,NOP (nuclear operations),,,,tác chiến hạt nhân,FALSE,,,img_1601.jpg,FALSE
1602,Military Dictionary,NOPLAN (no operation plan available or prepared),,,,không có hoặc không chuẩn bị kế hoạch tác chiến,FALSE,,,img_1602.jpg,FALSE
1602,Military Dictionary,NORAD (North American Aerospace Defense Command),,,,bộ tư lệnh phòng thủ không gian vũ trụ Bắc Mỹ,FALSE,,,img_1602.jpg,FALSE
1602,Military Dictionary,NORAD (North American Air Defense Command),,,,bộ tư lệnh phòng không liên quân lục địa Bắc Mỹ (Mỹ và Canada),FALSE,,,img_1602.jpg,FALSE
1602,Military Dictionary,NORM (normal),,,,"chuẩn, thông thường",FALSE,,,img_1602.jpg,FALSE
1602,Military Dictionary,"NORM (not operationally ready, maintenance)",,,,không bảo đảm sẵn sàng tác chiến cần bảo dưỡng sửa chữa,FALSE,,,img_1602.jpg,FALSE
1602,Military Dictionary,"NORS (not operationally ready, supply)",,,,không đủ bảo đảm sẵn sàng tác chiến cần cung cấp bổ sung,FALSE,,,img_1602.jpg,FALSE
1602,Military Dictionary,NORTHAG; NorthAG (Northern Army Group),,,,cụm tập đoàn quân phương Bắc,FALSE,,,img_1602.jpg,FALSE
1602,Military Dictionary,NOS (night observation surveillance),,,,do thám quan sát ban đêm,FALSE,,,img_1602.jpg,FALSE
1602,Military Dictionary,NOS (not otherwise specified),,,,không chỉ rõ gì khác,FALSE,,,img_1602.jpg,FALSE
1602,Military Dictionary,NOSC (Network Operations and Security Center),,,,trung tâm của mạng tác chiến và an ninh,FALSE,,,img_1602.jpg,FALSE
1602,Military Dictionary,NOSTA (National Ocean Science and Technology Agency),,,,cục khoa học và công nghệ đại dương của quốc gia,FALSE,,,img_1602.jpg,FALSE
1602,Military Dictionary,NOTAM (notice to airmen),,,,(bản) thông cáo cho phi công và nhân viên hàng không,FALSE,,,img_1602.jpg,FALSE
1602,Military Dictionary,NOTMAR (notice to mariners),,,,(bản) thông cáo cho thuỷ thủ,FALSE,,,img_1602.jpg,FALSE
1602,Military Dictionary,Nov (november),,,,tháng mười một,FALSE,,,img_1602.jpg,FALSE
1602,Military Dictionary,NP (napalm),,,,napan,FALSE,,,img_1602.jpg,FALSE
1602,Military Dictionary,NPA (national petroleum association),,,,hội nhiên liệu quốc gia,FALSE,,,img_1602.jpg,FALSE
1602,Military Dictionary,NPB (nuclear-powered bomber),,,,máy bay ném bom (bay bằng) năng lượng hạt nhân,FALSE,,,img_1602.jpg,FALSE
1602,Military Dictionary,NPC (Nonproliferation Center),,,,trung tâm về không phổ biến vũ khí huỷ diệt hàng loạt,FALSE,,,img_1602.jpg,FALSE
1602,Military Dictionary,NPES (Nuclear Planning and Execution System),,,,hệ thống lập kế hoạch và tiến hành tác chiến hạt nhân,FALSE,,,img_1602.jpg,FALSE
1602,Military Dictionary,NPG (nonunit personnel generator),,,,sĩ quan quản lý quân số chưa phân về đơn vị nào,FALSE,,,img_1602.jpg,FALSE
1602,Military Dictionary,NPG (nuclear planning group),,,,nhóm lập kế hoạch sử dụng vũ khí hạt nhân chiến thuật của liên quân NATO,FALSE,,,img_1602.jpg,FALSE
1602,Military Dictionary,NPIC (National Processing Imagery Center),,,,trung tâm xử lý (tin tình báo) ảnh quốc gia,FALSE,,,img_1602.jpg,FALSE
1602,Military Dictionary,NPP (New Peacekeeping Partnership),,,,đối tác gìn giữ hoà bình mới,FALSE,,,img_1602.jpg,FALSE
1602,Military Dictionary,NPR (naval petroleum reserves),,,,nguồn dự trữ nhiên liệu hải quân,FALSE,,,img_1602.jpg,FALSE
1602,Military Dictionary,NPS (Nuclear Planning System),,,,hệ thống lập kế hoạch chiến tranh hạt nhân,FALSE,,,img_1602.jpg,FALSE
1602,Military Dictionary,NPT (non-proliferation treaty),,,,hiệp ước không phổ biến vũ khí hạt nhân,FALSE,,,img_1602.jpg,FALSE
1602,Military Dictionary,NPWIC (National Prisoner of War Information Center),,,,trung tâm thu thập tin tức về tù binh quốc gia,FALSE,,,img_1602.jpg,FALSE
1602,Military Dictionary,NR (Naval Reserve),,,,lực lượng dự bị hải quân,FALSE,,,img_1602.jpg,FALSE
1602,Military Dictionary,NR (North Atlantic Treaty Organization (NATO) restricted),,,,(thông tin) hạn chế phổ biến của tổ chức hiệp ước Bắc Đại Tây Dương (NATO),FALSE,,,img_1602.jpg,FALSE
1602,Military Dictionary,NR (nuclear reporting),,,,báo cáo (triển khai vũ khí) hạt nhân,FALSE,,,img_1602.jpg,FALSE
1602,Military Dictionary,NR (number),,,,"số, số hiệu",FALSE,,,img_1602.jpg,FALSE
1602,Military Dictionary,NRC (National Response Center),,,,trung tâm phản ứng quốc gia,FALSE,,,img_1602.jpg,FALSE
1602,Military Dictionary,NRC (non-unit-related cargo),,,,hàng hoá chưa phân về đơn vị,FALSE,,,img_1602.jpg,FALSE
1602,Military Dictionary,NRC (Nuclear Research Council),,,,hội đồng nghiên cứu hạt nhân,FALSE,,,img_1602.jpg,FALSE
1602,Military Dictionary,NRCHB (Naval Reserve cargo handling battalion),,,,tiểu đoàn xử lý hàng hoá thuộc lực lượng dự bị hải quân,FALSE,,,img_1602.jpg,FALSE
1602,Military Dictionary,NRCHF (Naval Reserve cargo handling force),,,,lực lượng xử lý hàng hoá thuộc lực lượng dự bị hải quân,FALSE,,,img_1602.jpg,FALSE
1602,Military Dictionary,NRCHTB (Naval Reserve cargo handling training battalion),,,,tiểu đoàn huấn luyện xử lý hàng hoá thuộc lực lượng dự bị hải quân,FALSE,,,img_1602.jpg,FALSE
1603,Military Dictionary,NRD (National Range Division),,,,ban chỉ huy trường bắn quốc gia,FALSE,,,img_1603.jpg,FALSE
1603,Military Dictionary,NRDC (National Defense Research Committee),,,,uỷ ban nghiên cứu khoa học quân sự quốc gia,FALSE,,,img_1603.jpg,FALSE
1603,Military Dictionary,NRDS (Nuclear Rocket Development Station),,,,trạm triển khai tên lửa (mang đầu đạn) hạt nhân,FALSE,,,img_1603.jpg,FALSE
1603,Military Dictionary,NRes (Naval Reserve),,,,lực lượng dự bị hải quân,FALSE,,,img_1603.jpg,FALSE
1603,Military Dictionary,NRFI (not ready for issue),,,,chưa sẵn sàng để cấp phát,FALSE,,,img_1603.jpg,FALSE
1603,Military Dictionary,NRG (notional requirements generator),,,,người đề xuất các nhu cầu dự kiến,FALSE,,,img_1603.jpg,FALSE
1603,Military Dictionary,NRL (naval research laboratory),,,,phòng thí nghiệm nghiên cứu của hải quân,FALSE,,,img_1603.jpg,FALSE
1603,Military Dictionary,NRL (nuclear weapons (NUWEP) reconnaissance list),,,,danh mục trinh sát vũ khí hạt nhân,FALSE,,,img_1603.jpg,FALSE
1603,Military Dictionary,NRO (National Reconnaissance Office),,,,văn phòng trinh sát vũ khí hạt nhân quốc gia,FALSE,,,img_1603.jpg,FALSE
1603,Military Dictionary,NROC (Northern Regional Operations Center (CARIBROC-CBRN)),,,,trung tâm tác chiến khu vực phía bắc (thuộc trung tâm tác chiến khu vực Caribê - mạng lưới rada vùng lòng chảo Caribê),FALSE,,,img_1603.jpg,FALSE
1603,Military Dictionary,NROTC (Naval Reserve Officers Training Corps),,,,quân đoàn huấn luyện sĩ quan dự bị hải quân,FALSE,,,img_1603.jpg,FALSE
1603,Military Dictionary,NRP (non-unit-related personnel),,,,quân nhân chưa thuộc biên chế đơn vị,FALSE,,,img_1603.jpg,FALSE
1603,Military Dictionary,NRPC (Naval Reserve Personnel Center),,,,trung tâm quân lực lực lượng dự bị hải quân,FALSE,,,img_1603.jpg,FALSE
1603,Military Dictionary,NRRS (no remaining radiation service),,,,(hoàn toàn) không có khả năng hoạt động tác chiến trong điều kiện phóng xạ (quân nhân đã bị nhiễm xạ),FALSE,,,img_1603.jpg,FALSE
1603,Military Dictionary,NRT (near real time),,,,"gần với thời gian thực, cận thực thời",FALSE,,,img_1603.jpg,FALSE
1603,Military Dictionary,NRTD (near real time dissemination),,,,"phổ biến gần đúng theo thời gian thực, sự phổ biến cận thực thời",FALSE,,,img_1603.jpg,FALSE
1603,Military Dictionary,NRZ (non-return-to-zero),,,,không quy 0 máy ngắm,FALSE,,,img_1603.jpg,FALSE
1603,Military Dictionary,NS (non standard),,,,"không đúng quy cách, phi tiêu chuẩn",FALSE,,,img_1603.jpg,FALSE
1603,Military Dictionary,NS (Nuclear Ship),,,,tàu hạt nhân,FALSE,,,img_1603.jpg,FALSE
1603,Military Dictionary,NS (Nuclear Submarine),,,,tàu ngầm hạt nhân,FALSE,,,img_1603.jpg,FALSE
1603,Military Dictionary,NS (nuclear survivability),,,,khả năng bảo toàn trong điều kiện sử dụng hạt nhân; khả năng sống sót (sau vụ nổ) hạt nhân,FALSE,,,img_1603.jpg,FALSE
1603,Military Dictionary,NSA (National Security Agency),,,,"(Mỹ) cục an ninh quốc gia, cơ quan an ninh quốc gia",FALSE,,,img_1603.jpg,FALSE
1603,Military Dictionary,NSA (North Atlantic Treaty Organization (NATO) Standardization Agency),,,,cục tiêu chuẩn hoá của tổ chức hiệp ước Bắc Đại Tây Dương (NATO),FALSE,,,img_1603.jpg,FALSE
1603,Military Dictionary,NSA/CSS (National Security Agency/central Security Service),,,,cơ quan an ninh quốc gia/ngành an ninh trung ương,FALSE,,,img_1603.jpg,FALSE
1603,Military Dictionary,NSB (naval submarine base),,,,căn cứ tàu ngầm hải quân,FALSE,,,img_1603.jpg,FALSE
1603,Military Dictionary,NSC (National Security Council),,,,hội đồng an ninh quốc gia,FALSE,,,img_1603.jpg,FALSE
1603,Military Dictionary,NSC/DC (Deputies Committee of the National Security Council),,,,uỷ ban các phó chủ tịch của hội đồng an ninh quốc gia,FALSE,,,img_1603.jpg,FALSE
1603,Military Dictionary,NSC/IWG (National Security Council/Interagency Working Group),,,,nhóm làm việc liên ngành của hội đồng an ninh quốc gia,FALSE,,,img_1603.jpg,FALSE
1603,Military Dictionary,NSC/PC (National Security Council/principals Committee),,,,uỷ ban các nhân vật chủ yếu của hội đồng an ninh quốc gia,FALSE,,,img_1603.jpg,FALSE
1603,Military Dictionary,NSCID (National Security Council Intelligence Directive),,,,chỉ thị về tình báo của hội đồng an ninh quốc gia,FALSE,,,img_1603.jpg,FALSE
1603,Military Dictionary,NSCO (naval shipping control officer),,,,người phụ trách kiểm soát vận chuyển đường biển (của) hải quân,FALSE,,,img_1603.jpg,FALSE
1603,Military Dictionary,NSCS (National Security Council System),,,,hệ thống của hội đồng an ninh quốc gia,FALSE,,,img_1603.jpg,FALSE
1603,Military Dictionary,NSD (National Security Directive),,,,chỉ thị về vấn đề an ninh quốc gia,FALSE,,,img_1603.jpg,FALSE
1604,Military Dictionary,NSD (naval supply depot),,,,kho tiếp liệu hải quân,FALSE,,,img_1604.jpg,FALSE
1604,Military Dictionary,NSDA (non-self deployment aircraft),,,,máy bay không thực chất triển khai,FALSE,,,img_1604.jpg,FALSE
1604,Military Dictionary,NSDD (national security decision directive),,,,chỉ thị về quyết định của hội đồng an ninh quốc gia,FALSE,,,img_1604.jpg,FALSE
1604,Military Dictionary,NSE (Navy support element),,,,thành phần chi viện bảo đảm của hải quân; phân đội chi viện bảo đảm của hải quân,FALSE,,,img_1604.jpg,FALSE
1604,Military Dictionary,NSEP (national security emergency preparedness),,,,sự chuẩn bị sẵn sàng cho tình trạng khẩn cấp an ninh quốc gia,FALSE,,,img_1604.jpg,FALSE
1604,Military Dictionary,NSF (National Science Foundation),,,,quỹ hội khoa học quốc gia,FALSE,,,img_1604.jpg,FALSE
1604,Military Dictionary,NSFS (naval surface fire support),,,,"chi viện hoả lực mặt (đất, biển) của hải quân",FALSE,,,img_1604.jpg,FALSE
1604,Military Dictionary,NSFSN (naval surface fire support net),,,,"mạng chi viện hoả lực mặt (đất, biển) của hải quân",FALSE,,,img_1604.jpg,FALSE
1604,Military Dictionary,NSG (north-seeking gyro),,,,con quay hồi chuyển chỉ hướng Bắc,FALSE,,,img_1604.jpg,FALSE
1604,Military Dictionary,NSG (Nuclear Suppliers Group),,,,nhóm nước cung cấp hạt nhân (gồm 39 nước tham gia chương trình kiểm soát xuất khẩu hạt nhân và các sản phẩm lưỡng dụng),FALSE,,,img_1604.jpg,FALSE
1604,Military Dictionary,NSI (not seriously injured),,,,thương binh nhẹ,FALSE,,,img_1604.jpg,FALSE
1604,Military Dictionary,NSIC (nuclear strike Information center),,,,trung tâm thông tin về đòn tiến công hạt nhân,FALSE,,,img_1604.jpg,FALSE
1604,Military Dictionary,NSL (no-strike list),,,,danh sách mục tiêu không tiến công,FALSE,,,img_1604.jpg,FALSE
1604,Military Dictionary,NSL (nuclear safety line),,,,tuyến an toàn hạt nhân,FALSE,,,img_1604.jpg,FALSE
1604,Military Dictionary,NSM (national search and rescue (SAR) manual),,,,cẩm nang tìm kiếm và cứu nạn quốc gia,FALSE,,,img_1604.jpg,FALSE
1604,Military Dictionary,NSM (National Security Medal),,,,"huy chương ""Vì phục vụ trong cơ quan an ninh quốc gia""",FALSE,,,img_1604.jpg,FALSE
1604,Military Dictionary,NSM (national serviceman),,,,người được gọi nhập ngũ theo luật nghĩa vụ quân sự,FALSE,,,img_1604.jpg,FALSE
1604,Military Dictionary,NSN (National Stock Number),,,,số hiệu kho quốc gia,FALSE,,,img_1604.jpg,FALSE
1604,Military Dictionary,NSNF (nonstrategic nuclear forces),,,,các lực lượng hạt nhân phi chiến lược,FALSE,,,img_1604.jpg,FALSE
1604,Military Dictionary,NSO (non-single Integrated Operational Plan (SIOP) option),,,,sự lựa chọn kế hoạch tác chiến hợp nhất khả thi,FALSE,,,img_1604.jpg,FALSE
1604,Military Dictionary,NSOC (National Signals Intelligence (SIGINT) Operations Center),,,,trung tâm điều hành tác chiến tình báo thông tin liên lạc quốc gia,FALSE,,,img_1604.jpg,FALSE
1604,Military Dictionary,NSOC (Navy Satellite Operations Center),,,,trung tâm điều hành tác chiến vệ tinh hải quân,FALSE,,,img_1604.jpg,FALSE
1604,Military Dictionary,NSOOC (North Atlantic Treaty Organization (NATO) Staff Officer Orientation Course),,,,khóa học định hướng cho các sĩ quan tham mưu của tổ chức hiệp ước Bắc Đại Tây Dương,FALSE,,,img_1604.jpg,FALSE
1604,Military Dictionary,NSP (national search and rescue plan),,,,kế hoạch tìm kiếm và cứu nạn quốc gia,FALSE,,,img_1604.jpg,FALSE
1604,Military Dictionary,N-Sp/CC (North American Aerospace Defense Command (NORAD)-US Space Command/command Center),,,,trung tâm chỉ huy/ bộ chỉ huy vũ trụ Mỹ/ bộ tư lệnh phòng thủ không gian vũ trụ Bắc Mỹ (NORAD),FALSE,,,img_1604.jpg,FALSE
1604,Military Dictionary,NSRL (national signals Intelligence (SIGINT) requirements list),,,,danh mục nhu cầu điều tra của tình báo thông tin liên lạc quốc gia,FALSE,,,img_1604.jpg,FALSE
1604,Military Dictionary,NSS (national security strategy),,,,chiến lược an ninh quốc gia,FALSE,,,img_1604.jpg,FALSE
1604,Military Dictionary,NSS (non-self-sustaining),,,,không tự thực hiện được; không được bảo đảm mọi trang bị kỹ thuật cần thiết; không tự lực,FALSE,,,img_1604.jpg,FALSE
1604,Military Dictionary,NSSA (National Security Space Architect),,,,kiến trúc sư về an ninh vũ trụ quốc gia,FALSE,,,img_1604.jpg,FALSE
1604,Military Dictionary,NSSCS (non-self-sustaining containership),,,,việc đóng côngteno không tự thực hiện được,FALSE,,,img_1604.jpg,FALSE
1604,Military Dictionary,NSST (naval space support team),,,,đội chi viện tác chiến vũ trụ của hải quân,FALSE,,,img_1604.jpg,FALSE
1604,Military Dictionary,NST (naval staff target),,,,(Anh) nhiệm vụ tác chiến hải quân của bộ tham mưu đề ra,FALSE,,,img_1604.jpg,FALSE
1605,Military Dictionary,Nstd (nested),,,,hàng hoá lồng vào nhau,FALSE,,,img_1605.jpg,FALSE
1605,Military Dictionary,NSTISSC (National Security Telecommunications and Information Systems Security Committee),,,,uỷ ban an ninh thông tin liên lạc và an ninh các hệ thống tin học quốc gia,FALSE,,,img_1605.jpg,FALSE
1605,Military Dictionary,NSTL (national strategic targets list),,,,danh sách các mục tiêu chiến lược quốc gia,FALSE,,,img_1605.jpg,FALSE
1605,Military Dictionary,NSTS (National Secure Telephone system),,,,hệ thống điện thoại an toàn quốc gia,FALSE,,,img_1605.jpg,FALSE
1605,Military Dictionary,NSW (naval special warfare),,,,chiến tranh đặc biệt hải quân; tác chiến đặc biệt của hải quân,FALSE,,,img_1605.jpg,FALSE
1605,Military Dictionary,NSWG (naval special warfare group),,,,cụm chiến tranh đặc biệt của hải quân; nhóm tác chiến đặc biệt của hải quân,FALSE,,,img_1605.jpg,FALSE
1605,Military Dictionary,NSWTE (naval special warfare task element),,,,phân đội tiến hành chiến tranh đặc biệt hải quân; phân đội thực hiện nhiệm vụ tác chiến đặc biệt của hải quân,FALSE,,,img_1605.jpg,FALSE
1605,Military Dictionary,NSWTG (naval special warfare task group),,,,cụm chiến dịch (lâm thời) thực hiện tác chiến đặc biệt hải quân,FALSE,,,img_1605.jpg,FALSE
1605,Military Dictionary,NSWTU (naval special warfare task unit),,,,đơn vị đặc nhiệm tác chiến đặc biệt hải quân,FALSE,,,img_1605.jpg,FALSE
1605,Military Dictionary,NSWU (naval special warfare unit),,,,đơn vị tác chiến đặc biệt hải quân,FALSE,,,img_1605.jpg,FALSE
1605,Military Dictionary,NTA (not in target area),,,,không (ở) trong khu vực mục tiêu,FALSE,,,img_1605.jpg,FALSE
1605,Military Dictionary,NTA (nuclear test aircraft),,,,máy bay thử nghiệm hạt nhân,FALSE,,,img_1605.jpg,FALSE
1605,Military Dictionary,NTACS (Navy tactical air control system),,,,hệ thống chỉ huy không quân chiến thuật hải quân,FALSE,,,img_1605.jpg,FALSE
1605,Military Dictionary,NTB (national target base),,,,căn cứ mục tiêu quốc gia,FALSE,,,img_1605.jpg,FALSE
1605,Military Dictionary,NTB (national testbed),,,,trạm thử nghiệm quốc gia,FALSE,,,img_1605.jpg,FALSE
1605,Military Dictionary,NTC (National Training Center (USA)),,,,trung tâm huấn luyện quốc gia,FALSE,,,img_1605.jpg,FALSE
1605,Military Dictionary,NTCCS (naval tactical command & control system),,,,tổ hợp chỉ huy và điều khiển (cấp) chiến thuật hải quân,FALSE,,,img_1605.jpg,FALSE
1605,Military Dictionary,NTCS-A (Navy Tactical Command System Afloat),,,,hệ thống chỉ huy chiến thuật trên tàu hải quân,FALSE,,,img_1605.jpg,FALSE
1605,Military Dictionary,NTDS (naval tactical data system),,,,hệ thống dữ liệu chiến thuật hải quân,FALSE,,,img_1605.jpg,FALSE
1605,Military Dictionary,NTDS (naval tactical direction system),,,,hệ thống chỉ huy chiến thuật hải quân,FALSE,,,img_1605.jpg,FALSE
1605,Military Dictionary,NTDS (naval tactical display system),,,,hệ thống hiển thị (cấp) chiến thuật hải quân,FALSE,,,img_1605.jpg,FALSE
1605,Military Dictionary,NTDS (naval tactical distribution system),,,,hệ thống điều phối mục tiêu (cấp) chiến thuật hải quân,FALSE,,,img_1605.jpg,FALSE
1605,Military Dictionary,NTF (nuclear task force),,,,lực lượng đặc nhiệm có sử dụng vũ khí hạt nhân; cụm chiến dịch (lâm thời) tác chiến trong điều kiện sử dụng vũ khí hạt nhân,FALSE,,,img_1605.jpg,FALSE
1605,Military Dictionary,NTIC (Navy Tactical Intelligence Center),,,,trung tâm tình báo chiến thuật hải quân,FALSE,,,img_1605.jpg,FALSE
1605,Military Dictionary,NTISS (National Telecommunications and Information Security System),,,,hệ thống an ninh thông tin liên lạc và tin học quốc gia,FALSE,,,img_1605.jpg,FALSE
1605,Military Dictionary,NTISSI (National Telecommunications and Information Security System (NTISS) Instruction),,,,văn bản hướng dẫn của hệ thống an ninh thông tin liên lạc và tin học quốc gia,FALSE,,,img_1605.jpg,FALSE
1605,Military Dictionary,NTISSP (National Telecommunications and Information Security System (NTISS) Policy),,,,các nguyên tắc hoạt động của hệ thống an ninh thông tin liên lạc và tin học quốc gia,FALSE,,,img_1605.jpg,FALSE
1605,Military Dictionary,NTMPDE (National Telecommunications Master Plan for Drug Enforcement),,,,kế hoạch thông tin liên lạc chủ đạo quốc gia về thực thi chống ma tuý,FALSE,,,img_1605.jpg,FALSE
1605,Military Dictionary,NTMS (national telecommunications management structure),,,,cơ cấu quản lý thông tin liên lạc quốc gia,FALSE,,,img_1605.jpg,FALSE
1605,Military Dictionary,NTOAVAL (notice of availability),,,,thông báo có hiệu lực,FALSE,,,img_1605.jpg,FALSE
1605,Military Dictionary,NTOL aircraft (normal take-off and landing aircraft),,,,máy bay cất hạ cánh thông thường,FALSE,,,img_1605.jpg,FALSE
1606,Military Dictionary,NTPC (National Technical Processing Center),,,,trung tâm xử lý thông tin kỹ thuật quốc gia,FALSE,,,img_1606.jpg,FALSE
1606,Military Dictionary,NTPS (near-term pre-positioned ships),,,,các tàu chiến triển khai trước vào vị trí (chiến đấu) ở phạm vi gần,FALSE,,,img_1606.jpg,FALSE
1606,Military Dictionary,NTS (night targeting system),,,,tổ hợp ngắm bắn (ban) đêm,FALSE,,,img_1606.jpg,FALSE
1606,Military Dictionary,NTSB (National Transportation Safety Board),,,,hội đồng an toàn giao thông vận tải quốc gia,FALSE,,,img_1606.jpg,FALSE
1606,Military Dictionary,NTSS (National Time-sensitive System),,,,hệ thống xác định thời gian chính xác quốc gia,FALSE,,,img_1606.jpg,FALSE
1606,Military Dictionary,NTU (new threat upgrade),,,,sự tăng mức độ đe doạ mới,FALSE,,,img_1606.jpg,FALSE
1606,Military Dictionary,NTWS (new threat warning system),,,,hệ thống cảnh báo nguy cơ mới,FALSE,,,img_1606.jpg,FALSE
1606,Military Dictionary,NUC (non-unit-related cargo),,,,hàng hoá chưa phân về đơn vị,FALSE,,,img_1606.jpg,FALSE
1606,Military Dictionary,nuc (nuclear),,,,"(thuộc) hạt nhân, (thuộc) nguyên tử",FALSE,,,img_1606.jpg,FALSE
1606,Military Dictionary,nuc atk (nuclear attack),,,,cuộc tiến công hạt nhân,FALSE,,,img_1606.jpg,FALSE
1606,Military Dictionary,nuc atk rep (nuclear attack report),,,,sự báo cáo về tiến công hạt nhân,FALSE,,,img_1606.jpg,FALSE
1606,Military Dictionary,nuc cbt (nuclear combat),,,,chiến đấu trong điều kiện có sử dụng vũ khí hạt nhân; trận chiến đấu có sử dụng vũ khí hạt nhân,FALSE,,,img_1606.jpg,FALSE
1606,Military Dictionary,NUCDEF (nuclear defense),,,,sự phòng chống hạt nhân,FALSE,,,img_1606.jpg,FALSE
1606,Military Dictionary,NUCDETS (nuclear detonation detection and reporting system),,,,hệ thống phát hiện và thông báo về vụ nổ hạt nhân,FALSE,,,img_1606.jpg,FALSE
1606,Military Dictionary,NUCINT (nuclear intelligence),,,,tình báo hạt nhân; tin tức tình báo hạt nhân,FALSE,,,img_1606.jpg,FALSE
1606,Military Dictionary,nucrep (nuclear burst report),,,,sự báo cáo về vụ nổ hạt nhân,FALSE,,,img_1606.jpg,FALSE
1606,Military Dictionary,NUCREP (nuclear damage report),,,,(bản) báo cáo về thiệt hại sau đòn đột kích hạt nhân,FALSE,,,img_1606.jpg,FALSE
1606,Military Dictionary,NUCWPN (nuclear weapon),,,,vũ khí hạt nhân,FALSE,,,img_1606.jpg,FALSE
1606,Military Dictionary,NUDET (nuclear detonation),,,,vụ nổ hạt nhân,FALSE,,,img_1606.jpg,FALSE
1606,Military Dictionary,NUDETS (nuclear detection system),,,,hệ thống phát hiện vụ nổ hạt nhân,FALSE,,,img_1606.jpg,FALSE
1606,Military Dictionary,NUDETS (nuclear detonation detection and reporting system),,,,hệ thống phát hiện và thông báo nổ hạt nhân,FALSE,,,img_1606.jpg,FALSE
1606,Military Dictionary,nukes (nuclear explosives),,,,chất nổ hạt nhân,FALSE,,,img_1606.jpg,FALSE
1606,Military Dictionary,NUMEC (Nuclear Materials and Equipment Corporation),,,,công ty trang thiết bị và vật liệu hạt nhân,FALSE,,,img_1606.jpg,FALSE
1606,Military Dictionary,NUP (non-unit-related personnel),,,,quân nhân chưa thuộc biên chế đơn vị,FALSE,,,img_1606.jpg,FALSE
1606,Military Dictionary,NURC (non-unit-related cargo),,,,hàng hoá vận chuyển chưa phân về đơn vị,FALSE,,,img_1606.jpg,FALSE
1606,Military Dictionary,NUWEP (policy guidance for the employment of nuclear weapons),,,,chính sách chỉ đạo về sử dụng vũ khí hạt nhân,FALSE,,,img_1606.jpg,FALSE
1606,Military Dictionary,NVD (night vision device),,,,"thiết bị nhìn đêm, khí tài quan sát ban đêm",FALSE,,,img_1606.jpg,FALSE
1606,Military Dictionary,NVE (Night Vision Equipment),,,,"thiết bị nhìn đêm, khí tài quan sát ban đêm",FALSE,,,img_1606.jpg,FALSE
1606,Military Dictionary,NVESD (Night Vision and Electronics Sensors Directorate),,,,cục (nghiên cứu phát triển) xenxơ điện tử và quan sát ban đêm,FALSE,,,img_1606.jpg,FALSE
1606,Military Dictionary,NVG (night vision goggle),,,,kính nhìn đêm,FALSE,,,img_1606.jpg,FALSE
1606,Military Dictionary,NVS (night vision system),,,,hệ thống quan sát ban đêm,FALSE,,,img_1606.jpg,FALSE
1606,Military Dictionary,NW (nuclear warfare),,,,chiến tranh hạt nhân; tác chiến có sử dụng vũ khí hạt nhân,FALSE,,,img_1606.jpg,FALSE
1606,Military Dictionary,NW (nuclear weapon),,,,vũ khí hạt nhân,FALSE,,,img_1606.jpg,FALSE
1606,Military Dictionary,NWA (nuclear weapon accident),,,,sự cố vũ khí hạt nhân,FALSE,,,img_1606.jpg,FALSE
1606,Military Dictionary,NWAIB (Nuclear Weapon Accident Investigation Board),,,,uỷ ban điều tra nghiên cứu tai nạn vũ khí hạt nhân,FALSE,,,img_1606.jpg,FALSE
1606,Military Dictionary,NWB (normal wideband),,,,dải (tần) rộng tiêu chuẩn,FALSE,,,img_1606.jpg,FALSE
1606,Military Dictionary,NWBLTU (normal wideband line termination unit),,,,đơn vị thông tin đầu cuối tuyến liên lạc dải tần rộng tiêu chuẩn,FALSE,,,img_1606.jpg,FALSE
1606,Military Dictionary,NWC (National War College),,,,trường quân sự quốc gia,FALSE,,,img_1606.jpg,FALSE
1607,Military Dictionary,NWC (Naval War College),,,,trường sĩ quan hải quân,FALSE,,,img_1607.jpg,FALSE
1607,Military Dictionary,nwc (nuclear war capability),,,,khả năng chiến tranh hạt nhân,FALSE,,,img_1607.jpg,FALSE
1607,Military Dictionary,NWDC (Navy Warfare Development Command),,,,bộ chỉ huy nghiên cứu và triển khai chiến thuật tác chiến hải quân,FALSE,,,img_1607.jpg,FALSE
1607,Military Dictionary,NWDS (navigation & weapon delivery system),,,,hệ thống dẫn đường và phóng vũ khí,FALSE,,,img_1607.jpg,FALSE
1607,Military Dictionary,NWEO (nuclear weapons employment officer),,,,sĩ quan sử dụng vũ khí hạt nhân,FALSE,,,img_1607.jpg,FALSE
1607,Military Dictionary,NWFP (Northwest Frontier Province (Pakistan)),,,,các tỉnh biên giới phía tây bắc (Pakitstan),FALSE,,,img_1607.jpg,FALSE
1607,Military Dictionary,NWGF (North-western Group of Forces (Russia)),,,,cụm tập đoàn quân phía Tây Bắc (Nga),FALSE,,,img_1607.jpg,FALSE
1607,Military Dictionary,NWP (naval warfare publication),,,,xuất bản phẩm tác chiến hải quân,FALSE,,,img_1607.jpg,FALSE
1607,Military Dictionary,NWPC (Nuclear Weapons Policy Committee),,,,uỷ ban hoạch định chính sách vũ khí hạt nhân,FALSE,,,img_1607.jpg,FALSE
1607,Military Dictionary,NWR; NWREP (nuclear weapons report),,,,sự báo cáo vũ khí hạt nhân,FALSE,,,img_1607.jpg,FALSE
1607,Military Dictionary,NWS (National Weather Service),,,,ngành nghiên cứu thời tiết quốc gia,FALSE,,,img_1607.jpg,FALSE
1607,Military Dictionary,NWS (Naval Weapons Station),,,,căn cứ vũ khí của hải quân,FALSE,,,img_1607.jpg,FALSE
1607,Military Dictionary,NWS (North warning system),,,,hệ thống chỉ báo hướng bắc,FALSE,,,img_1607.jpg,FALSE
1607,Military Dictionary,NWS (nuclear weapon states),,,,các quốc gia có vũ khí hạt nhân,FALSE,,,img_1607.jpg,FALSE
1607,Military Dictionary,NWSC (National Weather Satellite Center),,,,trung tâm vệ tinh khí tượng quốc gia,FALSE,,,img_1607.jpg,FALSE
1607,Military Dictionary,NWSSG (nuclear weapon system safety group),,,,nhóm (quốc tế) kiểm tra an toàn hệ thống vũ khí hạt nhân,FALSE,,,img_1607.jpg,FALSE
1607,Military Dictionary,NWT (normal wideband terminal),,,,trạm thông tin đầu cuối liên lạc dải tần rộng bình thường,FALSE,,,img_1607.jpg,FALSE
1607,Military Dictionary,NWT (not water tight),,,,không kín nước,FALSE,,,img_1607.jpg,FALSE
1607,Military Dictionary,NYR (not yet returned),,,,chưa quay lại,FALSE,,,img_1607.jpg,FALSE
1607,Military Dictionary,NZ (Nike Zeus),,,,"tên lửa phòng không ""Nike Zeus""",FALSE,,,img_1607.jpg,FALSE
1608,Military Dictionary,o (contour pattern),,,,(k.hiệu) kiểu đường bình độ,FALSE,,,img_1608.jpg,FALSE
1608,Military Dictionary,O (object),,,,"(k.hiệu) mục tiêu, đối tượng",FALSE,,,img_1608.jpg,FALSE
1608,Military Dictionary,O (observation),,,,sự quan sát,FALSE,,,img_1608.jpg,FALSE
1608,Military Dictionary,O (office),,,,cơ quan; cục; phòng; văn phòng; chi nhánh; bộ phận,FALSE,,,img_1608.jpg,FALSE
1608,Military Dictionary,O (officer),,,,sĩ quan,FALSE,,,img_1608.jpg,FALSE
1608,Military Dictionary,O (operation),,,,"chiến dịch; tác chiến; trận đánh, trận chiến đấu",FALSE,,,img_1608.jpg,FALSE
1608,Military Dictionary,O (order),,,,"mệnh lệnh, lệnh; đội hình; trình tự; thứ tự; huân chương; đơn đặt hàng",FALSE,,,img_1608.jpg,FALSE
1608,Military Dictionary,O (ordnance),,,,"vũ khí; thiết bị kỹ thuật chiến đấu, phương tiện kỹ thuật chiến đấu; (pb) trang bị kỹ thuật pháo binh; pháo binh",FALSE,,,img_1608.jpg,FALSE
1608,Military Dictionary,O in-C (officer-in-charge),,,,"sĩ quan đương nhiệm (chỉ huy, tư lệnh, chủ nhiệm)",FALSE,,,img_1608.jpg,FALSE
1608,Military Dictionary,O&M (operation and maintenance),,,,"khai thác và bảo dưỡng kỹ thuật, vận hành và bảo dưỡng",FALSE,,,img_1608.jpg,FALSE
1608,Military Dictionary,O&O (operational and organizational),,,,tác chiến và tổ chức biên chế,FALSE,,,img_1608.jpg,FALSE
1608,Military Dictionary,O.F. (oil fuel),,,,nhiên liệu dầu,FALSE,,,img_1608.jpg,FALSE
1608,Military Dictionary,O/B (outboard),,,,(được lắp đặt) ngoài boong tàu,FALSE,,,img_1608.jpg,FALSE
1608,Military Dictionary,O/O (on order),,,,theo mệnh lệnh; theo yêu cầu; theo đơn đặt hàng,FALSE,,,img_1608.jpg,FALSE
1608,Military Dictionary,O/S (overseas),,,,"hải ngoại, nước ngoài",FALSE,,,img_1608.jpg,FALSE
1608,Military Dictionary,O/T (organizational table),,,,biểu biên chế; bảng tổ chức biên chế,FALSE,,,img_1608.jpg,FALSE
1608,Military Dictionary,OA (objective area),,,,khu vực mục tiêu,FALSE,,,img_1608.jpg,FALSE
1608,Military Dictionary,OA (on alert),,,,(đang) báo động,FALSE,,,img_1608.jpg,FALSE
1608,Military Dictionary,OA (operating assembly),,,,sự lắp ráp đưa vào hoạt động; sự tập trung lực lượng tác chiến,FALSE,,,img_1608.jpg,FALSE
1608,Military Dictionary,OA (operational area),,,,"khu vực tác chiến, chiến trường (hẹp)",FALSE,,,img_1608.jpg,FALSE
1608,Military Dictionary,OA (out of action),,,,(bị) loại khỏi vòng chiến,FALSE,,,img_1608.jpg,FALSE
1608,Military Dictionary,OA (overall),,,,toàn thể,FALSE,,,img_1608.jpg,FALSE
1608,Military Dictionary,oa (overall length),,,,chiều dài toàn bộ,FALSE,,,img_1608.jpg,FALSE
1608,Military Dictionary,OAB (outer air battle),,,,chiến đấu ngoài khoảng không,FALSE,,,img_1608.jpg,FALSE
1608,Military Dictionary,OACS (Office of the Assistant Chief of Staff),,,,văn phòng phó tổng tham mưu trưởng,FALSE,,,img_1608.jpg,FALSE
1608,Military Dictionary,OADR (originating agency's determination required),,,,đòi hỏi sự xác định của cơ quan chủ quản,FALSE,,,img_1608.jpg,FALSE
1608,Military Dictionary,OAE (operational area evaluation),,,,sự đánh giá tình hình khu vực tác chiến,FALSE,,,img_1608.jpg,FALSE
1608,Military Dictionary,OAFIE (Office of Armed Forces Information and Education),,,,cơ quan thông tin và giáo dục của lực lượng vũ trang,FALSE,,,img_1608.jpg,FALSE
1608,Military Dictionary,OAFME (Office of the Armed Forces Medical Examiner),,,,phòng khám sức khoẻ của các lực lượng vũ trang,FALSE,,,img_1608.jpg,FALSE
1608,Military Dictionary,OAG (operations advisory group),,,,nhóm cố vấn tác chiến,FALSE,,,img_1608.jpg,FALSE
1608,Military Dictionary,oah (overall height),,,,"độ cao toàn bộ, tổng độ cao",FALSE,,,img_1608.jpg,FALSE
1608,Military Dictionary,OAI (Office of Aeronautical Intelligence),,,,phòng tình báo hàng không,FALSE,,,img_1608.jpg,FALSE
1609,Military Dictionary,OAJCG (operation Alliance joint control group),,,,nhóm điều hành tác chiến liên quân đồng minh,FALSE,,,img_1609.jpg,FALSE
1609,Military Dictionary,OAO (Orbiting Astronomical Observatory),,,,đài quan sát thiên văn (trên) quỹ đạo,FALSE,,,img_1609.jpg,FALSE
1609,Military Dictionary,OAR (Chairman of the Joint Chiefs of Staff operation plans assessment report),,,,sự báo cáo đánh giá các kế hoạch tác chiến của chủ tịch hội đồng tham mưu trưởng liên quân,FALSE,,,img_1609.jpg,FALSE
1609,Military Dictionary,OAR (Office of Aerospace Research),,,,cơ quan nghiên cứu hàng không vũ trụ; cục nghiên cứu hàng không vũ trụ,FALSE,,,img_1609.jpg,FALSE
1609,Military Dictionary,OAS (offensive air support),,,,chi viện tiến công đường không,FALSE,,,img_1609.jpg,FALSE
1609,Military Dictionary,OAS (on active service),,,,"phục vụ tại ngũ, tại ngũ",FALSE,,,img_1609.jpg,FALSE
1609,Military Dictionary,OASD (Office of the Assistant Secretary of Defense),,,,văn phòng của trợ lý bộ trưởng bộ quốc phòng; văn phòng thứ trưởng bộ quốc phòng,FALSE,,,img_1609.jpg,FALSE
1609,Military Dictionary,"OASD-AE (Office Assistant Secretary of Defense, Application Engineering)",,,,văn phòng thứ trưởng bộ quốc phòng về kỹ thuật ứng dụng,FALSE,,,img_1609.jpg,FALSE
1609,Military Dictionary,"OASD-R&D (Office Assistant Secretary of Defense, Research and Development)",,,,văn phòng thứ trưởng bộ quốc phòng (phụ trách) nghiên cứu và phát triển,FALSE,,,img_1609.jpg,FALSE
1609,Military Dictionary,"OASD-S&L (Office Assistant Secretary of Defense, Supply and Logistics)",,,,văn phòng thứ trưởng bộ quốc phòng về hậu cần và tiếp tế,FALSE,,,img_1609.jpg,FALSE
1609,Military Dictionary,OAT (operational air traffic),,,,không lưu chiến dịch,FALSE,,,img_1609.jpg,FALSE
1609,Military Dictionary,OAT (outside air temperature),,,,"nhiệt độ không khí bên ngoài, nhiệt độ ngoài trời",FALSE,,,img_1609.jpg,FALSE
1609,Military Dictionary,OB (order of battle),,,,"đội hình chiến đấu, thế trận, mệnh lệnh chiến đấu",FALSE,,,img_1609.jpg,FALSE
1609,Military Dictionary,OB (out board),,,,ngoài tàu,FALSE,,,img_1609.jpg,FALSE
1609,Military Dictionary,OBA (oxygen breathing apparatus),,,,thiết bị thở ôxy,FALSE,,,img_1609.jpg,FALSE
1609,Military Dictionary,OBFS (offshore bulk fuel system),,,,hệ thống dự trữ nhiên liệu ngoài khơi,FALSE,,,img_1609.jpg,FALSE
1609,Military Dictionary,obj (objective),,,,"mục tiêu, đích; ống kính; nhiệm vụ, đối tượng",FALSE,,,img_1609.jpg,FALSE
1609,Military Dictionary,OBR (optical beam-riding),,,,(dẫn hướng) quang học bằng chùm tia trực xạ,FALSE,,,img_1609.jpg,FALSE
1609,Military Dictionary,obs (obstacle),,,,"sự ngăn cản, sự cản trở; vật chướng ngại, vật cản, chướng ngại vật",FALSE,,,img_1609.jpg,FALSE
1609,Military Dictionary,obs; obsn (observation),,,,sự quan sát; sự trinh sát (sửa bản),FALSE,,,img_1609.jpg,FALSE
1609,Military Dictionary,obsn hel (observation helicopter),,,,máy bay trực thăng trinh sát bằng quan sát; máy bay trực thăng trinh thám,FALSE,,,img_1609.jpg,FALSE
1609,Military Dictionary,obsr (observer),,,,lính quan sát; quan sát viên,FALSE,,,img_1609.jpg,FALSE
1609,Military Dictionary,OBST; obst (obstacle),,,,"vật cản, vật chướng ngại",FALSE,,,img_1609.jpg,FALSE
1609,Military Dictionary,OC (officer candidate),,,,học viên sĩ quan,FALSE,,,img_1609.jpg,FALSE
1609,Military Dictionary,OC (officer commanding),,,,sĩ quan chỉ huy; người chỉ huy; chỉ huy trưởng; chủ nhiệm,FALSE,,,img_1609.jpg,FALSE
1609,Military Dictionary,OC (officer in charge),,,,chỉ huy trưởng; chủ nhiệm; người chỉ huy; sĩ quan chỉ huy,FALSE,,,img_1609.jpg,FALSE
1609,Military Dictionary,OC (operations capacity),,,,năng lực tác chiến,FALSE,,,img_1609.jpg,FALSE
1609,Military Dictionary,OC (Ordnance Corps),,,,ngành kỹ thuật pháo binh; ngành vũ khí đạn,FALSE,,,img_1609.jpg,FALSE
1609,Military Dictionary,OC (out of commission),,,,ngoài chức trách,FALSE,,,img_1609.jpg,FALSE
1609,Military Dictionary,OC Eng S (Office of the Chief Engineer Service),,,,văn phòng tư lệnh (trưởng) binh chủng công binh,FALSE,,,img_1609.jpg,FALSE
1609,Military Dictionary,"OC Ord (Office, Chief Ordnance)",,,,văn phòng chủ nhiệm kỹ thuật pháo binh,FALSE,,,img_1609.jpg,FALSE
1609,Military Dictionary,OCA (offensive counterair),,,,chủ động chế áp không quân địch; hoạt động tiến công chống máy bay địch,FALSE,,,img_1609.jpg,FALSE
1609,Military Dictionary,OCA (operational control authority),,,,"cơ quan chỉ huy chiến dịch, sĩ quan đang chỉ huy tác chiến",FALSE,,,img_1609.jpg,FALSE
1609,Military Dictionary,"OCAFF (Office, Chief of Army Field Forces)",,,,văn phòng tư lệnh (trưởng) lực lượng dã chiến,FALSE,,,img_1609.jpg,FALSE
1609,Military Dictionary,"OCATS (Office, Chief Air Technical Service)",,,,văn phòng chủ nhiệm ngành kỹ thuật không quân,FALSE,,,img_1609.jpg,FALSE
1609,Military Dictionary,Occ (occupation),,,,vùng tạm chiếm,FALSE,,,img_1609.jpg,FALSE
1609,Military Dictionary,OCC (operational control centre),,,,trung tâm chỉ huy tác chiến,FALSE,,,img_1609.jpg,FALSE
1610,Military Dictionary,OCC (Operations Computer Center (USCG)),,,,trung tâm máy tính bảo đảm tác chiến (thuộc bộ tư lệnh cảnh giới bờ biển Mỹ),FALSE,,,img_1610.jpg,FALSE
1610,Military Dictionary,OCD (Office of Civil and Defense),,,,cơ quan phòng thủ dân sự (Mỹ),FALSE,,,img_1610.jpg,FALSE
1610,Military Dictionary,OCDM (office of civil and Defence Mobilization),,,,cục động viên quân sự và dân sự,FALSE,,,img_1610.jpg,FALSE
1610,Military Dictionary,OCE (officer conducting the exercise),,,,sĩ quan tiến hành tập bài,FALSE,,,img_1610.jpg,FALSE
1610,Military Dictionary,OCEANCON (control of oceanographic information),,,,sự theo dõi và thu thập thông tin về hải dương học,FALSE,,,img_1610.jpg,FALSE
1610,Military Dictionary,OCHA (Office of Coordination for Humanitarian Affairs),,,,văn phòng hiệp đồng về các vấn đề hoạt động nhân đạo,FALSE,,,img_1610.jpg,FALSE
1610,Military Dictionary,OCINFO (Office of the Chief of Information),,,,văn phòng của chủ nhiệm cơ quan thông tin,FALSE,,,img_1610.jpg,FALSE
1610,Military Dictionary,OCJCS (Office of the Chairman of the Joint Chiefs of Staff),,,,văn phòng của chủ tịch hội đồng tham mưu trưởng liên quân,FALSE,,,img_1610.jpg,FALSE
1610,Military Dictionary,OCJCS-PA (Office of the Chairman of the Joint Chiefs of Staff-public Affairs),,,,văn phòng của chủ tịch hội đồng tham mưu trưởng liên quân về các vấn đề xã hội,FALSE,,,img_1610.jpg,FALSE
1610,Military Dictionary,"OCMI (officer in charge, Marine inspection)",,,,sĩ quan phụ trách thanh tra của thuỷ quân lục chiến,FALSE,,,img_1610.jpg,FALSE
1610,Military Dictionary,"OCMPS (Office, Chief Military Postal Service)",,,,văn phòng chủ nhiệm ngành quân bưu,FALSE,,,img_1610.jpg,FALSE
1610,Military Dictionary,OCNO (Office of the Chief of Naval Operations),,,,văn phòng chỉ huy trưởng chiến dịch trên biển,FALSE,,,img_1610.jpg,FALSE
1610,Military Dictionary,"OCNTS (Office, Chief Navy Technical Service)",,,,văn phòng chủ nhiệm ngành kỹ thuật hải quân,FALSE,,,img_1610.jpg,FALSE
1610,Military Dictionary,OCO (offload control officer),,,,sĩ quan điều khiển bốc dỡ hàng hoá; người chỉ huy bốc dỡ hàng hóa,FALSE,,,img_1610.jpg,FALSE
1610,Military Dictionary,OCONUS (outside continental United States),,,,bên ngoài phần lục địa nước Mỹ,FALSE,,,img_1610.jpg,FALSE
1610,Military Dictionary,OCOP (outline contingency operation plan),,,,kế hoạch tác chiến sơ bộ trong tình trạng khẩn cấp,FALSE,,,img_1610.jpg,FALSE
1610,Military Dictionary,OCOT (Office of the Chief of Transportation),,,,văn phòng chủ nhiệm giao thông,FALSE,,,img_1610.jpg,FALSE
1610,Military Dictionary,ocp (occupation),,,,"ngành, nghề; sự chiếm đóng, chiếm cứ, xâm chiếm",FALSE,,,img_1610.jpg,FALSE
1610,Military Dictionary,OCP (operational configuration processing),,,,sự soạn thảo sơ bộ kế hoạch tác chiến,FALSE,,,img_1610.jpg,FALSE
1610,Military Dictionary,OCR (operational control room),,,,phòng chỉ huy tác chiến; sở chỉ huy tác chiến,FALSE,,,img_1610.jpg,FALSE
1610,Military Dictionary,"OCRA (Officer Commanding, Royal Artillery)",,,,(Anh) tư lệnh (trưởng) pháo binh,FALSE,,,img_1610.jpg,FALSE
1610,Military Dictionary,"OCRASC (Officer Commanding, Royal Army Service Corps)",,,,(Anh) chủ nhiệm ngành bảo đảm tiếp tế và vận chuyển,FALSE,,,img_1610.jpg,FALSE
1610,Military Dictionary,OCRD (Office of the Chief of Research and Development),,,,văn phòng cục trưởng cục nghiên cứu và chế thử,FALSE,,,img_1610.jpg,FALSE
1610,Military Dictionary,"OCRE (Officer Commanding, Royal Engineers)",,,,tư lệnh (trưởng) công binh,FALSE,,,img_1610.jpg,FALSE
1610,Military Dictionary,OCS (Officer Candidate School),,,,trường sĩ quan,FALSE,,,img_1610.jpg,FALSE
1610,Military Dictionary,OCSW (objective crew-served weapon),,,,(Mỹ) (chương trình) vũ khí khẩu đội dự kiến,FALSE,,,img_1610.jpg,FALSE
1610,Military Dictionary,Oct (october),,,,tháng mười,FALSE,,,img_1610.jpg,FALSE
1610,Military Dictionary,OD (observation data),,,,số liệu quan sát,FALSE,,,img_1610.jpg,FALSE
1610,Military Dictionary,OD (officer of the day),,,,sĩ quan trực nhật; sĩ quan trực ban,FALSE,,,img_1610.jpg,FALSE
1610,Military Dictionary,OD (operational detachment),,,,phân đội (tác chiến) độc lập,FALSE,,,img_1610.jpg,FALSE
1610,Military Dictionary,OD (ordinary seaman),,,,(Anh) binh nhì hải quân,FALSE,,,img_1610.jpg,FALSE
1610,Military Dictionary,OD (other detainee),,,,người bị giam giữ khác,FALSE,,,img_1610.jpg,FALSE
1610,Military Dictionary,OD (outside diameter),,,,đường kính ngoài,FALSE,,,img_1610.jpg,FALSE
1610,Military Dictionary,ODA (operational detachment-alpha),,,,đội biệt phái tác chiến Anpha,FALSE,,,img_1610.jpg,FALSE
1610,Military Dictionary,ODATE (organization date),,,,ngày tổ chức,FALSE,,,img_1610.jpg,FALSE
1610,Military Dictionary,O-day (off-load day),,,,ngày dỡ hàng,FALSE,,,img_1610.jpg,FALSE
1610,Military Dictionary,ODB (operational detachment-Bravo),,,,đội biệt phái tác chiến Bravô,FALSE,,,img_1610.jpg,FALSE
1610,Military Dictionary,ODC (Office of Defense Cooperation),,,,văn phòng hợp tác quốc phòng,FALSE,,,img_1610.jpg,FALSE
1611,Military Dictionary,ODCSLOG (Office of the Deputy Chief of Staff for Logistics (Army)),,,,văn phòng của phó tham mưu trưởng về hậu cần (lục quân),FALSE,,,img_1611.jpg,FALSE
1611,Military Dictionary,ODCSOPS (Office of the Deputy Chief of Staff for Operations and Plans (Army)),,,,văn phòng của phó tham mưu trưởng về tác chiến và kế hoạch (lục quân),FALSE,,,img_1611.jpg,FALSE
1611,Military Dictionary,ODCSPER (Office of the Deputy Chief of Staff for Personnel (Army)),,,,văn phòng của phó tham mưu trưởng về quân lực (lục quân),FALSE,,,img_1611.jpg,FALSE
1611,Military Dictionary,ODE (Ordnance Development and Engineering (Singapore)),,,,ngành kỹ thuật và phát triển vũ khí trang bị (của Xinhgapo),FALSE,,,img_1611.jpg,FALSE
1611,Military Dictionary,ODIN (Operational Digital Network),,,,mạng kỹ thuật số phục vụ tác chiến,FALSE,,,img_1611.jpg,FALSE
1611,Military Dictionary,"ODJS (Office of the Director, Joint Staff)",,,,văn phòng của tham mưu trưởng bộ tham mưu liên quân,FALSE,,,img_1611.jpg,FALSE
1611,Military Dictionary,ODR (Office of Defense representative),,,,văn phòng đại diện bộ quốc phòng,FALSE,,,img_1611.jpg,FALSE
1611,Military Dictionary,ODS (Office of Defense Secretary),,,,văn phòng bộ trưởng bộ quốc phòng,FALSE,,,img_1611.jpg,FALSE
1611,Military Dictionary,"ODSS (Offensive, defensive, stability, and support)",,,,"tiến công, phòng ngự, duy trì ổn định và chi viện",FALSE,,,img_1611.jpg,FALSE
1611,Military Dictionary,ODZ (outer defense zone),,,,khu vực phòng ngự bên ngoài,FALSE,,,img_1611.jpg,FALSE
1611,Military Dictionary,OE (Operating Forces),,,,lực lượng thường trực (của hải quân Mỹ),FALSE,,,img_1611.jpg,FALSE
1611,Military Dictionary,OEC (ordnance equipment chart),,,,biểu đồ trang thiết bị kỹ thuật thuộc cục quân nhu,FALSE,,,img_1611.jpg,FALSE
1611,Military Dictionary,OED (operational evaluation demonstration),,,,sự trình diễn đánh giá tính năng chiến thuật,FALSE,,,img_1611.jpg,FALSE
1611,Military Dictionary,OEG (operational exposure guide),,,,chỉ dẫn về đưa tin chiến sự,FALSE,,,img_1611.jpg,FALSE
1611,Military Dictionary,OEI (one engine inoperative),,,,một động cơ không hoạt động (tắt máy),FALSE,,,img_1611.jpg,FALSE
1611,Military Dictionary,OEL (organizational equipment list),,,,danh mục trang bị khí tài của đơn vị,FALSE,,,img_1611.jpg,FALSE
1611,Military Dictionary,OEO (optical and electro-optical),,,,(thuộc) quang học và quang - điện tử,FALSE,,,img_1611.jpg,FALSE
1611,Military Dictionary,OEP (Officer of Emergency Planning),,,,cơ quan lập kế hoạch khẩn cấp; văn phòng lập kế hoạch về tình trạng khẩn cấp,FALSE,,,img_1611.jpg,FALSE
1611,Military Dictionary,OER (officer efficiency report),,,,bản nhận xét của sĩ quan,FALSE,,,img_1611.jpg,FALSE
1611,Military Dictionary,OER (operational electronic intelligence (ELINT) requirements),,,,các yêu cầu điều tra tình báo tác chiến điện tử,FALSE,,,img_1611.jpg,FALSE
1611,Military Dictionary,OES (officer evaluation system),,,,hệ thống đánh giá đội ngũ sĩ quan,FALSE,,,img_1611.jpg,FALSE
1611,Military Dictionary,OEW (Office of Economic Warfare),,,,cơ quan chiến tranh kinh tế,FALSE,,,img_1611.jpg,FALSE
1611,Military Dictionary,OF (officer),,,,sĩ quan (thuộc liên quân NATO),FALSE,,,img_1611.jpg,FALSE
1611,Military Dictionary,OF (Operating Forces),,,,các lực lượng tác chiến,FALSE,,,img_1611.jpg,FALSE
1611,Military Dictionary,OFC (overhead foxhole cover),,,,nóc công sự cá nhân,FALSE,,,img_1611.jpg,FALSE
1611,Military Dictionary,OFF; off (officer),,,,sĩ quan; quan chức; người chỉ huy; người phụ trách,FALSE,,,img_1611.jpg,FALSE
1611,Military Dictionary,OFHIS (operational fleet hospital information system),,,,hệ thống thông tin về quân y viện của hạm đội tác chiến,FALSE,,,img_1611.jpg,FALSE
1611,Military Dictionary,OFL (official),,,,chính thức,FALSE,,,img_1611.jpg,FALSE
1611,Military Dictionary,OFM (ordnance field manual),,,,sổ tay khí tài kỹ thuật pháo binh dã chiến,FALSE,,,img_1611.jpg,FALSE
1611,Military Dictionary,OFOESA (Office of Field Operational and External Support Activities),,,,văn phòng về các hoạt động dã chiến và hỗ trợ nước ngoài,FALSE,,,img_1611.jpg,FALSE
1611,Military Dictionary,OFSA (objective family of small arms),,,,(Mỹ) họ mục tiêu vũ khí bộ binh,FALSE,,,img_1611.jpg,FALSE
1611,Military Dictionary,OFT (orbital flight test),,,,sự thử nghiệm bay trên quỹ đạo,FALSE,,,img_1611.jpg,FALSE
1611,Military Dictionary,OFTS (operational flight & tactics simulator),,,,thiết bị mô phỏng bay và tác chiến chiến thuật,FALSE,,,img_1611.jpg,FALSE
1611,Military Dictionary,OG (officer of the guard),,,,đội trưởng đội cảnh vệ (quân hàm sĩ quan),FALSE,,,img_1611.jpg,FALSE
1611,Military Dictionary,OGA (other government agency),,,,cơ quan chính phủ khác,FALSE,,,img_1611.jpg,FALSE
1611,Military Dictionary,OGS (overseas ground station),,,,trạm rada mặt đất ở ngoài nước,FALSE,,,img_1611.jpg,FALSE
1611,Military Dictionary,OHR (Office of the High Representative),,,,văn phòng đại diện cấp cao,FALSE,,,img_1611.jpg,FALSE
1611,Military Dictionary,OHWS (objective hand weapon system),,,,(Mỹ) tổ hợp vũ khí cầm tay dự định,FALSE,,,img_1611.jpg,FALSE
1612,Military Dictionary,OI (Office of Intelligence (USCS)),,,,phòng tình báo (hệ thống mật mã Mỹ),FALSE,,,img_1612.jpg,FALSE
1612,Military Dictionary,OI (operating instruction),,,,bản hướng dẫn vận hành; chỉ lệnh tác chiến,FALSE,,,img_1612.jpg,FALSE
1612,Military Dictionary,OIA (Office of Image Analysis),,,,phòng phân tích tin tình báo ảnh,FALSE,,,img_1612.jpg,FALSE
1612,Military Dictionary,OIC (officer in charge (of)),,,,sĩ quan phụ trách (về); sĩ quan đảm trách chỉ huy,FALSE,,,img_1612.jpg,FALSE
1612,Military Dictionary,OICC (operational intelligence coordination center),,,,trung tâm hiệp đồng tình báo tác chiến,FALSE,,,img_1612.jpg,FALSE
1612,Military Dictionary,OICW (objective individual combat weapon system),,,,(Mỹ) (chương trình) mục tiêu tổ hợp vũ khí chiến đấu cá nhân,FALSE,,,img_1612.jpg,FALSE
1612,Military Dictionary,OID (operation order (OPORD) identification),,,,sự nhận dạng mệnh lệnh tác chiến,FALSE,,,img_1612.jpg,FALSE
1612,Military Dictionary,OIR (operational intelligence requirements),,,,các yêu cầu điều tra tình báo tác chiến,FALSE,,,img_1612.jpg,FALSE
1612,Military Dictionary,OIR (other intelligence requirements),,,,các yêu cầu điều tra tình báo khác,FALSE,,,img_1612.jpg,FALSE
1612,Military Dictionary,OJCS (Office of the Joint Chiefs of Staff),,,,(Mỹ) văn phòng hội đồng tham mưu trưởng liên quân,FALSE,,,img_1612.jpg,FALSE
1612,Military Dictionary,OJT (on the job training),,,,huấn luyện quân sự tại chức,FALSE,,,img_1612.jpg,FALSE
1612,Military Dictionary,"OKOCA (Observation and field of fire, key terrain, obstacles, cover and concealment, avenues of approach)",,,,"sự quan sát và xạ giới bắn, địa hình then chốt, các vật chướng ngại, nguỵ trang và ẩn nấp, các đường tiếp cận",FALSE,,,img_1612.jpg,FALSE
1612,Military Dictionary,OLBM (orbital-launched ballistic missile),,,,tên lửa đạn đạo phóng từ quỹ đạo,FALSE,,,img_1612.jpg,FALSE
1612,Military Dictionary,OLC (Oak Leaf Cluster),,,,chùm lá sồi (được tặng thưởng huân chương lần thứ hai),FALSE,,,img_1612.jpg,FALSE
1612,Military Dictionary,OLF (Orbital Launch Facility),,,,trạm quỹ đạo phóng tên lửa vũ trụ,FALSE,,,img_1612.jpg,FALSE
1612,Military Dictionary,OLS (Optical Landing System),,,,hệ thống hạ cánh quang học,FALSE,,,img_1612.jpg,FALSE
1612,Military Dictionary,OM (contour multiunit),,,,nhiều đơn vị bình độ,FALSE,,,img_1612.jpg,FALSE
1612,Military Dictionary,OMA (Office of Military Affairs (CIA)),,,,phòng nghiên cứu các vấn đề quân sự (cục tình báo trung ương Mỹ),FALSE,,,img_1612.jpg,FALSE
1612,Military Dictionary,OMB (Office of Management and Budget),,,,phòng quản lý và ngân sách,FALSE,,,img_1612.jpg,FALSE
1612,Military Dictionary,OMC (Office of Military Cooperation),,,,phòng hợp tác quân sự,FALSE,,,img_1612.jpg,FALSE
1612,Military Dictionary,OME (organization maintenance equipment),,,,thiết bị sửa chữa và bảo dưỡng hợp nhất,FALSE,,,img_1612.jpg,FALSE
1612,Military Dictionary,OMF (officer master file),,,,hồ sơ chính của sĩ quan,FALSE,,,img_1612.jpg,FALSE
1612,Military Dictionary,OMG (operational maneuver group),,,,nhóm cơ động tác chiến,FALSE,,,img_1612.jpg,FALSE
1612,Military Dictionary,OMR (optical mark recognition),,,,sự nhận biết mốc bằng phương tiện quang học,FALSE,,,img_1612.jpg,FALSE
1612,Military Dictionary,OMSF (Office of Manned Space Flight),,,,cơ quan điều hành chuyến bay vũ trụ có người lái,FALSE,,,img_1612.jpg,FALSE
1612,Military Dictionary,OMT/OMTP (operational maintenance test(ing)/test plan),,,,kế hoạch kiểm tra bảo dưỡng vận hành,FALSE,,,img_1612.jpg,FALSE
1612,Military Dictionary,ONI (Office of Naval Intelligence),,,,phòng tình báo hải quân; cơ quan tình báo hải quân,FALSE,,,img_1612.jpg,FALSE
1612,Military Dictionary,ONI (Officer of Naval Intelligence),,,,sĩ quan tình báo hải quân,FALSE,,,img_1612.jpg,FALSE
1612,Military Dictionary,ONR (Office of Naval Research),,,,cơ quan nghiên cứu khoa học hải quân,FALSE,,,img_1612.jpg,FALSE
1612,Military Dictionary,OO (operation order),,,,mệnh lệnh chiến đấu,FALSE,,,img_1612.jpg,FALSE
1612,Military Dictionary,OO (orderly officer),,,,sĩ quan trực; sĩ quan trực doanh trại,FALSE,,,img_1612.jpg,FALSE
1612,Military Dictionary,OOA (out of action),,,,"không tham gia chiến đấu, không tham chiến; không hoạt động, ngoài vòng chiến đấu",FALSE,,,img_1612.jpg,FALSE
1612,Military Dictionary,OOB (order of battle),,,,đội hình chiến đấu; bố trí và sử dụng lực lượng; thế trận chiến đấu,FALSE,,,img_1612.jpg,FALSE
1612,Military Dictionary,OOD (officer of the deck),,,,sĩ quan chỉ huy boong tàu,FALSE,,,img_1612.jpg,FALSE
1612,Military Dictionary,"OODA (observe, orient, decide, act)",,,,"quan sát tình hình, định hướng hành động, hạ quyết tâm, thực hành chiến đấu",FALSE,,,img_1612.jpg,FALSE
1612,Military Dictionary,OOS (out of service),,,,hết hạn nghĩa vụ; hết hạn phục vụ trong quân ngũ,FALSE,,,img_1612.jpg,FALSE
1612,Military Dictionary,OOTW (Operations Other Than War),,,,"các hoạt động tác chiến khác với chiến tranh, tác chiến phi chiến tranh",FALSE,,,img_1612.jpg,FALSE
1612,Military Dictionary,OP (observation post),,,,"đài quan sát, vị trí quan sát",FALSE,,,img_1612.jpg,FALSE
1612,Military Dictionary,op (operation),,,,"chiến dịch; tác chiến; trận đánh, trận chiến đấu",FALSE,,,img_1612.jpg,FALSE
1613,Military Dictionary,op (operational),,,,(thuộc) tác chiến; ở trạng thái sẵn sàng,FALSE,,,img_1613.jpg,FALSE
1613,Military Dictionary,OP (operational publication (USN)),,,,xuất bản phẩm tác chiến (hải quân Mỹ),FALSE,,,img_1613.jpg,FALSE
1613,Military Dictionary,OP (operators panel),,,,bàn tác nghiệp của các trắc thủ,FALSE,,,img_1613.jpg,FALSE
1613,Military Dictionary,OP (ordnance pamphlet),,,,sổ tay vũ khí trang bị; sổ tay kỹ thuật pháo binh,FALSE,,,img_1613.jpg,FALSE
1613,Military Dictionary,OP (outpost),,,,cảnh giới (chiến đấu),FALSE,,,img_1613.jpg,FALSE
1613,Military Dictionary,Op Con (operational control),,,,chỉ huy chiến dịch; chỉ huy tác chiến,FALSE,,,img_1613.jpg,FALSE
1613,Military Dictionary,Op map (operation map),,,,bản đồ tác chiến,FALSE,,,img_1613.jpg,FALSE
1613,Military Dictionary,op plan (operation plan),,,,kế hoạch tác chiến; kế hoạch chiến dịch,FALSE,,,img_1613.jpg,FALSE
1613,Military Dictionary,Op Sum (operation summary),,,,tổng kết chiến dịch,FALSE,,,img_1613.jpg,FALSE
1613,Military Dictionary,op/ops (operational/operations),,,,thuộc về tác chiến/ tác chiến,FALSE,,,img_1613.jpg,FALSE
1613,Military Dictionary,OPC (operational code),,,,"mã chiến dịch, mật mã chiến dịch",FALSE,,,img_1613.jpg,FALSE
1613,Military Dictionary,OPCEN (operations center (USCG)),,,,trung tâm chỉ huy tác chiến của lực lượng cảnh giới bờ biển Mỹ,FALSE,,,img_1613.jpg,FALSE
1613,Military Dictionary,OPCOM (operational command (NATO)),,,,bộ tư lệnh chiến dịch của liên quân NATO,FALSE,,,img_1613.jpg,FALSE
1613,Military Dictionary,OPCON (operational control),,,,sự chỉ huy tác chiến; chỉ huy chiến đấu,FALSE,,,img_1613.jpg,FALSE
1613,Military Dictionary,OPCW (Organization for the Prohibition of Chemical Weapons),,,,tổ chức cấm sử dụng vũ khí hoá học,FALSE,,,img_1613.jpg,FALSE
1613,Military Dictionary,OPD (Officer Personnel Directorate),,,,"cục cán bộ, cơ quan cán bộ",FALSE,,,img_1613.jpg,FALSE
1613,Military Dictionary,OPD (operations department),,,,phòng chỉ huy chiến dịch,FALSE,,,img_1613.jpg,FALSE
1613,Military Dictionary,"OPDAR (optical radar, optical direction and ranging)",,,,rađa quang học để xác định hướng bay và định tầm tên lửa,FALSE,,,img_1613.jpg,FALSE
1613,Military Dictionary,OPDEC (operational deception),,,,sự nghi binh chiến dịch,FALSE,,,img_1613.jpg,FALSE
1613,Military Dictionary,OPDIR (operational directive),,,,chỉ lệnh tác chiến,FALSE,,,img_1613.jpg,FALSE
1613,Military Dictionary,OPDOC (operational documentation),,,,làm (phim) tài liệu chiến đấu,FALSE,,,img_1613.jpg,FALSE
1613,Military Dictionary,OPDS (offshore petroleum discharge system),,,,hệ thống cấp xăng dầu ngoài biển khơi,FALSE,,,img_1613.jpg,FALSE
1613,Military Dictionary,OPELINT (operational electronic Intelligence),,,,tình báo tác chiến điện tử; tin tức tình báo tác chiến điện tử,FALSE,,,img_1613.jpg,FALSE
1613,Military Dictionary,OPEVAL (operational evaluation),,,,sự đánh giá tính năng chiến thuật (vũ khí trang bị),FALSE,,,img_1613.jpg,FALSE
1613,Military Dictionary,OPFOR (opposing force),,,,lực lượng đối kháng (diễn tập),FALSE,,,img_1613.jpg,FALSE
1613,Military Dictionary,OPFOR (opposition force),,,,lực lượng đối lập,FALSE,,,img_1613.jpg,FALSE
1613,Military Dictionary,OPG (operations planning group),,,,nhóm lập kế hoạch tác chiến,FALSE,,,img_1613.jpg,FALSE
1613,Military Dictionary,OPL (outpost line),,,,vị trí cảnh giới chiến đấu,FALSE,,,img_1613.jpg,FALSE
1613,Military Dictionary,OPLAN (operation plan),,,,kế hoạch tác chiến,FALSE,,,img_1613.jpg,FALSE
1613,Military Dictionary,OPLAW (operational law),,,,luật tác chiến; luật chiến đấu,FALSE,,,img_1613.jpg,FALSE
1613,Military Dictionary,OPLR (outpost line of resistance),,,,dải phòng ngự của đơn vị cảnh giới; dải phòng ngự của phân đội cảnh giới,FALSE,,,img_1613.jpg,FALSE
1613,Military Dictionary,OPM (Office of Personnel Management),,,,phòng quản lý quân lực,FALSE,,,img_1613.jpg,FALSE
1613,Military Dictionary,OPM (operations per minute),,,,số phép tính trên một phút,FALSE,,,img_1613.jpg,FALSE
1613,Military Dictionary,opn (operation),,,,"chiến dịch; tác chiến; trận đánh, trận chiến đấu; cuộc hành quân",FALSE,,,img_1613.jpg,FALSE
1613,Military Dictionary,OPNAV (Office of the Chief of Naval Operations),,,,văn phòng chỉ huy trưởng chiến dịch trên biển,FALSE,,,img_1613.jpg,FALSE
1613,Military Dictionary,OPNAVINST (Chief of Naval Operations Instruction),,,,trưởng phòng huấn luyện tác chiến hải quân,FALSE,,,img_1613.jpg,FALSE
1613,Military Dictionary,OPNOTE (operational note),,,,ghi chú tác chiến,FALSE,,,img_1613.jpg,FALSE
1613,Military Dictionary,opns and (&) tng off (operation and training officer),,,,sĩ quan tác chiến và huấn luyện; sĩ quan tác huấn,FALSE,,,img_1613.jpg,FALSE
1613,Military Dictionary,OPORD (operation order),,,,mệnh lệnh chiến đấu; mệnh lệnh tác chiến,FALSE,,,img_1613.jpg,FALSE
1613,Military Dictionary,OPP (off-load preparation party),,,,đội chuẩn bị bốc dỡ,FALSE,,,img_1613.jpg,FALSE
1613,Military Dictionary,OPR (office of primary responsibility),,,,văn phòng về các vấn đề trách nhiệm ban đầu,FALSE,,,img_1613.jpg,FALSE
1613,Military Dictionary,opr (operator),,,,pháo thủ,FALSE,,,img_1613.jpg,FALSE
1614,Military Dictionary,OPREP; op rep (operational report),,,,sự báo cáo chiến đấu; bản thông báo tình hình tác chiến,FALSE,,,img_1614.jpg,FALSE
1614,Military Dictionary,ops (operations),,,,"hoạt động chiến đấu, tác chiến; phòng tác chiến",FALSE,,,img_1614.jpg,FALSE
1614,Military Dictionary,OPSDEPS (Service Operations Deputies),,,,các phó chỉ huy về hoạt động phục vụ tác chiến; các phó chỉ huy về bảo đảm hậu cần chiến dịch,FALSE,,,img_1614.jpg,FALSE
1614,Military Dictionary,OPSEC (operations security),,,,an ninh tác chiến; sự bảo đảm an toàn chiến dịch,FALSE,,,img_1614.jpg,FALSE
1614,Military Dictionary,OPSTAT (operational status),,,,trạng thái sẵn sàng chiến đấu (của đơn vị),FALSE,,,img_1614.jpg,FALSE
1614,Military Dictionary,OPSTK (operational stock),,,,kho tác chiến; kho chiến dịch,FALSE,,,img_1614.jpg,FALSE
1614,Military Dictionary,OPSUM (operation summary),,,,bản tin tổng hợp tác chiến; bản tin tóm tắt chiến dịch,FALSE,,,img_1614.jpg,FALSE
1614,Military Dictionary,OPT (operational planning team),,,,đội lập kế hoạch tác chiến; đội lập kế hoạch chiến dịch,FALSE,,,img_1614.jpg,FALSE
1614,Military Dictionary,OPTAR (operating target),,,,mục tiêu tác chiến; mục tiêu chiến dịch,FALSE,,,img_1614.jpg,FALSE
1614,Military Dictionary,OPTEMPO (operating tempo),,,,nhịp độ tác chiến; nhịp độ chiến dịch,FALSE,,,img_1614.jpg,FALSE
1614,Military Dictionary,OPTINT (optical Intelligence),,,,tình báo quang học,FALSE,,,img_1614.jpg,FALSE
1614,Military Dictionary,Optronics (combination of optics and electronics in viewing and sighting systems),,,,sự kết hợp quang học và điện tử trong hệ thống ngắm và quan sát,FALSE,,,img_1614.jpg,FALSE
1614,Military Dictionary,OPV (Observation Post Vehicle),,,,"xe có đặt đài quan sát, xe quan sát, đài quan sát cơ động",FALSE,,,img_1614.jpg,FALSE
1614,Military Dictionary,OPW (objective personal weapon),,,,(Mỹ) chương trình mục tiêu vũ khí chiến đấu cá nhân,FALSE,,,img_1614.jpg,FALSE
1614,Military Dictionary,OPZONE (operation zone),,,,khu vực tác chiến,FALSE,,,img_1614.jpg,FALSE
1614,Military Dictionary,OR (operational readiness),,,,sự sẵn sàng tác chiến,FALSE,,,img_1614.jpg,FALSE
1614,Military Dictionary,OR (operational reliability),,,,"độ tin cậy khi khai thác sử dụng, độ tin cậy khi sử dụng trong chiến đấu",FALSE,,,img_1614.jpg,FALSE
1614,Military Dictionary,OR (operational research),,,,nghiên cứu vận trù (học),FALSE,,,img_1614.jpg,FALSE
1614,Military Dictionary,or (order),,,,mệnh lệnh; thứ tự; huân chương; đơn đặt hàng,FALSE,,,img_1614.jpg,FALSE
1614,Military Dictionary,OR (other ranks),,,,"(Anh) hạ sĩ quan và chiến sĩ, hạ sĩ quan và binh sĩ, binh sĩ",FALSE,,,img_1614.jpg,FALSE
1614,Military Dictionary,OR (owner's risk),,,,không bảo đảm,FALSE,,,img_1614.jpg,FALSE
1614,Military Dictionary,ORATMS (off-route anti-tank mine system),,,,tổ hợp mìn chống tăng ngoài vệt đi,FALSE,,,img_1614.jpg,FALSE
1614,Military Dictionary,ORB (omnidirectional radio beacon),,,,pha mốc vô tuyến đa hướng,FALSE,,,img_1614.jpg,FALSE
1614,Military Dictionary,ORB (operations record book),,,,nhật ký tác chiến,FALSE,,,img_1614.jpg,FALSE
1614,Military Dictionary,ORBAT (order of battle),,,,đội hình chiến đấu; phân chia và sử dụng lực lượng chiến đấu; thế trận,FALSE,,,img_1614.jpg,FALSE
1614,Military Dictionary,ORC (Office of Reserve Components),,,,cục lực lượng dự bị,FALSE,,,img_1614.jpg,FALSE
1614,Military Dictionary,ORC (organized reserve corps),,,,lực lượng dự bị (lục quân) được thành lập,FALSE,,,img_1614.jpg,FALSE
1614,Military Dictionary,ORC (overseas replacement center),,,,trung tâm tiếp nhận quân bổ sung ra nước ngoài,FALSE,,,img_1614.jpg,FALSE
1614,Military Dictionary,ORD (operational requirement document),,,,(Anh) văn kiện nhu cầu tác chiến,FALSE,,,img_1614.jpg,FALSE
1614,Military Dictionary,ord (ordnance),,,,"vũ khí đạn; thiết bị kỹ thuật chiến đấu, phương tiện kỹ thuật chiến đấu; kỹ thuật pháo binh; pháo binh",FALSE,,,img_1614.jpg,FALSE
1614,Military Dictionary,ord bn (ordnance battalion),,,,tiểu đoàn vũ khí đạn,FALSE,,,img_1614.jpg,FALSE
1614,Military Dictionary,Ord C; OrdC; OrdCorps (Ordnance Corps),,,,ngành vũ khí đạn; ngành trang bị kỹ thuật; (Anh) ngành kỹ thuật pháo binh,FALSE,,,img_1614.jpg,FALSE
1614,Military Dictionary,ORDA (Oceanographic Research for Defense Application),,,,sự nghiên cứu hải dương học phục vụ quốc phòng,FALSE,,,img_1614.jpg,FALSE
1614,Military Dictionary,ORE (operational readiness evaluation),,,,sự đánh giá trạng thái sẵn sàng chiến đấu,FALSE,,,img_1614.jpg,FALSE
1614,Military Dictionary,org (organize),,,,tổ chức; thành lập,FALSE,,,img_1614.jpg,FALSE
1614,Military Dictionary,ORG (origin (GEOLOC)),,,,điểm xuất phát (vị trí địa lý),FALSE,,,img_1614.jpg,FALSE
1614,Military Dictionary,org for cbt (organization for combat),,,,công tác tổ chức chiến đấu,FALSE,,,img_1614.jpg,FALSE
1614,Military Dictionary,ORGN; Orgn (organization),,,,tổ chức; cơ quan; hợp nhất; thống nhất,FALSE,,,img_1614.jpg,FALSE
1615,Military Dictionary,ORI (operational readiness inspection),,,,sự kiểm tra trạng thái sẵn sàng chiến đấu,FALSE,,,img_1615.jpg,FALSE
1615,Military Dictionary,ORIG (origin),,,,điểm xuất phát; nguồn xuất phát,FALSE,,,img_1615.jpg,FALSE
1615,Military Dictionary,ORP (operational readiness program),,,,chương trình bảo đảm sẵn sàng chiến đấu,FALSE,,,img_1615.jpg,FALSE
1615,Military Dictionary,ORR (operational readiness report),,,,sự báo cáo về trạng thái sẵn sàng chiến đấu,FALSE,,,img_1615.jpg,FALSE
1615,Military Dictionary,ORS (offensive radar system),,,,hệ thống rada tiến công,FALSE,,,img_1615.jpg,FALSE
1615,Military Dictionary,ORT (operational readiness test),,,,sự kiểm tra trạng thái sẵn sàng chiến đấu,FALSE,,,img_1615.jpg,FALSE
1615,Military Dictionary,ORT (operational readiness training),,,,sự huấn luyện sẵn sàng chiến đấu,FALSE,,,img_1615.jpg,FALSE
1615,Military Dictionary,ORTU (other ranks training unit),,,,đơn vị huấn luyện hạ sĩ quan và binh lính; phân đội huấn luyện hạ sĩ quan và chiến sĩ,FALSE,,,img_1615.jpg,FALSE
1615,Military Dictionary,OS (observation squadron),,,,phi đội không quân trinh sát,FALSE,,,img_1615.jpg,FALSE
1615,Military Dictionary,OS (operating system),,,,hệ thống tác chiến,FALSE,,,img_1615.jpg,FALSE
1615,Military Dictionary,OS (operations section),,,,ban tác chiến,FALSE,,,img_1615.jpg,FALSE
1615,Military Dictionary,OS (ordinary seaman),,,,"thuỷ thủ, binh nhất hải quân",FALSE,,,img_1615.jpg,FALSE
1615,Military Dictionary,OS (oversea),,,,(thuộc) nước ngoài; hải ngoại,FALSE,,,img_1615.jpg,FALSE
1615,Military Dictionary,OSA (Office of the Secretary of the Army),,,,văn phòng bộ trưởng bộ lục quân,FALSE,,,img_1615.jpg,FALSE
1615,Military Dictionary,OSA (operational support aircraft),,,,"máy bay chi viện tác chiến, máy bay bảo đảm chiến đấu",FALSE,,,img_1615.jpg,FALSE
1615,Military Dictionary,OSA (operational support airlift),,,,cầu hàng không bảo đảm tác chiến,FALSE,,,img_1615.jpg,FALSE
1615,Military Dictionary,OSAF (Office of the Secretary of the Air Force),,,,văn phòng bộ trưởng bộ không quân,FALSE,,,img_1615.jpg,FALSE
1615,Military Dictionary,OSAT (out-of-service analog test),,,,sự kiểm tra theo thuật tương tự đối với sự hết hạn sử dụng,FALSE,,,img_1615.jpg,FALSE
1615,Military Dictionary,OSC (on-scene commander),,,,người chỉ huy tại chiến trường,FALSE,,,img_1615.jpg,FALSE
1615,Military Dictionary,OSC (operational system control),,,,(thiết bị) điều khiển tổ hợp tác chiến,FALSE,,,img_1615.jpg,FALSE
1615,Military Dictionary,OSC (operations support center),,,,trung tâm bảo đảm tác chiến,FALSE,,,img_1615.jpg,FALSE
1615,Military Dictionary,OSCE (Organization for Security and Cooperation in Europe),,,,tổ chức an ninh và hợp tác châu Âu,FALSE,,,img_1615.jpg,FALSE
1615,Military Dictionary,OSD (Office of Secretary of Defense),,,,văn phòng bộ trưởng bộ quốc phòng,FALSE,,,img_1615.jpg,FALSE
1615,Military Dictionary,"OSD (over, short and damaged (report))",,,,"báo cáo về tình trạng vũ khí trang bị thừa, thiếu và hư hỏng",FALSE,,,img_1615.jpg,FALSE
1615,Military Dictionary,OSE (on scene endurance),,,,sức chịu đựng ngoài chiến trường,FALSE,,,img_1615.jpg,FALSE
1615,Military Dictionary,OSE (operations support equipment),,,,trang bị bảo đảm tác chiến,FALSE,,,img_1615.jpg,FALSE
1615,Military Dictionary,OSF (Office of Space Flight),,,,cơ quan điều hành bay trong không gian vũ trụ,FALSE,,,img_1615.jpg,FALSE
1615,Military Dictionary,OSG (operational support group),,,,"cụm bảo đảm tác chiến, cụm chi viện tác chiến",FALSE,,,img_1615.jpg,FALSE
1615,Military Dictionary,OSI (Office of Strategic Information),,,,cục thông tin chiến lược; văn phòng thông tin chiến lược,FALSE,,,img_1615.jpg,FALSE
1615,Military Dictionary,OSI (open system interconnection),,,,sự liên kết hệ thống mở,FALSE,,,img_1615.jpg,FALSE
1615,Military Dictionary,OSI (operational subsystem interface),,,,giao diện phân hệ điều hành (tác chiến),FALSE,,,img_1615.jpg,FALSE
1615,Military Dictionary,OSINT (open-source Intelligence),,,,tình báo nguồn tin công khai,FALSE,,,img_1615.jpg,FALSE
1615,Military Dictionary,OSIS (open-source information system),,,,hệ thống thu thập tin tình báo nguồn công khai,FALSE,,,img_1615.jpg,FALSE
1615,Military Dictionary,OSN (Office of the Secretary of the Navy),,,,văn phòng bộ trưởng bộ hải quân,FALSE,,,img_1615.jpg,FALSE
1615,Military Dictionary,OSO (operational support office),,,,phòng bảo đảm tác chiến,FALSE,,,img_1615.jpg,FALSE
1615,Military Dictionary,OSOCC (on-site operations coordination center),,,,trung tâm hiệp đồng tác chiến tại chiến trường,FALSE,,,img_1615.jpg,FALSE
1615,Military Dictionary,OSP (operations support package),,,,toàn bộ vật chất - phương tiện dành cho chi viện bảo đảm tác chiến,FALSE,,,img_1615.jpg,FALSE
1615,Military Dictionary,OSR (Office of Scientific Research),,,,cơ quan nghiên cứu khoa học; cục nghiên cứu khoa học,FALSE,,,img_1615.jpg,FALSE
1615,Military Dictionary,OSS (Office of Strategic Services),,,,(Mỹ) văn phòng tình báo chiến lược,FALSE,,,img_1615.jpg,FALSE
1616,Military Dictionary,oss (orbiting space station),,,,trạm quỹ đạo không gian vũ trụ,FALSE,,,img_1616.jpg,FALSE
1616,Military Dictionary,OSW (objective sniper weapon),,,,(Mỹ) chương trình mục tiêu vũ khí bắn tỉa,FALSE,,,img_1616.jpg,FALSE
1616,Military Dictionary,OSWD (Office of Special Weapons Development),,,,"cơ quan nghiên cứu vũ khí hạt nhân, cục nghiên cứu vũ khí đặc biệt",FALSE,,,img_1616.jpg,FALSE
1616,Military Dictionary,OT (oil tight),,,,"không rỉ dầu, kín dầu",FALSE,,,img_1616.jpg,FALSE
1616,Military Dictionary,OT (operational test),,,,sự thử nghiệm tính năng chiến thuật (vũ khí trang bị),FALSE,,,img_1616.jpg,FALSE
1616,Military Dictionary,OT&E (operational test and evaluation),,,,sự thử nghiệm và đánh giá tính năng chiến thuật (vũ khí trang bị),FALSE,,,img_1616.jpg,FALSE
1616,Military Dictionary,OTA (overflight top attack),,,,đánh bổ thượng khi bay qua (đạn chống tăng),FALSE,,,img_1616.jpg,FALSE
1616,Military Dictionary,OTC (officer in tactical command),,,,tư lệnh (trưởng) binh đoàn chiến thuật; tư lệnh (trưởng) bộ tư lệnh binh đoàn tác chiến,FALSE,,,img_1616.jpg,FALSE
1616,Military Dictionary,OTC (over the counter),,,,sự giáng trả trên ngưỡng cần thiết,FALSE,,,img_1616.jpg,FALSE
1616,Military Dictionary,OTEA (Operational Test and Evaluation Agency),,,,(Mỹ) cục thử nghiệm và đánh giá tính năng chiến thuật (vũ khí trang bị),FALSE,,,img_1616.jpg,FALSE
1616,Military Dictionary,OTG (operational target graphic),,,,sơ đồ mục tiêu tác chiến; sơ đồ mục tiêu chiến dịch,FALSE,,,img_1616.jpg,FALSE
1616,Military Dictionary,OTH (over the horizon),,,,ngoài đường chân trời; vượt tầm nhìn,FALSE,,,img_1616.jpg,FALSE
1616,Military Dictionary,OTH-B (over-the-horizon backscatter radar),,,,rada trinh sát vượt tầm nhìn bằng tín hiệu phản xạ,FALSE,,,img_1616.jpg,FALSE
1616,Military Dictionary,OTH-B (over-the-horizon backscatter (radar)),,,,sự tán xạ ngược ngoài đường chân trời (rada),FALSE,,,img_1616.jpg,FALSE
1616,Military Dictionary,OTH-R (over-the-horizon radar),,,,"rada (trinh sát) vượt tầm nhìn, rada (trinh sát) ngoài đường chân trời",FALSE,,,img_1616.jpg,FALSE
1616,Military Dictionary,OTH-T (over-the-horizon targeting),,,,(xenxơ) phát hiện mục tiêu ngoài đường chân trời; sự phát hiện mục tiêu vượt tầm nhìn,FALSE,,,img_1616.jpg,FALSE
1616,Military Dictionary,OTNG (observer training),,,,sự huấn luyện quan sát viên,FALSE,,,img_1616.jpg,FALSE
1616,Military Dictionary,OTS (Officer Training School),,,,trường đào tạo sĩ quan,FALSE,,,img_1616.jpg,FALSE
1616,Military Dictionary,OTS (Officers Training School),,,,trường huấn luyện sĩ quan,FALSE,,,img_1616.jpg,FALSE
1616,Military Dictionary,OTU (operational training unit),,,,đơn vị huấn luyện; phân đội huấn luyện,FALSE,,,img_1616.jpg,FALSE
1616,Military Dictionary,OUSD (Office of the Under Secretary of Defense),,,,văn phòng của thứ trưởng bộ quốc phòng,FALSE,,,img_1616.jpg,FALSE
1616,Military Dictionary,"OUSD (AT&L) (Office of the Under Secretary of Defense (Acquisition, Technology, and Logistics))",,,,"văn phòng của thứ trưởng bộ quốc phòng về mua sắm, công nghệ và hậu cần",FALSE,,,img_1616.jpg,FALSE
1616,Military Dictionary,OUSD(P) (Office of the Under Secretary of Defense (Policy)),,,,văn phòng của thứ trưởng bộ quốc phòng về chính sách,FALSE,,,img_1616.jpg,FALSE
1616,Military Dictionary,OUT (outsize cargo),,,,hàng hoá ngoại cỡ,FALSE,,,img_1616.jpg,FALSE
1616,Military Dictionary,OVE; ove (on vehicle equipment),,,,"trang bị trên xe, thiết bị khí tài trên xe",FALSE,,,img_1616.jpg,FALSE
1616,Military Dictionary,OVER (oversize cargo),,,,hàng hóa quá cỡ,FALSE,,,img_1616.jpg,FALSE
1616,Military Dictionary,OVLD (overload),,,,quá tải,FALSE,,,img_1616.jpg,FALSE
1616,Military Dictionary,OVUREP (overseas unit replacement system),,,,hệ thống bổ sung quân ở khu vực nước ngoài bằng các đơn vị hoàn chỉnh,FALSE,,,img_1616.jpg,FALSE
1616,Military Dictionary,OWE (operating weight empty),,,,trọng lượng tác chiến rỗng,FALSE,,,img_1616.jpg,FALSE
1616,Military Dictionary,OWI (Office of War Information),,,,(Mỹ) phòng thu thập thông tin chiến sự,FALSE,,,img_1616.jpg,FALSE
1616,Military Dictionary,OWPG (operation war planning group),,,,nhóm chiến dịch lập kế hoạch hoạt động tác chiến,FALSE,,,img_1616.jpg,FALSE
1616,Military Dictionary,OWS (obstacle warning system),,,,hệ thống cảnh báo vật cản,FALSE,,,img_1616.jpg,FALSE
1616,Military Dictionary,OWS (Operational Weapon Satellite),,,,vệ tinh chiến đấu đang hoạt động,FALSE,,,img_1616.jpg,FALSE
1616,Military Dictionary,OWS (overhead weapon station),,,,khoang vũ khí (phía) trên đầu,FALSE,,,img_1616.jpg,FALSE
1616,Military Dictionary,ox (oxidizer),,,,chất ôxy hoá,FALSE,,,img_1616.jpg,FALSE
1616,Military Dictionary,oxy (oxygen),,,,ôxy,FALSE,,,img_1616.jpg,FALSE
1616,Military Dictionary,oz (ounce),,,,"aosơ (bằng 28,35 gram)",FALSE,,,img_1616.jpg,FALSE
1617,Military Dictionary,P-2 (Neptune twin-jet all-weather long-range land-based antisubmarine aircraft),,,,"ký hiệu máy bay chống ngầm tầm xa, mọi thời tiết, động cơ phản lực kép, mang tên ""Neptune"" hoạt động từ căn cứ trên đất liền",FALSE,,,img_1617.jpg,FALSE
1617,Military Dictionary,P-3 (Orion four-engine turboprop all-weather long-range land-based antisubmarine aircraft),,,,"ký hiệu máy bay chống ngầm tầm xa, mọi thời tiết, bốn động cơ tuabin cánh quạt, mang tên ""Orion"" hoạt động từ căn cứ trên đất liền",FALSE,,,img_1617.jpg,FALSE
1617,Military Dictionary,P-5 (Martin twin-engine all-weather seaplane for long-range antisubmarine patrol and electronic reconnaissance),,,,"ký hiệu thuỷ phi cơ mọi thời tiết, động cơ kép, dùng để tuần tiễu chống ngầm và trinh sát điện tử tầm xa, mang tên ""Martin""",FALSE,,,img_1617.jpg,FALSE
1617,Military Dictionary,P (Pacific),,,,Thái Bình Dương; (thuộc) Thái Bình Dương,FALSE,,,img_1617.jpg,FALSE
1617,Military Dictionary,P (parallel pattern),,,,mẫu hình song song,FALSE,,,img_1617.jpg,FALSE
1617,Military Dictionary,P (park),,,,"(k.hiệu) bãi đáp, điểm đỗ",FALSE,,,img_1617.jpg,FALSE
1617,Military Dictionary,P (patrol),,,,"(k.hiệu) tuần tra, tuần tiễu",FALSE,,,img_1617.jpg,FALSE
1617,Military Dictionary,P (personnel),,,,quân số; quân lực; sinh lực,FALSE,,,img_1617.jpg,FALSE
1617,Military Dictionary,P (pilot),,,,(k.hiệu) phi công,FALSE,,,img_1617.jpg,FALSE
1617,Military Dictionary,P (platoon),,,,trung đội,FALSE,,,img_1617.jpg,FALSE
1617,Military Dictionary,P (police),,,,(k.hiệu) cảnh sát,FALSE,,,img_1617.jpg,FALSE
1617,Military Dictionary,P (position),,,,vị trí; tuyến,FALSE,,,img_1617.jpg,FALSE
1617,Military Dictionary,P (precision),,,,(k.hiệu) sự chính xác,FALSE,,,img_1617.jpg,FALSE
1617,Military Dictionary,P (priority),,,,ưu tiên,FALSE,,,img_1617.jpg,FALSE
1617,Military Dictionary,P (pursuit),,,,(k.hiệu) truy kích,FALSE,,,img_1617.jpg,FALSE
1617,Military Dictionary,P(on) (pass),,,,không có mặt ở đơn vị,FALSE,,,img_1617.jpg,FALSE
1617,Military Dictionary,P and D sec (pioneer and demolition section),,,,phân đội công binh nổ phá và mở đường,FALSE,,,img_1617.jpg,FALSE
1617,Military Dictionary,P HOW (pack howitzer),,,,lựu pháo mang vác,FALSE,,,img_1617.jpg,FALSE
1617,Military Dictionary,P of A (point of assembly),,,,địa điểm tập trung,FALSE,,,img_1617.jpg,FALSE
1617,Military Dictionary,P&C (purchasing and contracting),,,,sự mua dự trữ và ký kết hợp đồng,FALSE,,,img_1617.jpg,FALSE
1617,Military Dictionary,P&E (propellants and explosives),,,,nhiên liệu tên lửa và liều nổ chiến đấu,FALSE,,,img_1617.jpg,FALSE
1617,Military Dictionary,p.s.i (pounds per square inch),,,,pao trên 1 in vuông,FALSE,,,img_1617.jpg,FALSE
1617,Military Dictionary,P/R (payroll),,,,sổ lương,FALSE,,,img_1617.jpg,FALSE
1617,Military Dictionary,P/S (port and starboard),,,,mạn phải và mạn trái của tàu,FALSE,,,img_1617.jpg,FALSE
1617,Military Dictionary,PA (parent relay),,,,rơle mẹ,FALSE,,,img_1617.jpg,FALSE
1617,Military Dictionary,PA (personal assistant),,,,trợ lý riêng,FALSE,,,img_1617.jpg,FALSE
1617,Military Dictionary,PA (physical attack),,,,cuộc tiến công thực tế (phân biệt với cuộc tiến công theo phương án),FALSE,,,img_1617.jpg,FALSE
1617,Military Dictionary,PA (physician's assistant),,,,trợ lý bác sĩ điều trị,FALSE,,,img_1617.jpg,FALSE
1617,Military Dictionary,"PA (position, approximative)",,,,vị trí áng chừng,FALSE,,,img_1617.jpg,FALSE
1617,Military Dictionary,PA (position of assembly),,,,"vị trí tập kết, khu vực tập trung",FALSE,,,img_1617.jpg,FALSE
1617,Military Dictionary,PA (probability of arrival),,,,xác suất điểm rơi; xác suất trúng đích (của tên lửa),FALSE,,,img_1617.jpg,FALSE
1617,Military Dictionary,PA (public affairs),,,,phòng công tác dân vận,FALSE,,,img_1617.jpg,FALSE
1618,Military Dictionary,PAA (position area for artillery),,,,khu vực trận địa pháo binh,FALSE,,,img_1618.jpg,FALSE
1618,Military Dictionary,PAA (primary aircraft authorization),,,,thẩm quyền hàng đầu đối với máy bay,FALSE,,,img_1618.jpg,FALSE
1618,Military Dictionary,PAAMS (Principal anti-air missile system),,,,hệ thống tên lửa phòng không chủ yếu,FALSE,,,img_1618.jpg,FALSE
1618,Military Dictionary,PAC (Pacific),,,,Thái Bình Dương; (thuộc) Thái Bình Dương,FALSE,,,img_1618.jpg,FALSE
1618,Military Dictionary,PAC (Pacific Air Command),,,,bộ tư lệnh không quân ở khu vực Thái Bình Dương,FALSE,,,img_1618.jpg,FALSE
1618,Military Dictionary,PAC (personnel administration center),,,,trung tâm quản lý quân lực,FALSE,,,img_1618.jpg,FALSE
1618,Military Dictionary,PAC (pursuant to authority contained in),,,,chiếu theo các điều quy định ở …,FALSE,,,img_1618.jpg,FALSE
1618,Military Dictionary,Pac Fleet (Pacific Fleet),,,,hạm đội Thái Bình Dương,FALSE,,,img_1618.jpg,FALSE
1618,Military Dictionary,PACAF (Pacific Air Force),,,,(Mỹ) (lực lượng) không quân Mỹ ở khu vực Thái Bình Dương,FALSE,,,img_1618.jpg,FALSE
1618,Military Dictionary,PACC (Pacific Air Chiefs Conference),,,,hội nghị tư lệnh (trưởng) không quân khu vực Thái Bình Dương,FALSE,,,img_1618.jpg,FALSE
1618,Military Dictionary,PACC (Pacific Armies Chiefs Conference),,,,hội nghị các tham mưu trưởng lục quân khu vực Thái Bình Dương,FALSE,,,img_1618.jpg,FALSE
1618,Military Dictionary,PACCS (post-attack command and control system),,,,"hệ thống chỉ huy tác chiến sau đòn tiến công tên lửa hạt nhân, hệ thống chỉ huy và kiểm soát sau đòn tiến công tên lửa hạt nhân",FALSE,,,img_1618.jpg,FALSE
1618,Military Dictionary,PACCSS (post-attack command and control system site),,,,"địa điểm (ngầm dưới đất) của hệ thống chỉ huy tác chiến sau đòn tiến công tên lửa hạt nhân, vị trí (ngầm dưới đất) của hệ thống chỉ huy và kiểm soát sau đòn tiến công tên lửa hạt nhân",FALSE,,,img_1618.jpg,FALSE
1618,Military Dictionary,PACFLT (Pacific Fleet),,,,hạm đội Thái Bình Dương,FALSE,,,img_1618.jpg,FALSE
1618,Military Dictionary,PACFOM (Pacific Command),,,,bộ tư lệnh Thái Bình Dương; bộ tư lệnh lục quân Mỹ ở khu vực Thái Bình Dương,FALSE,,,img_1618.jpg,FALSE
1618,Military Dictionary,PACV (patrol air-cushion vehicle),,,,phương tiện tuần tiễu chạy trên đệm khí,FALSE,,,img_1618.jpg,FALSE
1618,Military Dictionary,PAD (passive air defense),,,,phòng không thụ động,FALSE,,,img_1618.jpg,FALSE
1618,Military Dictionary,PAD (planning analysis document),,,,tài liệu phân tích kế hoạch,FALSE,,,img_1618.jpg,FALSE
1618,Military Dictionary,PAD (point air defence),,,,phòng không (mục tiêu) điểm,FALSE,,,img_1618.jpg,FALSE
1618,Military Dictionary,PAD (port of aerial debarkation),,,,sân bay bốc dỡ hàng hóa,FALSE,,,img_1618.jpg,FALSE
1618,Military Dictionary,PAD (positional adjustment),,,,hiệu chỉnh xác định vị trí,FALSE,,,img_1618.jpg,FALSE
1618,Military Dictionary,PAD (precision aircraft direction),,,,hướng chính xác của máy bay,FALSE,,,img_1618.jpg,FALSE
1618,Military Dictionary,PADD (person authorized to direct disposition of remains),,,,người có thẩm quyền chỉ đạo việc chôn cất hài cốt,FALSE,,,img_1618.jpg,FALSE
1618,Military Dictionary,PADIL (patriot digital information link),,,,mối liên kết thông tin kỹ thuật số patriốt,FALSE,,,img_1618.jpg,FALSE
1618,Military Dictionary,PADS (position and azimuth determining system),,,,hệ thống xác định vị trí và phương vị,FALSE,,,img_1618.jpg,FALSE
1618,Military Dictionary,PADS (position attack defence system),,,,hệ thống phòng chống tiến công trận địa,FALSE,,,img_1618.jpg,FALSE
1618,Military Dictionary,PADS (position azimuth-determining system),,,,hệ thống xác định góc phương vị của trận địa,FALSE,,,img_1618.jpg,FALSE
1618,Military Dictionary,PAE (port of aerial embarkation),,,,sân bay bốc xếp hàng hóa,FALSE,,,img_1618.jpg,FALSE
1618,Military Dictionary,PAF (Pacific Air Forces),,,,(Mỹ) (lực lượng) không quân Mỹ ở khu vực Thái Bình Dương,FALSE,,,img_1618.jpg,FALSE
1618,Military Dictionary,PAG (public affairs guidance),,,,sự hướng dẫn về các vấn đề dân vận; sự hướng dẫn về các vấn đề liên quan tới nhân dân và các tổ chức xã hội,FALSE,,,img_1618.jpg,FALSE
1618,Military Dictionary,PAH (panzerabwehr hubschrauber (anti-tank helicopter)),,,,máy bay trực thăng chống tăng,FALSE,,,img_1618.jpg,FALSE
1618,Military Dictionary,PAI (primary aircraft inventory),,,,bảng kiểm kê máy bay ban đầu,FALSE,,,img_1618.jpg,FALSE
1618,Military Dictionary,PAIRC (Pacific Air Command),,,,bộ tư lệnh không quân Thái Bình Dương,FALSE,,,img_1618.jpg,FALSE
1618,Military Dictionary,PAL (permissive action link),,,,đường nối lệnh cho phép hoạt động (của vũ khí hạt nhân),FALSE,,,img_1618.jpg,FALSE
1619,Military Dictionary,PAL (personnel allowance list),,,,danh sách quân số hưởng phụ cấp,FALSE,,,img_1619.jpg,FALSE
1619,Military Dictionary,PAL (program assembler language),,,,ngôn ngữ tập hợp chương trình,FALSE,,,img_1619.jpg,FALSE
1619,Military Dictionary,PALS (positioning and locating system),,,,hệ thống định vị,FALSE,,,img_1619.jpg,FALSE
1619,Military Dictionary,PALS (precision approach landing system),,,,hệ thống tiếp cận hạ cánh chính xác,FALSE,,,img_1619.jpg,FALSE
1619,Military Dictionary,PAM (pulse amplitude modulation),,,,sự mô phỏng biên độ xung,FALSE,,,img_1619.jpg,FALSE
1619,Military Dictionary,PAMS (Pacific Armies Management Seminar),,,,cuộc hội thảo về quản lý lực lượng lục quân khu vực Thái Bình Dương,FALSE,,,img_1619.jpg,FALSE
1619,Military Dictionary,PAMS (point anti-missile system),,,,hệ thống chống tên lửa (mục tiêu) điểm,FALSE,,,img_1619.jpg,FALSE
1619,Military Dictionary,PAMUSA (Post Attack Mobilization of the United States Army),,,,sự động viên quân đội Mỹ sau tiến công tên lửa hạt nhân; sự động viên lực lượng lục quân Mỹ sau đòn tiến công tên lửa hạt nhân,FALSE,,,img_1619.jpg,FALSE
1619,Military Dictionary,PANCZ (Panama Canal Zone),,,,vùng kênh đào Panama,FALSE,,,img_1619.jpg,FALSE
1619,Military Dictionary,PANDA; P&A (personnel and administration),,,,hành chính và nhân sự; hành chính và quân lực,FALSE,,,img_1619.jpg,FALSE
1619,Military Dictionary,PANS (procedures for air navigation services),,,,quy trình bảo đảm phục vụ dẫn đường máy bay,FALSE,,,img_1619.jpg,FALSE
1619,Military Dictionary,PANV (Peoples Army of Viet Nam),,,,quân đội nhân dân Việt Nam,FALSE,,,img_1619.jpg,FALSE
1619,Military Dictionary,PAO (Public Affairs Office),,,,"phòng công tác dân vận, phòng về các vấn đề liên quan tới nhân dân và các tổ chức xã hội; phòng về các vấn đề xã hội",FALSE,,,img_1619.jpg,FALSE
1619,Military Dictionary,PAO (public affairs officer),,,,sĩ quan (chủ nhiệm) về các vấn đề công cộng,FALSE,,,img_1619.jpg,FALSE
1619,Military Dictionary,PAR (paragraph),,,,đoạn; trang; điểm; điều khoản,FALSE,,,img_1619.jpg,FALSE
1619,Military Dictionary,PAR (phased array radar),,,,rađa anten giàn định pha,FALSE,,,img_1619.jpg,FALSE
1619,Military Dictionary,PAR (precision approach radar),,,,rađa điều khiển tiếp cận chính xác,FALSE,,,img_1619.jpg,FALSE
1619,Military Dictionary,PAR (pulse acquisition radar),,,,"rađa thu nhận xung phản hồi, rađa xung phát hiện mục tiêu",FALSE,,,img_1619.jpg,FALSE
1619,Military Dictionary,para (parachute),,,,dù; (thuộc) dù; nhảy dù,FALSE,,,img_1619.jpg,FALSE
1619,Military Dictionary,para (paragraph),,,,đoạn; trang; điểm; điều khoản,FALSE,,,img_1619.jpg,FALSE
1619,Military Dictionary,paratps (parachute troops),,,,"lực lượng dù, quân nhảy dù",FALSE,,,img_1619.jpg,FALSE
1619,Military Dictionary,PARM (persistent anti-radiation missile),,,,tên lửa chống rada (theo cách) rình đánh,FALSE,,,img_1619.jpg,FALSE
1619,Military Dictionary,PARPRO (peacetime application of reconnaissance programs),,,,việc ứng dụng các chương trình trinh sát trong thời bình,FALSE,,,img_1619.jpg,FALSE
1619,Military Dictionary,PAS (personnel accounting symbol),,,,ký hiệu thống kê quân lực,FALSE,,,img_1619.jpg,FALSE
1619,Military Dictionary,PASOLS (Pacific Area Senior Officer Logistics Seminar),,,,cuộc hội thảo sĩ quan cao cấp hậu cần - kỹ thuật khu vực Thái Bình Dương,FALSE,,,img_1619.jpg,FALSE
1619,Military Dictionary,pat (patrol),,,,tuần tiễu; đội tuần tiễu,FALSE,,,img_1619.jpg,FALSE
1619,Military Dictionary,pat (pattern),,,,mẫu; khuôn; dưỡng; đội hình chiến đấu,FALSE,,,img_1619.jpg,FALSE
1619,Military Dictionary,PAT (personnel authorization table),,,,bảng biên chế quân số,FALSE,,,img_1619.jpg,FALSE
1619,Military Dictionary,PAT (provisional ammunition train),,,,xe vận tải đạn dược dự phòng,FALSE,,,img_1619.jpg,FALSE
1619,Military Dictionary,PAT (public affairs team),,,,đội chuyên trách về các vấn đề xã hội,FALSE,,,img_1619.jpg,FALSE
1619,Military Dictionary,PAVE-PAWS (phased-array radar),,,,rada mạng pha PAVE-PAWS,FALSE,,,img_1619.jpg,FALSE
1619,Military Dictionary,PAWS (phased array warning system),,,,hệ thống thông báo đưa lực lượng vào chiến đấu theo giai đoạn,FALSE,,,img_1619.jpg,FALSE
1619,Military Dictionary,PB (particle beam),,,,chùm hạt vật chất,FALSE,,,img_1619.jpg,FALSE
1619,Military Dictionary,PB (patrol boat),,,,tàu thuyền tuần tiễu,FALSE,,,img_1619.jpg,FALSE
1619,Military Dictionary,PB (patrol bomber),,,,máy bay ném bom tuần tiễu,FALSE,,,img_1619.jpg,FALSE
1619,Military Dictionary,PB (patrol bombing),,,,sự ném bom tuần tiễu,FALSE,,,img_1619.jpg,FALSE
1619,Military Dictionary,PB (permanent base),,,,căn cứ cố định,FALSE,,,img_1619.jpg,FALSE
1619,Military Dictionary,PB (President's budget),,,,ngân sách của tổng thống,FALSE,,,img_1619.jpg,FALSE
1619,Military Dictionary,PBA (production base analysis),,,,sự phân tích cơ sở sản xuất,FALSE,,,img_1619.jpg,FALSE
1620,Military Dictionary,PBCR (portable bar code recorder),,,,máy ghi mã vạch xách tay,FALSE,,,img_1620.jpg,FALSE
1620,Military Dictionary,PBD (program budget decisions),,,,các quyết định về kế hoạch ngân sách,FALSE,,,img_1620.jpg,FALSE
1620,Military Dictionary,PBI (partial background investigation),,,,sự kiểm tra một phần tiểu sử bản thân của quân nhân,FALSE,,,img_1620.jpg,FALSE
1620,Military Dictionary,PBM (principal beachmaster),,,,(Anh) chỉ huy trưởng khu vực đổ quân đổ bộ đường biển,FALSE,,,img_1620.jpg,FALSE
1620,Military Dictionary,PBM (Marine twin-engine Navy bomber built by Martin),,,,PBM (ký hiệu máy bay ném bom động cơ kép của hải quân theo thiết kế của Mactin),FALSE,,,img_1620.jpg,FALSE
1620,Military Dictionary,PBOS (Planning Board for Ocean Shipping),,,,hội đồng lập kế hoạch vận tải hàng hải liên quân NATO,FALSE,,,img_1620.jpg,FALSE
1620,Military Dictionary,Pbs. (Precision bombing range),,,,tầm ném bom chính xác,FALSE,,,img_1620.jpg,FALSE
1620,Military Dictionary,PBV (post-boost vehicle),,,,thiết bị tăng tốc sau khi phóng,FALSE,,,img_1620.jpg,FALSE
1620,Military Dictionary,PC (patrol craft),,,,tàu tuần tiễu,FALSE,,,img_1620.jpg,FALSE
1620,Military Dictionary,PC (Pay Corps),,,,ngành kho bạc,FALSE,,,img_1620.jpg,FALSE
1620,Military Dictionary,PC (Paymaster-in-Chief),,,,(Anh) thống đốc kho bạc quân đội; cục trưởng cục tài chính,FALSE,,,img_1620.jpg,FALSE
1620,Military Dictionary,PC (personal computer),,,,máy tính cá nhân,FALSE,,,img_1620.jpg,FALSE
1620,Military Dictionary,PC (Pharmacy Corps),,,,ngành dược quân đội,FALSE,,,img_1620.jpg,FALSE
1620,Military Dictionary,PC (pilot in command),,,,phi công chỉ huy,FALSE,,,img_1620.jpg,FALSE
1620,Military Dictionary,PC (Police Corps),,,,"(Anh) ngành quân cảnh, ngành hiến binh",FALSE,,,img_1620.jpg,FALSE
1620,Military Dictionary,PC (principals committee),,,,uỷ ban các nhân vật chủ chốt,FALSE,,,img_1620.jpg,FALSE
1620,Military Dictionary,PC (programmend control),,,,sự điều khiển bằng chương trình,FALSE,,,img_1620.jpg,FALSE
1620,Military Dictionary,PCA (permanent change of assignment),,,,sự phối thuộc; sự chuyển thuộc quyền người chỉ huy khác,FALSE,,,img_1620.jpg,FALSE
1620,Military Dictionary,PCC (police compact carbine),,,,(súng) cácbin thu gọn (dùng cho) cảnh sát,FALSE,,,img_1620.jpg,FALSE
1620,Military Dictionary,PCC (policy coordinating committee),,,,uỷ ban phối hợp chính sách,FALSE,,,img_1620.jpg,FALSE
1620,Military Dictionary,PCC (postal concentration center),,,,trung tâm quân bưu; ban quân bưu dã chiến; trạm quân bưu dã chiến,FALSE,,,img_1620.jpg,FALSE
1620,Military Dictionary,PCC (precombat checks),,,,các nội dung kiểm tra trước chiến đấu,FALSE,,,img_1620.jpg,FALSE
1620,Military Dictionary,PCC (primary control center),,,,trung tâm điều khiển ban đầu,FALSE,,,img_1620.jpg,FALSE
1620,Military Dictionary,"PCC/I/O (patrol craft, coastal/ inshore/ offshore)",,,,xuồng tuần tiễu bờ biển/ gần bờ/ ngoài khơi,FALSE,,,img_1620.jpg,FALSE
1620,Military Dictionary,PCE (patrol escort),,,,tuần tiễu hộ tống; đội tuần tiễu hộ tống,FALSE,,,img_1620.jpg,FALSE
1620,Military Dictionary,PCER (patrol rescue escort),,,,đội tuần tiễu cứu nạn hộ tống,FALSE,,,img_1620.jpg,FALSE
1620,Military Dictionary,PCF (personnel control facility),,,,phương tiện kiểm tra quân số,FALSE,,,img_1620.jpg,FALSE
1620,Military Dictionary,pcht aslt (parachute assault),,,,đổ bộ đường không bằng nhảy dù,FALSE,,,img_1620.jpg,FALSE
1620,Military Dictionary,pcht elm (parachute element),,,,phân đội nhảy dù,FALSE,,,img_1620.jpg,FALSE
1620,Military Dictionary,PCL (positive control launch),,,,sự điều khiển phóng chủ động,FALSE,,,img_1620.jpg,FALSE
1620,Military Dictionary,"PC-LITE (processor, laptop imagery transmission equipment)",,,,thiết bị xử lý truyền hình ảnh xách tay,FALSE,,,img_1620.jpg,FALSE
1620,Military Dictionary,PCM (pulse code modulation),,,,sự điều biến mã xung,FALSE,,,img_1620.jpg,FALSE
1620,Military Dictionary,PCM (pyrotechnic countermeasures),,,,phương tiện đối phó (bằng) hỏa thuật,FALSE,,,img_1620.jpg,FALSE
1620,Military Dictionary,PCO (primary control officer),,,,sĩ quan kiểm soát ban đầu,FALSE,,,img_1620.jpg,FALSE
1620,Military Dictionary,PCP (personnel control point),,,,địa điểm kiểm tra quân nhân; điểm kiểm soát nhân viên; trạm kiểm soát sinh lực,FALSE,,,img_1620.jpg,FALSE
1620,Military Dictionary,PCP (platoon command post),,,,vị trí chỉ huy trung đội,FALSE,,,img_1620.jpg,FALSE
1620,Military Dictionary,PCPT (physical combat proficiency test),,,,sự kiểm tra huấn luyện thể lực cho chiến đấu,FALSE,,,img_1620.jpg,FALSE
1620,Military Dictionary,PCRTS (primary casualty receiving and treatment ship),,,,tàu thuỷ nhận và xử lý sơ bộ thương vong,FALSE,,,img_1620.jpg,FALSE
1620,Military Dictionary,PCS (permanent change of station),,,,chuyển vị trí công tác mới,FALSE,,,img_1620.jpg,FALSE
1620,Military Dictionary,PCS (personal communications system),,,,hệ thống thông tin liên lạc cá nhân,FALSE,,,img_1620.jpg,FALSE
1621,Military Dictionary,PCS (portable control station),,,,trạm điều khiển mang vác,FALSE,,,img_1621.jpg,FALSE
1621,Military Dictionary,PCS (primary control ship),,,,tàu kiểm soát ban đầu,FALSE,,,img_1621.jpg,FALSE
1621,Military Dictionary,PCS (processing subsystem),,,,phân hệ xử lý,FALSE,,,img_1621.jpg,FALSE
1621,Military Dictionary,PCS (processor controlled strapping),,,,sự kết nối bộ xử lý có điều khiển,FALSE,,,img_1621.jpg,FALSE
1621,Military Dictionary,PCT (personnel control team),,,,đội kiểm soát quân lực,FALSE,,,img_1621.jpg,FALSE
1621,Military Dictionary,PCU (pilot's control unit),,,,khối điều khiển của phi công,FALSE,,,img_1621.jpg,FALSE
1621,Military Dictionary,PD (per day),,,,"hằng ngày, trong một ngày",FALSE,,,img_1621.jpg,FALSE
1621,Military Dictionary,pd (period),,,,"thời kỳ, giai đoạn",FALSE,,,img_1621.jpg,FALSE
1621,Military Dictionary,PD (plans division),,,,phòng kế hoạch,FALSE,,,img_1621.jpg,FALSE
1621,Military Dictionary,PD (point defense),,,,phòng ngự điểm; phòng ngự bảo vệ mục tiêu điểm,FALSE,,,img_1621.jpg,FALSE
1621,Military Dictionary,PD (point detonating),,,,sự kích nổ điểm,FALSE,,,img_1621.jpg,FALSE
1621,Military Dictionary,PD (port of debarkation),,,,cảng dỡ tải; quân cảng bốc dỡ hàng hóa,FALSE,,,img_1621.jpg,FALSE
1621,Military Dictionary,PD (position description),,,,sự mô tả vị trí,FALSE,,,img_1621.jpg,FALSE
1621,Military Dictionary,PD (Presidential directive),,,,chỉ thị của tổng thống,FALSE,,,img_1621.jpg,FALSE
1621,Military Dictionary,PD (Preventive Diplomacy),,,,chính sách ngoại giao phòng ngừa,FALSE,,,img_1621.jpg,FALSE
1621,Military Dictionary,PD (probability of damage),,,,xác suất tiêu diệt (không kích),FALSE,,,img_1621.jpg,FALSE
1621,Military Dictionary,PD (probability of detection),,,,xác xuất phát hiện mục tiêu,FALSE,,,img_1621.jpg,FALSE
1621,Military Dictionary,PD radar (Pulse Doppler (radar)),,,,rada xung Đốplơ,FALSE,,,img_1621.jpg,FALSE
1621,Military Dictionary,PDAI (primary development/ test aircraft inventory),,,,"bản tóm tắt quá trình nghiên cứu, chế tạo và thử nghiệm máy bay ban đầu",FALSE,,,img_1621.jpg,FALSE
1621,Military Dictionary,PDCS (performance data computer system),,,,hệ thống máy tính xử lý dữ liệu hoạt động bay,FALSE,,,img_1621.jpg,FALSE
1621,Military Dictionary,PDD (Presidential decision directive),,,,chỉ thị về quyết định của tổng thống; chỉ thị về quyết định của chủ tịch nước,FALSE,,,img_1621.jpg,FALSE
1621,Military Dictionary,PDDA (power driven decontamination apparatus),,,,máy tiêu độc chạy bằng năng lượng,FALSE,,,img_1621.jpg,FALSE
1621,Military Dictionary,PDE (position determining equipment),,,,thiết bị xác định vị trí,FALSE,,,img_1621.jpg,FALSE
1621,Military Dictionary,PDF (principal direction of fire),,,,hướng bắn chính,FALSE,,,img_1621.jpg,FALSE
1621,Military Dictionary,PDG (positional data graphic),,,,sơ đồ dữ liệu vị trí,FALSE,,,img_1621.jpg,FALSE
1621,Military Dictionary,PDGM (Principale Directorate of Guided Weapons),,,,(Anh) tổng cục tên lửa có điều khiển,FALSE,,,img_1621.jpg,FALSE
1621,Military Dictionary,PDM (pursuit deterrent mine),,,,mìn chống truy kích,FALSE,,,img_1621.jpg,FALSE
1621,Military Dictionary,PDMS (point defense missile system),,,,hệ thống tên lửa phòng thủ điểm; hệ thống tên lửa phòng ngự bảo vệ mục tiêu điểm,FALSE,,,img_1621.jpg,FALSE
1621,Military Dictionary,PDNA (positioning determining/navigation unit),,,,khối định vị / dẫn đường,FALSE,,,img_1621.jpg,FALSE
1621,Military Dictionary,PDOP (position dilution of precision),,,,sự giảm độ chính xác của việc xác định vị trí,FALSE,,,img_1621.jpg,FALSE
1621,Military Dictionary,PDR (periscope depth range),,,,kính tiềm vọng tầm sâu,FALSE,,,img_1621.jpg,FALSE
1621,Military Dictionary,pdr (pounder),,,,đạn pháo (có trọng lượng tính bằng pao); súng đại bác (bắn loại đạn có trọng lượng tính bằng pao),FALSE,,,img_1621.jpg,FALSE
1621,Military Dictionary,PDS (personal data system),,,,hệ thống dữ liệu quân lực,FALSE,,,img_1621.jpg,FALSE
1621,Military Dictionary,PDS (personnel daily summary),,,,báo cáo quân số hàng ngày,FALSE,,,img_1621.jpg,FALSE
1621,Military Dictionary,PDS (position determining system),,,,hệ thống xác định vị trí; hệ thống định vị,FALSE,,,img_1621.jpg,FALSE
1621,Military Dictionary,PDS (protected distribution system),,,,hệ thống cấp phát được bảo vệ,FALSE,,,img_1621.jpg,FALSE
1621,Military Dictionary,PDSMS (point defense surface missile system),,,,"hệ thống tên lửa mặt (đất, biển) phòng ngự điểm; hệ thống tên lửa mặt (đất, biển) phòng ngự bảo vệ mục tiêu điểm",FALSE,,,img_1621.jpg,FALSE
1621,Military Dictionary,PDW (personal defense weapon),,,,vũ khí tự vệ cá nhân,FALSE,,,img_1621.jpg,FALSE
1621,Military Dictionary,PDY (principal duty),,,,nghĩa vụ cơ bản,FALSE,,,img_1621.jpg,FALSE
1621,Military Dictionary,PE (peace enforcement),,,,thực thi hoà bình,FALSE,,,img_1621.jpg,FALSE
1621,Military Dictionary,PE (peacetime establishment),,,,thiết chế thời bình,FALSE,,,img_1621.jpg,FALSE
1621,Military Dictionary,PE (personal effects),,,,những tài sản cá nhân,FALSE,,,img_1621.jpg,FALSE
1622,Military Dictionary,PE (plastic explosive),,,,chất nổ dẻo,FALSE,,,img_1622.jpg,FALSE
1622,Military Dictionary,PE (port of embarkation),,,,cảng xếp tải; quân cảng bốc xếp hàng hóa,FALSE,,,img_1622.jpg,FALSE
1622,Military Dictionary,PE (probable error),,,,sai số xác suất,FALSE,,,img_1622.jpg,FALSE
1622,Military Dictionary,PE (program element),,,,bộ phận của kế hoạch; thành phần chương trình,FALSE,,,img_1622.jpg,FALSE
1622,Military Dictionary,PEAD (Presidential emergency action document),,,,văn kiện chỉ đạo hành động trong tình trạng khẩn cấp của tổng thống,FALSE,,,img_1622.jpg,FALSE
1622,Military Dictionary,PEAS (psychological operations (PSYOP) effects analysis subsystem),,,,phân hệ phân tích hiệu quả các hoạt động chiến tranh tâm lý,FALSE,,,img_1622.jpg,FALSE
1622,Military Dictionary,PEC (program element code),,,,mã bộ phận của chương trình,FALSE,,,img_1622.jpg,FALSE
1622,Military Dictionary,PECK (patient evacuation contingency kit),,,,bộ dụng cụ tản thương khẩn cấp,FALSE,,,img_1622.jpg,FALSE
1622,Military Dictionary,PECM (passive electronic countermeasures),,,,phương tiện chống tác chiến điện tử thụ động,FALSE,,,img_1622.jpg,FALSE
1622,Military Dictionary,PEDB (planning and execution database),,,,cơ sở dữ liệu lập kế hoạch và thực hành,FALSE,,,img_1622.jpg,FALSE
1622,Military Dictionary,"PEMA (procurement of equipment and missiles, Army)",,,,sự mua dự trữ trang bị kỹ thuật và tên lửa cho quân đội Mỹ; sự mua dự trữ trang bị kỹ thuật và tên lửa cho lực lượng lục quân Mỹ,FALSE,,,img_1622.jpg,FALSE
1622,Military Dictionary,pent (penetrate),,,,"đột phá, thâm nhập",FALSE,,,img_1622.jpg,FALSE
1622,Military Dictionary,pent (penetration),,,,"sự đột phá thủng, sự đột nhập, sự phá vỡ; sự lọt vào; sự xuyên qua; tâm xuyên qua (của đạn)",FALSE,,,img_1622.jpg,FALSE
1622,Military Dictionary,PEO (peace enforcement operations),,,,các hoạt động thực thi hoà bình,FALSE,,,img_1622.jpg,FALSE
1622,Military Dictionary,PEP (personnel exchange program),,,,chương trình trao đổi nhân sự,FALSE,,,img_1622.jpg,FALSE
1622,Military Dictionary,Peptide (precipitated),,,,dã kết tủa,FALSE,,,img_1622.jpg,FALSE
1622,Military Dictionary,Peptone (precipitation),,,,sự kết tủa; chất kết tủa,FALSE,,,img_1622.jpg,FALSE
1622,Military Dictionary,PEPX (prefragmentation proximity fuzed),,,,tạo mảnh sẵn kích nổ cận đích (bom đạn),FALSE,,,img_1622.jpg,FALSE
1622,Military Dictionary,PER; pers (personnel),,,,quân số; quân lực; sinh lực; nhân sự,FALSE,,,img_1622.jpg,FALSE
1622,Military Dictionary,PERINTREP (periodic intelligence report),,,,(sự) báo cáo tình báo định kỳ,FALSE,,,img_1622.jpg,FALSE
1622,Military Dictionary,PERINTSUM (periodic intelligence summary),,,,bản tổng hợp tin tình báo định kỳ,FALSE,,,img_1622.jpg,FALSE
1622,Military Dictionary,perm ftn (permanent fortification),,,,công trình quân sự kiên cố,FALSE,,,img_1622.jpg,FALSE
1622,Military Dictionary,PERMREP (permanent representative (NATO)),,,,đại diện thường trực của liên quân NATO,FALSE,,,img_1622.jpg,FALSE
1622,Military Dictionary,pers sec (personnel section),,,,ban quân lực,FALSE,,,img_1622.jpg,FALSE
1622,Military Dictionary,pers stf off (personnel staff officer),,,,sĩ quan tham mưu về quân lực,FALSE,,,img_1622.jpg,FALSE
1622,Military Dictionary,PERSCO (personnel support for contingency operations),,,,sự chi viện của lực lượng cho các hoạt động khẩn cấp,FALSE,,,img_1622.jpg,FALSE
1622,Military Dictionary,PERSCOM (personnel command (Army)),,,,bộ chỉ huy quân lực (lục quân),FALSE,,,img_1622.jpg,FALSE
1622,Military Dictionary,PERSH (Pershing),,,,tên lửa Pơsing,FALSE,,,img_1622.jpg,FALSE
1622,Military Dictionary,PERSINS (personnel information system),,,,hệ thống thông tin về quân lực,FALSE,,,img_1622.jpg,FALSE
1622,Military Dictionary,PERT (program evaluation and review technique),,,,"hệ thống kế hoạch lưới ""Pert""",FALSE,,,img_1622.jpg,FALSE
1622,Military Dictionary,PES (preparedness evaluation system),,,,hệ thống đánh giá khả năng chuẩn bị sẵn sàng chiến đấu,FALSE,,,img_1622.jpg,FALSE
1622,Military Dictionary,PET (portable flamethrower),,,,súng phun lửa xách tay,FALSE,,,img_1622.jpg,FALSE
1622,Military Dictionary,PET (prefabricated foxhole twin),,,,công sự kép đúc sẵn,FALSE,,,img_1622.jpg,FALSE
1622,Military Dictionary,PETN (pentaerythritol tetranitrate),,,,thuốc nổ pentrít (mồi nổ),FALSE,,,img_1622.jpg,FALSE
1622,Military Dictionary,PETRL (petroleum),,,,nhiên liệu,FALSE,,,img_1622.jpg,FALSE
1622,Military Dictionary,PF (patrol force),,,,lực lượng tuần tra; lực lượng tuần tiễu,FALSE,,,img_1622.jpg,FALSE
1622,Military Dictionary,PF (percussion fuze),,,,ngòi chạm nổ,FALSE,,,img_1622.jpg,FALSE
1622,Military Dictionary,PF (permanent force),,,,"lực lượng thường trực, quân thường trực, quân chính quy",FALSE,,,img_1622.jpg,FALSE
1622,Military Dictionary,PF (position finder),,,,"máy định vị, dụng cụ để xác định vị trí của mục tiêu",FALSE,,,img_1622.jpg,FALSE
1622,Military Dictionary,PFC (parapet foxhole cover),,,,nóc công sự (cá nhân) có vách chắn,FALSE,,,img_1622.jpg,FALSE
1622,Military Dictionary,PFC; Pfc (private first class),,,,binh nhất,FALSE,,,img_1622.jpg,FALSE
